tag_id,name,category,count,zh_name
9999999,general,9,1589178,全年龄
9999998,sensitive,9,3994361,敏感
9999997,questionable,9,892496,轻微
9999996,explicit,9,706509,露骨
470575,1girl,0,5113288,1女孩
212816,solo,0,4253220,单人
13197,long_hair,0,3645082,长发
8601,breasts,0,2889545,胸部
469576,looking_at_viewer,0,2696730,看向观众
3389,blush,0,2496356,脸红
1815,smile,0,2365730,微笑
11906,open_mouth,0,1950469,张嘴
15080,short_hair,0,1904624,短发
10959,blue_eyes,0,1490640,蓝瞳
412368,simple_background,0,1420030,简单背景
12590,shirt,0,1382452,衬衫
403247,large_breasts,0,1333379,巨乳
429,skirt,0,1328225,裙子
87788,blonde_hair,0,1311581,金发
566835,multiple_girls,0,1309199,多名女孩
16867,brown_hair,0,1267072,棕发
13200,black_hair,0,1225953,黑发
383159,long_sleeves,0,1199349,长袖
380350,hair_ornament,0,1175185,头饰
515193,white_background,0,1161729,白色背景
540830,1boy,0,1129709,1男孩
5735,gloves,0,1113040,手套
8526,red_eyes,0,1081613,红瞳
2241,dress,0,1046050,连衣裙
1882,thighhighs,0,1034635,过膝袜
2373,hat,0,1034610,帽子
375387,holding,0,1022399,手持
4563,bow,0,984380,蝴蝶结
9294,navel,0,974528,肚脐
6126,animal_ears,0,950191,兽耳
464575,ribbon,0,937186,丝带
658573,hair_between_eyes,0,922798,眼间刘海
572080,closed_mouth,0,876401,闭唇
1821,2girls,0,860944,2女孩
4607,cleavage,0,848453,乳沟
16613,jewelry,0,829749,首饰
376054,bare_shoulders,0,815753,露肩
417660,very_long_hair,0,783428,超长发
12289,sitting,0,782247,坐姿
1709,twintails,0,770972,双马尾
667868,medium_breasts,0,770389,中等胸部
16578,brown_eyes,0,747352,棕色眼睛
15675,standing,0,733225,站立
8889,nipples,0,717669,乳头
10960,green_eyes,0,711390,绿色眼睛
464906,underwear,0,706352,内衣
10953,blue_hair,0,704952,蓝发
3843,jacket,0,700303,夹克
16509,school_uniform,0,688100,校服
15654,purple_eyes,0,669153,紫色眼睛
466499,collarbone,0,655630,锁骨
15674,tail,0,634183,尾巴
376766,white_shirt,0,629056,白衬衫
608813,full_body,0,624413,全身
547463,upper_body,0,595301,上半身
391,panties,0,580171,内裤
465619,closed_eyes,0,570045,闭眼
89189,yellow_eyes,0,565375,黄色眼睛
444,swimsuit,0,564464,泳装
16581,white_hair,0,563701,白发
11429,pink_hair,0,551851,粉发
1681,monochrome,0,547787,黑白
16580,grey_hair,0,529760,灰发
3522,ahoge,0,528662,呆毛
4334,braid,0,525679,辫子
464561,hair_ribbon,0,525639,发带
16442,purple_hair,0,524002,紫发
1300281,male_focus,0,516211,男性聚焦
2355,ponytail,0,514797,马尾
8101,ass,0,513666,臀部
464559,flower,0,512140,花
11449,weapon,0,506828,武器
390728,multicolored_hair,0,501249,多色发
472154,short_sleeves,0,499860,短袖
484168,sidelocks,0,484224,鬓发
63,comic,0,474986,漫画
622137,hetero,0,472134,异性恋
2750,heart,0,467808,心形
3870,thighs,0,465668,大腿
384553,:d,0,464842,:d(表情)
374844,hair_bow,0,455229,发饰蝴蝶结
2363,pantyhose,0,441476,连裤袜
13879,outdoors,0,439693,户外
660909,cowboy_shot,0,438408,牛仔镜头
13804,earrings,0,434737,耳环
513837,greyscale,0,432002,灰度
6539,bikini,0,426322,比基尼
4569,sweat,0,425602,汗水
5403,red_hair,0,424264,红发
2365,nude,0,422321,裸体
383282,pleated_skirt,0,416655,百褶裙
465265,small_breasts,0,413326,小胸部
194013,frills,0,401738,荷叶边
2376,hairband,0,397872,发箍
664375,parted_lips,0,396122,微张嘴唇
4352,censored,0,388593,打码
5827,boots,0,384723,靴子
375669,open_clothes,0,384414,敞开衣服
301022,lying,0,380092,躺着
2785,horns,0,374048,角
6054,teeth,0,370407,牙齿
568656,multiple_boys,0,367969,多名男孩
2866,wings,0,366146,翅膀
1575,food,0,362486,食物
384774,necktie,0,360748,领带
461042,one_eye_closed,0,359739,单眼闭
387884,detached_sleeves,0,358429,分离袖
406,sky,0,357335,天空
4190,penis,0,346918,阴茎
3985,shorts,0,345909,短裤
8388,green_hair,0,345032,绿发
1707,japanese_clothes,0,344888,和服
8672,shoes,0,343802,鞋子
400314,sleeveless,0,341431,无袖
474820,black_gloves,0,331176,黑色手套
431446,alternate_costume,0,330775,换装
478849,collared_shirt,0,321941,立领衬衫
4025,choker,0,320504,项圈
11826,barefoot,0,316857,赤脚
4378,pussy,0,313579,阴部
1731,socks,0,309931,袜子
6532,glasses,0,309385,眼镜
10863,tongue,0,309295,舌头
15522,pointy_ears,0,307225,尖耳朵
931006,solo_focus,0,304477,单人聚焦
10926,pants,0,303036,裤子
435324,day,0,294620,白天
1407561,virtual_youtuber,0,287601,虚拟主播
268819,serafuku,0,285501,水手服
375171,indoors,0,281809,室内
581144,puffy_sleeves,0,281250,泡泡袖
657955,artist_name,0,280968,画师名
2646,hairclip,0,280648,发夹
426781,medium_hair,0,273659,中长发
9864,belt,0,271864,腰带
1793,fang,0,269175,虎牙
455880,black_thighhighs,0,266928,黑色过膝袜
539367,hand_up,0,265393,举手
10228,elbow_gloves,0,265300,肘套
9843,midriff,0,258987,露腰
410129,looking_back,0,245547,回头
464549,cloud,0,244228,云
474821,white_gloves,0,242027,白手套
411263,signature,0,238587,签名
11628,bowtie,0,236148,蝴蝶结领结
5948,hood,0,235850,兜帽
401228,sword,0,235273,剑
374628,black_skirt,0,233282,黑裙
71730,dark_skin,0,233165,深色皮肤
449194,2boys,0,232894,2男孩
72,cat_ears,0,232052,猫耳
537684,blunt_bangs,0,230036,齐刘海
400123,hair_flower,0,229731,头花
1515536,official_alternate_costume,0,225665,官方换装
502710,tongue_out,0,225097,吐舌
2357,sex,0,224302,性行为
16252,spread_legs,0,220686,分腿
16750,pink_eyes,0,219657,粉色眼睛
389378,sailor_collar,0,218314,水手领
394970,wide_sleeves,0,217852,宽袖
9168,miniskirt,0,216954,迷你裙
467104,stomach,0,216728,腹部
375020,fingerless_gloves,0,215557,露指手套
1842,cum,0,214632,精液
401481,on_back,0,214058,趴着
6010,tears,0,212598,眼泪
659098,black_footwear,0,212435,黑色鞋子
632214,grey_background,0,211830,灰色背景
399836,3girls,0,210649,3女孩
5576,armpits,0,207204,腋下
1254363,twitter_username,0,204487,推特用户名
445,kimono,0,203282,和服
14620,white_dress,0,200841,白色连衣裙
670071,holding_weapon,0,199609,手持武器
375229,off_shoulder,0,198797,露肩
4068,necklace,0,198325,项链
491647,striped_clothes,0,198065,条纹衣服
454933,hair_bun,0,196126,发髻
102962,nail_polish,0,194099,指甲油
234192,from_behind,0,194007,背后视角
656624,star_(symbol),0,193728,星星(符号)
4019,mole,0,193676,痣
641577,looking_at_another,0,193341,看向他人
1573,water,0,192003,水
399541,hair_over_one_eye,0,191524,遮眼刘海
4333,bag,0,189775,包
465583,rabbit_ears,0,189631,兔耳
1747,chibi,0,189310,Q版
87676,orange_hair,0,188757,橙色头发
6107,blurry,0,186733,模糊
384884,grin,0,184832,咧嘴笑
125238,sweatdrop,0,183914,汗滴
473983,clothes_lift,0,180831,掀衣
39127,black_dress,0,180427,黑色连衣裙
3198,scarf,0,180052,围巾
6346,cape,0,179107,披风
375002,white_thighhighs,0,177995,白色过膝袜
13199,black_eyes,0,177620,黑瞳
413564,two-tone_hair,0,177573,双色发
590165,english_text,0,176369,英文文字
440465,speech_bubble,0,174933,对话框
719985,streaked_hair,0,174249,挑染
3796,bra,0,174110,胸罩
261,yuri,0,173747,百合
4659,armor,0,173212,盔甲
393959,huge_breasts,0,172931,巨乳
6176,vest,0,172325,马甲
379615,open_jacket,0,172212,敞开外套
4010,halo,0,171236,光环
511141,from_side,0,170900,侧面
273,apron,0,170846,围裙
682673,mosaic_censoring,0,168821,马赛克
2060,feet,0,168107,脚
470807,red_bow,0,167752,红色蝴蝶结
475187,arm_up,0,167695,抬臂
374791,white_panties,0,165931,白色内裤
6295,leotard,0,164592,紧身连体衣
510962,character_name,0,164580,角色名
5569,coat,0,164331,大衣
547860,black_jacket,0,164106,黑色夹克
10484,vaginal,0,163514,阴道
9882,high_heels,0,163428,高跟鞋
14599,:o,0,161509,:o(表情)
4052,collar,0,157883,项圈
399827,arms_up,0,157778,双臂举起
3477,sweater,0,157546,毛衣
11904,bracelet,0,155007,手链
490655,blue_sky,0,153281,蓝天
378032,flat_chest,0,153112,贫乳
52138,twin_braids,0,153036,双马尾
560958,dated,0,152997,过时
4152,uniform,0,151209,制服
381629,side_ponytail,0,150003,侧马尾
1486996,animal_ear_fluff,0,148687,兽耳绒毛
390401,red_ribbon,0,148072,红色丝带
395321,crop_top,0,147956,露脐上衣
464553,cup,0,147196,杯子
89368,aqua_eyes,0,146831,水色眼睛
633894,dark-skinned_female,0,146761,深色皮肤女性
524961,black_shirt,0,146589,黑色衬衫
515329,covered_nipples,0,143326,遮住乳头
684639,puffy_short_sleeves,0,142595,蓬松短袖
551772,parted_bangs,0,142403,分叉刘海
822149,completely_nude,0,142366,全裸
428173,blue_skirt,0,142104,蓝色裙子
652604,two_side_up,0,142047,双马尾
427008,fingernails,0,141611,指甲
457408,black_pantyhose,0,141072,黑色连裤袜
464586,tree,0,140918,树
481846,hands_up,0,138918,双手举起
579466,looking_to_the_side,0,137447,侧视
1445905,v-shaped_eyebrows,0,137432,V形眉毛
89228,grey_eyes,0,136673,灰色眼睛
95405,orange_eyes,0,135596,橙色眼睛
4311,legs,0,134873,腿
438623,neckerchief,0,134018,领巾
479939,sleeves_past_wrists,0,131361,过腕袖
1931,sketch,0,131099,草图
389404,cat_tail,0,130241,猫尾巴
754325,groin,0,129422,腹股沟
537200,symbol-shaped_pupils,0,129300,符号形瞳孔
416202,eyelashes,0,128622,睫毛
4867,wet,0,128093,湿
539584,fur_trim,0,127842,毛皮镶边
451371,see-through,0,127554,透视
5501,lips,0,125983,嘴唇
412078,wrist_cuffs,0,125676,腕带
709722,hand_on_own_hip,0,125620,手叉腰
128,loli,0,124937,萝莉
464572,pillow,0,122701,枕头
431755,head_tilt,0,122394,歪头
589,gun,0,122390,枪
59,maid,0,122284,女仆
382397,strapless,0,122123,无肩带
10644,zettai_ryouiki,0,122114,绝对领域
1594634,clothing_cutout,0,121589,服装镂空
1390441,black_headwear,0,121530,黑色头饰
465277,plaid,0,120783,格子图案
492223,bar_censor,0,120647,条形码遮挡
10923,torn_clothes,0,120399,撕裂的衣服
1277433,mole_under_eye,0,120358,眼下痣
2335,fox_ears,0,120058,狐耳
28200,toes,0,119731,脚趾
513475,multiple_views,0,119546,多角度
494251,one-piece_swimsuit,0,118876,连体泳衣
464535,book,0,118517,书
379475,sash,0,118038,腰带
463173,maid_headdress,0,117701,女仆头饰
407186,sleeveless_shirt,0,117558,无袖衬衫
394174,short_shorts,0,117065,短裤
475418,bare_arms,0,116958,裸露的手臂
568880,sleeveless_dress,0,116615,无袖连衣裙
1393877,feet_out_of_frame,0,116076,脚部出框
12552,pubic_hair,0,115896,阴毛
531371,gradient_background,0,115876,渐变背景
449676,ascot,0,115713,领巾
494744,shiny_skin,0,115412,光泽皮肤
2687,v,0,115319,V字手势
1128907,pokemon_(creature),0,115136,宝可梦
16718,black_panties,0,114889,黑色内裤
358,cosplay,0,114264,角色扮演
464579,sparkle,0,114066,闪光
542846,no_humans,0,113058,无人
529256,fake_animal_ears,0,112862,假兽耳
465719,muscular,0,112819,肌肉
13132,petals,0,111766,花瓣
3314,kneehighs,0,111224,过膝袜
469714,bare_legs,0,110989,裸露的腿
2813,window,0,110493,窗户
5032,uncensored,0,110091,无码
443395,thigh_strap,0,108401,大腿绑带
1247160,black_bow,0,108215,黑色蝴蝶结
389813,single_braid,0,107847,单辫
1269639,covered_navel,0,107348,遮脐
202817,hoodie,0,106750,连帽衫
467863,neck_ribbon,0,106611,颈带
474500,black_ribbon,0,106604,黑色丝带
600177,detached_collar,0,105572,分离式衣领
391128,gradient_hair,0,105527,渐变发
1875867,upper_teeth_only,0,104994,露上齿
464584,tattoo,0,104884,纹身
375372,dutch_angle,0,104788,荷兰角
1382794,black_choker,0,104672,黑色项圈
8641,dress_shirt,0,104532,衬衫
395400,buttons,0,104413,纽扣
468554,double_bun,0,104209,双丸子头
553142,blurry_background,0,103689,模糊背景
7577,open_shirt,0,103344,敞开衬衫
1736,profile,0,102653,侧面
6028,sideboob,0,101878,侧乳
10447,kneeling,0,101731,跪姿
9312,makeup,0,100922,化妆
2508,blood,0,100920,血
6536,bell,0,100549,铃铛
7820,military,0,99708,军事
5126,hug,0,99630,拥抱
7926,saliva,0,99380,唾液
565513,floating_hair,0,98852,飘发
94007,aqua_hair,0,98809,水色头发
1797,mask,0,98779,面具
4108,pov,0,98619,视角
1094664,colored_skin,0,98305,彩色皮肤
444539,skindentation,0,98168,皮肤凹陷
457597,swept_bangs,0,98144,侧扫刘海
2217,anus,0,98073,肛门
411323,capelet,0,97674,短披肩
9344,bodysuit,0,97474,紧身连体衣
427348,leaning_forward,0,97276,前倾
458933,facial_hair,0,97145,胡须
412555,4girls,0,96981,4女孩
377140,blue_dress,0,95763,蓝色连衣裙
3472,night,0,95699,夜晚
13176,shadow,0,95254,阴影
514890,black_pants,0,95223,黑色裤子
13853,pussy_juice,0,94927,淫液
2585,bed,0,94748,床
675314,copyright_name,0,93920,版权名
390035,no_bra,0,93761,无胸罩
374620,black_bikini,0,93679,黑色比基尼
5565,:3,0,93246,:3(表情)
3918,4koma,0,92575,四格漫画
3449,heterochromia,0,91354,异色瞳
460262,depth_of_field,0,91237,景深
420531,nose_blush,0,90911,鼻红
1345229,white_headwear,0,90842,白色头饰
503552,red_skirt,0,90543,红色裙子
442167,alternate_hairstyle,0,90370,换发型
546609,blue_bow,0,90316,蓝色蝴蝶结
4009,turtleneck,0,90071,高领毛衣
5832,fruit,0,89876,水果
51528,fox_tail,0,89727,狐狸尾巴
402217,^_^,0,88727,^_^(表情)
580545,blue_background,0,88552,蓝色背景
511136,border,0,88504,边框
626,underboob,0,88422,下乳
8714,watermark,0,88371,水印
10422,witch_hat,0,88359,女巫帽
465950,cum_in_pussy,0,88301,内射
377844,siblings,0,88257,兄弟姐妹
436054,highleg,0,88254,高叉
479563,low_twintails,0,88176,低双马尾
387214,military_uniform,0,88136,军服
419938,expressionless,0,87889,无表情
374938,frown,0,87756,皱眉
464534,bird,0,87300,鸟
1595,no_panties,0,87258,无内裤
490999,on_bed,0,87165,在床上
460802,rose,0,86971,玫瑰
653206,one_side_up,0,86909,单侧扎起
4075,cameltoe,0,86493,骆驼趾
381555,headband,0,86459,发带
4320,glowing,0,86347,发光
612641,black_shorts,0,86191,黑色短裤
3988,scar,0,85680,伤疤
391680,horse_ears,0,85532,马耳
4528,bottomless,0,84868,无下装
258190,beret,0,84204,贝雷帽
11325,ocean,0,84168,海洋
1231230,side-tie_bikini_bottom,0,83802,侧系带比基尼下装
478565,bed_sheet,0,83635,床单
375476,soles,0,83624,脚底
10701,animal,0,83613,动物
1303252,brown_footwear,0,83548,棕色鞋子
464808,holding_hands,0,83399,牵手
421663,wavy_hair,0,83362,波浪发
446950,fangs,0,83325,虎牙
546821,halterneck,0,83212,挂脖式
419309,thick_thighs,0,83015,粗大腿
4244,leaf,0,82962,叶子
464546,chain,0,82759,链条
709734,playboy_bunny,0,82752,花花公子兔女郎
2279,headphones,0,82699,耳机
4831,piercing,0,82187,穿刺
394222,arm_support,0,81973,手臂支撑
444002,from_above,0,81395,俯视
144876,embarrassed,0,81248,尴尬
580232,white_jacket,0,80842,白色夹克
698161,holding_sword,0,80551,持剑
463397,white_socks,0,80206,白色袜子
534835,hair_intakes,0,79107,发鬓
377124,back,0,78990,背部
499624,blush_stickers,0,78966,脸红贴纸
375404,chinese_clothes,0,78938,中国风服装
426936,white_bikini,0,78899,白色比基尼
1328533,ass_visible_through_thighs,0,78235,大腿间可见臀部
3234,erection,0,78218,勃起
2993,phone,0,77823,手机
463179,no_shoes,0,77591,无鞋
481508,facial_mark,0,77562,面部印记
2904,chair,0,77402,椅子
450107,thick_eyebrows,0,77258,粗眉毛
418899,plaid_skirt,0,77244,格子裙
387991,abs,0,77016,腹肌
1915,umbrella,0,76782,伞
415974,looking_down,0,76733,俯视
2091,bandages,0,76312,绷带
2799,beach,0,76274,海滩
395448,thigh_boots,0,76160,过膝靴
1288957,white_footwear,0,76087,白色鞋子
820510,horse_girl,0,76016,马娘
688777,half-closed_eyes,0,75884,半闭眼
442865,headgear,0,75848,头饰
3986,sandals,0,75623,凉鞋
447393,on_side,0,75537,侧身
567316,6+girls,0,75465,6名以上女孩
663669,female_pubic_hair,0,75433,女性阴毛
1451588,muscular_male,0,75109,肌肉男
476621,floral_print,0,74141,花卉图案
572731,heart-shaped_pupils,0,73919,心形瞳孔
445388,bob_cut,0,73321,波波头
469652,garter_straps,0,73230,吊带袜夹
436576,short_dress,0,73208,短裙
8091,drill_hair,0,73194,钻头卷发
541727,wariza,0,73178,鸭子坐
475775,arms_behind_back,0,72820,背后双手
5524,sunglasses,0,72805,太阳镜
3920,obi,0,72527,腰带
13227,happy,0,72523,开心
634316,pectorals,0,72442,胸肌
389777,red_dress,0,72048,红色连衣裙
419387,testicles,0,72016,睾丸
8830,shirt_lift,0,71578,掀衬衫
4207,eating,0,71456,吃东西
572767,grabbing,0,71430,抓取
484666,transparent_background,0,71418,透明背景
400120,traditional_media,0,71390,传统媒介
584749,pink_background,0,71378,粉色背景
647551,flying_sweatdrops,0,70993,飞溅汗滴
10231,mouth_hold,0,70701,嘴含
460404,stuffed_toy,0,70675,毛绒玩具
563478,dark-skinned_male,0,70557,深肤色男性
589398,hood_down,0,70183,兜帽放下
492544,frilled_dress,0,70149,荷叶边连衣裙
465810,squatting,0,69991,蹲姿
467856,clothes_pull,0,69767,拉衣服
477028,cleavage_cutout,0,69718,镂空剪裁
520398,white_skirt,0,69566,白色裙子
3209,table,0,69436,桌子
397327,blue_shirt,0,69364,蓝色衬衫
375176,crossed_arms,0,69341,双臂交叉
1723,parody,0,69219, parody
468534,light_brown_hair,0,69189,浅棕色头发
403649,thigh_gap,0,68904,大腿间隙
574407,wavy_mouth,0,68694,波浪嘴
420366,from_below,0,68637,仰视
600250,hair_tubes,0,68156,发管
413672,leg_up,0,68113,抬腿
3949,ring,0,67951,戒指
1850,oral,0,67834,口交
609507,holding_food,0,67804,手持食物
466226,bound,0,67766,束缚
385639,wolf_ears,0,67512,狼耳
619736,blue_jacket,0,67177,蓝色夹克
8072,black_socks,0,66442,黑色袜子
2726,moon,0,66386,月亮
580738,black_hairband,0,66338,黑色发箍
576310,white_flower,0,66300,白色花朵
2270,eyepatch,0,66095,眼罩
488167,scrunchie,0,66088,发圈
8831,skirt_lift,0,66052,掀裙
356542,sunlight,0,65746,阳光
459291,standing_on_one_leg,0,65667,单脚站立
701697,white_bow,0,65469,白色蝴蝶结
2689,formal,0,65325,正式
3593,topless,0,65318,露胸
2716,cat,0,65240,猫
8068,demon_girl,0,65073,恶魔女孩
465046,cat_girl,0,65001,猫娘
413179,trembling,0,64935,颤抖
582201,mob_cap,0,64743, mob_cap
6128,cardigan,0,64143,开衫
1556,backpack,0,63312,背包
425206,magical_girl,0,63303,魔法少女
3239,cellphone,0,63072,手机
2770,pantyshot,0,62678,胖次视角
900563,own_hands_together,0,62432,双手合握
643561,eyes_visible_through_hair,0,62070,透过头发可见眼睛
465525,crossed_legs,0,61913,翘腿
419429,frilled_skirt,0,61747,荷叶边裙
6364,grass,0,61552,草
470790,demon_horns,0,61440,恶魔角
464903,crying,0,61407,哭泣
404507,sharp_teeth,0,61362,尖牙
7455,tank_top,0,61251,背心
3875,sleeping,0,61239,睡觉
1976,cover,0,61226,封面
1801537,single_hair_bun,0,61221,单发髻
487205,cloudy_sky,0,61186,多云天空
6059,blazer,0,60883,西装外套
7952,suspenders,0,60726,吊带裤
539837,high_ponytail,0,60681,高马尾
3649,helmet,0,60628,头盔
10229,suit,0,60597,西装
14452,feathers,0,60497,羽毛
487156,3boys,0,60256,3男孩
461293,cum_on_body,0,59894,身体上的精液
10833,bottle,0,59721,瓶子
379915,stuffed_animal,0,59475,毛绒玩具
1337464,x_hair_ornament,0,59311,X形发饰
547073,underwear_only,0,59173,仅穿内衣
9354,bdsm,0,58821,BDSM
655303,fox_girl,0,58780,狐娘
464573,plant,0,58741,植物
569748,black_background,0,58718,黑色背景
498000,blue_ribbon,0,58682,蓝色蝴蝶结
507741,frilled_sleeves,0,58385,荷叶边袖
1533172,grabbing_another's_breast,0,58320,抓他人胸部
3474,portrait,0,58297,肖像
9114,antenna_hair,0,58276,触角呆毛
375459,looking_up,0,58263,向上看
575982,light_smile,0,58195,浅笑
375764,bara,0,57756,肌肉男
221,school_swimsuit,0,57727,学校泳装
462569,straddling,0,57688,跨坐
4526,cross,0,57540,十字架
464588,hat_ribbon,0,57298,帽子缎带
4474,fire,0,57160,火焰
464539,bug,0,56981,虫子
219401,denim,0,56921,牛仔布
4188,crown,0,56908,王冠
431235,knee_boots,0,56879,过膝靴
463115,pink_bow,0,56865,粉色蝴蝶结
466990,;d,0,56727,;d(表情)
492682,red_necktie,0,56695,红色领带
1297467,lifted_by_self,0,56386,自提
516477,outstretched_arms,0,56344,双臂伸展
8709,fellatio,0,56322,口交
429999,tiara,0,56273,小冠冕
5831,katana,0,55923,日本刀
14814,couple,0,55840,情侣
510254,breasts_out,0,55592,露乳
1836990,aged_down,0,55292,年龄变小
589376,red_flower,0,55270,红花
432696,on_stomach,0,54906,趴着
1936,crossover,0,54877,跨界
611487,juliet_sleeves,0,54842,朱丽叶袖
3846,robot,0,54583,机器人
397117,curtains,0,54563,窗帘
489235,motion_lines,0,54552,动作线
413908,spiked_hair,0,54349,刺猬头
10707,sisters,0,54242,姐妹
645320,sex_from_behind,0,54218,后入式
381279,girl_on_top,0,54215,女上位
464574,polka_dot,0,54155,波点
16700,>_<,0,54150,>_<(表情)
515769,black_nails,0,54149,黑色指甲
464565,knife,0,54048,刀
15737,bat_wings,0,54015,蝙蝠翅膀
521712,ear_piercing,0,53880,耳洞
517832,outstretched_arm,0,53853,单臂伸展
82326,?,0,53804,?(表情)
521420,slit_pupils,0,53772,竖瞳
487562,wing_collar,0,53737,翅膀领
9714,bent_over,0,53651,弯腰
403577,pointing,0,53548,指
319,lingerie,0,52820,内衣
423613,animal_print,0,52678,动物纹
401137,clenched_teeth,0,52665,咬紧牙关
1275600,bright_pupils,0,52480,亮瞳
390594,red_shirt,0,52432,红色衬衫
302,elf,0,52282,精灵
421662,5girls,0,52108,5女孩
3592,undressing,0,52035,脱衣
15764,striped_thighhighs,0,51920,条纹过膝袜
1388799,blue_sailor_collar,0,51535,蓝色水手领
395015,monster_girl,0,51174,魔物娘
469701,rabbit_tail,0,51013,兔尾
374782,sneakers,0,51004,运动鞋
1314596,black_leotard,0,50899,黑色紧身衣
656169,hand_on_own_chest,0,50886,手抚自己胸口
668761,white_border,0,50865,白色边框
379387,t-shirt,0,50843,T恤
516211,tassel,0,50706,流苏
1008243,holding_gun,0,50609,持枪
464713,head_wings,0,50590,头翼
374979,all_fours,0,50589,四肢着地
479729,gem,0,50476,宝石
1568,yaoi,0,50394,BL
683385,red_footwear,0,50318,红色鞋子
631529,white_apron,0,50311,白色围裙
4232,tan,0,50265,晒黑
537,bondage,0,50150,束缚
1281370,red_bowtie,0,50092,红色蝴蝶结领结
15749,furry,0,50022,兽人
452195,hair_bobbles,0,49996,发圈
458482,short_twintails,0,49918,短双马尾
401836,messy_hair,0,49904,凌乱头发
4850,lipstick,0,49860,口红
515302,green_skirt,0,49844,绿色裙子
2849,goggles,0,49836,护目镜
561547,shoulder_armor,0,49672,肩甲
704500,holding_cup,0,49616,手持杯子
12464,brooch,0,49532,胸针
464540,building,0,49394,建筑
389882,group_sex,0,49139,群交
2328,polearm,0,49125,长柄武器
471601,black_bra,0,49002,黑色胸罩
458223,horse_tail,0,48715,马尾
1019196,otoko_no_ko,0,48688,伪娘
103483,fishnets,0,48602,渔网袜
4027,staff,0,48476,法杖
584911,shaded_face,0,48397,阴影脸
1463605,1other,0,48382,1其他
526340,letterboxed,0,47799,信箱式
401601,loafers,0,47782,乐福鞋
410004,crescent,0,47755,新月
1710,towel,0,47644,毛巾
478557,straight_hair,0,47579,直发
594766,star_(sky),0,47531,星星(天空)
405345,cherry_blossoms,0,47379,樱花
415668,single_thighhigh,0,47212,单边长筒袜
3046,kiss,0,47187,亲吻
674623,feathered_wings,0,47185,羽翼
575322,clenched_hand,0,46937,握拳
1865,bandaid,0,46933,创可贴
166531,pink_dress,0,46862,粉色连衣裙
534982,^^^,0,46548,^^^(表情)
1295582,strapless_leotard,0,46520,无肩带紧身连体衣
5746,box,0,46473,盒子
524399,hat_bow,0,46372,帽子蝴蝶结
4123,wind,0,46311,风
665452,facing_viewer,0,46277,面向观众
611670,grey_shirt,0,46154,灰色衬衫
647129,black_necktie,0,46085,黑色领带
471498,multiple_tails,0,45875,多条尾巴
448007,drooling,0,45873,流口水
383830,no_pants,0,45838,无裤子
547132,extra_ears,0,45819,额外耳朵
1441877,eyewear_on_head,0,45801,头上眼镜
380831,demon_tail,0,45745,恶魔尾巴
4275,steam,0,45715,蒸汽
358992,bike_shorts,0,45638,自行车短裤
593298,yellow_background,0,45624,黄色背景
368,dog_ears,0,45612,狗耳朵
428523,hooded_jacket,0,45542,连帽夹克
378850,armband,0,45527,臂章
464564,instrument,0,45386,乐器
2362,casual,0,45036,休闲装
464542,butterfly,0,45017,蝴蝶
465870,surprised,0,44986,惊讶
166133,night_sky,0,44928,夜空
7558,panty_pull,0,44831,扯内裤
390662,foreshortening,0,44673,透视缩短
405311,sex_toy,0,44594,性玩具
446647,pale_skin,0,44564,苍白皮肤
12667,child,0,44490,儿童
314230,breast_press,0,44420,乳夹
427968,revealing_clothes,0,44396,暴露服装
3417,anal,0,44311,肛交
1416353,red_headwear,0,44263,红色头饰
403060,gauntlets,0,44232,臂铠
477288,white_ribbon,0,44232,白色丝带
4241,rope,0,44190,绳索
395533,sheath,0,44034,刀鞘
465152,china_dress,0,43954,旗袍
1227044,ribbon_trim,0,43890,缎带镶边
93927,pink_panties,0,43819,粉色内裤
566918,adapted_costume,0,43812,改编服装
467811,knees_up,0,43759,屈膝
670636,multicolored_clothes,0,43748,彩色服装
447919,cover_page,0,43725,封面页
2252,candy,0,43633,糖果
466654,wristband,0,43498,腕带
389705,between_breasts,0,43491,乳沟
593296,red_background,0,43164,红色背景
5855,couch,0,43154,沙发
3540,hakama,0,43150,袴
11879,blouse,0,43095,女衬衫
376491,wet_clothes,0,43081,湿衣
464568,musical_note,0,42823,音符
1532466,colored_inner_hair,0,42796,彩色内层发
602295,hair_over_shoulder,0,42714,披肩发
4555,ejaculation,0,42557,射精
395223,scenery,0,42503,风景
1501540,skin_fang,0,42382,皮肤虎牙
684620,puffy_long_sleeves,0,42371,蓬松长袖
468477,arms_behind_head,0,42364,双手抱头
15672,veil,0,42339,面纱
5648,nature,0,42247,自然
10847,breath,0,42154,呼吸
601824,male_pubic_hair,0,42132,男性阴毛
488864,red_jacket,0,41989,红色夹克
376002,genderswap,0,41888,性转
1302826,mole_under_mouth,0,41884,嘴下痣
401968,red_nails,0,41862,红色指甲
556011,lace_trim,0,41758,蕾丝边
2020445,covering_privates,0,41756,遮私处
389814,side_braid,0,41751,侧辫
385882,third_eye,0,41739,第三只眼
566116,scar_on_face,0,41520,脸上疤痕
533054,waist_apron,0,41490,腰围裙
645083,smartphone,0,41397,智能手机
4000,microphone,0,41229,麦克风
2119,facial,0,41120,颜射
628293,skirt_set,0,41037,裙子套装
404,christmas,0,40980,圣诞节
643253,web_address,0,40964,网址
1629722,large_pectorals,0,40876,大胸肌
819964,pink_flower,0,40858,粉色花
1316316,pelvic_curtain,0,40852,骨盆帘
1388933,light_blush,0,40730,淡红晕
466984,...,0,40692,...(表情)
538298,strapless_dress,0,40691,无肩带连衣裙
566461,anger_vein,0,40608,青筋
146061,baseball_cap,0,40470,棒球帽
15260,beard,0,40250,胡须
457883,string_bikini,0,40203,细绳比基尼
524897,interlocked_fingers,0,40147,十指相扣
4543,striped_panties,0,40119,条纹内裤
635112,light_particles,0,40089,光粒子
1491014,blue_headwear,0,39905,蓝色头饰
11410,claws,0,39881,爪子
659059,breasts_apart,0,39592,双乳分开
417741,bridal_gauntlets,0,39528,新娘手套
320292,cloak,0,39459,斗篷
2056,toenails,0,39312,脚趾甲
448202,peaked_cap,0,39247,尖顶帽
635786,index_finger_raised,0,39043,食指竖起
467585,highleg_leotard,0,38920,高叉紧身衣
1388801,red_neckerchief,0,38847,红色领巾
389108,glowing_eyes,0,38571,发光眼睛
560247,white_pupils,0,38454,白色瞳孔
717927,short_hair_with_long_locks,0,38453,短发留长鬓
390596,purple_dress,0,38386,紫色连衣裙
6526,side-tie_panties,0,38302,侧系内裤
1441885,semi-rimless_eyewear,0,38095,半框眼镜
586765,low_ponytail,0,38029,低马尾
403173,white_pantyhose,0,38001,白色连裤袜
421107,convenient_censoring,0,37975,便利遮挡
469125,jingle_bell,0,37914,铃铛
554980,motor_vehicle,0,37903,机动车
723773,hand_fan,0,37751,折扇
685432,two-tone_background,0,37676,双色背景
616524,grey_skirt,0,37648,灰色裙子
456255,front-tie_top,0,37540,前系上衣
426598,bow_panties,0,37528,蝴蝶结内裤
561,mecha,0,37505,机甲
448477,buckle,0,37316,扣环
1288118,hair_flaps,0,37286,发片
383851,twin_drills,0,37284,双钻卷
670638,clothes_writing,0,37258,衣服文字
533356,areola_slip,0,37195,乳晕露出
410734,carrying,0,37088,抱着
668635,pom_pom_(clothes),0,37080,绒球(服装)
648130,clothing_aside,0,37048,衣服拨开
149598,androgynous,0,36961,中性
470798,pink_nails,0,36948,粉色指甲
392990,micro_bikini,0,36887,微比基尼
3508,angry,0,36883,愤怒
10902,close-up,0,36871,特写
563256,yellow_bow,0,36820,黄色蝴蝶结
529213,maid_apron,0,36807,女仆围裙
3284,forehead,0,36726,额头
1455296,sleeves_past_fingers,0,36717,过指袖
673911,hood_up,0,36659,兜帽戴上
407678,wolf_tail,0,36539,狼尾
8198,meme,0,36535,梗
400041,cum_on_breasts,0,36432,乳上精液
4172,corset,0,36404,束腰
1452299,neck_bell,0,36305,颈铃
497607,blue_nails,0,36295,蓝色指甲
389553,skin_tight,0,36226,紧身
656165,hand_on_own_face,0,36141,手抚自己脸
581,paizuri,0,36036,乳交
382270,rifle,0,35887,步枪
658106,o-ring,0,35866,O形环
14946,eyeshadow,0,35831,眼影
2329,tentacles,0,35811,触手
1386163,patreon_username,0,35766,Patreon用户名
531068,hakama_skirt,0,35742,袴裙
546229,black_belt,0,35695,黑色腰带
2755,lace,0,35682,蕾丝
1251593,holding_phone,0,35670,手持手机
510802,french_braid,0,35651,法式辫
664258,no_headwear,0,35452,无头饰
448225,tokin_hat,0,35426,头巾帽
584958,spoken_heart,0,35409,说出心声
376528,:<,0,35305,:<(表情)
688711,white_sleeves,0,35209,白色袖子
491367,cropped_jacket,0,35199,短外套
390257,eye_contact,0,35104,眼神接触
378743,curvy,0,35065,曲线丰满
626528,cropped_legs,0,35051,截腿
486327,faceless,0,35016,无脸
9474,licking,0,34914,舔
1411175,bikini_top_only,0,34879,仅比基尼上衣
486611,brown_gloves,0,34877,棕色手套
1283885,crossed_bangs,0,34861,交叉刘海
394151,plate,0,34856,盘子
397411,restrained,0,34780,被束缚
2102,snow,0,34707,雪
713987,outside_border,0,34702,出框
435433,red_gloves,0,34681,红色手套
374845,mary_janes,0,34592,玛丽珍鞋
422340,full_moon,0,34567,满月
376594,spikes,0,34526,尖刺
671227,tearing_up,0,34501,撕破
536573,colored_sclera,0,34468,彩色巩膜
376923,black_wings,0,34430,黑色翅膀
574271,science_fiction,0,34425,科幻
491144,blue_bikini,0,34284,蓝色比基尼
658950,holding_book,0,34251,手持书本
15689,:p,0,34251,:p(表情)
379489,side_slit,0,34242,侧开衩
4530,gift,0,34193,礼物
2907,desk,0,34125,桌子
494869,black_coat,0,34060,黑色外套
2447,camisole,0,34033,吊带背心
633528,alternate_breast_size,0,33947,不对称胸部大小
429369,finger_to_mouth,0,33778,手指抵唇
5474,ball,0,33719,球
77257,strap_slip,0,33655,肩带滑落
375519,armlet,0,33414,臂环
615165,green_bow,0,33238,绿色蝴蝶结
549225,single_horn,0,33234,单角
11813,lens_flare,0,33164,镜头光晕
491112,cowgirl_position,0,33035,女上位
406964,floating,0,33019,漂浮
664922,dragon_horns,0,32766,龙角
459933,drinking_glass,0,32765,饮用玻璃杯
571690,hair_scrunchie,0,32756,发圈
549356,arm_at_side,0,32752,手臂垂于身侧
491758,sleeves_rolled_up,0,32731,卷起袖子
396969,seiza,0,32729,正坐
1364406,genderswap_(mtf),0,32685,性转换(男变女)
684644,gold_trim,0,32660,金色镶边
375723,puffy_nipples,0,32622,蓬松乳头
1303583,blue_necktie,0,32614,蓝色领带
455456,santa_hat,0,32536,圣诞帽
438458,clenched_hands,0,32462,握紧双手
418395,after_sex,0,32442,事后
1388800,black_sailor_collar,0,32420,黑色水手领
376117,wide_hips,0,32326,宽胯
520397,pink_skirt,0,32322,粉色裙子
479374,single_glove,0,32315,单只手套
520991,pink_ribbon,0,32244,粉色丝带
442816,veins,0,32238,血管
3943,smoke,0,32217,烟雾
462808,tareme,0,32196,垂眼
1396724,white_sailor_collar,0,32187,白色水手领
467493,handgun,0,32146,手枪
435555,heavy_breathing,0,32131,粗重喘息
462583,between_legs,0,31993,双腿之间
521477,half_updo,0,31990,半扎发
9311,zipper,0,31962,拉链
654772,knee_up,0,31921,抬膝
646879,brown_background,0,31914,棕色背景
523327,starry_sky,0,31870,星空
577,masturbation,0,31843,自慰
1242758,blue_flower,0,31810,蓝色花朵
1656,handjob,0,31678,手交
4536,tsurime,0,31622,吊梢眼
375606,open_coat,0,31590,敞开外套
15261,freckles,0,31572,雀斑
617356,blue_shorts,0,31545,蓝色短裤
388067,demon_wings,0,31535,恶魔翅膀
384552,wading,0,31520,涉水
470314,pencil_skirt,0,31468,铅笔裙
149799,happy_birthday,0,31427,生日快乐
609,fish,0,31423,鱼
593297,green_background,0,31415,绿色背景
514515,pink_shirt,0,31368,粉色衬衫
393879,alcohol,0,31364,酒精
374915,clothed_sex,0,31357,穿衣性交
10905,pendant,0,31334,吊坠
665184,ribbed_sweater,0,31324,罗纹毛衣
1592077,topless_male,0,31321,男性赤裸上身
379725,dual_persona,0,31318,双重人格
651957,clothed_female_nude_male,0,31276,女穿衣男裸体
545992,high_heel_boots,0,31226,高跟鞋靴
457726,track_jacket,0,31226,运动夹克
483919,single_earring,0,31194,单耳环
397215,outline,0,31130,轮廓线
579793,frilled_apron,0,30932,荷叶边围裙
494669,spot_color,0,30882,局部色彩
643274,partially_submerged,0,30880,半身浸水
392024,tray,0,30845,托盘
689532,low-tied_long_hair,0,30789,低扎长发
615735,asymmetrical_legwear,0,30777,不对称腿饰
475004,swim_ring,0,30767,游泳圈
432529,sweater_vest,0,30728,毛衣背心
643898,purple_background,0,30644,紫色背景
535373,cross-laced_footwear,0,30608,交叉系带鞋
511594,arm_behind_back,0,30578,手臂背后
11527,reflection,0,30486,倒影
4261,forest,0,30472,森林
402062,!,0,30374,!(表情)
389402,upskirt,0,30332,裙底视角
380540,legs_up,0,30314,双腿抬起
390681,headset,0,30302,头戴式耳机
1271922,black_vest,0,30282,黑色背心
483898,frilled_bikini,0,30219,荷叶边比基尼
14442,walking,0,30123,行走
1916,cake,0,30092,蛋糕
391297,white_skin,0,30088,白皙皮肤
10279,hair_rings,0,30087,发环
6441,beads,0,29864,珠子
508016,pocket,0,29843,口袋
396680,personification,0,29571,拟人化
1636487,one-hour_drawing_challenge,0,29539,一小时绘画挑战
1631677,mature_male,0,29491,成熟男性
497007,backlighting,0,29462,逆光
4596,halloween,0,29425,万圣节
2065694,vertical-striped_clothes,0,29407,竖条纹衣服
168390,bulge,0,29402,凸起
375441,dress_lift,0,29387,掀裙
166757,green_dress,0,29371,绿色连衣裙
2006735,unworn_headwear,0,29366,未穿戴头饰
1258262,frilled_shirt_collar,0,29250,荷叶边衬衫领
617615,legs_apart,0,29153,双腿分开
494241,long_fingernails,0,29134,长指甲
403286,toned,0,29061,肌肉线条
554098,mole_on_breast,0,29049,胸部痣
2863,broom,0,29024,扫帚
1373029,black-framed_eyewear,0,29007,黑框眼镜
529447,arm_behind_head,0,28971,手臂枕在脑后
474995,brown_pantyhose,0,28910,棕色连裤袜
4925,thong,0,28906,丁字裤
1569,condom,0,28787,避孕套
460324,red_bikini,0,28773,红色比基尼
475720,short_ponytail,0,28737,短马尾
602223,out_of_frame,0,28722,出框
1247162,purple_bow,0,28714,紫色蝴蝶结
391713,long_skirt,0,28690,长裙
1119509,high-waist_skirt,0,28671,高腰裙
1441883,round_eyewear,0,28661,圆形眼镜
572906,crying_with_eyes_open,0,28578,睁眼哭泣
1651,rain,0,28539,雨
1293269,blue_footwear,0,28499,蓝色鞋子
465382,crossdressing,0,28485,女装
384087,angel_wings,0,28458,天使翅膀
463127,white_bra,0,28428,白色胸罩
6175,cuffs,0,28351,袖口
8243,flying,0,28315,飞行
7450,gym_uniform,0,28254,体操服
3354,cumdrip,0,28205,精液滴落
610272,purple_skirt,0,28189,紫色裙子
502548,yellow_shirt,0,28162,黄色衬衫
1349206,cropped_torso,0,28143,截断躯干
460907,one_eye_covered,0,28060,遮住一只眼
583299,goggles_on_head,0,28051,护目镜戴在头上
464538,bubble,0,28015,泡泡
1320204,black_bowtie,0,27993,黑色领结
1278062,hand_in_own_hair,0,27986,手抓自己头发
494842,braided_ponytail,0,27973,辫子马尾
417888,age_difference,0,27955,年龄差
1373022,red-framed_eyewear,0,27867,红框眼镜
1851,fingering,0,27822,指交
427674,epaulettes,0,27692,肩章
394305,curly_hair,0,27691,卷发
375986,empty_eyes,0,27647,空洞眼神
1258089,ribbon-trimmed_sleeves,0,27643,缎带镶边袖子
660814,dot_nose,0,27616,点状鼻子
453340,santa_costume,0,27503,圣诞老人服装
389,futanari,0,27483,扶她
4648,teacup,0,27478,茶杯
531403,kemonomimi_mode,0,27413,兽耳模式
483081,high_collar,0,27413,高领
469517,doujin_cover,0,27389,同人封面
469668,raised_eyebrows,0,27372,挑眉
620577,brown_jacket,0,27267,棕色夹克
465145,tanlines,0,27147,晒痕
1810,rape,0,27123,强奸
572753,6+boys,0,27118,6+男孩
416676,denim_shorts,0,27082,牛仔短裤
1292999,spoken_ellipsis,0,27067,说话省略号
613885,brown_skirt,0,27045,棕色裙子
10402,bowl,0,27031,碗
610698,hat_ornament,0,26950,帽子装饰
375883,dragon_girl,0,26921,龙娘
1670660,animal_hands,0,26895,动物手
670088,hand_on_another's_head,0,26884,手放在别人头上
592555,panties_under_pantyhose,0,26861,连裤袜下穿内裤
2169,innertube,0,26827,游泳圈
458932,sideburns,0,26822,鬓角
2378,buruma,0,26800,布鲁马
479955,4boys,0,26792,4男孩
11285,@_@,0,26786,@_@(表情)
669624,contrapposto,0,26730,对立式平衡
472197,white_pants,0,26704,白色裤子
374849,school_bag,0,26676,书包
492380,jitome,0,26634,斜眼
634781,nontraditional_miko,0,26616,非传统巫女
442316,pouch,0,26605,小袋
728008,thighband_pantyhose,0,26597,大腿带连裤袜
412202,:q,0,26590,:q(表情)
559163,emphasis_lines,0,26582,强调线
5875,doggystyle,0,26561,后入式
1233478,black_serafuku,0,26515,黑色水手服
10031,faceless_male,0,26473,无脸男
2336,cigarette,0,26448,香烟
460502,dual_wielding,0,26440,双持
382111,breast_hold,0,26439,抓胸
494245,red_scarf,0,26363,红色围巾
570718,fur_collar,0,26349,毛领
461492,green_jacket,0,26307,绿色夹克
1585391,abyssal_ship,0,26255,深渊舰船
479146,sailor_dress,0,26229,水手连衣裙
538475,asymmetrical_hair,0,26186,不对称发型
658682,knees_together_feet_apart,0,26179,双膝并拢双脚分开
15200,robe,0,26176,长袍
10543,spread_pussy,0,26147,掰开阴部
7581,garter_belt,0,26141,吊袜带
1045681,white_shorts,0,26132,白色短裤
471755,machinery,0,26075,机械装置
394759,hand_in_pocket,0,26072,手插口袋
9872,pauldrons,0,26069,肩甲
10376,naughty_face,0,25981,坏笑表情
442474,competition_swimsuit,0,25953,竞速泳装
380572,dog_tail,0,25921,狗尾巴
377078,cum_in_mouth,0,25880,口内射精
652293,legs_together,0,25860,双腿并拢
718476,mini_person,0,25810,小人
401289,yellow_ribbon,0,25772,黄色蝴蝶结
452086,lolita_fashion,0,25691,洛丽塔时装
493843,head_rest,0,25583,头枕
6439,running,0,25570,奔跑
1448325,hands_on_own_hips,0,25548,双手叉腰
15770,top_hat,0,25510,高礼帽
466881,sun_hat,0,25481,遮阳帽
16554,plump,0,25460,丰满
1681088,furry_female,0,25433,兽娘女性
1314750,white_hairband,0,25401,白色发箍
513625,asymmetrical_bangs,0,25375,不对称刘海
18013,ass_grab,0,25306,抓臀
1822,threesome,0,25283,三人行
11882,watch,0,25273,手表
462209,thought_bubble,0,25225,思考气泡
645579,fake_tail,0,25199,假尾巴
502047,blood_on_face,0,25161,脸上血迹
2489,sunset,0,25075,日落
1835738,blue_one-piece_swimsuit,0,25047,蓝色连体泳装
1811,twins,0,25038,双胞胎
588674,furrowed_brow,0,25037,皱眉
472407,turtleneck_sweater,0,25013,高领毛衣
464566,monster,0,24877,怪物
4039,dog,0,24867,狗
677856,star_hair_ornament,0,24867,星星发饰
872616,white_kimono,0,24858,白色和服
374921,sports_bra,0,24758,运动内衣
1441886,under-rim_eyewear,0,24748,下框眼镜
578153,drinking_straw,0,24736,吸管
477439,white_wings,0,24678,白色翅膀
617355,grey_jacket,0,24674,灰色夹克
580379,aged_up,0,24592,年龄增长
7585,new_year,0,24573,新年
537668,poke_ball,0,24566,精灵球
1369802,blurry_foreground,0,24511,模糊前景
572346,wide-eyed,0,24421,睁大眼睛
464578,skull,0,24377,骷髅
106450,shield,0,24360,盾牌
427050,shiny_clothes,0,24358,闪亮衣服
1517199,mature_female,0,24349,成熟女性
472916,female_masturbation,0,24265,女性自慰
516350,white_coat,0,24259,白色外套
380289,missionary,0,24255,传教士体位
417883,striped_shirt,0,24244,条纹衬衫
1874884,breasts_squeezed_together,0,24177,胸部挤压
509884,impossible_clothes,0,24167,不可能的衣服
2967,jeans,0,24130,牛仔裤
1226391,yellow_flower,0,24089,黄色花朵
465871,rabbit,0,24063,兔子
2467,ghost,0,24062,幽灵
398889,circlet,0,24050,头环
446472,red_rose,0,24046,红玫瑰
508272,belt_buckle,0,23942,皮带扣
9831,teddy_bear,0,23910,泰迪熊
15916,hair_down,0,23843,散发
1515358,blue_theme,0,23838,蓝色主题
10538,ice,0,23821,冰
456688,multicolored_eyes,0,23774,异色瞳
667171,holding_umbrella,0,23709,持伞
534168,v_arms,0,23708,V字手臂
381092,paper,0,23689,纸
452445,+_+,0,23685,+_+(表情)
394992,shoulder_bag,0,23668,单肩包
594664,green_shirt,0,23611,绿色衬衫
417866,serious,0,23551,严肃
538768,height_difference,0,23531,身高差
1644111,official_alternate_hairstyle,0,23485,官方换发型
1256698,partially_fingerless_gloves,0,23421,半露指手套
435262,stubble,0,23410,胡茬
4145,spear,0,23393,长矛
462546,hand_between_legs,0,23353,手夹腿间
8565,sarashi,0,23319,晒衣
544306,colored_eyelashes,0,23255,彩色睫毛
648056,paw_pose,0,23249,爪爪姿势
399655,striped_bikini,0,23215,条纹比基尼
467285,crystal,0,23149,水晶
454379,=_=,0,23077,=_=(表情)
472727,wooden_floor,0,23062,木地板
15571,shawl,0,22989,披肩
701042,bandaged_arm,0,22974,绷带手臂
464562,injury,0,22940,受伤
379945,hairpin,0,22895,发夹
660726,rabbit_girl,0,22881,兔女郎
11135,rock,0,22861,岩石
4033,lantern,0,22840,灯笼
467008,hoop_earrings,0,22822,圈状耳环
477354,sheathed,0,22816,收鞘
1226390,purple_flower,0,22800,紫色花
252271,mug,0,22786,马克杯
394368,bouncing_breasts,0,22761,乳摇
2006740,unworn_hat,0,22752,未戴帽子
466335,object_insertion,0,22677,物体插入
2268,popsicle,0,22670,冰棒
1312862,blue_bowtie,0,22618,蓝色蝴蝶结
3603,lollipop,0,22573,棒棒糖
398273,long_legs,0,22566,长腿
493026,tentacle_hair,0,22456,触手发
1814875,eyebrows_hidden_by_hair,0,22440,眉毛被发遮
405124,smirk,0,22436,得意笑
1559,minigirl,0,22427,迷你女孩
1339995,green_headwear,0,22342,绿色头饰
453244,wolf_girl,0,22323,狼少女
3478,mirror,0,22290,镜子
399,yukata,0,22289,浴衣
451370,upside-down,0,22255,倒立
561624,water_drop,0,22248,水滴
643027,light_blue_hair,0,22242,浅蓝发
464536,bouquet,0,22234,花束
534968,mini_hat,0,22230,小帽子
643257,white_leotard,0,22230,白色紧身衣
414971,purple_shirt,0,22226,紫色衬衫
506510,military_hat,0,22221,军帽
400587,reaching,0,22208,伸手
475744,breastplate,0,22136,胸甲
400,pajamas,0,22081,睡衣
1516547,brown_headwear,0,22056,棕色头饰
461117,snowing,0,22052,下雪
1343866,black_sleeves,0,22026,黑色袖子
562882,blue_pants,0,21957,蓝色裤子
520850,bespectacled,0,21943,戴眼镜
600222,light_rays,0,21941,光线
427398,butt_crack,0,21926,臀沟
434996,o_o,0,21875,o_o(表情)
457114,dragon_tail,0,21870,龙尾
1335533,holding_staff,0,21815,手持法杖
717047,page_number,0,21796,页码
3661,oni,0,21738,鬼
548722,enmaided,0,21732,女仆装
559022,shirt_tucked_in,0,21721,衬衫塞入
712723,striped_bow,0,21717,条纹蝴蝶结
553015,open_book,0,21704,打开的书
690177,tress_ribbon,0,21682,发辫丝带
507245,glint,0,21675,闪光
1081309,mouth_mask,0,21658,口罩
387213,handbag,0,21652,手提包
1351963,ass_focus,0,21648,臀部聚焦
16721,blue_panties,0,21619,蓝色内裤
610013,pink_lips,0,21592,粉色嘴唇
7532,stairs,0,21589,楼梯
423620,:t,0,21565,:t(表情)
662799,animal_hood,0,21363,动物兜帽
566923,hugging_object,0,21328,拥抱物体
1359441,collared_dress,0,21317,立领连衣裙
382969,bow_(weapon),0,21307,弓
458728,waving,0,21299,挥手
687736,short_eyebrows,0,21289,短眉毛
4357,chocolate,0,21286,巧克力
163224,fins,0,21247,鳍
1252945,scar_across_eye,0,21192,眼上伤疤
645753,orange_background,0,21175,橙色背景
8807,city,0,21152,城市
594859,backless_outfit,0,21128,露背装
1405752,meme_attire,0,21113,梗装束
447403,jumping,0,21110,跳跃
4909,chopsticks,0,21101,筷子
513807,hug_from_behind,0,21075,背后拥抱
452112,tabard,0,21054,罩袍
16139,mustache,0,21053,胡子
478262,double_v,0,21033,双V手势
498828,adjusting_clothes,0,21022,整理衣服
7426,sign,0,20988,标志
487236,long_dress,0,20965,长连衣裙
397690,motion_blur,0,20963,动态模糊
509379,on_floor,0,20962,在地板上
6207,sportswear,0,20947,运动服
1802,leash,0,20893,牵绳
377888,torn_pantyhose,0,20893,破洞连裤袜
473529,;),0,20865,;)(表情)
560,card,0,20830,卡片
7783,pout,0,20820,噘嘴
376460,fishnet_pantyhose,0,20809,渔网连裤袜
428330,brother_and_sister,0,20808,兄妹
5705,ofuda,0,20779,符咒
1255562,folded_ponytail,0,20717,折叠马尾
421492,veiny_penis,0,20633,青筋阴茎
464567,mountain,0,20608,山
519572,toenail_polish,0,20601,脚指甲油
553367,turret,0,20587,炮塔
1249693,borrowed_character,0,20577,借用的角色
465048,dog_girl,0,20568,犬娘
456193,outstretched_hand,0,20566,伸出的手
1262298,off-shoulder_dress,0,20543,露肩连衣裙
469042,2koma,0,20542,2格漫画
1681089,furry_male,0,20533,兽人男性
464544,can,0,20502,罐子
433182,!?,0,20336,!?(表情)
15224,sand,0,20328,沙子
549355,arms_at_sides,0,20324,手臂贴体
462124,large_penis,0,20320,大阴茎
11858,forehead_mark,0,20310,额饰
570942,front-tie_bikini_top,0,20291,前系式比基尼上衣
392585,contemporary,0,20202,当代
378561,blue_skin,0,20192,蓝色皮肤
8705,ice_cream,0,20178,冰淇淋
2809,spoon,0,20153,勺子
2312,valentine,0,20130,情人节
1358345,pink_footwear,0,20129,粉色鞋子
2074,vibrator,0,20124,振动棒
464582,strawberry,0,20086,草莓
488169,cleft_of_venus,0,20080,维纳斯裂谷
681331,heart_hair_ornament,0,20080,心形发饰
380423,goatee,0,20033,山羊胡
553797,sharp_fingernails,0,19975,尖指甲
465469,lab_coat,0,19971,白大褂
379632,panties_aside,0,19950,内裤拨开
1611666,dakimakura_(medium),0,19942,抱枕(中)
1671,underwater,0,19830,水下
508726,cum_overflow,0,19827,精液溢出
1447826,notice_lines,0,19781,注意线
1835743,black_one-piece_swimsuit,0,19759,黑色连体泳衣
3429,drink,0,19758,饮料
8418,fence,0,19727,栅栏
622688,muscular_female,0,19689,肌肉女性
978099,nipple_stimulation,0,19677,乳头刺激
7486,fighting_stance,0,19643,格斗姿势
456370,hands_in_pockets,0,19630,手插口袋
550131,large_areolae,0,19611,大乳晕
1363594,red_hairband,0,19604,红色发带
401340,nose,0,19590,鼻子
446622,hime_cut,0,19557,公主切
2205,mouse_ears,0,19518,鼠耳
478640,hair_bell,0,19510,发铃
442898,skirt_hold,0,19491,提裙
1757,music,0,19487,音乐
9434,wedding_dress,0,19476,婚纱
643286,full-face_blush,0,19465,满脸通红
1349592,blue_kimono,0,19417,蓝色和服
667849,bandaid_on_face,0,19390,脸上创可贴
397045,railing,0,19389,栏杆
13027,fork,0,19377,叉子
375144,nurse_cap,0,19376,护士帽
411759,cum_on_hair,0,19354,头发上的精液
494337,purple_ribbon,0,19337,紫色丝带
526693,holding_clothes,0,19337,手持衣物
16609,bloomers,0,19333,灯笼裤
535691,butterfly_hair_ornament,0,19322,蝴蝶发饰
3313,dragon,0,19313,龙
646549,red_cape,0,19308,红色披风
594404,hat_flower,0,19258,帽子上的花
471090,hair_tie,0,19229,发绳
464569,palm_tree,0,19203,棕榈树
609887,blue_gloves,0,19174,蓝色手套
409364,covering_breasts,0,19165,遮胸
448882,|_|,0,19161,|_|(表情)
1569656,arrow_(symbol),0,19159,箭头(符号)
541903,purple_nails,0,19142,紫色指甲
1582,miko,0,19116,巫女
376102,realistic,0,19111,写实
550405,holding_flower,0,19100,手持花
460911,tiles,0,19068,瓷砖
1648,oekaki,0,19038,涂鸦
10440,door,0,19016,门
4318,pasties,0,19013,乳贴
548703,sitting_on_person,0,18992,坐在人身上
384441,alternate_color,0,18979,异色
7508,straw_hat,0,18967,草帽
527256,green_ribbon,0,18961,绿色丝带
13207,bandana,0,18960,头巾
1505129,chinese_text,0,18951,中文文字
1304046,black_bodysuit,0,18944,黑色紧身衣
390589,branch,0,18939,树枝
1372733,blue_leotard,0,18935,蓝色紧身连体衣
667463,visor_cap,0,18908,遮阳帽
394528,winter_uniform,0,18904,冬季制服
1755,dildo,0,18886,假阳具
659868,covering_own_mouth,0,18831,捂嘴
1243463,orange_bow,0,18823,橙色蝴蝶结
498413,jacket_on_shoulders,0,18794,披肩外套
486,doll,0,18789,人偶
5621,smoking,0,18763,吸烟
547289,drawstring,0,18745,拉绳
1354790,yellow_ascot,0,18730,黄色领巾
1053124,sideways_glance,0,18724,侧目
621064,red_vest,0,18688,红色马甲
1307840,stud_earrings,0,18649,耳钉
656161,hand_on_own_cheek,0,18611,手托脸颊
2367,blindfold,0,18557,眼罩
5953,snake,0,18548,蛇
1328010,fur-trimmed_jacket,0,18523,毛领夹克
1315939,brown_belt,0,18514,棕色腰带
530083,kneepits,0,18504,膝窝
2562,camera,0,18467,相机
1256471,off-shoulder_shirt,0,18466,露肩衬衫
444411,licking_lips,0,18442,舔唇
614988,pink_jacket,0,18441,粉色夹克
15987,logo,0,18440,标志
1329246,center_frills,0,18436,中央褶皱
457574,horizon,0,18421,地平线
1327458,steaming_body,0,18399,冒热气
1332478,shrug_(clothing),0,18371,耸肩外套
397574,panties_around_one_leg,0,18356,内裤挂在一腿上
543958,bags_under_eyes,0,18342,眼袋
583983,black_cape,0,18333,黑色披风
456585,pink_bra,0,18270,粉色胸罩
15126,interracial,0,18252,跨种族
552306,criss-cross_halter,0,18236,交叉挂脖
2614,shota,0,18226,正太
472943,black_sclera,0,18223,黑色巩膜
165438,anklet,0,18092,脚链
580906,low_wings,0,18091,低垂翅膀
465444,antennae,0,18040,触角
464583,sunflower,0,17999,向日葵
670983,hand_on_another's_shoulder,0,17985,手搭他人肩膀
10549,clitoris,0,17983,阴蒂
421198,center_opening,0,17983,中间开口
379820,aircraft,0,17978,飞机
375266,top-down_bottom-up,0,17977,俯视仰视
1301111,white_sweater,0,17963,白色毛衣
499629,headpiece,0,17950,头饰
531754,long_bangs,0,17941,长刘海
5160,gag,0,17940,口塞
471181,eyeliner,0,17928,眼线
461529,apple,0,17919,苹果
578430,floral_background,0,17896,花卉背景
1602539,vision_(genshin_impact),0,17881,神之眼(原神)
1256690,suspender_skirt,0,17880,吊带裙
680569,foot_focus,0,17850,足部特写
420598,highleg_panties,0,17840,高叉内裤
393578,beanie,0,17837,针织帽
560167,character_doll,0,17833,角色玩偶
643824,grabbing_from_behind,0,17832,背后抓取
481511,red_lips,0,17829,红唇
470562,spaghetti_strap,0,17819,细肩带
526218,bandeau,0,17800,抹胸
572684,white_scarf,0,17793,白色围巾
407647,adjusting_hair,0,17749,整理头发
387050,sun,0,17713,太阳
460323,pink_bikini,0,17710,粉色比基尼
9260,blanket,0,17673,毯子
455932,size_difference,0,17642,体型差
524661,folding_fan,0,17611,折扇
594129,head_out_of_frame,0,17569,头部出框
518422,covered_mouth,0,17510,遮嘴
1077303,underbust,0,17501,胸下
1241714,korean_text,0,17499,韩文
8891,zoom_layer,0,17495,缩放图层
392031,groping,0,17463,揉胸
705211,fake_horns,0,17462,假角
505450,gift_box,0,17445,礼物盒
460642,spread_arms,0,17444,张开双臂
5228,wand,0,17436,魔杖
1622419,straight-on,0,17435,正面
668671,holding_knife,0,17433,持刀
454489,no_nose,0,17422,无鼻子
1387418,back_bow,0,17416,背部蝴蝶结
720637,chromatic_aberration,0,17386,色差
482679,facing_away,0,17370,背对
1447595,foot_out_of_frame,0,17369,脚出框
605892,pov_hands,0,17344,视角手部
1310938,white_one-piece_swimsuit,0,17343,白色连体泳衣
640898,alternate_hair_length,0,17341,交替发长
1328421,crown_braid,0,17312,皇冠辫
444095,tail_ornament,0,17264,尾巴装饰
541716,yokozuwari,0,17222,横坐
450779,emblem,0,17215,徽章
742715,adjusting_eyewear,0,17193,调整眼镜
1569657,arrow_(projectile),0,17191,箭矢
432198,arched_back,0,17185,弓背
695937,white_outline,0,17176,白色轮廓
297980,hanging_breasts,0,17174,垂乳
560473,partially_visible_vulva,0,17170,部分可见外阴
843399,double-breasted,0,17164,双排扣
520839,sound_effects,0,17145,音效文字
442577,ahegao,0,17142,阿黑颜
474819,brown_thighhighs,0,17110,棕色过膝袜
1352777,eighth_note,0,17106,八分音符
4816,gakuran,0,17106,学兰
16738,geta,0,17100,木屐
383337,sailor_hat,0,17071,水手帽
10801,android,0,17067,机器人
15395,clock,0,17058,时钟
246,nun,0,17052,修女
1332796,round_teeth,0,17042,圆形牙齿
451767,food_on_face,0,17039,脸上有食物
1389122,black_collar,0,17032,黑色项圈
8104,angel,0,16975,天使
1260354,text_focus,0,16819,文字聚焦
409425,bookshelf,0,16793,书架
6032,tabi,0,16770,足袋
397380,name_tag,0,16763,姓名牌
1263229,hand_on_headwear,0,16763,手触头饰
457877,leaning_back,0,16741,向后靠
297241,smug,0,16738,得意
1113504,hair_behind_ear,0,16721,撩耳发
818365,selfie,0,16718,自拍
448279,cabbie_hat,0,16707,出租车司机帽
542666,flipped_hair,0,16666,翻翘发
1801550,single_side_bun,0,16663,单侧丸子头
578,lactation,0,16593,哺乳
2898,basket,0,16587,篮子
451332,bun_cover,0,16573,发髻罩
524779,microskirt,0,16557,超短裙
390064,gagged,0,16547,堵嘴
1372775,pinafore_dress,0,16533,背心裙
676924,anchor_symbol,0,16530,锚形符号
1781,car,0,16519,汽车
1764,guitar,0,16508,吉他
448621,arm_warmers,0,16473,臂套
4974,gangbang,0,16470,轮奸
4308,pen,0,16401,笔
693118,absurdly_long_hair,0,16388,超长发
381163,petticoat,0,16366,衬裙
662424,frog_hair_ornament,0,16351,青蛙发饰
1335363,arm_tattoo,0,16321,手臂纹身
305065,saliva_trail,0,16310,唾液丝
440780,sailor_shirt,0,16292,水手衫
331704,bodystocking,0,16270,连体袜
399930,highleg_swimsuit,0,16269,高叉泳装
603647,frilled_shirt,0,16262,荷叶边衬衫
411783,potted_plant,0,16260,盆栽植物
420,onsen,0,16169,温泉
1635846,tracen_school_uniform,0,16166,特雷森学园制服
522051,on_head,0,16141,顶在头上
558436,silent_comic,0,16114,无台词漫画
9586,habit,0,16109,修女服
453768,fairy_wings,0,16092,妖精翅膀
610524,star-shaped_pupils,0,16027,星形瞳孔
149791,drinking,0,16012,喝水
1618371,body_fur,0,16011,体毛
1862786,reaching_towards_viewer,0,15994,伸向观众
653480,yellow_jacket,0,15984,黄色夹克
501706,card_(medium),0,15913,卡片(媒介)
529493,jack-o'-lantern,0,15891,南瓜灯
407056,unbuttoned,0,15858,解扣
479176,bird_wings,0,15857,鸟翼
375285,winter_clothes,0,15837,冬装
9044,leg_lift,0,15824,抬腿
495530,bikini_under_clothes,0,15818,衣服下穿比基尼
481383,wristwatch,0,15808,手表
392133,heart_censor,0,15789,爱心遮挡
2276,pool,0,15716,泳池
403785,lowleg,0,15716,低腰裤
379970,bound_wrists,0,15697,绑手腕
584250,summer_uniform,0,15690,夏装
484924,heart_hands,0,15649,比心手势
9351,gothic_lolita,0,15646,哥特萝莉
3714,cannon,0,15635,大炮
670635,cross-laced_clothes,0,15633,交叉系带服装
390591,nipple_slip,0,15631,露点
414765,hair_over_eyes,0,15609,遮眼刘海
413878,electricity,0,15604,电流
455615,cow_print,0,15581,奶牛纹
8822,eyeball,0,15555,眼球
5252,cow_ears,0,15555,牛耳
617956,brown_shirt,0,15493,棕色衬衫
1258734,looking_ahead,0,15478,向前看
3468,classroom,0,15466,教室
5626,antlers,0,15427,鹿角
537093,lace-up_boots,0,15414,系带靴
2181,cheerleader,0,15412,啦啦队员
16704,glass,0,15409,玻璃
484456,back-to-back,0,15375,背靠背
571873,checkered_clothes,0,15373,格子服装
1571375,poke_ball_(basic),0,15372,精灵球(基础)
669725,holding_bag,0,15345,手持包
1303251,grey_pants,0,15322,灰色裤子
1374209,food-themed_hair_ornament,0,15303,食物主题发饰
468449,brown_dress,0,15299,棕色连衣裙
11030,silhouette,0,15266,剪影
133767,swimsuit_under_clothes,0,15265,衣服下穿泳装
406034,arm_grab,0,15255,抓手臂
639717,taut_clothes,0,15251,紧身衣物
408040,hitodama,0,15240,鬼火
2586,witch,0,15209,魔女
588702,vambraces,0,15175,护腕甲
5214,overalls,0,15168,背带裤
1262171,holding_bottle,0,15154,手持瓶子
476771,bush,0,15107,灌木
684289,spoken_question_mark,0,15107,说话问号
1667541,pom_pom_(cheerleading),0,15083,啦啦队花球
1410771,artist_logo,0,15046,作者标志
1516549,pink_headwear,0,15009,粉色头饰
1285325,wrist_scrunchie,0,15006,手腕发圈
509,pocky,0,15003,百奇
1314823,black_sweater,0,15002,黑色毛衣
11270,mittens,0,14959,连指手套
1322401,black_horns,0,14952,黑色角
469224,blue_thighhighs,0,14930,蓝色过膝袜
661340,holding_poke_ball,0,14924,手持精灵球
42918,scales,0,14883,鳞片
493832,military_vehicle,0,14838,军用车辆
607626,hair_stick,0,14837,发簪
450337,ankle_boots,0,14836,踝靴
84427,reading,0,14827,阅读
1601823,retro_artstyle,0,14817,复古画风
1276712,layered_sleeves,0,14789,多层袖
613947,toeless_legwear,0,14784,露趾袜
526607,print_bikini,0,14772,印花比基尼
493887,food_in_mouth,0,14760,嘴里含食物
375026,headdress,0,14754,头饰
535186,breast_pocket,0,14746,胸袋
458819,talking,0,14725,说话
1509969,hip_focus,0,14716,臀部特写
445092,wince,0,14699,皱眉
1297465,pulled_by_self,0,14678,自己拉扯
8318,nipple_tweak,0,14675,捏乳头
4572,candle,0,14665,蜡烛
1574,magic,0,14662,魔法
391568,assault_rifle,0,14630,突击步枪
377998,petite,0,14601,娇小
1257079,print_kimono,0,14599,印花和服
1447858,feather_hair_ornament,0,14590,羽毛发饰
232297,gohei,0,14581,御币
1501454,tinted_eyewear,0,14578,有色眼镜
665407,hand_to_own_mouth,0,14576,手捂嘴
435550,headpat,0,14569,摸头
574501,ringed_eyes,0,14566,环状眼
393028,controller,0,14549,手柄
414957,confetti,0,14536,彩纸
576287,blood_on_clothes,0,14528,衣服上的血迹
423612,wedding_ring,0,14525,结婚戒指
477517,chinese_zodiac,0,14522,十二生肖
416906,bangle,0,14510,手镯
464543,cable,0,14503,线缆
1297657,zipper_pull_tab,0,14492,拉链头
517935,purple_bikini,0,14481,紫色比基尼
378454,wind_lift,0,14466,风吹起
397155,huge_ass,0,14457,巨臀
10280,flag,0,14452,旗帜
10713,unzipped,0,14401,拉链拉开
11173,sundress,0,14385,太阳裙
526025,pleated_dress,0,14381,褶裙
488078,purple_jacket,0,14360,紫色夹克
713203,crotch_seam,0,14354,裆部缝线
397948,road,0,14345,道路
374936,lamp,0,14315,灯
663804,armored_dress,0,14313,装甲连衣裙
704492,armored_boots,0,14309,装甲靴
2319,fantasy,0,14305,奇幻
682963,claw_pose,0,14270,爪形手势
646445,mask_on_head,0,14246,面具戴头上
1339640,midriff_peek,0,14221,露腰
843857,red_kimono,0,14215,红色和服
871328,black_kimono,0,14164,黑色和服
838605,animal_focus,0,14160,动物焦点
14859,pointless_censoring,0,14157,无意义遮挡
529429,covered_eyes,0,14148,遮眼
152,ninja,0,14131,忍者
616593,purple_gloves,0,14129,紫色手套
2231,fairy,0,14128,妖精
11883,cityscape,0,14123,城市景观
482857,joints,0,14118,关节
485597,grey_dress,0,14117,灰色连衣裙
376451,inverted_nipples,0,14116,内陷乳头
1804525,bridal_garter,0,14094,新娘吊带袜
461439,tube_top,0,14090,抹胸上衣
408359,bare_back,0,14086,露背
720760,holding_tray,0,14076,手持托盘
1230896,horn_ornament,0,14072,角饰
446289,cow_horns,0,14060,牛角
394881,school_desk,0,14022,课桌
1250483,holding_fan,0,14020,手持扇子
644684,chestnut_mouth,0,14007,栗子嘴
374533,creature,0,14002,生物
699839,halloween_costume,0,13995,万圣节服装
12457,tatami,0,13959,榻榻米
412037,open_fly,0,13955,拉链敞开
2880,scythe,0,13942,镰刀
280408,salute,0,13933,敬礼
2780,beachball,0,13925,沙滩球
3880,light,0,13918,光线
407744,happy_sex,0,13880,快乐性爱
4436,bench,0,13877,长凳
498201,mini_crown,0,13862,小皇冠
458,nurse,0,13754,护士
1396655,white_capelet,0,13696,白色短披肩
211409,wet_shirt,0,13694,湿衬衫
1685910,painting_(medium),0,13693,绘画(媒介)
416331,animal_costume,0,13665,动物服装
6158,orgasm,0,13651,高潮
785234,shoulder_cutout,0,13651,露肩剪裁
669033,triangle_mouth,0,13650,三角嘴
394150,blue_rose,0,13605,蓝玫瑰
3992,bucket,0,13604,水桶
23249,everyone,0,13591,所有人
568920,+++,0,13587,+++
500740,very_short_hair,0,13586,超短发
484631,naked_shirt,0,13576,裸穿衬衫
614827,tachi-e,0,13576,立绘
686321,half_gloves,0,13574,半指手套
377169,stuffed_rabbit,0,13566,毛绒兔子
1257811,on_couch,0,13544,在沙发上
15131,riding,0,13529,骑乘
656166,hands_on_own_face,0,13507,手捂脸
185924,key,0,13495,钥匙
723097,after_vaginal,0,13490,阴道后
525152,white_fur,0,13469,白色毛皮
6318,space,0,13468,太空
656170,hands_on_own_chest,0,13459,手捂胸
6312,femdom,0,13455,女性主导
516299,style_parody,0,13449,风格模仿
545704,blue_hairband,0,13438,蓝色发箍
390148,green_skin,0,13429,绿色皮肤
617541,brown_pants,0,13411,棕色裤子
1303436,red_choker,0,13408,红色项圈
624352,strap_gap,0,13384,吊带间隙
572672,japanese_armor,0,13380,日本盔甲
498546,male_underwear,0,13317,男性内衣
1379926,black_hoodie,0,13300,黑色连帽衫
1609981,uneven_legwear,0,13299,不对称腿饰
1342276,blue_halo,0,13257,蓝色光环
1367435,falling_petals,0,13231,落花
43263,anchor,0,13204,锚
461639,happy_new_year,0,13185,新年快乐
251010,tiger_ears,0,13185,虎耳
615659,blue_vest,0,13181,蓝色马甲
464560,frog,0,13148,青蛙
375110,haori,0,13142,羽织
288161,office_lady,0,13140,办公室女郎
811495,undercut,0,13129,底切发型
678558,hand_on_own_chin,0,13109,手托下巴
389456,holster,0,13098,枪套
230,waitress,0,13088,女服务员
1267724,symbol_in_eye,0,13068,眼中符号
656167,hand_on_another's_face,0,13066,手碰他人脸
933253,on_chair,0,13054,坐在椅子上
638006,thighlet,0,13040,大腿环
466164,laughing,0,12989,大笑
394722,wet_hair,0,12986,湿发
1420938,holding_polearm,0,12983,手持长柄武器
2802,earmuffs,0,12974,耳罩
473213,red_thighhighs,0,12958,红色过膝袜
3242,airplane,0,12951,飞机
480027,purple_thighhighs,0,12947,紫色过膝袜
675233,open_cardigan,0,12941,开襟开衫
507378,yellow_bikini,0,12917,黄色比基尼
1429562,two-tone_dress,0,12910,双色连衣裙
473301,bow_bra,0,12905,蝴蝶结胸罩
480899,5boys,0,12887,5男孩
450702,naval_uniform,0,12876,海军制服
464674,stretching,0,12867,伸展
551848,polka_dot_background,0,12857,圆点背景
15272,bridal_veil,0,12846,新娘头纱
2559,incest,0,12840,近亲相奸
1516550,purple_headwear,0,12834,紫色头饰
449932,w,0,12831,w(表情)
576561,alternate_eye_color,0,12826,异色瞳
411770,cum_in_ass,0,12809,射精在肛门内
30851,3koma,0,12802,3格漫画
5104,shade,0,12790,阴影
492202,flat_cap,0,12779,平顶帽
404958,pilot_suit,0,12756,飞行员服
4939,precum,0,12749,前列腺液
461530,balloon,0,12748,气球
1456682,armpit_crease,0,12742,腋窝褶皱
506,dark,0,12729,黑暗
547893,indian_style,0,12726,印度风格
450266,wine_glass,0,12719,酒杯
468789,paw_gloves,0,12717,爪子手套
536,bukkake,0,12709,颜射
464726,tight_clothes,0,12700,紧身衣物
463399,randoseru,0,12691,小学生书包
1253894,holding_microphone,0,12690,手持麦克风
394136,red_panties,0,12686,红色内裤
1388797,blue_neckerchief,0,12674,蓝色领巾
1278425,rigging,0,12673,舰装
715118,ear_covers,0,12668,耳罩
567329,limited_palette,0,12664,有限色调
441419,:>,0,12662,:>(表情)
4965,dagger,0,12657,匕首
626241,triangular_headpiece,0,12643,三角头饰
688713,snake_hair_ornament,0,12641,蛇形发饰
2565,battle,0,12629,战斗
602796,star_print,0,12628,星星图案
1795966,cone_hair_bun,0,12628,锥形发髻
469422,paw_print,0,12618,爪印
672705,pink_kimono,0,12589,粉色和服
528129,one_breast_out,0,12587,单乳露出
430066,id_card,0,12585,身份证
421188,against_wall,0,12582,靠墙
1310698,curled_horns,0,12579,卷曲角
599873,air_bubble,0,12575,气泡
558230,ice_wings,0,12573,冰翼
393840,purple_panties,0,12572,紫色内裤
466142,fishnet_thighhighs,0,12567,渔网过膝袜
1669227,hugging_own_legs,0,12529,抱膝
411560,sexually_suggestive,0,12527,性暗示
648077,heart_of_string,0,12527,心形绳结
6182,shibari,0,12517,绳缚
375461,belly,0,12513,腹部
8180,drunk,0,12508,醉酒
125420,bald,0,12506,秃头
396079,looking_afar,0,12494,远眺
466325,autumn_leaves,0,12494,秋叶
1308012,red_hakama,0,12472,红色袴
15202,nipple_piercing,0,12442,乳头穿刺
659072,muneate,0,12426,胸当
166945,yellow_dress,0,12425,黄色连衣裙
390180,bathing,0,12415,沐浴
1462380,disposable_cup,0,12388,一次性杯子
555246,black_border,0,12383,黑色边框
7495,sarong,0,12366,纱笼
499324,red_shorts,0,12365,红色短裤
1693074,own_hands_clasped,0,12325,双手合握
666816,hand_on_own_head,0,12313,手放头顶
3748,slippers,0,12296,拖鞋
502136,whisker_markings,0,12285,胡须纹
613998,mismatched_legwear,0,12279,不对称腿饰
1246198,mechanical_halo,0,12275,机械光环
472448,highleg_bikini,0,12261,高叉比基尼
1410613,patreon_logo,0,12259,Patreon标志
386389,bracer,0,12257,护腕
1393212,yellow_neckerchief,0,12250,黄色围巾
1470809,red_horns,0,12248,红色角
532943,covering_crotch,0,12247,遮裆
533391,open_hand,0,12226,张开手掌
1320887,anal_object_insertion,0,12221,肛门异物插入
888554,cropped_shirt,0,12205,露脐上衣
397156,presenting,0,12193,展示
1611664,oil-paper_umbrella,0,12189,油纸伞
544390,>:),0,12177,>:)(表情)
1685196,hakama_short_skirt,0,12172,短裙袴
459290,snowflakes,0,12170,雪花
412080,sleeve_cuffs,0,12166,袖口
464545,carrot,0,12160,胡萝卜
1302741,red_ascot,0,12149,红色领巾
1316394,hip_vent,0,12122,臀部开衩
375915,animal_hat,0,12120,动物帽子
461736,alternate_hair_color,0,12118,异色发
7580,mecha_musume,0,12095,机甲少女
16149,sack,0,12093,麻袋
541599,mechanical_arms,0,12078,机械臂
3444,computer,0,12072,电脑
589024,arm_strap,0,12071,臂带
374409,bad_anatomy,0,12016,崩坏人体
592643,navel_cutout,0,11997,露脐
15771,raccoon_ears,0,11979,浣熊耳
1416387,kita_high_school_uniform,0,11972,北高制服
500472,evil_smile,0,11963,邪恶微笑
1617412,bare_pectorals,0,11946,裸露胸肌
5861,bishounen,0,11940,美少年
576693,tile_floor,0,11933,瓷砖地板
4787,axe,0,11923,斧头
1257081,scar_on_cheek,0,11893,脸颊疤痕
639869,white_cape,0,11888,白色披风
1812672,pink_halo,0,11868,粉色光环
9481,teapot,0,11866,茶壶
1370047,white_choker,0,11838,白色项圈
720163,partially_unbuttoned,0,11822,半解扣
2006742,unworn_eyewear,0,11782,未佩戴眼镜
726825,shoulder_tattoo,0,11775,肩部纹身
483988,condom_wrapper,0,11765,安全套包装
525747,lolita_hairband,0,11741,萝莉发箍
9983,dancing,0,11740,跳舞
2414,vampire,0,11731,吸血鬼
1468069,multiple_others,0,11683,多名其他角色
469551,facepaint,0,11671,面部彩绘
1450619,wide_shot,0,11630,广角镜头
11019,scared,0,11602,害怕
394083,knee_pads,0,11596,护膝
521120,backless_dress,0,11583,露背连衣裙
538023,on_ground,0,11581,在地上
447310,green_nails,0,11572,绿色指甲
434704,string,0,11571,绳子
558653,casual_one-piece_swimsuit,0,11568,休闲连体泳衣
395583,mother_and_daughter,0,11562,母女
411657,torn_thighhighs,0,11559,破损过膝袜
546667,print_shirt,0,11543,印花衬衫
462351,animal_nose,0,11539,动物鼻子
408438,hair_up,0,11531,盘发
461159,reference_sheet,0,11529,设定图
594366,bat_(animal),0,11529,蝙蝠(动物)
411966,used_condom,0,11506,用过的避孕套
419116,tied_shirt,0,11504,系结衬衫
492982,layered_dress,0,11503,分层连衣裙
158473,string_panties,0,11497,丁字裤
13810,torii,0,11489,鸟居
1256688,bandaged_leg,0,11486,缠绷带的腿
3138,bread,0,11482,面包
881062,grabbing_own_breast,0,11480,抓自己胸部
4026,pumpkin,0,11461,南瓜
1379635,mmf_threesome,0,11460,两男一女3P
1081137,imminent_penetration,0,11458,即将插入
462974,squiggle,0,11431,波浪线
388762,sleeveless_turtleneck,0,11429,无袖高领衫
380303,bound_arms,0,11427,束缚手臂
547199,bikini_skirt,0,11423,比基尼裙
669790,futa_with_female,0,11394,扶她与女性
484880,architecture,0,11388,建筑
15020,hibiscus,0,11380,木槿
1349338,red_leotard,0,11371,红色紧身衣
490069,disembodied_limb,0,11366,分离的肢体
728807,animification,0,11364,动画化
451190,layered_skirt,0,11351,多层裙
5199,leggings,0,11349,紧身裤
1369967,watercraft,0,11343,船只
562575,green_bikini,0,11334,绿色比基尼
1318267,public_indecency,0,11321,公然猥亵
1278539,long_sideburns,0,11313,长鬓角
572821,star_earrings,0,11290,星星耳环
372,bath,0,11283,洗澡
1222476,crescent_hair_ornament,0,11281,月牙发饰
530962,arm_under_breasts,0,11276,手臂托胸
2570,idol,0,11272,偶像
496617,marker_(medium),0,11264,马克笔(媒介)
1260880,fang_out,0,11260,露虎牙
409720,scabbard,0,11257,刀鞘
1248463,brown_coat,0,11254,棕色外套
10369,bedroom,0,11254,卧室
745997,holding_animal,0,11245,抱着动物
428808,wagashi,0,11244,和果子
617315,pantyhose_under_shorts,0,11236,裤袜穿在短裤下
1382120,holding_instrument,0,11234,手持乐器
414233,cum_on_clothes,0,11217,衣服上的精液
400382,mouse_tail,0,11191,鼠尾
456270,tasuki,0,11169,襻
470269,on_one_knee,0,11165,单膝跪地
675356,multicolored_background,0,11164,多彩背景
578891,shoulder_blades,0,11164,肩胛骨
650433,invisible_chair,0,11163,隐形椅子
464570,peach,0,11128,桃子
412048,ribbon_choker,0,11127,丝带项圈
426594,lace-trimmed_panties,0,11101,蕾丝边内裤
614271,lace-trimmed_legwear,0,11095,蕾丝边腿饰
12724,field,0,11093,田野
715545,duel_monster,0,11075,决斗怪兽
474210,leg_ribbon,0,11070,腿饰丝带
563862,gameplay_mechanics,0,11066,游戏机制
474598,tate_eboshi,0,11040,立乌帽子
4358,plugsuit,0,11036,紧身驾驶服
538586,hat_feather,0,11036,帽子羽毛
448185,garrison_cap,0,11002,驻军帽
375526,short_kimono,0,10991,短和服
9504,magatama,0,10984,勾玉
376034,white_eyes,0,10974,白色眼睛
504750,princess_carry,0,10974,公主抱
4960,parasol,0,10971,阳伞
732590,interspecies,0,10968,跨种族
1328025,fur-trimmed_coat,0,10964,毛领大衣
5857,leather,0,10957,皮革
515909,asymmetrical_clothes,0,10934,不对称服装
473218,lace-trimmed_bra,0,10930,蕾丝边胸罩
408248,transparent,0,10916,透明
8577,paintbrush,0,10904,画笔
454128,head_wreath,0,10901,头环
516029,shimenawa,0,10874,注连绳
444507,deep_skin,0,10868,深色皮肤
684956,frilled_bow,0,10867,荷叶边蝴蝶结
8301,black_cat,0,10867,黑猫
3473,giant,0,10850,巨大
1488686,tilted_headwear,0,10841,歪戴头饰
1290625,single_bare_shoulder,0,10807,单肩裸露
558829,animal_on_head,0,10802,头顶动物
1269062,mitakihara_school_uniform,0,10791,见泷原校服
1369553,blunt_ends,0,10788,钝端
421507,leg_grab,0,10765,抓腿
4964,nosebleed,0,10736,流鼻血
507586,yellow_skirt,0,10728,黄色裙子
75228,aura,0,10714,气场
390530,grey_skin,0,10713,灰色皮肤
1749079,sample_watermark,0,10710,样本水印
547384,tail_raised,0,10702,尾巴翘起
481547,holding_hair,0,10691,撩发
578643,striped_background,0,10680,条纹背景
8433,thumbs_up,0,10677,竖大拇指
606748,chibi_inset,0,10655,小插图
1441862,purple_footwear,0,10654,紫色鞋子
416486,photo_(object),0,10645,照片(物品)
473248,blue_bra,0,10629,蓝色胸罩
513428,watercolor_(medium),0,10624,水彩(媒介)
388908,raglan_sleeves,0,10603,插肩袖
6235,harness,0,10600,束具
726933,clothes_around_waist,0,10600,腰间衣物
1379636,ffm_threesome,0,10592,女女男3P
443796,under_covers,0,10588,被窝中
456515,tiger_print,0,10571,虎纹
596854,blue_scarf,0,10559,蓝色围巾
646363,company_name,0,10555,公司名称
1441860,grey_footwear,0,10541,灰色鞋子
1228172,asymmetrical_gloves,0,10537,不对称手套
524381,ear_ornament,0,10536,耳饰
1672,tea,0,10509,茶
574178,o-ring_top,0,10487,O环上衣
544230,asymmetrical_wings,0,10475,不对称翅膀
522720,naked_towel,0,10472,裸身裹浴巾
491802,standing_sex,0,10468,站立式爱
547394,o-ring_bikini,0,10467,O环比基尼
493064,over_shoulder,0,10451,回眸
473742,two_tails,0,10432,双尾
493164,forehead_jewel,0,10431,额饰
412376,stitches,0,10412,缝线
835846,white_collar,0,10378,白色衣领
595503,facial_tattoo,0,10366,面部纹身
1383260,purple_kimono,0,10358,紫色和服
474306,headphones_around_neck,0,10355,耳机挂颈
376270,pantyhose_pull,0,10338,拉扯连裤袜
1397428,white_tank_top,0,10335,白色背心
13851,halftone,0,10320,半色调
514087,cross_necklace,0,10304,十字架项链
403904,french_kiss,0,10301,法式舌吻
1355714,crescent_hat_ornament,0,10296,新月形帽子装饰
478328,rolling_eyes,0,10293,翻白眼
392495,tiptoes,0,10291,踮脚尖
593165,out-of-frame_censoring,0,10284,出框遮挡
1400566,toned_male,0,10278,肌肉男
468991,kicking,0,10270,踢
6203,vines,0,10267,藤蔓
1233477,crop_top_overhang,0,10263,短上衣下摆
11651,annoyed,0,10255,不耐烦
562151,short_over_long_sleeves,0,10244,短袖套长袖
596449,pigeon-toed,0,10242,内八字
485014,white_rose,0,10225,白玫瑰
459097,cowbell,0,10180,牛铃
1041483,split_mouth,0,10176,裂口
374961,no_pupils,0,10176,无瞳孔
469978,glowing_eye,0,10174,发光眼
682686,spoken_exclamation_mark,0,10173,说话感叹号
1271756,black_scarf,0,10150,黑色围巾
14461,open_kimono,0,10139,敞开和服
724764,hand_on_own_thigh,0,10138,手放在自己大腿上
516432,imminent_kiss,0,10137,即将接吻
406340,oversized_clothes,0,10123,过大衣服
1392820,black_neckerchief,0,10123,黑色领巾
1574663,two-sided_fabric,0,10108,双面布料
1262142,holding_bouquet,0,10103,手持花束
3356,peeing,0,10081,小便
16791,strap,0,10077,带子
1328011,fur-trimmed_sleeves,0,10074,毛绒袖口
661337,aqua_nails,0,10074,水蓝色指甲
610074,platform_footwear,0,10065,厚底鞋
462735,old,0,10057,老人
1301235,pubic_tattoo,0,10055,阴部纹身
1750248,onee-shota,0,10041,大姐姐×正太
484616,maple_leaf,0,10021,枫叶
501583,in_container,0,10019,容器内
1740,mermaid,0,10018,美人鱼
1481917,sakuragaoka_high_school_uniform,0,10017,樱丘高中校服
1244676,one-piece_tan,0,10006,连体泳衣晒痕
383117,breast_sucking,0,9999,吸乳
483436,fish_tail,0,9995,鱼尾
1385413,white_hoodie,0,9989,白色连帽衫
612000,constricted_pupils,0,9970,缩瞳
515552,striped_dress,0,9966,条纹连衣裙
710372,orange_shirt,0,9944,橙色衬衫
488261,blue_cape,0,9942,蓝色披风
1719049,split-color_hair,0,9941,双色发
665739,holding_gift,0,9927,手持礼物
1689923,pectoral_cleavage,0,9907,胸肌沟
465393,pee,0,9901,尿
519374,white_belt,0,9896,白色腰带
492645,gyaru,0,9888,辣妹
439130,anniversary,0,9882,周年纪念
491645,head_fins,0,9881,头部鳍状物
703196,leaf_hair_ornament,0,9880,叶子发饰
1431068,holding_stuffed_toy,0,9869,抱着毛绒玩具
3971,handcuffs,0,9863,手铐
1554924,m_legs,0,9855,M字腿
614744,red_pants,0,9839,红色裤子
403779,navel_piercing,0,9834,肚脐穿刺
472069,cross-section,0,9824,横截面
440369,multiple_persona,0,9817,多重人格
1320888,vaginal_object_insertion,0,9817,阴道异物插入
496894,face-to-face,0,9806,面对面
414159,x-ray,0,9799,X光
1491182,vehicle_focus,0,9795,车辆聚焦
11555,bathroom,0,9780,浴室
465707,biting,0,9765,咬
200140,magic_circle,0,9745,魔法阵
1375840,rabbit_hair_ornament,0,9742,兔子发饰
447060,spiked_collar,0,9739,尖刺项圈
1451201,draph,0,9738,多拉夫
2215,house,0,9728,房子
7929,shackles,0,9725,脚镣
415106,neck_ring,0,9724,颈环
4633,singing,0,9722,唱歌
4429,pencil,0,9721,铅笔
381114,red_skin,0,9714,红色皮肤
1701063,holding_another's_wrist,0,9710,握住对方手腕
5157,sad,0,9706,悲伤
460555,hair_censor,0,9699,头发遮挡
400657,one-eyed,0,9698,独眼
4065,explosion,0,9688,爆炸
662950,name_connection,0,9680,名字关联
2566,mushroom,0,9669,蘑菇
10704,bamboo,0,9665,竹子
559585,playing_instrument,0,9664,演奏乐器
513423,graphite_(medium),0,9656,石墨(媒介)
423348,chest_hair,0,9656,胸毛
384905,symmetrical_docking,0,9650,对称对接
9331,falling,0,9639,坠落
1320534,pink_bowtie,0,9638,粉色蝴蝶结领结
1313352,brown_sweater,0,9638,棕色毛衣
1260411,holding_plate,0,9624,手持盘子
1418952,colored_tips,0,9622,染发尾
268105,pants_pull,0,9617,拉裤子
374955,ruins,0,9613,废墟
1238881,yellow_necktie,0,9603,黄色领带
698860,hand_on_own_knee,0,9589,手放在自己膝盖上
666125,holding_fruit,0,9585,手持水果
53988,fox_mask,0,9576,狐狸面具
2100,summer,0,9573,夏季
482927,belt_pouch,0,9568,腰带包
681480,light_frown,0,9559,轻皱眉
474715,crescent_moon,0,9557,新月
399391,spiked_bracelet,0,9552,尖刺手镯
2006746,unworn_shoes,0,9545,未穿的鞋子
471436,doughnut,0,9533,甜甜圈
495147,hair_slicked_back,0,9522,背头发型
490261,partially_colored,0,9509,部分上色
379375,red_coat,0,9507,红色外套
663521,shoe_soles,0,9502,鞋底
390893,water_bottle,0,9498,水瓶
6202,winter,0,9488,冬季
659487,black_tank_top,0,9487,黑色背心
501739,folded,0,9477,折叠
490606,afterimage,0,9472,残影
1354336,grey_shorts,0,9457,灰色短裤
13126,lineart,0,9450,线稿
395294,head_scarf,0,9449,头巾
3102,greaves,0,9432,护胫
384906,asymmetrical_docking,0,9422,不对称对接
2918,fireworks,0,9416,烟花
560670,narrow_waist,0,9411,细腰
16170,television,0,9403,电视机
466015,kitsune,0,9396,狐
12391,double_penetration,0,9389,双重插入
590917,leaf_on_head,0,9363,头上叶子
673732,goat_horns,0,9359,山羊角
420828,sliding_doors,0,9358,推拉门
658791,necktie_between_breasts,0,9356,领带夹胸
569780,pink_rose,0,9354,粉色玫瑰
430765,sunbeam,0,9352,阳光光束
499772,copyright_notice,0,9347,版权声明
54490,monitor,0,9323,显示器
643811,micro_shorts,0,9312,超短裤
2576,fat,0,9309,肥胖
443371,raccoon_tail,0,9302,浣熊尾巴
464580,split,0,9286,劈叉
530616,checkered_floor,0,9253,棋盘格地板
637674,slingshot_swimsuit,0,9251,弹弓式泳装
2998,cunnilingus,0,9242,口交
560578,multicolored_skin,0,9238,多色皮肤
4924,camouflage,0,9220,迷彩
543207,east_asian_architecture,0,9215,东亚建筑
396470,arm_cannon,0,9211,臂炮
1515359,pink_theme,0,9198,粉色主题
718360,polka_dot_bow,0,9184,波点蝴蝶结
629455,striped_necktie,0,9181,条纹领带
7834,naked_apron,0,9176,裸体围裙
11870,manly,0,9167,男子气概
393313,nervous,0,9157,紧张
1326379,red_capelet,0,9156,红色短披风
1261156,green_vest,0,9155,绿色马甲
1152618,bandaid_on_leg,0,9155,腿上创可贴
1320207,white_bowtie,0,9144,白色蝴蝶结领结
395658,christmas_tree,0,9120,圣诞树
1269638,handheld_game_console,0,9117,掌上游戏机
534254,brick_wall,0,9106,砖墙
1330221,fur-trimmed_gloves,0,9083,毛边手套
393891,no_shirt,0,9075,无上衣
15959,loose_socks,0,9069,松垮袜子
532949,trigger_discipline,0,9053,扳机纪律
279773,body_writing,0,9040,身体涂写
1422110,ears_through_headwear,0,9035,耳朵穿过头饰
390703,purple_skin,0,9029,紫色皮肤
12286,badge,0,9007,徽章
1575551,gap_(touhou),0,9006,间隙(东方)
1510922,other_focus,0,8998,其他焦点
1390702,multicolored_jacket,0,8997,多色夹克
491943,dark_persona,0,8992,黑暗人格
537886,shorts_under_skirt,0,8986,裙下短裤
575497,starry_background,0,8986,星空背景
546385,heart_earrings,0,8984,心形耳环
148527,stool,0,8984,凳子
1401801,black_capelet,0,8979,黑色短披肩
676529,licking_penis,0,8976,舔阴茎
606828,bead_necklace,0,8976,珠子项链
15258,torpedo,0,8970,鱼雷
436870,:/,0,8953,:/(表情)
486934,no_mouth,0,8953,无嘴
238471,babydoll,0,8941,娃娃裙
464550,coin,0,8936,硬币
511662,arm_guards,0,8933,护臂
452549,!!,0,8930,!!(表情)
1312164,green_necktie,0,8924,绿色领带
1409552,ooarai_school_uniform,0,8922,大洗女子学园制服
644510,dark_background,0,8914,深色背景
1915731,double-parted_bangs,0,8912,双分刘海
1230827,dark_blue_hair,0,8894,深蓝发
706995,erection_under_clothes,0,8888,衣下勃起
1302909,brown_shorts,0,8887,棕色短裤
604394,pointing_at_viewer,0,8882,指向观众
420298,big_hair,0,8881,大发型
464551,cookie,0,8873,饼干
69696,undershirt,0,8867,内衬上衣
378581,brothers,0,8866,兄弟
1169097,frilled_hairband,0,8852,荷叶边发箍
1385535,grey_sweater,0,8843,灰色毛衣
714822,red_theme,0,8839,红色主题
393361,seductive_smile,0,8836,魅惑微笑
498950,orange_skirt,0,8834,橙色裙子
640872,pov_crotch,0,8829,视角裆部
1484630,see-through_sleeves,0,8825,透视袖
724584,hooded_cloak,0,8824,连帽斗篷
10802,bonnet,0,8816,软帽
460204,hair_over_breasts,0,8815,遮胸发
1329446,green_shorts,0,8802,绿色短裤
421031,huge_weapon,0,8799,巨型武器
392034,dripping,0,8797,滴落
1314745,blue_choker,0,8794,蓝色项圈
461699,blank_eyes,0,8791,空白眼
186201,skirt_pull,0,8762,拉裙子
1437338,brown_cardigan,0,8761,棕色开衫
491474,gym_shirt,0,8756,运动衫
385088,earphones,0,8753,耳机
108777,bra_lift,0,8744,胸罩上提
1303018,blue_coat,0,8724,蓝色外套
1320446,facing_another,0,8713,面对他人
1261355,bead_bracelet,0,8710,珠串手链
500,fundoshi,0,8704,兜裆布
666377,hair_spread_out,0,8695,头发散开
16507,lion_ears,0,8690,狮子耳
487745,sitting_on_lap,0,8689,坐膝上
463475,iron_cross,0,8687,铁十字
465836,cutoffs,0,8672,毛边短裤
1415843,white_ascot,0,8670,白色领巾
1364407,genderswap_(ftm),0,8667,性转(男转女)
510068,splashing,0,8666,泼溅
556987,sparkling_eyes,0,8664,闪闪发光的眼睛
402799,tiger_tail,0,8655,老虎尾巴
581653,smoking_pipe,0,8649,烟斗
4940,foreskin,0,8642,包皮
467794,cow_girl,0,8630,奶牛女孩
1393342,erune,0,8623,艾露恩
395929,bikini_pull,0,8614,比基尼拉扯
502731,hachimaki,0,8605,头巾
1392012,white_bodysuit,0,8588,白色紧身衣
715714,voice_actor_connection,0,8587,声优关联
581500,plaid_vest,0,8580,格子马甲
593668,huge_ahoge,0,8563,巨大呆毛
615907,pink_gloves,0,8562,粉色手套
392008,chalkboard,0,8561,黑板
498466,implied_sex,0,8547,暗示性行为
493465,playing_card,0,8542,扑克牌
408887,shoulder_pads,0,8531,肩垫
2089747,argyle_clothes,0,8516,菱形纹服装
1496184,tassel_earrings,0,8511,流苏耳环
1380647,drink_can,0,8509,饮料罐
458210,bikini_armor,0,8507,比基尼铠甲
1465099,black_sports_bra,0,8492,黑色运动内衣
385431,submachine_gun,0,8490,冲锋枪
457806,artist_self-insert,0,8485,作者自我代入
3898,tank,0,8480,坦克
1304069,yellow_bowtie,0,8471,黄色蝴蝶结
375594,pink_thighhighs,0,8462,粉色大腿袜
376018,ribs,0,8461,肋骨
1363856,star_hat_ornament,0,8461,星星帽子装饰
418177,ripples,0,8458,涟漪
1318186,braided_bun,0,8449,辫子发髻
606296,dappled_sunlight,0,8448,斑驳阳光
6230,latex,0,8441,乳胶
1375839,holding_chopsticks,0,8436,手持筷子
1326641,purple_bowtie,0,8421,紫色蝴蝶结
1898,hammer,0,8418,锤子
416507,torn_shirt,0,8414,撕裂衬衫
665765,animal_collar,0,8411,动物项圈
417892,shell,0,8408,贝壳
1613133,assertive_female,0,8396,强势女性
1474967,grey_headwear,0,8390,灰色头饰
388149,ranguage,0,8386,乱语
401680,sweater_dress,0,8383,毛衣连衣裙
419695,sakazuki,0,8376,酒杯
10403,futon,0,8374,被褥
388207,yin_yang,0,8373,阴阳
462594,bobby_socks,0,8366,泡泡袜
1508967,purple_theme,0,8354,紫色主题
3509,syringe,0,8346,注射器
1248639,grey_gloves,0,8345,灰色手套
482376,game_controller,0,8313,游戏手柄
391251,breast_rest,0,8310,胸部搁置
1313798,blue_sweater,0,8310,蓝色毛衣
665137,sandwiched,0,8306,夹在中间
516937,oversized_object,0,8296,超大物体
434799,0_0,0,8295,0_0(表情)
606732,soaking_feet,0,8292,泡脚
660963,diamond_(shape),0,8290,菱形
4803,birthday,0,8266,生日
1490428,fringe_trim,0,8265,流苏饰边
378072,huge_penis,0,8261,巨大阴茎
622607,official_style,0,8260,官方风格
142348,wardrobe_malfunction,0,8257,衣柜故障
410002,sheet_grab,0,8240,抓床单
1282122,green_footwear,0,8222,绿色鞋子
413865,planet,0,8212,行星
382729,striped_pantyhose,0,8211,条纹连裤袜
527888,animalization,0,8208,兽化
483418,mini_top_hat,0,8205,迷你高顶礼帽
412952,arm_garter,0,8204,臂环
511571,zzz,0,8198,zzz(表情)
1318935,aqua_necktie,0,8195,水蓝色领带
478321,checkered_background,0,8194,格子背景
438708,frilled_panties,0,8188,荷叶边内裤
416892,;o,0,8183,;o(表情)
5006,rice,0,8164,米饭
1251101,off-shoulder_sweater,0,8163,露肩毛衣
551141,arm_ribbon,0,8162,手臂丝带
1316159,leaning_to_the_side,0,8162,侧身倾斜
2298,watermelon,0,8160,西瓜
1396773,fur-trimmed_capelet,0,8152,毛边短披肩
3904,rainbow,0,8152,彩虹
390768,old_man,0,8150,老人
541644,aqua_background,0,8137,水蓝色背景
108765,broom_riding,0,8136,骑扫帚
588956,untied_bikini,0,8132,解开比基尼
431532,fake_screenshot,0,8126,伪截图
3531,bridge,0,8125,桥
8696,bathtub,0,8099,浴缸
2182,police,0,8097,警察
663579,holding_spoon,0,8094,手持勺子
1394264,holding_bow_(weapon),0,8090,手持弓
1548634,braided_bangs,0,8082,编辫刘海
487559,lamppost,0,8066,路灯
552246,red_collar,0,8062,红色项圈
1661326,content_rating,0,8043,内容分级
582833,ear_blush,0,8037,耳朵泛红
374967,power_lines,0,8015,电线
435834,torso_grab,0,8004,抓躯干
423161,object_on_head,0,7992,头顶物品
1948371,nervous_sweating,0,7962,紧张冒汗
1600,beer,0,7950,啤酒
526026,multicolored_dress,0,7935,彩色连衣裙
8988,sniper_rifle,0,7935,狙击步枪
378042,bear_ears,0,7934,熊耳
561394,reverse_cowgirl_position,0,7919,反向骑乘位
504035,film_grain,0,7919,胶片颗粒
511640,single_shoe,0,7915,单只鞋
1732562,bikini_bottom_only,0,7915,仅穿比基尼下装
380747,speed_lines,0,7914,速度线
34553,dirty,0,7913,脏污
464547,cherry,0,7908,樱桃
1316985,shark_tail,0,7907,鲨鱼尾
1551197,1990s_(style),0,7906,1990年代风格
1711150,red_halo,0,7902,红色光环
509903,tying_hair,0,7897,扎头发
1416880,yellow_footwear,0,7893,黄色鞋子
640090,red_eyeshadow,0,7890,红色眼影
376671,scroll,0,7888,卷轴
501783,miqo'te,0,7886,猫魅族
394743,cushion,0,7885,坐垫
458796,sheep_horns,0,7884,羊角
1367825,green_kimono,0,7871,绿色和服
564515,vertical-striped_thighhighs,0,7865,竖条纹过膝袜
603198,red_sweater,0,7859,红色毛衣
392117,insect_wings,0,7857,昆虫翅膀
1637638,heart_brooch,0,7846,心形胸针
1397927,puff_of_air,0,7835,呼出气息
1441887,rimless_eyewear,0,7826,无框眼镜
466467,burger,0,7817,汉堡
1582095,bow_hairband,0,7816,蝴蝶结发箍
1364404,male_swimwear,0,7811,男性泳装
6425,scissors,0,7801,剪刀
473284,frilled_bra,0,7791,荷叶边文胸
109153,saucer,0,7782,碟子
1770616,blue_gemstone,0,7778,蓝色宝石
1269470,chest_tattoo,0,7767,胸部纹身
464558,egg,0,7763,鸡蛋
666921,holding_fork,0,7761,手持叉子
492671,moaning,0,7759,呻吟
396065,green_panties,0,7752,绿色内裤
5011,horse,0,7744,马
1684829,heads_together,0,7741,头靠头
492465,grey_thighhighs,0,7737,灰色过膝袜
414773,aiming,0,7735,瞄准
1008745,sanpaku,0,7731,三白眼
694174,torogao,0,7723,失神脸
462578,merry_christmas,0,7722,圣诞快乐
1733109,jaggy_lines,0,7721,锯齿线
11231,feeding,0,7713,喂食
516375,biceps,0,7702,二头肌
398297,shouting,0,7695,大喊
3569,sleepy,0,7687,困倦
538953,zouri,0,7682,草履
902927,collared_jacket,0,7680,有领夹克
404056,yukkuri_shiteitte_ne,0,7680,请慢慢来
2762,coffee,0,7678,咖啡
1542129,skin-covered_horns,0,7677,皮包角
465523,race_queen,0,7661,赛车女郎
1398298,fur-trimmed_dress,0,7652,毛边连衣裙
3577,motorcycle,0,7649,摩托车
3860,cooking,0,7643,烹饪
1854325,yellow_halo,0,7632,黄色光环
8671,female_ejaculation,0,7627,女性潮吹
399604,fucked_silly,0,7624,干到失智
1782390,traditional_bowtie,0,7617,传统蝴蝶结
502301,tail_wagging,0,7612,摇尾巴
1264677,anchor_hair_ornament,0,7597,锚形发饰
469544,navel_hair,0,7596,肚脐毛
1304062,yellow_hairband,0,7581,黄色发带
547756,bare_tree,0,7571,光秃秃的树
14258,nekomata,0,7569,猫又
374606,giantess,0,7557,女巨人
421520,no_eyes,0,7553,无眼
797417,ear_bow,0,7552,耳饰蝴蝶结
14297,cyborg,0,7550,改造人
2006744,unworn_panties,0,7541,未穿内裤
1251292,fur-trimmed_cape,0,7534,毛边披风
375373,long_coat,0,7526,长外套
465180,ball_gag,0,7517,口球
579943,hair_pulled_back,0,7517,后梳发
416268,v-neck,0,7513,V领
712121,trait_connection,0,7506,特质关联
1268860,chest_jewel,0,7506,胸部宝石
2006743,unworn_skirt,0,7503,未穿裙子
490010,extra_arms,0,7502,额外手臂
449907,topknot,0,7501,顶髻
1384761,blue_hoodie,0,7483,蓝色连帽衫
5473,tape,0,7470,胶带
464537,bruise,0,7458,瘀伤
520820,female_orgasm,0,7448,女性高潮
422654,gigantic_breasts,0,7436,巨乳
420744,shelf,0,7432,架子
1447648,sailor_senshi_uniform,0,7431,水手战士制服
436889,stomach_bulge,0,7421,腹部隆起
547348,extra_eyes,0,7395,额外眼睛
418912,cum_string,0,7394,精液丝
605308,between_fingers,0,7393,指间
439891,d:,0,7385,d:(表情)
16739,clipboard,0,7383,写字板
8354,reclining,0,7382,斜倚
553870,sleeveless_jacket,0,7382,无袖夹克
1505172,engrish_text,0,7377,日式英语文字
403477,electric_guitar,0,7376,电吉他
570005,green_pants,0,7371,绿色裤子
1515356,green_theme,0,7364,绿色主题
1389146,white_neckerchief,0,7364,白色领巾
1428556,standing_split,0,7362,站立劈叉
329,bestiality,0,7360,兽交
468075,jiangshi,0,7347,僵尸
410239,superhero,0,7335,超级英雄
511642,single_sock,0,7329,单只袜子
1326581,brown_vest,0,7322,棕色马甲
391915,print_panties,0,7314,印花内裤
379427,skeleton,0,7309,骷髅
467264,yawning,0,7306,打哈欠
563425,waist_cape,0,7305,腰披风
15994,shirt_pull,0,7302,拉衬衫
1262324,shared_bathing,0,7301,共浴
495048,lily_(flower),0,7300,百合花
501384,long_braid,0,7300,长辫子
615718,green_gloves,0,7297,绿色手套
651810,holding_card,0,7296,手持卡片
1258905,holding_can,0,7296,手持罐子
1393856,hooded_coat,0,7295,连帽外套
651956,clothed_male_nude_female,0,7294,男穿衣女裸体
415942,jester_cap,0,7288,小丑帽
614881,open_vest,0,7283,敞开马甲
695377,planted,0,7267,插入地面
615970,yellow_sclera,0,7267,黄色巩膜
493130,plaid_shirt,0,7266,格子衬衫
487850,tentacle_sex,0,7261,触手性交
1345874,weapon_on_back,0,7257,背挂武器
481294,detached_wings,0,7252,分离翅膀
1346561,holding_cigarette,0,7251,叼烟
421658,cardboard_box,0,7232,纸箱
1708,sake,0,7226,清酒
679252,solid_oval_eyes,0,7223,实心椭圆眼
1618887,infection_monitor_(arknights),0,7221,感染监测器(明日方舟)
480577,:|,0,7210,:|(表情)
4491,monocle,0,7209,单片眼镜
492769,picture_frame,0,7206,相框
652562,book_stack,0,7196,书堆
1408307,black_blindfold,0,7192,黑色眼罩
578856,pink_sweater,0,7179,粉色毛衣
238935,track_suit,0,7177,运动服
710056,fox_shadow_puppet,0,7177,狐狸皮影
1303914,pink_choker,0,7174,粉色项圈
397487,pillow_hug,0,7168,抱枕
1827216,cube_hair_ornament,0,7168,方块发饰
547349,heart_ahoge,0,7165,心形呆毛
1257578,frilled_collar,0,7142,荷叶边领
587579,floating_object,0,7140,漂浮物
482913,black_suit,0,7139,黑色西装
399455,poolside,0,7137,池畔
2648,nightgown,0,7131,睡裙
408582,expressions,0,7119,表情
504234,punching,0,7113,出拳
626633,spoken_musical_note,0,7108,说话音符
432914,flat_color,0,7106,平涂
375424,the_pose,0,7104,经典姿势
706041,cross-shaped_pupils,0,7103,十字瞳孔
508932,side-by-side,0,7099,并排
1298744,frilled_choker,0,7097,荷叶边项圈
710095,striped_bowtie,0,7095,条纹领结
15670,beach_umbrella,0,7093,沙滩伞
2008674,artistic_error,0,7088,艺术性错误
464571,pillar,0,7085,柱子
381678,broken,0,7083,破损
647130,white_necktie,0,7082,白色领带
11067,jumpsuit,0,7080,连体衣
642359,faulds,0,7079,护腰甲
13859,perspective,0,7078,透视
15117,police_uniform,0,7069,警服
422720,uwabaki,0,7039,室内鞋
378899,bride,0,7038,新娘
569436,blood_on_hands,0,7032,手上的血
474091,downblouse,0,7028,俯视乳沟
375185,doll_joints,0,7018,娃娃关节
661260,yellow_nails,0,7006,黄色指甲
1347239,holding_wand,0,7000,手持魔杖
664517,kariginu,0,6998,狩衣
2311,pregnant,0,6994,怀孕
16710,sepia,0,6992,深褐色
713253,cross_hair_ornament,0,6991,十字准星装饰
656330,hands_on_own_cheeks,0,6987,双手捧脸
398857,mind_control,0,6987,精神控制
3249,wine,0,6970,葡萄酒
506311,weapon_over_shoulder,0,6962,扛武器
473775,pointy_hair,0,6960,尖刺发
841221,very_dark_skin,0,6959,极深肤色
1243442,competition_school_swimsuit,0,6953,竞技泳装
471574,over-kneehighs,0,6946,过膝袜
202427,3:,0,6936,3:(表情)
1275190,twisted_torso,0,6932,扭转躯干
507496,chess_piece,0,6930,棋子
512713,aqua_bow,0,6927,水色蝴蝶结
1669073,official_alternate_hair_length,0,6926,官方变体发长
784749,leotard_under_clothes,0,6914,内穿紧身衣
4547,lowleg_panties,0,6905,低腰内裤
420311,\m/,0,6904,\m/(表情)
474717,front_ponytail,0,6893,前马尾
608355,karakasa_obake,0,6893,唐伞小僧
377360,take_your_pick,0,6891,任君挑选
821048,pink_hairband,0,6890,粉色发箍
511691,sweater_lift,0,6890,毛衣掀起
498646,crack,0,6889,裂缝
545740,taut_shirt,0,6884,紧身衬衫
11458,baseball_bat,0,6884,棒球棒
707075,tile_wall,0,6875,瓷砖墙
393283,orb,0,6874,球体
383707,pun,0,6870,双关语
633774,bandaid_on_nose,0,6866,鼻上创可贴
476548,pinky_out,0,6839,翘小指
412879,playing_games,0,6838,玩游戏
41161,street,0,6837,街道
9449,internal_cumshot,0,6827,内射
377,mouse,0,6812,鼠标
2282,footjob,0,6807,足交
639323,skull_hair_ornament,0,6801,骷髅头饰
414161,cum_on_ass,0,6796,射在屁股上
727102,hand_on_own_stomach,0,6790,手放在自己肚子上
549705,red_bodysuit,0,6771,红色紧身衣
603226,heart_print,0,6764,心形印花
660644,heart_cutout,0,6764,心形镂空
9894,lap_pillow,0,6759,膝枕
391704,pervert,0,6759,变态
6413,uterus,0,6758,子宫
216327,shy,0,6744,害羞
440458,xd,0,6738,XD(表情)
568318,bokeh,0,6733,散景
580402,plaid_scarf,0,6724,格子围巾
473022,side_braids,0,6720,侧编发
398955,flower_field,0,6716,花田
3767,laptop,0,6714,笔记本电脑
546417,girl_sandwich,0,6714,女孩三明治
540619,holding_hat,0,6708,手持帽子
502421,glaring,0,6708,瞪视
495851,open_hoodie,0,6700,敞开连帽衫
471598,tail_bow,0,6699,尾巴蝴蝶结
425624,charm_(object),0,6698,护身符
473214,red_bra,0,6696,红色胸罩
473283,purple_bra,0,6694,紫色胸罩
1590671,chest_harness,0,6690,胸部束带
582827,adjusting_headwear,0,6684,调整头饰
1468296,beamed_eighth_notes,0,6682,八分音符
1312162,short_necktie,0,6677,短领带
485638,blood_splatter,0,6660,血迹飞溅
655244,cross_earrings,0,6657,十字耳环
1429011,holding_candy,0,6654,手持糖果
545136,coat_on_shoulders,0,6644,披肩外套
1168235,halter_dress,0,6639,挂脖连衣裙
1875949,lower_teeth_only,0,6637,露下齿
1425519,tokiwadai_school_uniform,0,6634,时计台校服
466986,horn_ribbon,0,6631,角状发饰
439983,knees,0,6628,膝盖
1483713,multiple_rings,0,6626,多枚戒指
10367,prosthesis,0,6621,假肢
422021,cow_tail,0,6617,牛尾
1276067,floppy_ears,0,6612,垂耳
3516,river,0,6609,河流
456272,dog_tags,0,6605,狗牌
388210,gold,0,6604,金色
2806,exhibitionism,0,6596,暴露癖
1405351,mountainous_horizon,0,6594,山峦天际线
609685,two-tone_skin,0,6592,双色皮肤
381455,shopping_bag,0,6589,购物袋
460159,body_blush,0,6589,身体泛红
695469,plaid_bow,0,6586,格纹蝴蝶结
448399,dougi,0,6576,道服
434225,purple_lips,0,6576,紫色嘴唇
1450868,chaldea_uniform,0,6570,迦勒底制服
1616,kotatsu,0,6568,被炉
399265,fat_mons,0,6566,胖丁
665797,hand_on_own_ass,0,6565,手摸自己屁股
1631734,single_mechanical_arm,0,6563,单只机械臂
1394528,single_sidelock,0,6556,单侧鬓发
455753,leg_warmers,0,6540,暖腿套
474502,explosive,0,6537,爆炸物
2786,loincloth,0,6534,兜裆布
474204,frilled_thighhighs,0,6524,荷叶边长筒袜
409832,robot_joints,0,6523,机器人关节
379609,bra_pull,0,6518,拉胸罩
524012,pinstripe_pattern,0,6515,细条纹图案
1312163,purple_necktie,0,6504,紫色领带
468509,paper_lantern,0,6503,纸灯笼
486149,military_jacket,0,6502,军装夹克
2083,meat,0,6499,肉
399834,forehead_protector,0,6499,护额
509953,holding_paper,0,6489,手持纸张
389066,castle,0,6488,城堡
1397752,two-tone_shirt,0,6486,双色衬衫
646772,solid_circle_eyes,0,6480,实心圆眼
1076628,holding_ball,0,6477,手持球
1444169,yellow_headwear,0,6476,黄色头饰
9127,dango,0,6473,团子
491550,lanyard,0,6463,挂绳
1424093,otonokizaka_school_uniform,0,6460,音乃木坂校服
438177,father_and_daughter,0,6448,父女
11935,whistle,0,6445,哨子
623331,company_connection,0,6443,公司关联
1269471,leg_tattoo,0,6442,腿部纹身
1335474,sleeves_past_elbows,0,6441,过肘袖
539284,heart_pasties,0,6437,心形乳贴
585249,faceless_female,0,6431,无脸女性
1399176,two-tone_fur,0,6428,双色毛发
577266,chain-link_fence,0,6426,链环围栏
415545,twilight,0,6426,黄昏
379975,bound_legs,0,6422,绑腿
1393858,white_camisole,0,6416,白色吊带背心
1398817,thighhighs_under_boots,0,6412,靴内过膝袜
511644,single_wing,0,6410,单翼
398888,vase,0,6408,花瓶
471020,covering_face,0,6385,遮脸
4174,tomboy,0,6381,假小子
3288,penguin,0,6380,企鹅
494456,utility_pole,0,6380,电线杆
466779,belt_collar,0,6378,腰带项圈
1281052,brown_bow,0,6373,棕色蝴蝶结
1251890,suggestive_fluid,0,6355,暗示性液体
1915972,medium_bangs,0,6351,中等刘海
389995,red_wings,0,6329,红色翅膀
424779,thigh_holster,0,6325,大腿枪套
6188,dressing,0,6320,穿衣
410885,skyscraper,0,6307,摩天大楼
379597,shorts_pull,0,6306,拉短裤
388072,costume_switch,0,6304,换装
4119,suitcase,0,6304,手提箱
623300,bubble_skirt,0,6301,泡泡裙
891436,food_focus,0,6299,食物聚焦
375037,striped_socks,0,6294,条纹袜
507242,monster_boy,0,6292,怪物男孩
1531697,mismatched_pupils,0,6291,异色瞳孔
460488,feet_up,0,6288,抬脚
9469,noodles,0,6266,面条
882518,blue_butterfly,0,6259,蓝色蝴蝶
1587249,oripathy_lesion_(arknights),0,6259,矿石病病变(明日方舟)
399073,waistcoat,0,6250,马甲
10495,cowboy_hat,0,6247,牛仔帽
413907,;p,0,6240,;p(表情)
5086,whip,0,6238,鞭子
525997,print_dress,0,6235,印花连衣裙
439147,cum_on_tongue,0,6224,舌上精液
396696,evening,0,6224,傍晚
460438,damaged,0,6223,破损
387233,paper_fan,0,6220,纸扇
383172,train_interior,0,6216,列车内部
5814,autumn,0,6214,秋季
717483,flower-shaped_pupils,0,6214,花形瞳孔
1336152,asymmetrical_sleeves,0,6212,不对称袖子
1234394,see-through_shirt,0,6210,透视衬衫
2006747,unworn_clothes,0,6204,未穿衣物
407260,polka_dot_panties,0,6203,波点内裤
12438,grapes,0,6199,葡萄
1747766,lapels,0,6198,翻领
406023,projectile_cum,0,6198,喷射精液
481812,teardrop,0,6197,泪滴
1392010,blue_bodysuit,0,6194,蓝色紧身衣
449465,firing,0,6189,开火
172313,time_paradox,0,6180,时间悖论
2688,knight,0,6179,骑士
1553182,grabbing_another's_hair,0,6172,抓他人头发
10045,family,0,6172,家庭
416506,torn_pants,0,6172,破裤子
1258923,star_in_eye,0,6170,星瞳
672073,brown_fur,0,6154,棕色皮毛
1972174,holding_removed_eyewear,0,6149,手持摘下的眼镜
564680,print_pantyhose,0,6147,印花连裤袜
723993,bird_tail,0,6138,鸟尾
7818,anal_beads,0,6130,肛门拉珠
668478,holding_pen,0,6130,手持钢笔
568650,grey_pantyhose,0,6124,灰色连裤袜
533114,turn_pale,0,6124,脸色发白
375456,zombie,0,6123,僵尸
483292,gradient_eyes,0,6117,渐变瞳
1559670,cow_print_bikini,0,6114,奶牛纹比基尼
10322,albino,0,6113,白化
406885,thong_bikini,0,6110,丁字裤比基尼
1576265,bra_visible_through_clothes,0,6106,内衣透出
634063,flag_print,0,6104,国旗印花
582261,unmoving_pattern,0,6103,静止图案
450547,water_gun,0,6091,水枪
1411020,white_bloomers,0,6082,白色灯笼裤
538432,full_armor,0,6077,全身铠甲
413872,breast_envy,0,6075,羡慕胸部
498156,panty_peek,0,6075,内裤微露
430114,popped_collar,0,6071,立领
1714873,chest_sarashi,0,6067,胸部绷带
407913,bursting_breasts,0,6064,爆乳
821623,female_pervert,0,6062,女变态
2364,onigiri,0,6062,饭团
302968,wet_panties,0,6058,湿内裤
11062,fox,0,6055,狐狸
1385298,animal_ear_headphones,0,6049,兽耳耳机
4440,wolf,0,6033,狼
1256968,swivel_chair,0,6029,转椅
418178,waves,0,6025,波浪
618610,yellow_gloves,0,6020,黄色手套
291535,pearl_necklace,0,6020,珍珠项链
430739,large_bow,0,6018,大蝴蝶结
1356896,armpit_peek,0,6017,腋下微露
1286651,heart-shaped_box,0,6014,心形盒子
725289,multicolored_nails,0,6014,彩色指甲
1322968,old_school_swimsuit,0,6008,复古泳装
432947,no_socks,0,6006,无袜子
417653,convenient_leg,0,5990,便利腿
438648,stand_(jojo),0,5986,替身(JOJO的奇妙冒险)
1313101,green_bowtie,0,5983,绿色蝴蝶结
405409,tail_ribbon,0,5982,尾巴蝴蝶结
605808,snout,0,5975,口鼻部
1409996,flower_knot,0,5971,花结
427529,fat_man,0,5967,胖子
512126,shushing,0,5965,嘘声
405861,rose_petals,0,5963,玫瑰花瓣
1390882,blue_sleeves,0,5963,蓝色袖子
374357,yandere,0,5953,病娇
626701,bird_ears,0,5947,鸟耳
1419007,stirrup_legwear,0,5938,脚蹬腿袜
4022,maebari,0,5936,前贴
521411,husband_and_wife,0,5934,夫妻
1454257,2others,0,5933,2其他
1289945,orange_jacket,0,5927,橙色夹克
1378403,purple_leotard,0,5915,紫色紧身衣
591983,disembodied_penis,0,5914,分离阴茎
433344,pussy_peek,0,5912,私处微露
403588,pink_skin,0,5909,粉色皮肤
1590430,squatting_cowgirl_position,0,5894,蹲坐骑乘位
669436,streaming_tears,0,5888,流线泪
546453,cat_boy,0,5886,猫男孩
10205,notebook,0,5879,笔记本
459940,beer_mug,0,5878,啤酒杯
584023,shark_girl,0,5876,鲨鱼女孩
456933,microphone_stand,0,5875,麦克风架
1345564,partially_unzipped,0,5871,半拉链
626243,aiguillette,0,5866,肩饰
1574241,dolphin_shorts,0,5865,海豚短裤
3778,amputee,0,5857,截肢者
379182,energy,0,5857,能量
531372,mouse_girl,0,5848,老鼠女孩
1639310,arthropod_girl,0,5848,节肢动物女孩
1295644,vertical-striped_shirt,0,5847,竖条纹衬衫
410928,multiple_4koma,0,5846,多格四格漫画
449974,fur_hat,0,5846,毛皮帽子
8475,bicycle,0,5839,自行车
1413412,obijime,0,5834,腰带绳
2025918,mixed-sex_bathing,0,5830,混浴
1555383,fur-trimmed_headwear,0,5830,毛绒镶边头饰
419682,bra_strap,0,5828,胸罩肩带
479932,strap_pull,0,5826,拉肩带
677008,school_chair,0,5815,学校椅子
476779,ice_cream_cone,0,5815,蛋筒冰淇淋
568513,animal_on_shoulder,0,5808,肩上有动物
492418,orange_dress,0,5807,橙色连衣裙
1303985,blue_buruma,0,5804,蓝色布鲁玛
1537333,interface_headset,0,5800,界面耳机
1285261,pink_necktie,0,5800,粉色领带
673216,toeless_footwear,0,5797,露趾鞋
394179,crotchless,0,5794,开裆
477117,raised_eyebrow,0,5790,挑眉
648630,boy_on_top,0,5786,男上位
554588,suit_jacket,0,5785,西装外套
12858,bone,0,5783,骨头
475381,striped_scarf,0,5778,条纹围巾
380477,whiskers,0,5777,胡须
626303,mismatched_gloves,0,5771,不对称手套
6328,chick,0,5760,小鸡
177781,cane,0,5759,手杖
1356361,grey_vest,0,5756,灰色马甲
248665,money,0,5754,钱
473292,blue_socks,0,5750,蓝色袜子
410903,black_skin,0,5743,黑色皮肤
461563,poster_(object),0,5739,海报(物品)
619558,peeking_out,0,5734,探出头
1411717,medium_skirt,0,5729,中裙
613923,argyle_legwear,0,5729,菱形纹腿饰
675901,frilled_hat,0,5727,荷叶边帽子
423823,ship,0,5725,船
547742,open_hands,0,5722,张开手掌
526806,tengu-geta,0,5718,天狗木屐
482236,striped_skirt,0,5715,条纹裙子
55663,danmaku,0,5713,弹幕
656163,hand_on_another's_cheek,0,5708,手抚他人脸颊
496288,orange_(fruit),0,5708,橙子(水果)
698475,showgirl_skirt,0,5705,歌舞女郎裙
561421,striped_ribbon,0,5703,条纹丝带
415277,recording,0,5695,录音
390,demon,0,5694,恶魔
429487,double_handjob,0,5683,双手手交
1471843,waist_bow,0,5677,腰部蝴蝶结
374989,quiver,0,5672,箭筒
360746,waking_up,0,5664,醒来
3045,alien,0,5660,外星人
520554,blue_fire,0,5654,蓝色火焰
1505313,romaji_text,0,5651,罗马字文本
559442,red_buruma,0,5641,红色布鲁马
673956,falling_leaves,0,5640,落叶
1632773,heart-shaped_chocolate,0,5627,心形巧克力
1389971,nintendo_switch,0,5622,任天堂Switch
578948,closed_umbrella,0,5620,闭合伞
1497310,button_gap,0,5613,纽扣间隙
494868,black_cloak,0,5610,黑色斗篷
15294,lightning,0,5608,闪电
494896,hydrangea,0,5603,绣球花
494236,taking_picture,0,5601,拍照
5723,fedora,0,5594,软呢帽
1518573,cable_knit,0,5589,麻花编织
1319919,hands_on_own_knees,0,5587,手放自己膝盖上
405981,breast_suppress,0,5584,压胸
724241,holding_camera,0,5583,手持相机
7469,revolver,0,5578,左轮手枪
684687,grabbing_own_ass,0,5574,抓自己屁股
571473,bandaid_on_knee,0,5574,膝盖创可贴
686687,hatching_(texture),0,5567,排线纹理
459964,unsheathing,0,5562,拔刀
1631539,slime_(substance),0,5556,史莱姆
516128,backboob,0,5555,背乳
613646,on_desk,0,5550,在桌上
485999,coffee_mug,0,5544,咖啡杯
1492952,super_crown,0,5542,超级皇冠
1453261,low_twin_braids,0,5536,低双麻花辫
11990,spring_onion,0,5533,葱
1498357,single_leg_pantyhose,0,5533,单腿连裤袜
1399133,grey_cardigan,0,5533,灰色开衫
8594,ladle,0,5531,长柄勺
390918,elbow_pads,0,5531,护肘
10049,crotch,0,5530,胯部
473251,print_thighhighs,0,5527,印花过膝袜
399003,skinny,0,5522,瘦削
423074,photo_background,0,5521,照片背景
517481,winter_coat,0,5519,冬季外套
1304117,yellow_sweater,0,5513,黄色毛衣
1406853,serval_print,0,5512,薮猫纹
400837,crazy_eyes,0,5505,疯狂眼神
1328649,orange_flower,0,5500,橙色花
1298903,half-closed_eye,0,5497,半闭眼
1309652,holding_strap,0,5496,握带子
1847367,see-through_cleavage,0,5493,透视乳沟
466143,wine_bottle,0,5490,酒瓶
657475,back_cutout,0,5479,露背剪裁
1437532,two-tone_jacket,0,5478,双色夹克
511643,single_elbow_glove,0,5469,单肘手套
535048,humanization,0,5468,拟人化
378695,statue,0,5453,雕像
500976,netorare,0,5449,寝取
449502,dimples_of_venus,0,5448,腰窝
648045,sideways_mouth,0,5446,侧嘴
505613,thigh_grab,0,5440,抓大腿
405636,locker,0,5439,储物柜
683424,cat_hair_ornament,0,5438,猫发饰
1302924,yellow_shorts,0,5434,黄色短裤
396968,reverse_trap,0,5433,伪郎
1330707,cake_slice,0,5423,蛋糕切片
9172,kitchen,0,5419,厨房
684169,ambiguous_gender,0,5418,性别不明
502180,blue_wings,0,5412,蓝色翅膀
7770,naked_ribbon,0,5406,裸体丝带
98920,starfish,0,5404,海星
513605,colored_pencil_(medium),0,5404,彩铅(媒介)
510943,orange_bikini,0,5400,橙色比基尼
538327,black_flower,0,5397,黑色花
500990,torn_dress,0,5397,撕裂连衣裙
9857,throne,0,5395,王座
3152,lance,0,5391,长枪
1373278,black_ascot,0,5391,黑色领巾
1263450,print_skirt,0,5390,印花裙
7529,ringlets,0,5379,螺旋卷发
392453,butterfly_wings,0,5378,蝴蝶翅膀
13099,hot,0,5371,热
1512867,multiple_hair_bows,0,5364,多个发饰蝴蝶结
10332,crow,0,5363,乌鸦
616137,reverse_grip,0,5358,反手握持
1262158,holding_broom,0,5357,手持扫帚
375919,demon_boy,0,5357,恶魔男孩
1770615,red_gemstone,0,5356,红色宝石
599652,spoken_blush,0,5354,言语脸红
105306,condom_in_mouth,0,5351,口中含安全套
375076,crowd,0,5350,人群
2006749,unworn_jacket,0,5338,未穿外套
537720,track_pants,0,5337,运动裤
419496,male_masturbation,0,5336,男性自慰
1492981,bikini_bottom_aside,0,5336,比基尼下摆拨开
1291919,holding_shield,0,5328,手持盾牌
579607,towel_around_neck,0,5327,围巾绕颈
596219,sagging_breasts,0,5319,下垂乳房
515350,knees_to_chest,0,5315,抱膝
667200,hand_on_another's_chin,0,5312,手托下巴
1235097,blood_on_weapon,0,5307,武器上沾血
674492,dress_bow,0,5302,连衣裙蝴蝶结
4568,crab,0,5301,螃蟹
548543,arm_hair,0,5299,手臂汗毛
431528,gears,0,5292,齿轮
85824,pole,0,5288,杆子
640153,muted_color,0,5285,柔和色调
1400488,pink_neckerchief,0,5280,粉色围巾
1389116,red_scrunchie,0,5270,红色发圈
5094,snowman,0,5265,雪人
376585,stick,0,5263,棍棒
1391985,grey_hoodie,0,5260,灰色连帽衫
616844,blood_from_mouth,0,5246,嘴角流血
473410,dragon_wings,0,5239,龙翼
1291900,yellow_fur,0,5235,黄色毛发
1862825,one-piece_swimsuit_pull,0,5232,连体泳衣拉扯
400555,business_suit,0,5231,西装
356574,tower,0,5227,塔
1319842,forked_eyebrows,0,5227,分叉眉毛
12857,wedgie,0,5226,内裤上提
394795,baggy_pants,0,5225,宽松裤子
1328598,holding_bowl,0,5224,手持碗
1344144,metal_collar,0,5219,金属项圈
2006753,unworn_mask,0,5210,未佩戴面具
415839,armchair,0,5209,扶手椅
441477,defeat,0,5209,败北
387742,gourd,0,5208,葫芦
1341593,bandaged_hand,0,5202,缠绷带的手
9176,boat,0,5202,船
12570,armpit_hair,0,5201,腋毛
1337096,white_vest,0,5197,白色背心
485218,trading_card,0,5197,集换卡牌
2476,hose,0,5196,软管
391942,long_tongue,0,5194,长舌头
392700,machine_gun,0,5192,机枪
631542,pointing_at_self,0,5187,指向自己
11620,spread_anus,0,5184,肛门扩张
1396558,frilled_hair_tubes,0,5180,荷叶边发管
151645,evil_grin,0,5168,邪恶笑容
415000,impossible_shirt,0,5162,不可能衬衫
553763,unbuttoned_shirt,0,5161,解开纽扣的衬衫
1582503,scar_on_chest,0,5159,胸部疤痕
398219,breast_lift,0,5154,胸部托举
400542,road_sign,0,5148,路标
394089,lock,0,5148,锁
1422082,digimon_(creature),0,5145,数码兽(数码宝贝)
1229697,drop_shadow,0,5141,投影阴影
1528415,roswaal_mansion_maid_uniform,0,5137,罗兹瓦尔宅邸女仆装
1408536,holding_lollipop,0,5134,手持棒棒糖
1515362,yellow_theme,0,5133,黄色主题
463152,poking,0,5128,戳
1421763,blue_capelet,0,5126,蓝色短披风
399131,barcode,0,5122,条形码
2073,hairpods,0,5121,发荚
6280,waterfall,0,5114,瀑布
1636976,footwear_bow,0,5112,鞋饰蝴蝶结
396001,pocket_watch,0,5107,怀表
7444,dark_elf,0,5105,黑暗精灵
524552,shiny_pokemon,0,5102,闪光宝可梦
1338623,purple_hairband,0,5095,紫色发带
4855,school,0,5090,学校
4898,baby,0,5087,婴儿
464548,clone,0,5085,克隆
535308,body_markings,0,5081,身体标记
188179,letter,0,5077,信件
667663,elbow_rest,0,5076,肘托
1477193,lightning_bolt_symbol,0,5075,闪电符号
3997,landscape,0,5070,风景
522913,multiple_wings,0,5069,多翼
483830,imagining,0,5067,想象
386870,trident,0,5066,三叉戟
466061,album_cover,0,5063,专辑封面
560881,soap_bubbles,0,5056,肥皂泡
550765,wrist_ribbon,0,5054,腕部丝带
1533927,garreg_mach_monastery_uniform,0,5047,加尔格·马赫修道院制服
566804,single_sleeve,0,5045,单袖
570382,hands_in_hair,0,5042,手插头发
437197,surgical_mask,0,5038,口罩
572,toilet,0,5036,马桶
584126,pointing_up,0,5035,指向上方
1950723,unconventional_maid,0,5031,非传统女仆
446993,open_collar,0,5030,开领
8591,bustier,0,5029,紧身胸衣
663513,brown_bag,0,5027,棕色袋子
1376523,weibo_username,0,5026,微博用户名
589889,v_over_eye,0,5025,V形遮眼
649248,red_pupils,0,5021,红色瞳孔
380931,pirate_hat,0,5018,海盗帽
492359,towel_on_head,0,5009,头上毛巾
1312340,red_rope,0,5009,红绳
406620,pouring,0,5006,倾倒
596179,anal_tail,0,5006,肛尾
1280405,sleeveless_kimono,0,5006,无袖和服
1670357,furry_with_non-furry,0,5004,兽人与非兽人
432388,leather_jacket,0,5001,皮夹克
475366,trench_coat,0,4995,风衣
1518440,mouth_drool,0,4988,嘴角流涎
429161,paizuri_under_clothes,0,4980,衣下乳交
1320211,orange_bowtie,0,4977,橙色蝴蝶结
1416797,pink_cardigan,0,4974,粉色开衫
661261,planted_sword,0,4972,插地剑
684190,gradient_sky,0,4972,渐变天空
550308,>:(,0,4971,>:(表情)
1524489,looking_at_object,0,4968,注视物体
1516548,orange_headwear,0,4967,橙色头饰
643102,loose_necktie,0,4962,松散领带
1794320,bow-shaped_hair,0,4948,蝴蝶结状头发
405756,hypnosis,0,4946,催眠
4478,bodypaint,0,4941,身体彩绘
395984,dress_pull,0,4937,拉裙子
464541,bullet,0,4931,子弹
1246561,brown_scarf,0,4929,棕色围巾
406397,against_glass,0,4913,贴玻璃
6453,death,0,4911,死亡
539090,imminent_rape,0,4910,即将被强暴
383468,lowleg_bikini,0,4902,低腰比基尼
1409115,green_sailor_collar,0,4902,绿色水手领
1257056,holding_towel,0,4895,手持毛巾
618153,pink_scarf,0,4893,粉色围巾
1409116,red_sailor_collar,0,4890,红色水手领
6381,clover,0,4888,三叶草
451769,toe_scrunch,0,4886,脚趾蜷曲
431758,locked_arms,0,4886,手臂相扣
586284,heart_background,0,4879,爱心背景
395355,fusion,0,4879,融合
754200,oppai_loli,0,4868,巨乳萝莉
1342157,fur-trimmed_boots,0,4864,毛边靴子
404134,spread_ass,0,4863,掰开臀部
716981,holding_own_arm,0,4851,握住自己手臂
990162,heart_in_eye,0,4847,眼中爱心
1256300,multicolored_skirt,0,4845,彩色裙子
1444529,linea_alba,0,4843,腹白线
408052,gym_shorts,0,4839,运动短裤
383694,jar,0,4836,罐子
649373,command_spell,0,4836,令咒
488003,leg_hair,0,4831,腿毛
411896,no_nipples,0,4830,无乳头
662240,mini_wings,0,4829,小翅膀
3093,bear,0,4829,熊
1229660,multiple_horns,0,4828,多角
481427,steepled_fingers,0,4824,指尖相触
1307533,carrot_hair_ornament,0,4819,胡萝卜发饰
473300,mandarin_orange,0,4819,柑橘
394046,power_armor,0,4817,动力装甲
1374290,covered_collarbone,0,4812,遮锁骨
380538,bubble_blowing,0,4812,吹泡泡
54471,midair,0,4810,空中
1205954,looking_at_penis,0,4808,看阴茎
426470,silk,0,4807,丝绸
374379,hairy,0,4805,多毛
4069,sailor,0,4804,水手
581054,keyboard_(computer),0,4801,键盘(电脑)
644588,long_eyelashes,0,4797,长睫毛
1468959,horror_(theme),0,4790,恐怖(主题)
1298076,winged_arms,0,4789,翼臂
376168,puddle,0,4788,水洼
639592,heart_necklace,0,4787,心形项链
375225,flaccid,0,4784,疲软
675353,frilled_gloves,0,4781,荷叶边手套
426587,yellow_panties,0,4778,黄色内裤
2606,milk,0,4777,牛奶
1376935,blue_ascot,0,4768,蓝色领巾
660422,leaning_on_person,0,4763,倚靠他人
589477,argyle_background,0,4757,菱形纹背景
1335364,stomach_tattoo,0,4757,腹部纹身
482941,flight_deck,0,4757,飞行甲板
541609,open_door,0,4755,开着的门
1161088,2021,0,4746,2021年
677023,underboob_cutout,0,4745,乳下镂空
584478,leaf_print,0,4742,叶子图案
638426,arm_belt,0,4740,臂环
486797,unsheathed,0,4731,出鞘
589286,purple_rose,0,4727,紫玫瑰
544274,backwards_hat,0,4726,反戴帽子
540428,arm_around_shoulder,0,4724,搂肩
652486,v-fin,0,4722,V形天线
2191,shop,0,4720,商店
1350141,cat_cutout,0,4719,猫形镂空
409818,polka_dot_bikini,0,4718,波点比基尼
411038,:>=,0,4717,:>=(表情)
9618,library,0,4714,图书馆
578084,black_tail,0,4713,黑色尾巴
1161089,2022,0,4707,2022年
631144,halftone_background,0,4706,半色调背景
1219136,hand_on_own_arm,0,4705,手扶自己手臂
408969,no_pussy,0,4703,无阴部
1619425,crescent_pin,0,4699,新月形别针
1035339,red_headband,0,4699,红色发带
553007,strapless_bikini,0,4699,无肩带比基尼
675804,nervous_smile,0,4695,紧张微笑
390314,nude_cover,0,4693,裸体遮盖
1327681,red_sleeves,0,4693,红色袖子
1400482,earclip,0,4693,耳夹
403942,earpiece,0,4689,耳机
526090,checkered_skirt,0,4682,格子裙
567636,painting_(object),0,4682,画作
1299132,holding_box,0,4679,手持盒子
474982,white_robe,0,4678,白色长袍
1560432,reverse_outfit,0,4677,反穿服装
379878,thorns,0,4673,荆棘
539465,tiger_girl,0,4671,虎娘
1355655,grey_coat,0,4666,灰色外套
460085,mechanical_wings,0,4666,机械翅膀
616376,assisted_exposure,0,4665,辅助露出
461372,mobile_suit,0,4662,机动战士
473818,tissue_box,0,4661,纸巾盒
458486,mother_and_son,0,4660,母子
1350220,cat_lingerie,0,4660,猫咪内衣
507697,purple_pantyhose,0,4659,紫色连裤袜
1489840,white_horns,0,4659,白色角
456376,pince-nez,0,4656,夹鼻眼镜
422775,dark_nipples,0,4654,深色乳头
441110,office_chair,0,4648,办公椅
1350193,musical_note_hair_ornament,0,4645,音符发饰
750849,holding_mask,0,4635,手持面具
636788,frilled_pillow,0,4633,荷叶边枕头
392612,pentagram,0,4626,五角星
468460,torn_skirt,0,4619,撕裂裙子
702916,imminent_vaginal,0,4618,即将插入阴道
582680,unaligned_breasts,0,4616,不对称胸部
506307,thong_leotard,0,4613,丁字裤连体衣
1448342,two-tone_gloves,0,4609,双色手套
397397,cum_pool,0,4602,精液滩
516646,macaron,0,4602,马卡龙
1141250,black_fur,0,4595,黑色毛发
1336138,red_belt,0,4588,红色腰带
634393,heart_choker,0,4587,心形项圈
664058,orange_ribbon,0,4579,橙色丝带
390579,colorful,0,4564,多彩
723098,after_anal,0,4564,肛交后
3291,teacher,0,4563,教师
1437301,black_bag,0,4563,黑色包包
536524,tablet_pc,0,4562,平板电脑
1385010,kissing_cheek,0,4559,亲吻脸颊
1582500,scar_on_arm,0,4557,手臂疤痕
459009,penis_on_face,0,4555,阴茎贴脸
638022,see-through_silhouette,0,4555,透视剪影
4365,tsundere,0,4550,傲娇
1454264,heart-shaped_eyewear,0,4550,心形眼镜
380805,flashing,0,4548,闪露
6376,lake,0,4548,湖泊
11366,policewoman,0,4547,女警
1161090,2023,0,4544,2023年
378543,egg_vibrator,0,4543,蛋形跳蛋
11828,flexible,0,4542,柔韧
1258092,ribbon-trimmed_legwear,0,4541,丝带镶边腿饰
479792,circle,0,4541,圆形
465851,defloration,0,4541,破处
1411341,hooded_capelet,0,4538,连帽短披肩
413820,deep_penetration,0,4535,深插
1183480,blue_belt,0,4530,蓝色腰带
460863,spider_web,0,4523,蜘蛛网
1421703,small_horns,0,4517,小角
424585,viewfinder,0,4515,取景器
634270,bat_print,0,4510,蝙蝠图案
619121,hair_beads,0,4509,发珠
392360,stage,0,4505,舞台
1928,tiger,0,4503,老虎
1766885,demon_slayer_uniform,0,4499,鬼杀队制服
395198,test_tube,0,4495,试管
560677,arm_rest,0,4494,扶手
434827,soccer_uniform,0,4492,足球服
1344732,striped_jacket,0,4485,条纹夹克
493515,game_console,0,4481,游戏机
466449,spider_lily,0,4478,蜘蛛百合
1238711,pink_shorts,0,4478,粉色短裤
1423707,holding_scythe,0,4475,手持镰刀
1438791,holding_pom_poms,0,4475,手持彩球
1415656,grey_sailor_collar,0,4474,灰色水手领
720478,lifting_person,0,4472,举起人
1326150,purple_vest,0,4469,紫色马甲
472867,arm_hug,0,4468,抱臂
1403308,virgin_killer_sweater,0,4466,处女杀手毛衣
611884,uneven_eyes,0,4463,大小眼
1282899,improvised_gag,0,4460,临时口塞
390569,cat_paws,0,4458,猫爪
646029,egasumi,0,4458,江霞
449248,scope,0,4454,瞄准镜
399479,fog,0,4453,雾
1559152,reverse_bunnysuit,0,4453,逆兔女郎装
883683,white_feathers,0,4452,白色羽毛
621745,brand_name_imitation,0,4448,仿冒品牌名
376648,fishing_rod,0,4447,钓鱼竿
386432,leaning,0,4444,倚靠
382106,fisheye,0,4442,鱼眼镜头
1315028,lower_body,0,4426,下半身
2288,octopus,0,4423,章鱼
446070,lion_tail,0,4423,狮子尾巴
411148,remote_control,0,4421,遥控器
1478255,dangle_earrings,0,4414,垂坠耳环
718139,food_print,0,4404,食物印花
619493,ears_down,0,4399,垂耳
543455,bolt_action,0,4395,栓动式
1235204,bike_shorts_under_skirt,0,4394,裙下自行车短裤
151042,envelope,0,4394,信封
1291748,print_bow,0,4393,印花蝴蝶结
601423,yellow_scarf,0,4393,黄色围巾
382125,rapier,0,4390,西洋剑
443901,shide,0,4389,神乐铃
262264,tight_pants,0,4384,紧身裤
405623,dog_boy,0,4380,犬系男孩
1257075,number_tattoo,0,4377,数字纹身
427758,kiseru,0,4376,烟管
11028,swimming,0,4375,游泳
491861,sleeves_pushed_up,0,4374,推起袖子
1622516,earth_(planet),0,4374,地球
1551196,1980s_(style),0,4373,1980年代风格
560091,cat_hood,0,4367,猫兜帽
554092,food_on_body,0,4366,身上食物
1455730,raccoon_girl,0,4364,浣熊娘
684686,grabbing_another's_ass,0,4354,抓他人屁股
687681,partially_undressed,0,4347,半脱衣
849024,bikini_top_lift,0,4347,比基尼上掀
638728,print_gloves,0,4347,印花手套
605145,soul_gem,0,4342,灵魂宝石
623390,glowing_weapon,0,4338,发光武器
822828,reverse_suspended_congress,0,4336,反向悬空式
464577,shooting_star,0,4334,流星
481604,penis_awe,0,4332,对阴茎的敬畏
1303383,blue_scrunchie,0,4331,蓝色发圈
420283,leotard_aside,0,4331,紧身衣侧掀
9275,butt_plug,0,4326,肛塞
4434,violin,0,4323,小提琴
222138,shrine,0,4322,神社
1245131,bikini_tan,0,4317,比基尼晒痕
508193,novelty_censor,0,4317,趣味遮挡
891880,lion_girl,0,4315,狮子娘
8255,dancer,0,4314,舞者
1428577,ryouou_school_uniform,0,4308,凌央学园制服
400245,opaque_glasses,0,4307,不透明眼镜
1327007,holding_axe,0,4306,手持斧头
535299,red_sclera,0,4300,红色巩膜
9799,kunai,0,4298,苦无
476371,showering,0,4295,淋浴
1332539,pubic_hair_peek,0,4287,阴毛微露
614707,no_legwear,0,4287,无腿饰
399418,shore,0,4286,海岸
467080,thank_you,0,4284,谢谢
11981,kyuubi,0,4284,九尾
463490,spacecraft,0,4272,宇宙飞船
576406,folded_fan,0,4270,折扇
46079,robot_ears,0,4269,机器人耳朵
543339,bandaids_on_nipples,0,4269,乳头创可贴
400545,red_moon,0,4266,红月
568804,anus_peek,0,4263,肛门微露
1257314,idol_clothes,0,4263,偶像服
600421,after_fellatio,0,4262,口交后
1312165,orange_necktie,0,4262,橙色领带
553771,cheek-to-cheek,0,4261,脸颊贴脸颊
493348,christmas_ornaments,0,4259,圣诞装饰
3375,chicken,0,4258,鸡
1940092,biting_own_lip,0,4251,咬唇
383173,train,0,4248,火车
16128,you_gonna_get_raped,0,4245,你等着被干
7801,lamia,0,4242,拉米亚
634638,text_background,0,4242,文字背景
425654,beak,0,4237,喙
422830,paper_bag,0,4237,纸袋
1387105,pink_leotard,0,4232,粉色紧身连体衣
374959,still_life,0,4229,静物
609122,multiple_belts,0,4228,多条腰带
379189,floor,0,4220,地板
411223,father_and_son,0,4220,父子
10469,duck,0,4219,鸭子
560040,framed_breasts,0,4216,框住胸部
10983,shotgun,0,4216,霰弹枪
546810,orange_sky,0,4212,橙色天空
1533601,sideless_outfit,0,4209,无侧边服装
399543,flip-flops,0,4208,人字拖
1322421,bandaid_on_cheek,0,4203,脸颊创可贴
395305,wizard_hat,0,4199,巫师帽
10359,middle_finger,0,4197,竖中指
652354,too_many,0,4195,太多
1475826,holding_pokemon,0,4191,手持宝可梦
458711,hand_under_clothes,0,4189,手伸入衣内
5980,rooftop,0,4188,屋顶
6424,cage,0,4188,笼子
1281555,aran_sweater,0,4188,阿兰毛衣
4191,sushi,0,4186,寿司
2089095,goth_fashion,0,4186,哥特时尚
461531,banana,0,4184,香蕉
666708,w_arms,0,4182,W形手臂
724362,single_detached_sleeve,0,4177,单侧分离袖
1530508,scar_on_nose,0,4175,鼻部疤痕
7631,harpy,0,4173,哈比
588209,irrumatio,0,4172,口交
525461,smokestack,0,4170,烟囱
7994,fighting,0,4166,战斗
758409,taur,0,4162,牛头人
481088,constellation,0,4160,星座
1304570,cat_ear_headphones,0,4160,猫耳耳机
1253174,employee_uniform,0,4158,员工制服
551333,uchiwa,0,4156,团扇
492468,plaid_dress,0,4155,格子连衣裙
629987,radio_antenna,0,4155,收音机天线
5567,pizza,0,4153,披萨
4768,sheep,0,4152,羊
641554,tomoe_(symbol),0,4151,巴纹
389804,quad_tails,0,4145,四马尾
599594,prosthetic_arm,0,4145,义肢
548829,chewing_gum,0,4143,口香糖
49941,lemon,0,4140,柠檬
1217551,black_armor,0,4140,黑色盔甲
464585,tomato,0,4136,番茄
10919,lineup,0,4132,队列
1440623,jacket_partially_removed,0,4130,半脱夹克
676138,asymmetrical_footwear,0,4124,不对称鞋履
461542,red_sash,0,4123,红色腰带
385804,lifebuoy,0,4123,救生圈
1273311,vertical-striped_dress,0,4122,竖条纹连衣裙
1252645,orange_nails,0,4121,橙色指甲
2709,needle,0,4119,针
440347,leopard_print,0,4118,豹纹
1242915,rose_print,0,4118,玫瑰印花
12336,costume,0,4114,戏服
1770614,green_gemstone,0,4113,绿色宝石
378993,energy_sword,0,4104,能量剑
11912,wrench,0,4101,扳手
446690,gloom_(expression),0,4099,阴郁(表情)
477228,drum,0,4098,鼓
502536,paint_splatter,0,4098,颜料飞溅
458795,suction_cups,0,4089,吸盘
476596,sode,0,4089,袖
551537,lying_on_person,0,4078,躺在人身上
513303,afloat,0,4075,漂浮
419379,bandage_over_one_eye,0,4073,单眼绷带
485061,hair_tucking,0,4072,掖发
377929,sheep_ears,0,4068,羊耳
482172,contrail,0,4066,航迹云
16144,rubber_duck,0,4063,橡皮鸭
530963,arms_under_breasts,0,4062,手臂托胸
489904,arms_around_neck,0,4060,搂颈
558384,on_grass,0,4060,在草地上
464576,seagull,0,4058,海鸥
1552754,breast_curtains,0,4057,乳帘
522010,character_profile,0,4053,角色介绍
2006752,unworn_bra,0,4053,未穿胸罩
10769,transformation,0,4053,变身
420128,upright_straddle,0,4052,直立跨坐
1392011,purple_bodysuit,0,4049,紫色紧身衣
521852,pussy_juice_trail,0,4049,淫液痕迹
769705,holding_another's_arm,0,4047,挽着别人的手臂
404436,ribbed_shirt,0,4047,罗纹衬衫
459215,finger_gun,0,4046,手指枪
1612103,milestone_celebration,0,4045,里程碑庆祝
549346,blue_pantyhose,0,4041,蓝色连裤袜
228096,spacesuit,0,4039,宇航服
450123,staring,0,4038,凝视
10692,sandwich,0,4037,三明治
471771,pumps,0,4035,高跟鞋
590039,animal_feet,0,4030,动物脚
11436,deepthroat,0,4029,深喉
1435434,two-tone_skirt,0,4029,双色裙子
1467259,diagonal_bangs,0,4028,斜刘海
383907,swimsuit_aside,0,4026,泳装拨开
1319620,wing_hair_ornament,0,4026,翅膀发饰
520227,cowlick,0,4025,翘发
1274212,green_cape,0,4024,绿色披风
687202,pussy_juice_stain,0,4021,淫液渍
468068,spread_toes,0,4020,张开脚趾
410131,perky_breasts,0,4018,挺拔胸部
1782786,median_furrow,0,4016,乳沟
1233722,maid_bikini,0,4015,女仆比基尼
447984,vegetable,0,4015,蔬菜
656168,hands_on_another's_face,0,4014,手捧脸颊
5171,map,0,4011,地图
586174,neon_trim,0,4008,霓虹镶边
1344905,holding_dagger,0,4007,手持匕首
573688,reindeer_antlers,0,3998,驯鹿角
1339523,bone_hair_ornament,0,3991,骨制发饰
1227710,tail_through_clothes,0,3990,尾巴穿过衣服
1305030,green_leotard,0,3987,绿色紧身衣
380328,pompadour,0,3984,飞机头
397148,huge_nipples,0,3983,巨大乳头
9510,cream,0,3980,奶油
411511,adjusting_swimsuit,0,3979,调整泳装
1307725,green_scarf,0,3979,绿色围巾
3759,parfait,0,3978,芭菲
447030,candy_apple,0,3978,糖苹果
394619,furisode,0,3977,振袖
507625,calligraphy_brush,0,3977,毛笔
1517305,presenting_armpit,0,3976,展示腋下
711562,striped_tail,0,3970,条纹尾巴
468016,;q,0,3970,;q(表情)
659834,spoken_squiggle,0,3966,波浪形对话气泡
375882,cuts,0,3963,伤口
559692,clothed_pokemon,0,3963,穿着衣服的宝可梦
1888618,fairy_(sao),0,3962,妖精(刀剑神域)
519703,alternate_universe,0,3961,平行世界
506137,jacket_around_waist,0,3958,外套系腰
595006,green_sweater,0,3958,绿色毛衣
1227744,multiple_crossover,0,3956,多重跨界
676352,pokephilia,0,3955,宝可梦性行为
467500,beer_can,0,3954,啤酒罐
1641895,gloved_handjob,0,3954,戴手套手交
430704,medical_eyepatch,0,3952,医用眼罩
513153,magazine_(weapon),0,3937,弹匣(武器)
1383010,purple_choker,0,3930,紫色项圈
510576,swim_trunks,0,3929,泳裤
387248,banner,0,3926,横幅
147971,stylus,0,3925,触控笔
1417279,holding_underwear,0,3923,手持内衣
1436828,obiage,0,3923,腰带
1835909,frilled_one-piece_swimsuit,0,3923,荷叶边连体泳衣
476448,kote,0,3923,护手
515648,coattails,0,3922,燕尾
1956240,braided_hair_rings,0,3917,编发环
1805482,non-humanoid_robot,0,3917,非人形机器人
1441861,orange_footwear,0,3916,橙色鞋子
380329,briefcase,0,3915,公文包
1373356,yellow_kimono,0,3914,黄色和服
703219,multicolored_wings,0,3914,彩色翅膀
382440,pantylines,0,3914,内裤线
1312614,blue_hakama,0,3913,蓝色袴
1441884,rectangular_eyewear,0,3910,矩形眼镜
619633,baozi,0,3907,包子
7646,slave,0,3905,奴隶
483981,american_flag,0,3904,美国国旗
605759,skirt_suit,0,3897,裙式西装
1371311,aqua_bowtie,0,3895,水蓝色蝴蝶结
613840,happy_halloween,0,3891,万圣节快乐
378767,bleeding,0,3886,流血
12733,thinking,0,3886,思考
493576,feather_boa,0,3880,羽毛围巾
575181,o-ring_bottom,0,3878,O形环下装
7641,piggyback,0,3875,背人
375460,ceiling,0,3869,天花板
590746,goggles_around_neck,0,3869,护目镜挂颈
583009,arm_around_waist,0,3869,手臂搂腰
494260,purple_wings,0,3869,紫色翅膀
1316028,american_flag_legwear,0,3867,美国国旗袜子
484752,clothes_grab,0,3864,抓衣服
488365,letterman_jacket,0,3857,校队夹克
1390670,breast_tattoo,0,3856,胸部纹身
375792,kogal,0,3854,辣妹
207834,mascara,0,3853,睫毛膏
578557,digital_media_player,0,3848,数字媒体播放器
403195,squirrel_ears,0,3848,松鼠耳朵
2833,collage,0,3844,拼贴画
548910,chain_necklace,0,3844,链式项链
1410709,ejaculating_while_penetrated,0,3841,被插入时射精
682128,hands_on_another's_shoulders,0,3841,手搭他人肩膀
662265,object_namesake,0,3838,物体同名
347508,miniboy,0,3838,迷你男孩
511645,single_kneehigh,0,3838,单只过膝袜
585305,ear_ribbon,0,3837,耳饰蝴蝶结
1400382,barbell_piercing,0,3836,杠铃穿刺
725441,black_headband,0,3831,黑色发带
707150,finger_on_trigger,0,3828,手指扣扳机
1684874,laevatein_(touhou),0,3820,莱瓦汀(东方Project)
1336997,green_coat,0,3819,绿色外套
1316609,mole_on_thigh,0,3817,大腿痣
677406,multiple_earrings,0,3815,多耳环
652707,domino_mask,0,3809,多米诺面具
743282,layered_clothes,0,3806,多层衣物
483264,yellow_rose,0,3802,黄玫瑰
1300235,purple_pants,0,3797,紫色裤子
585211,energy_gun,0,3795,能量枪
1280102,single_hair_intake,0,3789,单束发丝
1301494,spoken_interrobang,0,3787,说话时带问叹号
467674,sake_bottle,0,3785,清酒瓶
426621,grey_panties,0,3783,灰色内裤
541137,kanzashi,0,3783,簪子
650514,wet_swimsuit,0,3782,湿泳衣
375886,sheep_girl,0,3775,绵羊女孩
375251,egyptian,0,3774,埃及风格
405671,soda_can,0,3772,易拉罐汽水
551584,updo,0,3772,盘发
470690,pancake,0,3765,煎饼
424961,remote_control_vibrator,0,3764,遥控跳蛋
631299,pillarboxed,0,3763,信箱式黑边
1582181,string_of_fate,0,3763,命运红线
9511,spotlight,0,3762,聚光灯
488,flute,0,3761,长笛
1451190,white_wrist_cuffs,0,3759,白色腕套
442883,city_lights,0,3756,城市灯光
471821,debris,0,3755,碎片
1738,figure,0,3751,手办
1730,what,0,3748,什么
460940,lily_pad,0,3745,睡莲叶
386503,binoculars,0,3741,双筒望远镜
15004,toy,0,3740,玩具
656916,animal_penis,0,3738,动物阴茎
447189,spitroast,0,3736,串烤
722842,frilled_kimono,0,3734,荷叶边和服
1395493,eyepatch_bikini,0,3734,眼罩比基尼
1308608,bag_charm,0,3733,包挂
438208,throwing,0,3733,投掷
1853327,bar_(place),0,3731,酒吧
1319452,hand_on_another's_arm,0,3725,手搭在别人手臂上
1839475,chips_(food),0,3723,薯片
1400511,fur-trimmed_hood,0,3721,毛边兜帽
669594,bat_hair_ornament,0,3718,蝙蝠发饰
2065896,diagonal-striped_clothes,0,3718,斜条纹衣服
1382349,goggles_on_headwear,0,3714,头戴护目镜
667185,burn_scar,0,3712,烧伤疤痕
847095,sparkle_background,0,3709,闪光背景
580695,big_belly,0,3709,大肚子
656171,hand_on_another's_chest,0,3708,手放在别人胸口
1277869,horned_headwear,0,3708,角状头饰
856710,neck_tattoo,0,3708,颈部纹身
1468130,paradis_military_uniform,0,3708,帕拉迪军服
4262,surreal,0,3707,超现实
461788,scowl,0,3701,皱眉
409293,open_dress,0,3700,敞开连衣裙
1408401,white_scrunchie,0,3699,白色发圈
514260,left-handed,0,3697,左撇子
1304169,au_ra,0,3697,奥拉
455038,capri_pants,0,3695,七分裤
476787,talons,0,3694,利爪
1312757,bra_peek,0,3690,内衣微露
475209,button_badge,0,3688,徽章
1450243,weibo_logo,0,3687,微博标志
378782,hiding,0,3683,躲藏
13976,frying_pan,0,3683,平底锅
462213,peeing_self,0,3681,尿裤子
1504889,rudder_footwear,0,3674,舵形鞋
653049,red_eyeliner,0,3670,红色眼线
1417504,nanamori_school_uniform,0,3669,七森学园制服
404857,cupcake,0,3667,纸杯蛋糕
480444,shouji,0,3667,障子
465450,trash_can,0,3667,垃圾桶
685091,hand_on_another's_back,0,3665,手放在他人背上
378151,megaphone,0,3664,扩音器
1399079,holding_drink,0,3664,手持饮料
380157,shovel,0,3660,铲子
1636673,wiffle_gag,0,3659,口球
1455114,hair_tie_in_mouth,0,3657,发绳含在嘴里
1407477,black_scrunchie,0,3656,黑色发圈
12650,subtitled,0,3653,字幕
479397,white_headband,0,3653,白色发带
1373025,blue-framed_eyewear,0,3649,蓝框眼镜
411566,nightcap,0,3643,睡帽
540767,abstract_background,0,3640,抽象背景
4470,duel,0,3640,决斗
626084,bangs_pinned_back,0,3632,刘海后别
380265,skates,0,3631,溜冰鞋
403196,squirrel_tail,0,3627,松鼠尾巴
398608,hair_twirling,0,3623,绕头发
513195,bird_on_head,0,3623,鸟在头上
12326,owl,0,3617,猫头鹰
425142,submerged,0,3617,浸没
2230,guro,0,3614,猎奇
10624,exercise,0,3612,运动
1322674,latin_cross,0,3609,拉丁十字架
612379,bubble_tea,0,3609,珍珠奶茶
1330167,american_flag_dress,0,3609,美国国旗连衣裙
1328271,layered_bikini,0,3608,分层比基尼
1623670,diamond_button,0,3606,菱形纽扣
1413751,print_bowtie,0,3606,印花领结
1392360,black_camisole,0,3605,黑色吊带背心
384248,trefoil,0,3604,三叶草
1304208,black_cardigan,0,3600,黑色开衫
508748,horn_bow,0,3594,角弓
460475,naked_sweater,0,3590,裸穿毛衣
2571,mochi,0,3584,麻糬
1291568,pink_apron,0,3584,粉色围裙
1251054,okobo,0,3582,下馱
592316,colored_pubic_hair,0,3581,彩色阴毛
12721,gas_mask,0,3578,防毒面具
5597,newspaper,0,3576,报纸
1384369,green_hairband,0,3576,绿色发带
1422860,two-tone_swimsuit,0,3574,双色泳装
378810,grinding,0,3573,研磨
1312906,rei_no_himo,0,3570,零之带
950553,yoga_pants,0,3570,瑜伽裤
538859,kindergarten_uniform,0,3567,幼儿园制服
2377,piano,0,3566,钢琴
1314965,horizontal_pupils,0,3566,水平瞳孔
13273,stained_glass,0,3564,彩色玻璃
1427966,yellow_cardigan,0,3563,黄色开衫
759492,wolf_boy,0,3561,狼少年
447824,doorway,0,3555,门口
1365001,black_robe,0,3554,黑色长袍
1471518,horseshoe_ornament,0,3554,马蹄铁饰品
462978,??,0,3553,??(表情)
1201870,prone_bone,0,3551,俯卧骨
1579047,rabbit_pose,0,3550,兔子姿势
828858,hand_over_own_mouth,0,3549,手捂自己嘴
1507443,sidelighting,0,3549,侧光
1925724,basketball_(object),0,3549,篮球(物体)
473217,green_bra,0,3547,绿色胸罩
8808,hallway,0,3547,走廊
480578,hagoromo,0,3547,羽衣
16978,writing,0,3546,写作
588534,in_box,0,3545,在盒子里
1791866,holding_smoking_pipe,0,3545,手持烟斗
405984,snot,0,3544,鼻涕
4807,spill,0,3530,溢出
680046,carrying_person,0,3529,背人
486210,tie_clip,0,3526,领带夹
474988,speaker,0,3524,扬声器
1270233,1koma,0,3523,1格漫画
14861,chef_hat,0,3522,厨师帽
1379954,diffraction_spikes,0,3522,衍射星芒
491714,santa_dress,0,3520,圣诞连衣裙
1472233,high-waist_shorts,0,3518,高腰短裤
473427,green_thighhighs,0,3516,绿色大腿袜
1425516,uranohoshi_school_uniform,0,3516,浦之星女子学院校服
619145,orange_gloves,0,3515,橙色手套
1403286,black_mask,0,3513,黑色面具
637971,heart_tattoo,0,3511,心形纹身
1383796,rabbit_hood,0,3509,兔子兜帽
644051,aiming_at_viewer,0,3508,瞄准观众
2075860,lifting_another's_clothes,0,3508,掀起他人衣服
484394,four-leaf_clover,0,3507,四叶草
548668,excalibur_(fate/stay_night),0,3507,誓约胜利之剑(Fate/stay night)
406895,tunic,0,3504,束腰外衣
4550,grenade,0,3490,手榴弹
514768,grey_sky,0,3489,灰色天空
399829,magazine_cover,0,3488,杂志封面
1342976,rabbit_print,0,3487,兔子图案
379306,public_nudity,0,3487,公共裸体
471929,cum_on_stomach,0,3485,腹部精液
1408498,japari_symbol,0,3482,加帕里符号
663385,crossed_ankles,0,3480,交叉脚踝
1410099,purple_sleeves,0,3479,紫色袖子
11381,frogtie,0,3478,蛙缚
453895,mechanical_parts,0,3478,机械零件
647907,dragon_print,0,3477,龙图案
589610,spider_web_print,0,3476,蜘蛛网图案
465416,sleeveless_sweater,0,3470,无袖毛衣
488487,ankle_socks,0,3469,脚踝袜
602690,stuffed_cat,0,3469,猫玩偶
567734,shikishi,0,3468,色纸
519804,black_lips,0,3468,黑色嘴唇
385637,earbuds,0,3466,入耳式耳机
473206,grey_socks,0,3465,灰色袜子
469445,sleepwear,0,3465,睡衣
2025977,qingdai_guanmao,0,3461,清代官帽
402497,lotus,0,3460,莲花
5272,dice,0,3457,骰子
666648,mitsudomoe_(shape),0,3451,三巴纹
682862,hand_on_another's_hip,0,3450,手放在他人臀部
3237,goldfish,0,3450,金鱼
449458,bullpup,0,3447,无托式枪械
1372792,fox_boy,0,3447,狐男孩
688378,multi-tied_hair,0,3445,多束扎发
478568,medal,0,3444,奖章
530091,corruption,0,3442,腐化
466613,slime_girl,0,3441,史莱姆女孩
1976321,animal_ear_piercing,0,3434,动物耳穿孔
1514281,shark_hair_ornament,0,3434,鲨鱼发饰
490993,colored_tongue,0,3433,彩色舌头
484121,leg_lock,0,3432,腿锁
540545,rod_of_remorse,0,3432,悔恨之杖
10731,chainsaw,0,3431,电锯
1283223,shibari_over_clothes,0,3431,衣服上的绳缚
502177,bird_girl,0,3431,鸟女孩
1393855,holding_flag,0,3430,持旗
471357,treble_clef,0,3429,高音谱号
390685,darkness,0,3429,黑暗
1259682,ribbed_dress,0,3425,罗纹连衣裙
1335455,watson_cross,0,3424,沃森十字
413033,gaping,0,3423,张开
523488,flower_pot,0,3420,花盆
1448570,gold_earrings,0,3419,金耳环
378,cheese,0,3418,奶酪
1430633,two-tone_bikini,0,3417,双色比基尼
457141,lace_panties,0,3416,蕾丝内裤
1697967,tassel_hair_ornament,0,3413,流苏发饰
380355,chained,0,3411,被锁链束缚
1554926,wide_spread_legs,0,3411,双腿大张
577161,in_tree,0,3410,在树上
379713,bad_feet,0,3407,糟糕的脚
557508,loose_belt,0,3407,松垮的腰带
494802,on_shoulder,0,3407,在肩上
14111,candy_cane,0,3405,拐杖糖
440796,triangle,0,3405,三角形
629659,food_on_head,0,3405,头上食物
621930,mandarin_collar,0,3404,中式立领
539295,feather_hair,0,3403,羽毛头发
9335,5koma,0,3402,5格漫画
615041,finger_to_cheek,0,3400,手指戳脸颊
433704,super_saiyan,0,3396,超级赛亚人
531896,2020,0,3391,2020年
540150,puckered_lips,0,3390,噘嘴
15201,soldier,0,3385,士兵
702200,sailor_bikini,0,3385,水手比基尼
350,ramen,0,3382,拉面
396737,striped_bra,0,3381,条纹胸罩
1402835,scene_reference,0,3380,场景参考
1384365,orange_hairband,0,3380,橙色发带
572410,ankle_ribbon,0,3379,脚踝丝带
11433,nipple_rings,0,3378,乳头环
682638,flower_earrings,0,3378,花朵耳环
15667,riding_crop,0,3376,马鞭
407041,profanity,0,3376,脏话
428664,embers,0,3376,余烬
2641,paint,0,3375,颜料
1342770,strappy_heels,0,3375,绑带高跟鞋
505313,torn_sleeves,0,3373,破袖
1488457,grey_horns,0,3371,灰色角
517255,plum_blossoms,0,3370,梅花
670773,happy_valentine,0,3369,快乐情人节
1901,orgy,0,3368,群交
393166,bloom,0,3367,开花
1438722,plunging_neckline,0,3366,深V领口
487143,bamboo_forest,0,3365,竹林
458232,flats,0,3362,平底鞋
528325,red_pantyhose,0,3360,红色连裤袜
440956,fluffy,0,3358,毛茸茸
1394292,blue_serafuku,0,3357,蓝色水手服
1402052,white_cloak,0,3357,白色斗篷
709557,torn_bodysuit,0,3356,破紧身衣
1762322,greyscale_with_colored_background,0,3354,灰阶彩色背景
613940,white_cat,0,3352,白猫
1280149,crescent_earrings,0,3351,新月耳环
1318470,yellow_pupils,0,3351,黄色瞳孔
1371098,purple_umbrella,0,3350,紫色伞
1945860,drill_sidelocks,0,3347,钻头侧鬓
667460,real_life_insert,0,3341,真人插入
144057,harem_outfit,0,3341,后宫装
1315142,pink_scrunchie,0,3339,粉色发圈
6339,dusk,0,3338,黄昏
1481015,hands_in_opposite_sleeves,0,3335,双手互插袖
8796,electric_fan,0,3334,电风扇
1515727,strap_between_breasts,0,3332,胸间绑带
458132,winged_hat,0,3331,翅膀帽
526914,licking_finger,0,3330,舔手指
7526,crotch_rope,0,3329,股绳
482791,tusks,0,3327,獠牙
470441,plastic_bag,0,3326,塑料袋
1343573,holding_arrow,0,3325,手持箭
375231,shirt_tug,0,3324,拉衬衫
1311981,meiji_schoolgirl_uniform,0,3324,明治女学生制服
1613301,obliques,0,3323,腹斜肌
488260,purple_cape,0,3321,紫色披风
617590,wa_maid,0,3321,和风女仆
9002,stethoscope,0,3319,听诊器
533035,undersized_clothes,0,3317,过小衣服
1215711,numbered,0,3314,编号
279898,shell_casing,0,3313,弹壳
1291177,orange_bodysuit,0,3312,橙色紧身衣
546133,ghost_tail,0,3312,幽灵尾巴
503705,paw_shoes,0,3311,爪鞋
1289525,cross_scar,0,3310,十字伤疤
497966,penis_grab,0,3309,抓阴茎
692418,suspender_shorts,0,3307,吊带短裤
1422416,twitter_logo,0,3307,推特标志
16992,see-through_dress,0,3306,透视连衣裙
604468,eye_mask,0,3303,眼罩
617471,female_pov,0,3299,女性视角
505860,tally,0,3299,计数标记
4177,lotion,0,3298,乳液
1463294,holding_controller,0,3297,手持控制器
572264,gold_chain,0,3295,金链子
4773,puppet,0,3293,木偶
665350,microdress,0,3293,超短连衣裙
581551,covered_face,0,3293,遮脸
1443349,blue_cardigan,0,3292,蓝色开衫
695265,clitoral_stimulation,0,3287,阴蒂刺激
448292,porkpie_hat,0,3283,猪肉派帽
380173,seashell,0,3280,贝壳
379595,breast_slip,0,3274,乳滑
1397450,plantar_flexion,0,3274,跖屈
633092,arm_held_back,0,3272,手臂后拉
552818,parted_hair,0,3271,分叉发型
426384,clitoral_hood,0,3271,阴蒂包皮
512534,squirrel_girl,0,3270,松鼠女孩
1480168,white_sports_bra,0,3268,白色运动文胸
722453,thumb_ring,0,3268,拇指环
587679,vibrator_under_clothes,0,3260,衣服下跳蛋
1434382,spade_(shape),0,3260,黑桃(形状)
495857,arm_around_neck,0,3260,手臂搂颈
1383769,dot_mouth,0,3260,点状嘴
586749,mismatched_footwear,0,3260,不对称鞋履
422957,come_hither,0,3258,勾引手势
493298,police_hat,0,3258,警帽
1344680,holding_doll,0,3257,抱玩偶
658525,white_cardigan,0,3255,白色开衫
2025868,cellphone_photo,0,3254,手机拍照
1441888,over-rim_eyewear,0,3254,镜框上方眼镜
1484339,diagonal-striped_bow,0,3254,斜条纹蝴蝶结
1163924,blue_fur,0,3248,蓝色毛发
1874313,covering_own_eyes,0,3244,遮眼
11243,shower_head,0,3242,淋浴喷头
390347,flask,0,3242,烧瓶
1119065,heart-shaped_pillow,0,3240,心形抱枕
516930,hanfu,0,3240,汉服
462454,small_penis,0,3239,小阴茎
665809,hugging_doll,0,3239,抱玩偶
2006755,unworn_helmet,0,3239,未戴头盔
11717,mohawk,0,3239,莫西干头
1497777,multi-strapped_bikini_bottom,0,3239,多带比基尼下装
558702,pinching,0,3238,捏
419192,monkey_tail,0,3238,猴子尾巴
397935,ladder,0,3237,梯子
406406,shoe_dangle,0,3236,鞋尖悬空
586819,energy_wings,0,3236,能量翅膀
8874,pudding,0,3234,布丁
574719,multicolored_swimsuit,0,3233,彩色泳装
713394,hand_on_another's_thigh,0,3230,手放他人大腿
11316,abstract,0,3228,抽象
13958,locker_room,0,3226,更衣室
649327,wide_ponytail,0,3226,宽马尾
1253185,snowflake_hair_ornament,0,3226,雪花发饰
1321301,purple_shorts,0,3223,紫色短裤
407322,smell,0,3220,气味
1551114,covered_abs,0,3220,遮腹
1475838,blue_overalls,0,3219,蓝色工装裤
569544,condom_on_penis,0,3211,阴茎上套安全套
1178138,snowflake_print,0,3209,雪花图案
515468,head-mounted_display,0,3209,头戴式显示器
472424,skull_and_crossbones,0,3208,骷髅与交叉骨
547698,sunburst,0,3208,旭日纹
1515357,orange_theme,0,3207,橙色主题
409789,rubber_boots,0,3207,橡胶靴
607667,checkered_scarf,0,3206,格子围巾
643426,reverse_upright_straddle,0,3205,反向正立跨坐
1396985,holding_sheath,0,3204,手持刀鞘
9554,g-string,0,3204,丁字裤
501057,breastless_clothes,0,3203,露胸装
1304064,black_apron,0,3202,黑色围裙
447780,peeking,0,3201,偷看
520473,beard_stubble,0,3201,胡茬
721674,purple_scarf,0,3201,紫色围巾
420964,hip_bones,0,3199,髋骨
389161,french_fries,0,3198,薯条
637281,mechanical_legs,0,3196,机械腿
1515361,white_theme,0,3194,白色主题
1327736,purple_coat,0,3191,紫色外套
633519,american_flag_bikini,0,3189,美国国旗比基尼
419258,child_on_child,0,3186,儿童互动
2848,wedding,0,3186,婚礼
493584,striped_pants,0,3185,条纹裤
1819565,jirai_kei,0,3185,地雷系
1326377,black_corset,0,3183,黑色束腰
489623,glowstick,0,3181,荧光棒
1338640,yellow_scrunchie,0,3178,黄色发圈
433752,yunomi,0,3177,汤饮杯
662701,brown_ribbon,0,3177,棕色丝带
15996,moonlight,0,3176,月光
481778,stage_lights,0,3176,舞台灯光
816551,jackal_ears,0,3174,胡狼耳
464876,bento,0,3172,便当
1637933,evolutionary_line,0,3172,进化链
523426,hand_grab,0,3171,手抓
2316,carpet,0,3168,地毯
1447394,whistle_around_neck,0,3168,颈挂哨子
640820,spoken_anger_vein,0,3166,怒青筋
9101,cigar,0,3166,雪茄
511736,heart_in_mouth,0,3166,口中爱心
1627141,gae_bolg_(fate),0,3164,刺穿死棘之枪(Fate)
587435,side_cutout,0,3164,侧边镂空
1300390,bandaged_head,0,3163,绷带头
619992,world_war_ii,0,3161,第二次世界大战
1928414,high_side_ponytail,0,3160,高侧马尾
526974,coffee_cup,0,3160,咖啡杯
1343802,holding_basket,0,3159,提篮子
1431325,mismatched_bikini,0,3159,不对称比基尼
429439,fetal_position,0,3156,胎儿姿势
521817,black_feathers,0,3156,黑色羽毛
471577,red_socks,0,3156,红色袜子
459289,blue_lips,0,3156,蓝色嘴唇
449624,bass_guitar,0,3153,贝斯吉他
590943,neck_ruff,0,3153,颈饰褶边
1409831,kuromorimine_military_uniform,0,3152,黑森峰女子学园制服
7867,orc,0,3145,兽人
1261354,feather_trim,0,3144,羽毛镶边
578713,giving,0,3143,给予
10631,paddle,0,3142,桨
2490,pirate,0,3140,海盗
1252969,white_nails,0,3140,白色指甲
1287705,song_name,0,3138,歌曲名
399594,urethra,0,3137,尿道
540097,turtle_shell,0,3136,龟壳
437149,tongue_piercing,0,3135,舌钉
470159,jealous,0,3133,嫉妒
410379,praying,0,3125,祈祷
510070,:i,0,3124,:i(表情)
160066,driving,0,3122,驾驶
699975,shoulder_spikes,0,3122,肩部尖刺
402204,holding_panties,0,3119,手持内裤
1328016,o-ring_choker,0,3118,O形环项圈
381372,cold,0,3117,寒冷
1349485,clover_hair_ornament,0,3116,三叶草发饰
375272,evening_gown,0,3115,晚礼服
1582499,scar_on_forehead,0,3115,额头伤疤
32298,duffel_bag,0,3113,行李袋
610726,shared_clothes,0,3112,共享衣物
1392007,pink_bodysuit,0,3110,粉色连体衣
1258390,holding_leash,0,3108,手持牵引绳
1474162,gekkoukan_high_school_uniform,0,3108,月光馆高中校服
9921,panda,0,3107,熊猫
692860,alternate_legwear,0,3106,不对称腿饰
486062,on_lap,0,3102,膝上坐
390154,left-to-right_manga,0,3102,从左到右阅读漫画
1312065,chinese_knot,0,3099,中国结
10340,shark,0,3096,鲨鱼
699142,diamond-shaped_pupils,0,3095,菱形瞳孔
482936,long_pointy_ears,0,3089,长尖耳
675346,frilled_ribbon,0,3088,荷叶边丝带
1350232,orange_shorts,0,3084,橙色短裤
400905,talisman,0,3082,符咒
1446770,instant_loss,0,3082,瞬间败北
456655,broken_glass,0,3081,碎玻璃
1386147,holding_hammer,0,3080,手持锤子
2006756,unworn_shirt,0,3080,未穿衬衫
581705,sitting_on_desk,0,3079,坐于桌上
776463,enpera,0,3079,恩佩拉
409034,bite_mark,0,3078,咬痕
556999,two-footed_footjob,0,3076,双脚足交
3874,sink,0,3076,水槽
1984282,cum_on_male,0,3076,精液在男性身上
468923,screaming,0,3073,尖叫
575698,torn_cape,0,3073,破损披风
550123,sitting_on_face,0,3072,坐脸
514239,holding_condom,0,3070,手持避孕套
417408,keyhole,0,3070,钥匙孔
700189,finger_in_another's_mouth,0,3069,手指伸入他人口中
612542,bow_bikini,0,3068,蝴蝶结比基尼
572679,rubbing_eyes,0,3067,揉眼睛
676653,mouse_(computer),0,3064,鼠标(电脑)
1793456,cooperative_fellatio,0,3063,合作口交
10309,fashion,0,3061,时尚
673057,matching_outfits,0,3060,配套服装
622606,anime_coloring,0,3057,动漫上色
1389873,orange_kimono,0,3055,橙色和服
1457889,red_armband,0,3055,红色臂章
466898,strangling,0,3053,勒颈
1723482,flame-tipped_tail,0,3052,火焰尾尖
1321704,string_of_flags,0,3051,旗帜串
653053,strapless_shirt,0,3050,无肩带上衣
628271,turning_head,0,3047,转头
1482386,tiger_boy,0,3047,虎男孩
474252,path,0,3046,小径
393321,scratches,0,3046,抓痕
615392,hair_horns,0,3046,发角
1268348,pawpads,0,3045,肉垫
10412,shaved_ice,0,3044,刨冰
242,princess,0,3044,公主
1343930,black_hakama,0,3043,黑色袴
644284,holding_sign,0,3043,手持标牌
413035,soccer_ball,0,3041,足球
438849,pill,0,3041,药丸
1631337,shimakaze_(kancolle)_(cosplay),0,3039,岛风(舰队Collection)(cosplay)
961827,pink_hoodie,0,3038,粉色连帽衫
12396,ice_cube,0,3037,冰块
1449257,gem_uniform_(houseki_no_kuni),0,3034,宝石制服(宝石之国)
10168,suspension,0,3033,悬吊
1515354,brown_theme,0,3031,棕色主题
645791,patterned_background,0,3030,图案背景
395226,shoulder_carry,0,3030,肩扛
390993,sigh,0,3026,叹气
473040,tombstone,0,3026,墓碑
1856853,asticassia_school_uniform,0,3024,阿斯提卡西亚校服
684621,puffy_detached_sleeves,0,3022,蓬松分离袖
616023,aqua_dress,0,3019,水色连衣裙
1521615,skin_fangs,0,3018,皮肤獠牙
691977,egyptian_clothes,0,3017,埃及服饰
409526,thigh_sex,0,3016,腿交
484124,deer_ears,0,3015,鹿耳
573757,beach_towel,0,3014,沙滩巾
549590,uneven_gloves,0,3013,不对称手套
862221,club_(weapon),0,3010,棍棒(武器)
1411720,medium_dress,0,3008,中长裙
554120,dirty_face,0,3007,脏脸
376473,mallet,0,3006,木槌
426146,fur_coat,0,3005,毛皮大衣
1499947,looking_over_eyewear,0,3004,从眼镜上方看
1403936,bodysuit_under_clothes,0,2999,衣服下的紧身衣
374334,open_shorts,0,2998,敞开短裤
717296,hand_in_another's_hair,0,2997,手插在他人头发里
1234797,foot_up,0,2995,抬脚
3917,toothbrush,0,2992,牙刷
468817,flower_wreath,0,2990,花环
640801,clothes_in_mouth,0,2989,嘴里叼着衣服
400527,skirt_tug,0,2988,拉裙子
11486,jellyfish,0,2986,水母
482447,tailcoat,0,2984,燕尾服
1373030,pink-framed_eyewear,0,2983,粉色框眼镜
1344462,blue_apron,0,2982,蓝色围裙
1305007,chest_belt,0,2982,胸部束带
1330014,year_of_the_tiger,0,2982,虎年
859661,red_cloak,0,2979,红色斗篷
5871,restaurant,0,2976,餐厅
876681,year_of_the_rabbit,0,2972,兔年
1261917,looking_at_phone,0,2971,看手机
1434570,hadanugi_dousa,0,2968,肌襦袢动作
475709,bandaid_on_pussy,0,2966,私处创可贴
664440,lace-trimmed_dress,0,2965,蕾丝边连衣裙
662500,caterpillar_tracks,0,2962,履带
700045,stray_pubic_hair,0,2962,散乱阴毛
1307801,feather_earrings,0,2962,羽毛耳环
1427258,holding_sack,0,2961,抱着袋子
14074,raincoat,0,2960,雨衣
380573,quill,0,2956,羽毛笔
525182,santa_bikini,0,2956,圣诞比基尼
1502082,brown_sweater_vest,0,2952,棕色毛衣背心
513765,broken_horn,0,2950,断角
588453,laurel_crown,0,2948,桂冠
1975377,loose_hair_strand,0,2946,松散发丝
477184,large_hat,0,2945,大帽子
519626,on_table,0,2941,在桌子上
1468295,quarter_note,0,2939,四分音符
618149,yugake,0,2938,弓悬
427771,omelet,0,2937,煎蛋卷
69844,pig,0,2937,猪
297185,drumsticks,0,2935,鼓槌
633809,eastern_dragon,0,2935,东方龙
414783,padlock,0,2935,挂锁
673352,flaming_eye,0,2932,燃烧之眼
702226,holding_cat,0,2931,抱猫
410525,typo,0,2929,错字
468765,pith_helmet,0,2929,遮阳帽
398229,people,0,2928,人群
3537,sticker,0,2928,贴纸
400119,melting,0,2927,融化
390096,hill,0,2927,山丘
1403984,brown_capelet,0,2927,棕色短披肩
1279634,mating_press,0,2923,交配姿势
1298625,open-chest_sweater,0,2920,开胸毛衣
1667891,pom_pom_hair_ornament,0,2918,绒球发饰
377197,desert,0,2917,沙漠
494832,faux_traditional_media,0,2915,仿传统媒介
382047,sunrise,0,2911,日出
444189,arabian_clothes,0,2911,阿拉伯服装
1446284,looking_at_animal,0,2910,看向动物
527607,magazine_(object),0,2905,杂志(物品)
1262166,seamed_legwear,0,2905,缝线袜
662965,tokkuri,0,2901,德利瓶
1609053,twitching_penis,0,2901,阴茎抽动
466731,ear_tag,0,2901,耳标
421506,head_grab,0,2900,抓头
625484,glitch,0,2900,故障
378452,hand_in_panties,0,2899,手伸进内裤
1333530,grey_fur,0,2899,灰色毛发
1315557,grey_bow,0,2899,灰色蝴蝶结
570082,swirl_lollipop,0,2895,螺旋棒棒糖
405207,arch,0,2895,拱门
25477,chemise,0,2893,衬裙
661191,aqua_skirt,0,2892,水色裙子
605757,pant_suit,0,2891,裤套装
595850,hooded_cape,0,2891,连帽斗篷
399308,walk-in,0,2889,走入
687728,hands_on_own_head,0,2886,双手抱头
2553,basketball,0,2884,篮球
1467949,single_ear_cover,0,2883,单耳遮盖
602427,wrestling_outfit,0,2880,摔角服
9032,attack,0,2877,攻击
379555,graffiti,0,2875,涂鸦
484578,disembodied_head,0,2874,分离的头
1700602,thick_arms,0,2874,粗手臂
1334708,holding_paintbrush,0,2872,手持画笔
1350604,cat_ear_panties,0,2872,猫耳内裤
844443,red_umbrella,0,2871,红伞
1422826,sangvis_ferri,0,2869,铁血工造
445826,phimosis,0,2867,包茎
784913,wife_and_wife,0,2866,妻妻
528555,flat_ass,0,2865,平臀
477241,birthday_cake,0,2865,生日蛋糕
1338653,fur_scarf,0,2865,毛皮围巾
619600,zombie_pose,0,2856,僵尸姿势
686220,pink_sleeves,0,2853,粉色袖子
388452,sweets,0,2852,甜食
1247633,narrowed_eyes,0,2851,眯眼
396063,asphyxiation,0,2850,窒息
422821,safety_pin,0,2849,安全别针
669792,futa_with_male,0,2849,扶她与男性
1076181,flower_(symbol),0,2849,花(符号)
11943,zero_suit,0,2844,零式服
13691,bomber_jacket,0,2844,轰炸机夹克
553947,>_o,0,2844,>_o(表情)
1399795,no_eyewear,0,2843,无眼镜
379208,smelling,0,2840,闻
1338775,patterned_clothing,0,2840,花纹服装
1943362,very_sweaty,0,2840,大汗淋漓
1451957,naoetsu_high_school_uniform,0,2835,直越高中制服
1390886,brown_kimono,0,2834,棕色和服
109323,cliff,0,2834,悬崖
1286664,kabedon,0,2834,壁咚
469020,rice_bowl,0,2831,饭碗
613439,roman_numeral,0,2831,罗马数字
1420004,blur_censor,0,2829,模糊遮挡
404541,hexagram,0,2826,六芒星
1253523,\||/,0,2826,\||/(表情)
13606,cervix,0,2826,子宫颈
821841,2019,0,2826,2019
1330708,purple_sweater,0,2824,紫色毛衣
393832,impregnation,0,2824,受孕
1438761,high-waist_pants,0,2823,高腰裤
375083,tuxedo,0,2820,燕尾服
598410,ceiling_light,0,2820,吊灯
473703,car_interior,0,2818,车内
104991,have_to_pee,0,2818,想上厕所
688904,overskirt,0,2818,外裙
420294,yellow_skin,0,2817,黄色皮肤
422126,moss,0,2815,苔藓
1597364,chain_leash,0,2812,链式项圈
543351,crossed_bandaids,0,2812,交叉创可贴
423600,bit_gag,0,2810,口球
1416804,orange_scrunchie,0,2809,橙色发圈
189096,anal_fingering,0,2808,肛门指交
2626,volleyball,0,2807,排球
622943,cover_image,0,2806,封面图
4031,negligee,0,2805,薄纱睡衣
673610,green_choker,0,2805,绿色项圈
381887,caught,0,2803,被抓住
395568,cyberpunk,0,2803,赛博朋克
1768472,borrowed_clothes,0,2802,借来的衣服
14927,dessert,0,2801,甜点
643796,power_symbol,0,2797,力量符号
534340,calendar_(object),0,2794,日历(物品)
1578780,diagonal-striped_necktie,0,2793,斜条纹领带
653262,back_tattoo,0,2791,背部纹身
16335,spatula,0,2791,锅铲
1404865,brown_sailor_collar,0,2791,棕色水手领
518423,black_leggings,0,2791,黑色紧身裤
666929,light_trail,0,2789,光轨
564233,hand_on_hilt,0,2788,手按刀柄
1161083,2018,0,2787,2018
418007,o3o,0,2786,o3o(表情)
664066,aqua_ribbon,0,2786,水蓝色缎带
673694,large_tail,0,2786,大尾巴
1695986,tied_up_(nonsexual),0,2785,被绑(非色情)
1581461,bread_slice,0,2785,面包片
467696,black_rose,0,2779,黑玫瑰
697213,averting_eyes,0,2779,移开视线
550621,head_back,0,2778,仰头
433619,dreadlocks,0,2777,脏辫
87501,wire,0,2776,铁丝
499060,ainu_clothes,0,2776,阿伊努服饰
1344665,yellow_vest,0,2774,黄色背心
539585,sleeping_upright,0,2773,坐着睡
657424,candlestand,0,2772,烛台
455175,smiley_face,0,2768,笑脸
1416546,red_hoodie,0,2767,红色连帽衫
1052255,drawing_(object),0,2766,画作
481514,white_suit,0,2765,白色西装
1260991,pink_pants,0,2764,粉色裤子
1331430,bandaid_on_arm,0,2764,手臂创可贴
511515,grimace,0,2763,龇牙咧嘴
396726,wreath,0,2763,花环
1268355,carrot_necklace,0,2762,胡萝卜项链
1253396,character_hair_ornament,0,2762,角色发饰
1370858,mechanical_horns,0,2762,机械角
880368,humanoid_robot,0,2760,人形机器人
2075856,pulling_another's_clothes,0,2757,拉扯他人衣服
1374594,grey-framed_eyewear,0,2756,灰色框眼镜
398742,pastry,0,2755,糕点
1277599,ribbon-trimmed_skirt,0,2754,缎带镶边裙子
683211,carrying_over_shoulder,0,2754,扛在肩上
379432,lights,0,2752,灯光
663171,sun_symbol,0,2752,太阳符号
457376,milk_bottle,0,2751,牛奶瓶
1605926,see-through_legwear,0,2750,透肉腿袜
555933,sword_of_hisou,0,2750,飞苍剑
1423058,facing_to_the_side,0,2749,侧身
712510,bare_hips,0,2748,裸露胯部
601821,nape,0,2748,后颈
1673151,uneven_sleeves,0,2748,不对称袖子
480812,steam_censor,0,2745,蒸汽遮挡
478965,light_bulb,0,2745,灯泡
560724,belly_chain,0,2744,腹部链饰
909672,star_halo,0,2744,星星光环
521350,color_guide,0,2742,配色指南
1606642,white_male_underwear,0,2741,白色男式内裤
3139,samurai,0,2735,武士
478424,striker_unit,0,2734,前锋单位
377993,petting,0,2730,抚摸
647581,look-alike,0,2728,相似者
1285391,turtleneck_dress,0,2728,高领连衣裙
646637,cocktail_glass,0,2727,鸡尾酒杯
1243347,mega_pokemon,0,2726,超级宝可梦
514885,after_kiss,0,2725,接吻后
491230,horseback_riding,0,2724,骑马
453104,cameo,0,2724,客串
506895,ankle_cuffs,0,2721,脚踝铐
1505132,russian_text,0,2721,俄语文字
835764,untied_panties,0,2719,解开的内裤
3993,mop,0,2718,拖把
1241321,striped_horns,0,2718,条纹角
623327,creator_connection,0,2718,创作者关联
666137,aqua_bikini,0,2718,水色比基尼
1328259,multiple_moles,0,2717,多颗痣
1476167,holding_handheld_game_console,0,2716,手持掌机
1665195,reference_inset,0,2715,参考插图
1397369,year_of_the_ox,0,2712,牛年
478305,striped_sleeves,0,2711,条纹袖子
1270535,curtained_hair,0,2710,窗帘式刘海
403183,nail,0,2709,指甲
427930,liquid,0,2708,液体
475076,cat_hat,0,2707,猫帽子
660754,aqua_shirt,0,2707,水色衬衫
485269,clothes_hanger,0,2706,衣架
514196,cat_print,0,2703,猫图案
222208,eraser,0,2702,橡皮擦
1336227,red_bag,0,2702,红色包包
1853,tribadism,0,2701,磨镜
839099,green_lips,0,2701,绿色嘴唇
1538888,kitauji_high_school_uniform,0,2701,北宇治高中校服
1410787,st._gloriana's_school_uniform,0,2700,圣葛罗莉安娜学院校服
490692,shading_eyes,0,2699,遮眼
1438860,black_sash,0,2698,黑色腰带
1618015,slime_(creature),0,2697,史莱姆(生物)
879036,false_smile,0,2696,假笑
1356833,frilled_capelet,0,2696,荷叶边短披肩
1231015,character_print,0,2695,角色印花
448198,shako_cap,0,2695,夏柯帽
16614,diadem,0,2695,头冠
3054,curry,0,2694,咖喱
1233843,impossible_bodysuit,0,2694,不可能紧身衣
416356,corpse,0,2693,尸体
452530,ok_sign,0,2692,OK手势
555866,pillow_grab,0,2692,抓枕头
484182,nose_piercing,0,2691,鼻环
1393295,orange_choker,0,2690,橙色项圈
10638,boxers,0,2689,平角内裤
461720,buzz_cut,0,2687,板寸头
1426454,holding_clipboard,0,2686,手持写字板
1360724,brown_cape,0,2686,棕色披风
8279,church,0,2683,教堂
374542,daisy,0,2683,雏菊
498627,short_sword,0,2681,短剑
1204400,playing_with_own_hair,0,2680,玩自己头发
1345684,holding_syringe,0,2679,手持注射器
514943,torn_shorts,0,2679,破洞短裤
1240596,mole_on_neck,0,2679,颈痣
475212,very_long_sleeves,0,2678,超长袖
420749,turban,0,2677,头巾
551169,transparent_umbrella,0,2672,透明伞
495002,skirt_around_one_leg,0,2669,裙子绕一条腿
644564,butterfly_print,0,2669,蝴蝶印花
911862,mask_pull,0,2669,拉口罩
631055,tree_shade,0,2668,树荫
460050,sleep_molestation,0,2665,睡奸
495234,inflatable_toy,0,2665,充气玩具
655271,naked_jacket,0,2665,裸穿外套
530881,spilling,0,2663,洒出
1835734,red_one-piece_swimsuit,0,2663,红色连体泳衣
643401,dragon_boy,0,2663,龙男孩
550560,oni_mask,0,2658,鬼面具
417809,denim_skirt,0,2657,牛仔裙
724196,thigh_pouch,0,2657,大腿包
10736,spandex,0,2656,氨纶
648389,spread_fingers,0,2656,张开手指
854287,ribbed_legwear,0,2654,罗纹袜
379744,counter,0,2652,柜台
1305912,notched_lapels,0,2650,V形翻领
585851,bound_ankles,0,2649,脚踝束缚
433470,fanny_pack,0,2649,腰包
540105,fleeing,0,2647,逃跑
440361,lipstick_mark,0,2646,口红印
1513962,tam_o'_shanter,0,2645,苏格兰便帽
632927,alternate_headwear,0,2641,替换头饰
556491,convenient_arm,0,2640,便利手臂
1281997,asymmetrical_horns,0,2640,不对称角
1418114,green_hoodie,0,2639,绿色连帽衫
413782,d-pad,0,2638,方向键
695921,white_sash,0,2637,白色腰带
1161081,2016,0,2629,2016年
1412053,magatama_necklace,0,2628,勾玉项链
690509,purple_sky,0,2627,紫色天空
1408089,star_choker,0,2627,星星项圈
667237,oversized_animal,0,2626,超大型动物
1726780,egg_(food),0,2626,蛋(食物)
667586,single_pauldron,0,2625,单肩甲
1414514,purple_sailor_collar,0,2622,紫色水手领
10861,town,0,2620,城镇
419919,diving_mask,0,2620,潜水镜
519346,short_bangs,0,2619,短刘海
410599,crotchless_panties,0,2618,开裆内裤
379758,cave,0,2617,洞穴
458230,strapless_bra,0,2615,无肩带胸罩
1289190,vertical-striped_skirt,0,2615,竖条纹裙子
1448374,reflective_water,0,2614,倒映水面
479466,fine_art_parody,0,2613,名画恶搞
1608327,mixed-language_text,0,2613,混合语言文字
1494963,orange-tinted_eyewear,0,2611,橙色眼镜
546937,cracked_skin,0,2610,龟裂皮肤
8371,hamster,0,2610,仓鼠
539390,insignia,0,2610,徽章
711978,clothed_animal,0,2609,穿衣动物
419890,rug,0,2608,地毯
399776,torch,0,2608,火炬
1614785,finger_to_own_chin,0,2607,手指抵下巴
381796,satchel,0,2603,挎包
439517,nose_bubble,0,2602,鼻涕泡
374503,strawberry_shortcake,0,2602,草莓奶油蛋糕
1670355,furry_with_furry,0,2602,兽人与兽人
376636,confused,0,2601,困惑
488880,fourth_wall,0,2601,打破第四面墙
1174935,hand_on_own_leg,0,2599,手放在自己腿上
4381,ufo,0,2598,UFO
631042,pool_ladder,0,2598,泳池梯子
442051,dust,0,2596,灰尘
669534,clothes_down,0,2594,衣物褪下
2909,cyclops,0,2593,独眼巨人
1373028,yellow-framed_eyewear,0,2592,黄色镜框眼镜
5058,surfboard,0,2591,冲浪板
429442,patch,0,2590,补丁
1793517,legwear_garter,0,2589,腿袜吊带
389909,potato_chips,0,2589,薯片
498823,burning,0,2588,燃烧
1391834,feather-trimmed_sleeves,0,2587,羽毛袖口
1916192,traditional_nun,0,2584,传统修女
561087,covering_nipples,0,2582,遮住乳头
403072,rocket_launcher,0,2581,火箭筒
1409556,ooarai_military_uniform,0,2581,大洗女子学园制服
385780,high_contrast,0,2580,高对比度
384086,jet,0,2580,喷气机
435180,bad_hands,0,2579,画崩的手
519892,naked_coat,0,2578,裸体外套
1513986,creature_and_personification,0,2578,生物与拟人化
377200,balcony,0,2577,阳台
442279,vial,0,2577,小瓶
562075,plaid_bikini,0,2576,格子比基尼
434965,studded_belt,0,2571,铆钉腰带
876848,bandage_on_face,0,2571,脸上绷带
541927,manga_(object),0,2571,漫画(物体)
402726,spanked,0,2570,打屁股
1739,shrimp,0,2568,虾
470701,cube,0,2565,立方体
635465,twitching,0,2561,抽搐
674367,starry_sky_print,0,2559,星空印花
701781,calendar_(medium),0,2558,日历(媒介)
1793464,cheating_(relationship),0,2556,出轨(关系)
502382,hyur,0,2555,人类
398959,trick_or_treat,0,2554,不给糖就捣蛋
416493,red_sky,0,2554,红色天空
541224,heart_hands_duo,0,2553,双人比心
410605,shared_scarf,0,2552,共享围巾
1609998,after_ejaculation,0,2551,射精后
425236,pulling,0,2550,拉扯
1557673,pendant_choker,0,2550,吊坠项圈
1161082,2017,0,2547,2017年
1343849,fellatio_gesture,0,2546,口交手势
536151,snake_tail,0,2546,蛇尾
635980,impossible_leotard,0,2544,不可能紧身衣
641695,aerial_fireworks,0,2543,空中烟花
5494,harem,0,2540,后宫
1268086,pink_bag,0,2539,粉色包包
77315,worried,0,2538,担心
447322,korean_clothes,0,2538,韩服
423171,prayer_beads,0,2537,念珠
1598810,nontraditional_playboy_bunny,0,2537,非传统兔女郎
612699,dirty_clothes,0,2537,脏衣服
493037,drawer,0,2534,抽屉
453756,;3,0,2534,;3(表情)
670532,holding_pencil,0,2532,手持铅笔
542457,2015,0,2532,2015年
1787327,shuuchiin_academy_school_uniform,0,2532,秀知院学园校服
421313,product_placement,0,2531,产品植入
461237,skewer,0,2529,串
576093,hands_on_lap,0,2529,手放膝上
551641,thigh_ribbon,0,2529,大腿丝带
1276335,fur-trimmed_legwear,0,2528,毛边腿饰
1227460,hands_on_another's_head,0,2527,手放他人头上
6267,whale,0,2526,鲸鱼
526532,oversized_shirt,0,2524,超大衬衫
528616,drone,0,2524,无人机
492858,lemon_slice,0,2522,柠檬片
1342607,holding_lantern,0,2522,手持灯笼
511657,alternate_form,0,2520,其他形态
2281,festival,0,2519,节日
521722,nengajou,0,2519,年贺状
1574672,two-sided_cape,0,2519,双面披风
1098217,drawing_tablet,0,2518,绘图板
1332003,champagne_flute,0,2516,香槟笛杯
1577661,dynamax_band,0,2516,极巨腕带
383903,vending_machine,0,2513,自动售货机
1442709,fewer_digits,0,2512,少指
453886,cosmetics,0,2511,化妆品
394155,instrument_case,0,2509,乐器盒
547292,reflective_floor,0,2509,反光地板
480182,keyboard_(instrument),0,2508,键盘乐器
645001,assault_visor,0,2508,突击面罩
381727,open_skirt,0,2507,敞开裙子
401614,tennis_uniform,0,2505,网球服
1372686,shark_hood,0,2505,鲨鱼连帽衫
454425,juice_box,0,2504,果汁盒
423438,racket,0,2503,球拍
287085,boxing_gloves,0,2503,拳击手套
1262479,plaid_bowtie,0,2501,格子领结
661899,glowing_sword,0,2500,发光剑
6327,afro,0,2500,爆炸头
1362227,holding_stick,0,2498,手持棍棒
1317604,panty_straps,0,2498,内裤吊带
1570687,starter_pokemon_trio,0,2498,御三家宝可梦
1964758,fake_phone_screenshot,0,2497,假手机截图
1373024,white-framed_eyewear,0,2496,白框眼镜
5983,briefs,0,2495,三角内裤
1392029,multicolored_bodysuit,0,2493,彩色紧身衣
455722,curtain_grab,0,2489,抓窗帘
428250,plectrum,0,2488,拨片
494944,flexing,0,2485,展示肌肉
118742,team_rocket,0,2485,火箭队
498946,turnaround,0,2484,转身展示
1330230,black_wristband,0,2484,黑色腕带
8721,breast_bondage,0,2483,胸部束缚
405548,tail_bell,0,2482,尾巴铃铛
539771,incoming_gift,0,2480,收到礼物
1691759,censored_nipples,0,2476,打码乳头
8235,shuriken,0,2475,手里剑
1447450,d-pad_hair_ornament,0,2472,十字键发饰
565089,caustics,0,2471,焦散效果
378768,dreaming,0,2470,做梦
381083,sketchbook,0,2466,速写本
506562,tri_tails,0,2464,三尾
1912119,champion's_tunic_(zelda),0,2464,勇者之衣(塞尔达)
396962,sweatband,0,2463,吸汗头带
543193,spread_wings,0,2461,展开翅膀
1113198,latex_bodysuit,0,2461,乳胶紧身衣
1314744,yellow_choker,0,2460,黄色项圈
488259,skull_mask,0,2459,骷髅面具
468635,coral,0,2458,珊瑚
1409793,grey_kimono,0,2455,灰色和服
564526,vertical-striped_pantyhose,0,2454,竖条纹连裤袜
379983,under_table,0,2452,桌下
1999097,little_busters!_school_uniform,0,2452,小小克星！校服
1769934,finger_in_own_mouth,0,2447,手指放入自己口中
379794,cafe,0,2447,咖啡馆
148824,dove,0,2446,鸽子
413859,footprints,0,2444,脚印
523897,fried_egg,0,2444,煎蛋
513424,millipen_(medium),0,2443,千禧笔(中号)
457115,when_you_see_it,0,2442,当你看到它
481420,blood_stain,0,2442,血迹
559145,school_hat,0,2440,学校帽子
12284,gown,0,2439,长袍
501554,sweater_around_waist,0,2438,腰间系毛衣
1383226,ofuda_on_clothes,0,2438,衣服上的符咒
1378575,monsterification,0,2437,怪物化
1282702,wooden_bucket,0,2435,木桶
466439,sparks,0,2434,火花
570969,red_armor,0,2432,红色盔甲
617893,sleeping_on_person,0,2432,睡在别人身上
1274924,hand_on_another's_ass,0,2431,手放在别人屁股上
530877,lace_bra,0,2429,蕾丝胸罩
1651209,fanbox_username,0,2429,Fanbox用户名
670645,tactical_clothes,0,2427,战术服装
1039733,licking_nipple,0,2425,舔乳头
465814,video_camera,0,2422,摄像机
1439570,tall_female,0,2422,高挑女性
585,taiyaki,0,2421,鲷鱼烧
9534,trumpet,0,2420,小号
5114,turtle,0,2420,乌龟
499,toast,0,2418,吐司
4510,crepe,0,2418,可丽饼
478938,impossible_dress,0,2417,不可能连衣裙
1353605,standing_on_liquid,0,2417,站在液体上
1452471,hikarizaka_private_high_school_uniform,0,2416,光坂私立高中校服
1269637,hands_on_headwear,0,2415,手放在头饰上
466441,sweet_potato,0,2415,红薯
1435804,bisexual_female,0,2415,双性恋女性
560134,u_u,0,2415,u_u(表情)
430139,single_vertical_stripe,0,2414,单竖条纹
16150,keychain,0,2411,钥匙扣
1281566,spiked_armlet,0,2411,尖刺臂环
1346997,holding_whip,0,2407,手持鞭子
1837805,traditional_youkai,0,2404,传统妖怪
1926062,millennium_cheerleader_outfit_(blue_archive),0,2400,千年啦啦队服(碧蓝档案)
1617800,see-through_leotard,0,2399,透视紧身衣
1396796,green_neckerchief,0,2397,绿色围巾
469082,milk_carton,0,2397,牛奶盒
1791862,industrial_pipe,0,2397,工业管道
533490,adjusting_gloves,0,2396,调整手套
1610038,o-ring_thigh_strap,0,2396,O形环大腿带
1743,baseball,0,2389,棒球
2130,tanuki,0,2389,狸猫
175633,comb,0,2388,梳子
558703,cheek_pinching,0,2388,捏脸颊
699964,pocky_day,0,2385,百奇日
548895,frilled_socks,0,2384,荷叶边袜子
421443,spinning,0,2384,旋转
1333731,hands_on_own_thighs,0,2383,手放在自己大腿上
460720,wind_chime,0,2383,风铃
2022435,cone_horns,0,2381,锥形角
1240137,swim_briefs,0,2380,泳裤
610198,leotard_pull,0,2380,拉紧身衣
1320208,grey_necktie,0,2379,灰色领带
380490,alarm_clock,0,2378,闹钟
1552758,breast_curtain,0,2378,胸帘
460146,hitachi_magic_wand,0,2375,日立魔棒
1307551,holstered,0,2374,已入鞘
440406,buck_teeth,0,2372,龅牙
390242,variations,0,2371,变体
15222,alley,0,2371,小巷
478170,anti-materiel_rifle,0,2371,反器材步枪
819855,puffy_shorts,0,2370,蓬松短裤
378083,barrel,0,2370,桶
1409106,head_on_pillow,0,2367,头枕枕头
1416333,cherry_blossom_print,0,2366,樱花印花
414749,helm,0,2365,头盔
1402473,blue_sash,0,2364,蓝色腰带
1574674,two-sided_jacket,0,2363,双面夹克
512488,crotch_plate,0,2361,胯部护甲
1304010,pink_pupils,0,2361,粉色瞳孔
664405,plaid_necktie,0,2359,格子领带
589583,kappougi,0,2358,割烹着
408254,tripping,0,2355,绊倒
613216,multicolored_legwear,0,2354,多色腿饰
1456557,hair_through_headwear,0,2354,头发穿过头饰
1306104,orange_scarf,0,2351,橙色围巾
1401971,backless_leotard,0,2351,露背紧身衣
600284,cheek_poking,0,2348,戳脸颊
14562,holly,0,2348,冬青
1296384,multicolored_gloves,0,2346,多色手套
2060120,holding_swim_ring,0,2344,手持游泳圈
577309,multiple_condoms,0,2343,多个避孕套
15412,refrigerator,0,2339,冰箱
1506804,pearl_(gemstone),0,2338,珍珠
566340,loose_clothes,0,2337,宽松衣服
599839,horned_helmet,0,2336,角盔
639779,mechanical_tail,0,2336,机械尾巴
412950,rubble,0,2333,瓦砾
516894,tokusatsu,0,2332,特摄
403432,hooves,0,2330,蹄子
423281,mini-hakkero,0,2327,迷你八卦炉
435549,veranda,0,2326,阳台
974780,stomach_cutout,0,2324,腹部镂空
527651,naked_sheet,0,2322,裸身裹被单
450205,prehensile_hair,0,2322,可操控头发
1514953,cropped_shoulders,0,2319,露肩剪裁
521422,skull_print,0,2319,骷髅印花
10884,crotch_rub,0,2318,摩擦胯部
645771,seigaiha,0,2317,青海波
5707,chaps,0,2316,皮裤
7827,whisk,0,2316,拂尘
593715,bird_on_hand,0,2315,手上站鸟
683983,poke_ball_print,0,2315,精灵球图案
1606641,black_male_underwear,0,2315,黑色男式内裤
476158,traffic_light,0,2313,红绿灯
391066,roller_skates,0,2313,轮滑鞋
1499389,patchwork_skin,0,2312,拼布皮肤
546293,happy_tears,0,2311,喜极而泣
381921,energy_ball,0,2309,能量球
1345660,leaning_on_object,0,2308,倚靠物体
3946,faucet,0,2305,水龙头
478617,stripper_pole,0,2305,钢管舞杆
992674,emoji,0,2305,表情符号
638777,ritual_baton,0,2305,仪式法杖
1320347,octarian,0,2305,章鱼族
1781330,nijigasaki_academy_school_uniform,0,2305,虹咲学园校服
459931,prostitution,0,2302,卖淫
380358,setsubun,0,2302,节分
608539,column_lineup,0,2300,列队
650139,clothed_female_nude_female,0,2297,穿衣女与裸体女
2560,wrestling,0,2292,摔跤
408365,tape_gag,0,2292,胶带封口
1411023,st._gloriana's_military_uniform,0,2290,圣格洛丽安娜学院军服
1378645,constellation_print,0,2289,星座图案
472861,ovum,0,2287,卵子
378821,watering_can,0,2284,喷壶
440374,leg_belt,0,2282,腿环
1317359,floating_clothes,0,2282,漂浮衣物
1394090,see-through_skirt,0,2282,透视裙
1454154,black_pubic_hair,0,2281,黑色阴毛
422427,sports_bikini,0,2280,运动比基尼
1826631,tracen_training_uniform,0,2280,特雷森训练服
419280,between_thighs,0,2279,双腿之间
991822,blue_eyeshadow,0,2279,蓝色眼影
642312,handsfree_ejaculation,0,2277,免手射精
548540,puckered_anus,0,2277,收缩肛门
1242767,star_necklace,0,2275,星星项链
1353409,fine_fabric_emphasis,0,2274,细腻布料强调
470025,open_pants,0,2273,开裆裤
586859,beckoning,0,2273,招手
1339894,fishnet_top,0,2273,渔网上衣
549321,cum_on_penis,0,2273,阴茎上精液
667138,hikimayu,0,2273,引眉
1543640,inverted_bob,0,2272,内卷波波头
512237,identity_censor,0,2272,身份遮挡
1478253,drop_earrings,0,2271,垂坠耳环
483095,birthmark,0,2271,胎记
380154,squirrel,0,2270,松鼠
638540,multicolored_bikini,0,2269,彩色比基尼
1308909,barcode_tattoo,0,2266,条形码纹身
1636694,sleeve_garter,0,2265,袖箍
585203,veiny_breasts,0,2265,青筋乳房
1768621,heart_o-ring,0,2265,心形O形环
1323958,pink_vest,0,2264,粉色马甲
1440529,two-tone_ribbon,0,2263,双色缎带
1088997,bear_hair_ornament,0,2263,熊形发饰
1455250,chest_strap,0,2262,胸带
1675931,kalashnikov_rifle,0,2262,卡拉什尼科夫步枪
1401067,face_to_breasts,0,2261,脸贴胸
1257581,bowl_hat,0,2261,碗形帽
2834,69,0,2260,69式
14637,tight_shirt,0,2259,紧身衬衫
1321158,brown_necktie,0,2257,棕色领带
399999,whipped_cream,0,2256,鲜奶油
585021,spoken_sweatdrop,0,2256,说话汗滴
1637,failure,0,2255,失败
1434344,pencil_dress,0,2253,铅笔裙
43623,scepter,0,2252,权杖
495020,crazy_smile,0,2252,疯狂笑容
1496652,gold_hairband,0,2248,金色发箍
494375,shared_umbrella,0,2247,共伞
843166,yellow_hoodie,0,2246,黄色连帽衫
414746,spider_girl,0,2244,蜘蛛娘
706581,condom_packet_strip,0,2244,安全套条装
1641903,eye_focus,0,2243,眼部聚焦
540139,different_reflection,0,2243,不同倒影
1484368,white_bag,0,2242,白色包包
1495030,red-tinted_eyewear,0,2242,红色镜片眼镜
1329387,deviantart_username,0,2240,DeviantArt用户名
1504868,eyebrow_cut,0,2240,眉上刘海
1613886,animal_ear_headwear,0,2239,兽耳头饰
1452744,collared_coat,0,2238,立领外套
605455,volleyball_uniform,0,2238,排球服
396859,budget_sarashi,0,2237,简易绷带
565996,goat_ears,0,2237,山羊耳
1411065,anzio_school_uniform,0,2236,安齐奥校服
1464685,collared_cape,0,2235,立领披风
413866,breasts_on_glass,0,2233,玻璃压胸
714422,sports_car,0,2232,跑车
11395,swing,0,2230,秋千
1314693,grey_scarf,0,2230,灰色围巾
462556,cuddling,0,2230,拥抱
1344701,grey_border,0,2230,灰色边框
1853211,single_hair_ring,0,2230,单发环
390436,birdcage,0,2228,鸟笼
473417,yellow_thighhighs,0,2227,黄色过膝袜
10415,railroad_tracks,0,2227,铁轨
10911,pond,0,2227,池塘
1274842,two-handed,0,2226,双手持
1286826,cloud_print,0,2226,云纹
1492898,green_sleeves,0,2225,绿色袖子
473239,yellow_bra,0,2224,黄色胸罩
657469,rainbow_order,0,2223,彩虹顺序
472623,hammer_and_sickle,0,2222,锤子与镰刀
228746,spider,0,2222,蜘蛛
1369179,orange_fur,0,2222,橙色毛皮
4864,lion,0,2221,狮子
594938,window_blinds,0,2221,百叶窗
416114,symmetry,0,2221,对称
478821,teasing,0,2219,挑逗
493288,chasing,0,2218,追逐
389904,cabinet,0,2217,柜子
418677,gate,0,2217,大门
657500,fish_hair_ornament,0,2216,鱼形发饰
155336,poncho,0,2216,斗篷
716395,dixie_cup_hat,0,2214,纸杯帽
379311,chandelier,0,2213,吊灯
445622,leopard_ears,0,2213,豹耳
8781,bomb,0,2212,炸弹
7728,tankini,0,2211,坦克比基尼
1770613,purple_gemstone,0,2210,紫色宝石
1076157,futanari_masturbation,0,2209,扶她自慰
535055,warship,0,2209,军舰
610495,bondage_outfit,0,2208,束缚装
377843,cousins,0,2208,表亲
1582504,scar_on_neck,0,2208,颈部疤痕
499937,lip_piercing,0,2207,唇环
711883,checkered_kimono,0,2206,格子纹和服
1383063,clover_print,0,2205,三叶草印花
633435,magical_musket,0,2205,魔法火枪
1468298,beamed_sixteenth_notes,0,2204,连符尾十六分音符
470667,board_game,0,2202,桌游
497917,thrusters,0,2202,推进器
421489,ushanka,0,2202,俄式毛帽
1824446,lycoris_uniform,0,2202,Lycoris制服
1509564,holding_game_controller,0,2200,手持游戏手柄
567592,untucked_shirt,0,2200,衬衫下摆外露
1284171,after_paizuri,0,2200,乳交后
473421,pink_socks,0,2198,粉色袜子
1378370,black_buruma,0,2197,黑色布鲁玛裤
592444,mars_symbol,0,2197,火星符号
29555,office,0,2197,办公室
721109,visible_air,0,2196,可见气息
521377,winged_helmet,0,2192,翼盔
679014,greatsword,0,2189,巨剑
6389,tickling,0,2188,挠痒
1307800,skull_earrings,0,2185,骷髅耳环
415735,sideways,0,2182,侧身
705551,pixiv_id,0,2181,Pixiv ID
8806,train_station,0,2180,火车站
1399019,multicolored_fur,0,2179,多色毛皮
418420,stuck,0,2177,卡住
2684,fishing,0,2176,钓鱼
1333955,side-tie_leotard,0,2176,侧系带紧身连体衣
452130,neon_lights,0,2176,霓虹灯
397906,party_hat,0,2176,派对帽
1475076,blue_horns,0,2175,蓝色角
892083,green_apron,0,2174,绿色围裙
453979,gusset,0,2174,裆部衬垫
418987,park_bench,0,2174,公园长椅
663528,wooden_wall,0,2172,木墙
16006,union_jack,0,2171,英国国旗
433424,if_they_mated,0,2171,如果它们交配
477329,brushing_hair,0,2171,梳头
1379633,fff_threesome,0,2168,FFF三人行
543247,eyebrow_piercing,0,2167,眉环
490349,head_bump,0,2163,头撞
1039289,gold_necklace,0,2163,金项链
1557024,mouth_veil,0,2160,嘴部面纱
590886,bird_legs,0,2158,鸟腿
542055,polka_dot_dress,0,2156,波点连衣裙
5001,squid,0,2155,鱿鱼
11353,twincest,0,2154,双胞胎乱伦
485953,puffy_pants,0,2154,蓬松裤子
2232,tarot,0,2152,塔罗牌
1568979,plaid_headwear,0,2152,格子头饰
603414,space_helmet,0,2152,太空头盔
512928,white_tail,0,2151,白色尾巴
15614,tube,0,2149,管子
4651,dominatrix,0,2147,女王
719573,doyagao,0,2145,得意脸
430228,pole_dancing,0,2145,钢管舞
1396461,brown_hairband,0,2143,棕色发带
1298471,blood_from_eyes,0,2143,血泪
644441,fiery_hair,0,2143,火焰头发
1624910,sidepec,0,2143,侧分头
548122,strawberry_print,0,2141,草莓图案
565136,projected_inset,0,2141,投影插画
461218,selfcest,0,2141,自我配对
1349615,red_fur,0,2141,红色毛皮
400313,beam_rifle,0,2139,光束步枪
412890,tissue,0,2139,纸巾
617246,leather_belt,0,2139,皮带
375862,butler,0,2138,管家
382271,destruction,0,2137,破坏
688139,implied_futanari,0,2135,暗示扶她
1854324,green_halo,0,2134,绿色光环
408804,bad_proportions,0,2133,比例失调
692799,choko_(cup),0,2133,巧克力杯
3532,ink,0,2133,墨水
396795,menu,0,2132,菜单
1476489,pokemon_on_head,0,2132,头顶宝可梦
492105,groin_tendon,0,2130,腹股沟肌腱
10293,marker,0,2129,马克笔
628220,claw_ring,0,2129,爪环
443220,you're_doing_it_wrong,0,2126,你搞错了
473259,artificial_vagina,0,2121,人工阴道
377878,hairdressing,0,2120,美发
1721304,dyed_bangs,0,2120,染刘海
1298573,sanshoku_dango,0,2117,三色团子
16279,air_conditioner,0,2117,空调
406767,super_robot,0,2117,超级机器人
534507,two-tone_eyes,0,2117,双色瞳
400296,gatling_gun,0,2116,加特林机枪
499376,wrinkled_skin,0,2115,皱皮
662800,fake_antlers,0,2115,假鹿角
699609,frilled_cuffs,0,2114,荷叶边袖口
1901538,scissor_blade_(kill_la_kill),0,2113,太刀剪(斩服少女)
1713028,two-tone_bowtie,0,2111,双色蝴蝶结
385733,baseball_uniform,0,2110,棒球服
408976,bat_ears,0,2110,蝙蝠耳
180889,morning,0,2109,早晨
397626,guitar_case,0,2109,吉他盒
673730,palm_leaf,0,2109,棕榈叶
475729,through_clothes,0,2108,透过衣服
1265860,pink_blood,0,2107,粉色血液
1296314,single_gauntlet,0,2106,单臂护手
4948,mimikaki,0,2105,耳挖勺
664546,taut_dress,0,2105,紧身连衣裙
1279653,holding_brush,0,2105,手持画笔
1405888,harvin,0,2105,哈维恩
1515352,aqua_theme,0,2104,水色主题
472,monkey,0,2102,猴子
660019,color_connection,0,2102,色彩连接
406727,against_tree,0,2101,靠树
1768427,black_halo,0,2100,黑色光环
403478,suppressor,0,2098,消音器
708792,checkered_necktie,0,2098,格纹领带
1400049,on_bench,0,2096,在长椅上
535613,upturned_eyes,0,2096,上目遣い
1231742,three-dimensional_maneuver_gear,0,2096,立体机动装置
544204,bowl_cut,0,2095,娃娃头
431012,tangzhuang,0,2094,唐装
1686527,jack-o'_challenge,0,2094,杰克南瓜灯挑战
700119,cropped_vest,0,2092,短款背心
1796972,e.g.o_(project_moon),0,2091,E.G.O(边狱巴士)
399875,beach_chair,0,2089,沙滩椅
585543,pussy_juice_puddle,0,2088,淫水洼
394771,utility_belt,0,2088,多功能腰带
1179281,bear_girl,0,2087,熊娘
1023384,white_serafuku,0,2086,白色水手服
1419859,fur-trimmed_cloak,0,2085,毛边披风
8309,straitjacket,0,2084,束缚衣
1613542,electrokinesis,0,2084,电操控
388868,m4_carbine,0,2082,M4卡宾枪
622601,window_shade,0,2081,百叶窗
1323483,fangs_out,0,2081,露虎牙
539536,blue_headband,0,2081,蓝色发带
721724,gold_bracelet,0,2081,金手镯
379603,hair_brush,0,2080,发刷
726943,pink_coat,0,2079,粉色外套
1470700,black_undershirt,0,2078,黑色打底衫
547081,incoming_attack,0,2075,来袭攻击
723472,stiletto_heels,0,2075,细高跟鞋
403915,wheel,0,2074,轮子
1489808,poke_ball_symbol,0,2072,精灵球标志
1324692,pink_fur,0,2072,粉色毛皮
465863,cum_on_legs,0,2071,腿上精液
1279772,yellow_wings,0,2068,黄色翅膀
825568,shortstack,0,2066,矮胖身材
412179,polka_dot_bra,0,2065,波点胸罩
1438305,holding_baseball_bat,0,2064,手持棒球棍
1441880,hand_on_eyewear,0,2063,手扶眼镜
451262,notepad,0,2062,记事本
379633,fertilization,0,2062,受精
83990,tennis_racket,0,2060,网球拍
486179,naked_cape,0,2060,裸披风
473475,orange_thighhighs,0,2059,橙色过膝袜
400230,akeome,0,2059,明けおめ
614243,plaid_background,0,2058,格子背景
550124,sitting_in_tree,0,2056,坐在树上
712381,thigh_cutout,0,2055,大腿镂空
4313,pointer,0,2054,指示器
508957,health_bar,0,2053,生命条
544708,fish_girl,0,2053,鱼娘
582361,head_between_breasts,0,2050,头埋胸间
660778,knees_apart_feet_together,0,2048,膝分足并
549629,ankle_lace-up,0,2048,脚踝系带
632853,fake_wings,0,2047,假翅膀
380828,open_bra,0,2047,敞开胸罩
1258088,ribbon-trimmed_clothes,0,2047,缎带镶边衣物
514889,polo_shirt,0,2044,Polo衫
1363208,blue_bag,0,2044,蓝色包包
7737,soap,0,2041,肥皂
1405177,purple_belt,0,2041,紫色腰带
411198,leg_hold,0,2040,抱腿
683789,wooden_table,0,2040,木桌
629486,used_tissue,0,2040,用过的纸巾
538746,lipstick_tube,0,2039,口红管
2431,missile,0,2039,导弹
1648167,x-shaped_pupils,0,2039,X形瞳孔
541092,tegaki,0,2038,手绘
406711,strap-on,0,2037,假阳具
486968,red_bandana,0,2037,红色头巾
1274419,spoken_character,0,2034,口述角色
15124,pain,0,2033,痛苦
714136,hand_on_another's_stomach,0,2032,手放在他人腹部
684567,looking_at_mirror,0,2032,照镜子
1605421,halloween_bucket,0,2032,万圣节桶
668887,shallow_water,0,2031,浅水
495137,tulip,0,2030,郁金香
524875,nail_art,0,2030,美甲
589659,in_bucket,0,2030,在桶里
188238,crossbow,0,2030,十字弓
655903,fake_facial_hair,0,2029,假胡须
1413210,blue_collar,0,2029,蓝色衣领
622860,spring_(season),0,2028,春季
464556,dolphin,0,2027,海豚
495132,autobot,0,2027,汽车人
4654,flustered,0,2026,慌乱
443879,gorget,0,2026,护喉甲
1426521,white_veil,0,2025,白色面纱
516012,clothed_masturbation,0,2024,穿着衣服自慰
467618,belt_bra,0,2023,腰带式胸罩
1561753,yellow_armband,0,2023,黄色臂章
555276,surprise_kiss,0,2022,惊喜之吻
1267456,holding_leaf,0,2022,手持叶子
547320,excessive_cum,0,2022,过量精液
396286,cockpit,0,2021,驾驶舱
4144,mace,0,2020,狼牙棒
500760,flower_ornament,0,2018,花朵装饰
437999,full_nelson,0,2017,全尼尔森式
621654,pale_color,0,2015,淡色
549041,vocaloid_append,0,2015,Vocaloid Append
1551,drill,0,2014,钻头
1275036,german_clothes,0,2013,德国服饰
415621,blueberry,0,2013,蓝莓
638838,in_food,0,2011,食物中
1397563,fur-trimmed_skirt,0,2011,毛边裙子
1445710,shoulder_boards,0,2011,肩章
524796,age_progression,0,2011,年龄增长
593466,flame_print,0,2011,火焰图案
412925,cupless_bra,0,2010,露乳胸罩
1533721,fish_(food),0,2008,鱼(食物)
600210,perineum,0,2008,会阴
13185,spitting,0,2007,吐口水
412641,steering_wheel,0,2006,方向盘
594785,blowing_kiss,0,2005,飞吻
528496,holding_shoes,0,2003,手持鞋子
633053,hooded_sweater,0,2001,连帽衫
607798,arm_wrap,0,2001,手臂缠绕
419998,:x,0,2000,:x(表情)
450823,x_x,0,2000,x_x(表情)
1238376,multicolored_shirt,0,1999,彩色衬衫
572579,cooking_pot,0,1999,烹饪锅
450208,chocolate_bar,0,1999,巧克力棒
478228,title,0,1999,标题
8989,viera,0,1998,维埃拉族
534991,pillbox_hat,0,1997,药盒帽
394047,circle_cut,0,1996,圆形裁剪
544443,penis_out,0,1995,阴茎露出
526083,brown_socks,0,1995,棕色袜子
454517,unconscious,0,1995,昏迷
487161,breasts_on_head,0,1994,胸部顶头
1283900,single_fingerless_glove,0,1993,单只无指手套
542357,red_cross,0,1990,红十字
1490146,yellow_horns,0,1990,黄色角
593552,plaid_pants,0,1990,格子裤
11960,tanabata,0,1988,七夕
658254,holding_helmet,0,1988,手持头盔
376486,skyline,0,1988,天际线
574422,claw_(weapon),0,1988,爪刃
1233871,circle_name,0,1987,社团名
507379,yellow_belt,0,1987,黄色腰带
1414389,pink_sailor_collar,0,1986,粉色水手领
1806377,homurahara_academy_school_uniform,0,1983,穗原学园校服
380988,goblin,0,1982,哥布林
420546,spear_the_gungnir,0,1981,永恒之枪
480324,staff_(music),0,1981,五线谱
400656,red_hood,0,1980,红色兜帽
1469769,grey_sleeves,0,1980,灰色袖子
671484,stuffed_shark,0,1979,鲨鱼玩偶
444545,pocky_kiss,0,1977,百奇吻
669791,futa_with_futa,0,1977,扶她×扶她
1657712,veiny_arms,0,1977,青筋手臂
1296346,stationary_restraints,0,1976,固定束缚
473312,camellia,0,1976,山茶花
2006757,unworn_bikini_top,0,1972,未穿比基尼上衣
542882,against_railing,0,1969,倚靠栏杆
643516,pyrokinesis,0,1969,控火术
501689,body_hair,0,1968,体毛
670994,chocolate_on_body,0,1967,身上巧克力
469368,striped_gloves,0,1967,条纹手套
10562,truck,0,1964,卡车
1518970,pectoral_grab,0,1963,抓胸肌
430449,spine,0,1962,脊柱
504308,redesign,0,1962,重新设计
523847,omurice,0,1961,蛋包饭
1161092,2024,0,1961,2024年
671651,hair_ears,0,1960,发耳
1410489,shower_(place),0,1959,淋浴间
709214,alternate_skin_color,0,1959,异色皮肤
1361800,bow_earrings,0,1959,蝴蝶结耳饰
557675,no_wings,0,1958,无翅膀
1326818,fur-trimmed_kimono,0,1958,毛边和服
723924,very_long_fingernails,0,1958,超长指甲
1339824,cropped_hoodie,0,1958,短款连帽衫
1365638,bandaid_on_hand,0,1954,手上创可贴
1761435,onee-loli,0,1953,御姐萝莉
476416,biker_clothes,0,1952,骑手服
1637102,doughnut_hair_bun,0,1951,甜甜圈发髻
423915,wooden_sword,0,1951,木刀
1782264,sticker_on_face,0,1951,脸上贴纸
585862,reach-around,0,1949,环抱
1372846,pink_pajamas,0,1948,粉色睡衣
600401,wooden_fence,0,1946,木栅栏
610944,mixed_media,0,1946,混合媒介
1373026,green-framed_eyewear,0,1946,绿框眼镜
1293722,bandaged_neck,0,1945,绷带脖子
9781,pacifier,0,1945,奶嘴
472201,baguette,0,1944,法棍面包
1342774,rabbit_house_uniform,0,1944,兔屋制服
1926,chart,0,1943,图表
1373018,striped_kimono,0,1943,条纹和服
1637843,crescent_facial_mark,0,1942,月牙面纹
659938,poker_chip,0,1942,筹码
1265402,heart_balloon,0,1941,心形气球
10399,x,0,1939,X(表情)
16695,magnifying_glass,0,1938,放大镜
8775,mahjong,0,1937,麻将
1402459,blue_cloak,0,1937,蓝色斗篷
1501189,stitched_face,0,1937,缝合脸
8918,inflation,0,1936,膨胀
545758,wisteria,0,1935,紫藤
1457953,sparse_pubic_hair,0,1934,稀疏阴毛
603830,on_person,0,1934,随身携带
538158,shared_food,0,1933,共享食物
760104,hand_on_another's_waist,0,1932,手搭他人腰
626479,orange_slice,0,1928,橙子片
1342945,behind_another,0,1928,在他人身后
442852,old_woman,0,1928,老妇人
416448,yagasuri,0,1927,矢絣
415310,overgrown,0,1927,杂草丛生
394997,sweatpants,0,1927,运动裤
602058,shoulder_strap,0,1927,肩带
541729,rotational_symmetry,0,1926,旋转对称
399302,drying,0,1926,晾干
550778,checkerboard_cookie,0,1926,棋盘格饼干
556841,sitting_on_stairs,0,1925,坐在楼梯上
1442004,eyewear_on_headwear,0,1925,头饰上戴眼镜
476602,kusazuri,0,1925,草摺
405026,large_insertion,0,1924,大型插入
452157,hagoita,0,1923,羽子板
1514129,sunburst_background,0,1923,旭日背景
1696268,cowboy_western,0,1922,牛仔西部
1314748,pink_collar,0,1922,粉色衣领
1488134,brown_horns,0,1922,棕色角
501344,fallen_down,0,1921,跌倒
1684797,grabbing_another's_chin,0,1920,捏住他人下巴
387935,spirit,0,1920,灵体
410111,bowing,0,1920,鞠躬
488193,slap_mark,0,1918,掌印
612104,respirator,0,1918,呼吸器
2006761,unworn_boots,0,1918,未穿靴子
1415469,torpedo_tubes,0,1914,鱼雷发射管
465754,spanking,0,1911,打屁股
2812,ramune,0,1911,弹珠汽水
612635,sidesaddle,0,1908,侧坐
396872,ribbon_bondage,0,1905,丝带束缚
1598686,male_playboy_bunny,0,1902,男性兔女郎
453719,plant_girl,0,1900,植物娘
475794,column,0,1900,柱子
1373313,excessive_pubic_hair,0,1899,过多阴毛
1086828,bow_(music),0,1899,琴弓
493565,timestamp,0,1899,时间戳
457418,fighter_jet,0,1898,战斗机
537025,thigh_belt,0,1898,大腿带
414700,buttjob,0,1897,股间摩擦
489995,bulletproof_vest,0,1897,防弹背心
1515355,black_theme,0,1896,黑色主题
587202,shoelaces,0,1895,鞋带
701996,nipple_bar,0,1894,乳头环
1452545,kibito_high_school_uniform,0,1893,贵美都高中校服
664350,tail_censor,0,1892,尾巴遮挡
401422,screen,0,1892,屏幕
1414657,purple_capelet,0,1892,紫色短披肩
1304063,yellow_bag,0,1891,黄色包
1373454,instagram_username,0,1890,Instagram用户名
1467809,3others,0,1889,3其他
1602480,index_fingers_together,0,1888,食指并拢
483333,pavement,0,1888,人行道
1409636,furrification,0,1888,兽化
695232,mismatched_pubic_hair,0,1887,阴毛颜色不一致
587990,bodice,0,1885,紧身胸衣
2075818,nike_(company),0,1884,耐克(公司)
11754,neck,0,1882,脖子
1376893,pink_eyeshadow,0,1882,粉色眼影
628115,open_window,0,1881,开窗
1678267,palette_(object),0,1880,调色板(物品)
688960,holding_pillow,0,1879,抱着枕头
461401,treasure_chest,0,1879,宝箱
459174,dress_tug,0,1878,拉裙子
615369,blue_sclera,0,1877,蓝色巩膜
11745,breast_smother,0,1875,胸部窒息
15578,eagle,0,1875,鹰
624870,imminent_fellatio,0,1875,即将口交
379164,messy,0,1874,凌乱
661864,pink_belt,0,1874,粉色腰带
395436,reindeer_costume,0,1873,驯鹿装
1505167,simplified_chinese_text,0,1873,简体中文文字
1258091,ribbon-trimmed_collar,0,1870,缎带镶边领
418781,pet_play,0,1869,宠物扮演
581056,multiple_braids,0,1868,多股辫
695246,hakama_pants,0,1867,袴裤
482956,caution_tape,0,1867,警示胶带
607070,caressing_testicles,0,1864,抚摸睾丸
1375732,snap-fit_buckle,0,1864,卡扣式搭扣
549281,in_the_face,0,1863,脸上
14860,chef,0,1861,厨师
1262922,head_on_another's_shoulder,0,1861,头靠肩
1835746,pink_one-piece_swimsuit,0,1860,粉色连体泳衣
531186,gold_armor,0,1860,金色盔甲
629555,desk_lamp,0,1860,台灯
1307726,magatama_earrings,0,1860,勾玉耳饰
399246,stadium,0,1859,体育场
663896,hand_on_another's_neck,0,1858,手搭脖子
1349162,holding_balloon,0,1858,手持气球
1373027,brown-framed_eyewear,0,1857,棕色框眼镜
1464853,blue-tinted_eyewear,0,1857,蓝色镜片眼镜
442232,scarlet_devil_mansion,0,1856,红魔馆
1328688,moon_(ornament),0,1856,月亮(装饰)
1924272,buttoned_cuffs,0,1855,纽扣袖口
12083,graveyard,0,1855,墓地
508969,cow_boy,0,1855,牛仔男孩
392935,tree_stump,0,1854,树桩
507655,freediving,0,1853,自由潜水
444634,torn,0,1853,破损
406104,psychic,0,1853,超能力
412357,lounge_chair,0,1851,躺椅
3489,dinosaur,0,1851,恐龙
1374895,spiked_tail,0,1850,尖刺尾巴
1185237,hair_in_own_mouth,0,1849,头发含嘴
545201,micro_panties,0,1849,微缩内裤
1672391,viewer_holding_leash,0,1848,观众牵绳
1223536,banknote,0,1844,纸币
520939,wiping_tears,0,1843,擦泪
723185,stone_floor,0,1838,石地板
393579,mechanical_pencil,0,1837,自动铅笔
380,priest,0,1837,神父
671725,purple_eyeshadow,0,1837,紫色眼影
1326209,yellow_sash,0,1836,黄色腰带
995808,penis_size_difference,0,1836,阴茎尺寸差
427833,palms,0,1835,手掌
585009,sword_over_shoulder,0,1834,扛剑
476495,dowsing_rod,0,1834,探矿杖
389416,impaled,0,1833,刺穿
376147,hanging,0,1832,悬挂
9587,love_letter,0,1832,情书
362945,garden,0,1830,花园
1791857,painting_(action),0,1829,绘画(动作)
16135,cotton_candy,0,1827,棉花糖
705858,partially_underwater_shot,0,1826,半水下视角
1367101,holding_scissors,0,1826,手持剪刀
162717,triforce,0,1825,三角力量
665766,carrying_under_arm,0,1824,腋下夹持
1288040,incoming_food,0,1823,食物递来
444567,tail_wrap,0,1821,尾巴缠绕
1399177,brown_cloak,0,1821,棕色斗篷
903375,flip_phone,0,1820,翻盖手机
414232,cum_on_hands,0,1820,手上精液
464552,cucumber,0,1820,黄瓜
1425103,body_freckles,0,1820,身体雀斑
565907,utaite,0,1820,唱见
487203,overcast,0,1819,阴天
488375,rainbow_gradient,0,1818,彩虹渐变
2062461,chibi_only,0,1817,仅Q版
533100,sitting_on_object,0,1817,坐在物体上
712801,pussy_piercing,0,1817,阴部穿刺
419304,crosswalk,0,1817,人行横道
1559079,light_areolae,0,1815,浅色乳晕
496388,._.,0,1815,._.(表情)
494932,hickey,0,1814,吻痕
1302628,ace_(playing_card),0,1811,A牌(扑克牌)
5873,confession,0,1811,告白
5323,kettle,0,1811,水壶
1317361,multicolored_bow,0,1810,彩色蝴蝶结
492764,heart_tail,0,1809,心形尾巴
1259138,mole_on_ass,0,1808,臀部痣
564789,romper,0,1806,连体裤
1537058,diamond_cutout,0,1805,菱形镂空
1410984,kuromorimine_school_uniform,0,1804,黑森峰校服
469396,role_reversal,0,1803,角色反转
6303,naginata,0,1803,薙刀
674500,large_testicles,0,1803,大睾丸
609486,single_strap,0,1803,单肩带
10429,shinsengumi,0,1802,新选组
598269,kissing_forehead,0,1801,吻额头
615984,bendy_straw,0,1801,可弯吸管
511641,single_pantsleg,0,1800,单裤腿
475249,large_wings,0,1799,大翅膀
568512,bird_on_shoulder,0,1799,肩上有鸟
389374,cat_teaser,0,1798,逗猫
586366,prosthetic_leg,0,1797,假腿
1426293,yasogami_school_uniform,0,1796,八十稻羽校服
391175,stove,0,1795,炉子
662045,lotion_bottle,0,1795,乳液瓶
696698,gold_bikini,0,1795,金色比基尼
559601,cheering,0,1794,欢呼
661553,grey_belt,0,1794,灰色腰带
1560,mascot,0,1793,吉祥物
1470859,black_garter_straps,0,1793,黑色吊带袜夹
686531,undone_necktie,0,1791,松开的领带
1413926,orange_sailor_collar,0,1791,橙色水手领
661926,ankle_strap,0,1791,脚踝带
1424925,holding_needle,0,1790,手持针
660817,opening_door,0,1789,开门
1493305,heel_up,0,1789,踮脚
1465373,triangle_earrings,0,1789,三角形耳环
578012,talking_on_phone,0,1787,打电话
391475,fireflies,0,1786,萤火虫
1259665,bow_choker,0,1786,蝴蝶结项圈
646459,striped_shorts,0,1786,条纹短裤
58241,platform_heels,0,1786,厚底高跟鞋
420607,delinquent,0,1785,不良
1276269,ribbed_sleeves,0,1785,罗纹袖
609657,animal_hug,0,1784,动物拥抱
393602,severed_head,0,1784,断头
1478379,dress_flower,0,1784,裙子花
1349438,animal_bag,0,1783,动物包
1592986,rabbit_boy,0,1783,兔男郎
1441520,horns_through_headwear,0,1783,角穿过头饰
601192,mechanical_hands,0,1783,机械手
1354736,green_flower,0,1782,绿色花
405444,helicopter,0,1782,直升机
431361,baseball_mitt,0,1782,棒球手套
541262,disgust,0,1782,厌恶
330013,pie,0,1780,派
613128,embellished_costume,0,1779,装饰服装
526470,thighhighs_pull,0,1778,过膝袜拉起
467745,japanese_flag,0,1777,日本国旗
8234,radio,0,1777,收音机
1467811,6+others,0,1776,6人以上
877384,hooded_robe,0,1773,连帽长袍
600460,group_picture,0,1772,合影
384969,intravenous_drip,0,1772,静脉滴注
437614,boned_meat,0,1772,带骨肉
1505130,german_text,0,1771,德语文字
15227,screentones,0,1770,网点点阵
1494956,purple-tinted_eyewear,0,1768,紫色镜片眼镜
592445,venus_symbol,0,1767,金星符号
420884,countdown,0,1767,倒计时
618406,yellow_pants,0,1766,黄色裤子
1318253,purple_fur,0,1766,紫色毛皮
1861756,straddling_paizuri,0,1766,骑乘位乳交
1593160,unusually_open_eyes,0,1765,异常睁大的眼睛
1399082,heart_button,0,1765,心形纽扣
2839,lube,0,1763,润滑液
439406,shiba_inu,0,1763,柴犬
1237065,sunflower_hair_ornament,0,1762,向日葵发饰
466411,invisible_penis,0,1761,隐形阴茎
374515,hawaiian_shirt,0,1761,夏威夷衬衫
1287846,ammunition_pouch,0,1761,弹药袋
667190,plate_armor,0,1761,板甲
2660,lettuce,0,1759,生菜
485203,video_game,0,1758,电子游戏
8617,potion,0,1757,药水
374573,centaur,0,1757,半人马
1377225,bruise_on_face,0,1757,脸上瘀伤
1820926,sleeveless_turtleneck_leotard,0,1756,无袖高领连体衣
501337,39,0,1756,39
689483,plaid_jacket,0,1756,格子夹克
668383,lace-trimmed_sleeves,0,1754,蕾丝袖口
636872,lizard_tail,0,1753,蜥蜴尾巴
1411229,orange_neckerchief,0,1752,橙色领巾
1781886,stroking_own_chin,0,1752,抚摸自己下巴
1476481,multicolored_horns,0,1751,彩色角
1325039,oral_invitation,0,1750,口交邀请
646260,pointless_condom,0,1749,多余的安全套
1373700,grid_background,0,1748,网格背景
397693,shikigami,0,1748,式神
1516826,drinking_straw_in_mouth,0,1748,叼吸管
398110,diving_suit,0,1748,潜水服
580394,dirndl,0,1748,巴伐利亚连衣裙
1501551,sakuramon,0,1748,樱花兽
1440480,holding_water_gun,0,1747,手持水枪
1386173,pixiv_username,0,1747,Pixiv用户名
656250,arm_between_breasts,0,1746,手臂夹胸
1553320,two-tone_headwear,0,1746,双色头饰
1349919,brown_bowtie,0,1746,棕色蝴蝶结
543408,real_world_location,0,1746,现实地点
451782,brushing_teeth,0,1743,刷牙
460511,hand_puppet,0,1742,手偶
781851,user_interface,0,1741,用户界面
442863,heckler_&_koch,0,1740,黑克勒-科赫
374909,whispering,0,1740,耳语
434522,gym_storeroom,0,1740,体育馆储藏室
578544,leg_armor,0,1738,腿部护甲
405498,panda_ears,0,1738,熊猫耳
1346802,spiked_shell,0,1738,尖刺壳
394989,hexagon,0,1737,六边形
1436311,u.a._school_uniform,0,1737,雄英校服
535,molestation,0,1736,猥亵
503126,ribbon_in_mouth,0,1735,叼丝带
1295529,frilled_shorts,0,1735,荷叶边短裤
1392009,green_bodysuit,0,1734,绿色紧身衣
449943,stab,0,1734,刺伤
395712,christmas_lights,0,1734,圣诞彩灯
480571,mechanization,0,1733,机械化
569173,spread_pussy_under_clothes,0,1733,衣下露穴
479250,tricorne,0,1732,三角帽
815986,fortissimo,0,1732,Fortissimo
410544,handkerchief,0,1730,手帕
421056,spiked_club,0,1729,狼牙棒
549142,yes-no_pillow,0,1728,是-否枕头
1282898,cloth_gag,0,1727,布质口塞
8803,cleaning,0,1724,打扫
389933,harem_pants,0,1724,哈伦裤
3197,takoyaki,0,1721,章鱼烧
457562,fake_mustache,0,1721,假胡子
656303,shirt_in_mouth,0,1721,咬衣角
9348,wheelchair,0,1720,轮椅
642015,expressive_hair,0,1720,表情化头发
399269,tablecloth,0,1719,桌布
1886311,in-franchise_crossover,0,1716,同系列跨界
663848,naked_kimono,0,1714,裸穿和服
410102,yes,0,1713,是
452581,vibrator_under_panties,0,1712,内裤下跳蛋
1504221,purple_tail,0,1712,紫色尾巴
593696,leather_gloves,0,1712,皮手套
2145,juice,0,1711,果汁
546044,sleeveless_hoodie,0,1710,无袖连帽衫
632854,naked_hoodie,0,1710,裸穿连帽衫
1409470,multicolored_coat,0,1709,彩色外套
1443767,team_rocket_uniform,0,1709,火箭队制服
500820,stone_lantern,0,1708,石灯笼
12254,tribal,0,1708,部落风格
1797270,colored_shoe_soles,0,1707,彩色鞋底
1791399,neck_fur,0,1706,颈部毛领
1328687,earth_(ornament),0,1706,地球(饰品)
614276,bow_legwear,0,1703,蝴蝶结腿饰
251194,gym,0,1702,健身房
468159,sparkler,0,1702,仙女棒
1531641,light_blue_background,0,1702,浅蓝背景
501095,berry,0,1702,浆果
1940710,mustache_stubble,0,1702,胡茬
1403859,3d_background,0,1701,3D背景
2006135,greco-roman_clothes,0,1701,希腊罗马服饰
600052,butterfly_on_hand,0,1701,手上蝴蝶
479141,raised_fist,0,1700,举拳
1542756,turtleneck_leotard,0,1699,高领紧身衣
492677,bolo_tie,0,1697,波洛领带
457946,stone_wall,0,1695,石墙
500152,breathing_fire,0,1694,喷火
1235654,gradient_clothes,0,1693,渐变服装
1595384,blank_censor,0,1693,空白遮挡
1340897,blue_feathers,0,1693,蓝色羽毛
5632,laser,0,1692,激光
536429,cupping_hands,0,1692,捧手
424682,horse_penis,0,1691,马阴茎
478497,sleep_mask,0,1691,睡眠眼罩
10125,halberd,0,1690,戟
2006849,unworn_bag,0,1689,未穿戴的包
388093,hakurei_reimu_(cosplay),0,1689,博丽灵梦(cosplay)
595751,ass_cutout,0,1688,臀部镂空
413721,latex_gloves,0,1687,乳胶手套
1810603,back_focus,0,1685,后景聚焦
656386,hands_on_another's_cheeks,0,1685,双手捧脸
1372592,bath_yukata,0,1685,浴衣
1397373,year_of_the_dragon,0,1685,龙年
590941,santa_boots,0,1684,圣诞靴
480430,bear_print,0,1683,熊图案
12086,globe,0,1681,地球仪
9590,jersey,0,1681,运动衫
1424211,sakugawa_school_uniform,0,1681,佐久川校服
1427360,gold_choker,0,1680,金色颈链
11998,open_robe,0,1678,敞开的长袍
395851,log,0,1678,原木
1249520,drawing_bow,0,1677,拉弓
8411,sheet_music,0,1677,乐谱
698204,multiple_piercings,0,1676,多处穿孔
1641153,icho_private_high_school_uniform,0,1676,一叶私立高中校服
1251057,ginkgo_leaf,0,1674,银杏叶
822829,suspended_congress,0,1671,悬空式
477355,chainmail,0,1671,锁子甲
713479,2014,0,1670,2014年
1874891,object_through_head,0,1669,物体穿过头部
453530,power_suit,0,1668,动力服
1582502,scar_on_stomach,0,1668,腹部疤痕
1957010,strongman_waist,0,1667,大力士腰
494781,makizushi,0,1666,卷寿司
1334561,loose_bowtie,0,1665,松散的蝴蝶结领结
610123,forehead-to-forehead,0,1664,额头相贴
724478,pink_wings,0,1663,粉色翅膀
1793460,cooperative_paizuri,0,1662,合作乳交
472922,inset,0,1661,画中画
537130,arm_blade,0,1661,臂刃
632801,blue_tongue,0,1659,蓝色舌头
510646,blue_pupils,0,1658,蓝色瞳孔
666658,grey_bikini,0,1658,灰色比基尼
631074,tropical_fish,0,1658,热带鱼
416904,cat_on_head,0,1656,头顶猫
2006764,unworn_sandals,0,1656,未穿凉鞋
1347286,yellow_coat,0,1654,黄色外套
558489,white_armor,0,1654,白色盔甲
411563,forked_tongue,0,1653,分叉舌头
382610,skateboard,0,1653,滑板
1465616,eyewear_strap,0,1653,眼镜挂绳
1859633,a_certain_high_school_uniform,0,1651,某高中校服
537783,bamboo_broom,0,1649,竹扫帚
1238314,transparent_wings,0,1649,透明翅膀
473249,print_bra,0,1648,印花胸罩
378038,pentacle,0,1648,五芒星
468165,mixing_bowl,0,1647,搅拌碗
1353065,falling_feathers,0,1647,飘落的羽毛
1981666,gun_sling,0,1646,枪背带
1646953,shimaidon_(sex),0,1645,岛式(性行为)
9355,humiliation,0,1645,羞辱
708149,blue_armor,0,1644,蓝色盔甲
456305,pink_pantyhose,0,1644,粉色连裤袜
1481466,purple_horns,0,1644,紫色角
3334,kigurumi,0,1643,布偶装
721466,pointy_nose,0,1643,尖鼻子
497295,happi,0,1643,法被
496608,master_sword,0,1643,大师之剑
179157,tent,0,1642,帐篷
505317,lily_of_the_valley,0,1642,铃兰
1507608,h&k_hk416,0,1642,H&K HK416
1682706,phoenix_crown,0,1641,凤冠
629461,duffel_coat,0,1638,粗呢大衣
891632,artificial_eye,0,1638,义眼
637282,pants_rolled_up,0,1637,卷起裤腿
2006759,unworn_gloves,0,1636,未戴手套
1332978,short_jumpsuit,0,1636,短连体衣
652002,no_lineart,0,1635,无线稿
711344,hand_on_own_shoulder,0,1635,手搭自己肩膀
419288,cum_on_feet,0,1634,脚上精液
664061,grey_ribbon,0,1634,灰色丝带
632009,blonde_pubic_hair,0,1634,金色阴毛
3408,origami,0,1634,折纸
703456,sorcerer's_sutra_scroll,0,1634,魔法卷轴
12727,phonograph,0,1633,留声机
518732,anilingus,0,1633,舔肛
373823,ketchup,0,1633,番茄酱
1925772,volleyball_(object),0,1632,排球
392251,fireplace,0,1632,壁炉
1665347,full-body_tattoo,0,1630,全身纹身
1845182,guiding_hand,0,1629,引导之手
551591,deerstalker,0,1629,猎鹿帽
1327857,red_apron,0,1629,红色围裙
1023597,large_hands,0,1628,大手
1518587,striped_headwear,0,1628,条纹头饰
1637827,star_facial_mark,0,1627,星形面部印记
1375970,hair_flowing_over,0,1627,头发流下
451184,holographic_interface,0,1626,全息界面
635016,broken_chain,0,1626,断裂锁链
1465100,grey_sports_bra,0,1626,灰色运动内衣
1302681,orange_pants,0,1625,橙色裤子
1294981,digitigrade,0,1625,趾行
507520,goat_girl,0,1625,山羊女孩
1558733,tulip_hat,0,1625,郁金香帽
1549885,crane_(machine),0,1622,起重机
588173,sex_machine,0,1621,性爱机器
533771,kitchen_knife,0,1620,厨房刀
381954,untying,0,1620,解开
1603616,blunt_tresses,0,1618,齐刘海
1240006,bishamonten's_pagoda,0,1618,毗沙门天的宝塔
414107,gamepad,0,1617,游戏手柄
626246,crystal_hair,0,1616,水晶头发
530749,orange_pantyhose,0,1615,橙色连裤袜
683919,ajirogasa,0,1615,网笠
1589331,off-shoulder_bikini,0,1615,露肩比基尼
1534682,aqua_headwear,0,1614,水色头饰
473470,wrist_guards,0,1613,护腕
481054,grey_bra,0,1612,灰色胸罩
426371,through_wall,0,1612,穿墙
1934523,arched_bangs,0,1612,拱形刘海
431374,curtsey,0,1611,屈膝礼
504744,load_bearing_vest,0,1611,承重背心
13916,tempura,0,1610,天妇罗
324075,ballerina,0,1610,芭蕾舞者
61654,tail_grab,0,1609,抓尾巴
1522714,broken_halo,0,1609,破碎光环
563461,full-length_zipper,0,1608,全长拉链
590857,okamisty,0,1608,冈见风格
1923,truth,0,1607,真相
3493,voyeurism,0,1607,偷窥
638293,novel_cover,0,1607,小说封面
1201168,undressing_another,0,1607,为他人脱衣
1335609,cross_print,0,1604,十字印花
659417,mechanical_ears,0,1604,机械耳朵
628425,tiered_tray,0,1604,多层托盘
585400,inverted_cross,0,1603,倒十字
677487,brown_wings,0,1603,棕色翅膀
572582,masturbation_through_clothes,0,1602,隔着衣服自慰
557999,wiping_face,0,1602,擦脸
1430735,black_garter_belt,0,1601,黑色吊袜带
643912,tail_piercing,0,1601,尾巴穿刺
617594,alternate_weapon,0,1600,备用武器
629694,leopard_tail,0,1598,豹尾
1476395,pokemon_on_shoulder,0,1598,宝可梦在肩上
450649,shin_guards,0,1597,护胫
483079,shards,0,1597,碎片
383835,runes,0,1596,符文
1835740,purple_one-piece_swimsuit,0,1595,紫色连体泳衣
389021,deer,0,1595,鹿
211997,battle_axe,0,1595,战斧
410474,picnic_basket,0,1594,野餐篮
1440492,green_capelet,0,1593,绿色短披风
663918,holding_fishing_rod,0,1592,手持钓竿
518510,dust_cloud,0,1592,灰尘云
6259,park,0,1591,公园
4577,snorkel,0,1591,呼吸管
519211,ryona,0,1591,虐
1916642,grey_halo,0,1591,灰色光环
1416877,two-tone_footwear,0,1590,双色鞋履
466838,walkie-talkie,0,1589,对讲机
1454017,debt,0,1589,债务
16601,overcoat,0,1588,大衣
460553,no_eyebrows,0,1588,无眉毛
1781164,gem_(symbol),0,1587,宝石(符号)
798294,club_(shape),0,1585,梅花(形状)
583212,fingering_through_clothes,0,1585,隔着衣服抚摸
418106,dark_penis,0,1585,深色阴茎
525108,hands_on_feet,0,1584,手放在脚上
525748,dakimakura_(object),0,1584,抱枕(物品)
649700,full-package_futanari,0,1584,完整包覆扶她
1775923,circled_9,0,1584,圈9
1258484,key_necklace,0,1584,钥匙项链
1309935,notched_ear,0,1584,缺刻耳
389703,ema,0,1583,绘马
547391,winged_footwear,0,1582,带翼鞋
1298917,brown_apron,0,1582,棕色围裙
447287,high_kick,0,1581,高踢腿
494162,monkey_ears,0,1581,猴耳
1494953,pink-tinted_eyewear,0,1580,粉色镜片眼镜
1554055,fiery_horns,0,1580,火焰角
662488,palms_together,0,1579,合掌
652982,visor_(armor),0,1578,面甲(盔甲)
1421046,holding_cane,0,1578,手持手杖
701116,weighing_scale,0,1577,天平
1360843,neckwear_grab,0,1577,抓领饰
1931519,uneven_horns,0,1577,不对称角
542830,chest_of_drawers,0,1576,五斗柜
389647,clock_tower,0,1576,钟楼
473050,crate,0,1576,板条箱
1584543,pokedex_number,0,1574,宝可梦图鉴编号
1376753,crescent_print,0,1573,新月图案
707535,school_emblem,0,1573,校徽
389048,donation_box,0,1572,捐款箱
1350077,mask_around_neck,0,1572,口罩挂颈
1283735,grey_nails,0,1571,灰色指甲
8260,ferris_wheel,0,1571,摩天轮
1448822,brown_hoodie,0,1571,棕色连帽衫
1303272,print_jacket,0,1570,印花夹克
1406765,jaguar_ears,0,1570,美洲豹耳
408186,frottage,0,1569,磨蹭
603398,lace-trimmed_skirt,0,1569,蕾丝边裙子
433212,bookmark,0,1569,书签
658981,open_belt,0,1569,敞开腰带
1514232,breast_focus,0,1568,胸部聚焦
469426,tiger_stripes,0,1568,虎纹
1076527,sidecut,0,1568,侧削发
1257558,round_image,0,1567,圆形图像
593015,finger_to_face,0,1567,手指触脸
427020,stepped_on,0,1567,被踩
1780,cow,0,1566,牛
507338,fishnet_gloves,0,1566,渔网手套
963327,yordle,0,1565,约德尔人
498369,naked_bandage,0,1564,裸身绷带
491621,cheek_bulge,0,1564,脸颊鼓起
1227348,back-seamed_legwear,0,1563,后缝袜
408474,flashlight,0,1563,手电筒
11216,soup,0,1562,汤
534114,cocktail_dress,0,1561,鸡尾酒裙
564677,playstation_controller,0,1558,PlayStation手柄
539990,tail_between_legs,0,1558,尾巴夹腿间
1691576,two-tone_bodysuit,0,1558,双色紧身衣
4930,doctor,0,1557,医生
652468,brown_bikini,0,1557,棕色比基尼
684234,perpendicular_paizuri,0,1556,垂直乳交
1854330,purple_halo,0,1556,紫色光环
562826,slapping,0,1554,拍打
330372,sausage,0,1553,香肠
393169,torn_jeans,0,1551,破洞牛仔裤
1478006,holding_vegetable,0,1549,手持蔬菜
1230150,leg_between_thighs,0,1549,腿夹大腿间
1437142,purple_hoodie,0,1549,紫色连帽衫
399061,camcorder,0,1548,摄像机
686725,sunflower_field,0,1548,向日葵田
1601080,animal_ear_legwear,0,1547,兽耳腿饰
1396963,holding_hose,0,1546,手持水管
374948,school_briefcase,0,1545,学校公文包
524686,hand_net,0,1545,手网
1325030,new_school_swimsuit,0,1545,新式学校泳装
374749,heartbeat,0,1545,心跳
1429613,tomoeda_elementary_school_uniform,0,1544,友枝小学校服
1499340,sphere_earrings,0,1544,球形耳环
670923,bat_girl,0,1544,蝙蝠女
1976343,hoop_piercing,0,1544,环状穿刺
1335718,vibrator_cord,0,1541,跳蛋线
595244,hamaya,0,1541,破魔矢
646372,asa_no_ha_(pattern),0,1541,麻叶纹
724856,low_neckline,0,1540,低领口
1262645,yellow_apron,0,1540,黄色围裙
555432,head_down,0,1539,低头
1393881,green_bag,0,1539,绿色包
662440,konohagakure_symbol,0,1539,木叶隐村标志
388798,hatsune_miku_(cosplay),0,1539,初音未来(cosplay)
1374287,ribbed_bodysuit,0,1538,罗纹连体衣
496346,impossible_swimsuit,0,1536,不可能泳装
471805,pastel_colors,0,1536,柔和色彩
515008,cum_on_self,0,1535,自射
1306233,triangle_print,0,1535,三角印花
443587,sunscreen,0,1533,防晒霜
608070,boxer_briefs,0,1533,平角内裤
4861,lighter,0,1532,打火机
699876,imminent_anal,0,1532,即将肛交
476199,striped_sweater,0,1531,条纹毛衣
1349107,candy_hair_ornament,0,1531,糖果发饰
637922,2013,0,1531,2013年
516011,playstation_portable,0,1529,PSP
9396,april_fools,0,1529,愚人节
381861,\o/,0,1528,\o/(表情)
645622,sleeveless_coat,0,1528,无袖外套
513421,acrylic_paint_(medium),0,1528,丙烯颜料(媒介)
2006760,unworn_socks,0,1527,未穿袜子
522405,kanabou,0,1526,金棒
721796,kesa,0,1526,袈裟
596634,gradient_legwear,0,1526,渐变腿袜
705129,holding_jacket,0,1525,手持外套
726190,breast_conscious,0,1524,在意胸部
574252,mismatched_sleeves,0,1522,不对称袖子
421282,pasta,0,1520,意面
1637838,teardrop_facial_mark,0,1520,泪滴面纹
9628,scooter,0,1519,踏板车
375527,kimono_skirt,0,1519,和服裙
1070114,single_stripe,0,1518,单条纹
1387512,orange_ascot,0,1518,橙色领巾
657530,spoken_object,0,1517,被说出的物体
1248044,tooth_necklace,0,1517,牙齿项链
652996,salaryman,0,1517,上班族
634911,photo_inset,0,1516,照片插画
462342,after_rape,0,1516,强奸后
1400652,torpedo_launcher,0,1515,鱼雷发射管
565797,tropical_drink,0,1514,热带饮料
460870,spell_card,0,1513,符卡
431872,balancing,0,1512,平衡
16550,stream,0,1511,溪流
440354,yo-yo,0,1511,溜溜球
411779,ankh,0,1510,安卡
1530487,off-shoulder_jacket,0,1510,露肩夹克
494464,uvula,0,1509,小舌
536575,cheek_press,0,1509,脸颊相贴
1411208,purple_neckerchief,0,1509,紫色围巾
375718,daruma_doll,0,1509,达摩不倒翁
679286,faux_figurine,0,1507,仿制手办
473618,clitoris_piercing,0,1507,阴蒂穿刺
1501670,double_fox_shadow_puppet,0,1507,双狐影绘
507478,aqua_panties,0,1506,水色内裤
439288,basketball_uniform,0,1505,篮球服
643517,purple_fire,0,1505,紫色火焰
2022180,sideless_shirt,0,1505,无侧边衬衫
380213,sponge,0,1504,海绵
1355967,on_vehicle,0,1504,在车辆上
456589,leather_boots,0,1504,皮靴
1940741,goatee_stubble,0,1504,山羊胡茬
15307,werewolf,0,1504,狼人
1391188,hand_tattoo,0,1504,手部纹身
396034,propeller,0,1503,螺旋桨
439204,friends,0,1502,朋友们
441185,ballet_slippers,0,1502,芭蕾舞鞋
1379921,camouflage_jacket,0,1502,迷彩夹克
570296,giving_up_the_ghost,0,1501,魂归西天
575113,kimono_pull,0,1501,和服拉扯
1880967,combat_helmet,0,1501,战斗头盔
665044,holding_own_tail,0,1500,握着自己的尾巴
1391097,grey_neckerchief,0,1499,灰色围巾
2370,cactus,0,1499,仙人掌
554447,dark_aura,0,1497,黑暗气场
1480073,brushing_another's_hair,0,1496,为他人梳头
1324575,tapir_tail,0,1496,貘尾
1483316,single_horizontal_stripe,0,1494,单横条纹
553041,flower_necklace,0,1494,花项链
426749,2012,0,1494,2012年
1393951,dark_halo,0,1493,暗色光环
510652,flashback,0,1492,回忆
46728,excited,0,1491,兴奋
722706,jojo_pose,0,1491,JOJO立
629378,ruffling_hair,0,1490,揉头发
759865,accidental_exposure,0,1489,意外走光
1426900,white_bird,0,1489,白鸟
16095,glomp,0,1488,飞扑
1287296,diving_mask_on_head,0,1488,头上戴潜水镜
1235655,gradient_dress,0,1488,渐变连衣裙
1542420,triangle_hair_ornament,0,1488,三角发饰
413758,ammunition,0,1487,弹药
403486,party_popper,0,1487,派对拉炮
1583922,pointy_footwear,0,1487,尖头鞋
9706,snail,0,1485,蜗牛
1677790,blood_on_knife,0,1485,刀上血迹
563204,dumbbell,0,1484,哑铃
573617,food-themed_clothes,0,1483,食物主题服装
1258750,mechanical_eye,0,1483,机械眼
1509772,industrial_piercing,0,1483,工业穿孔
424974,no_testicles,0,1482,无睾丸
1409157,flower_tattoo,0,1482,花朵纹身
1292445,torn_scarf,0,1481,破围巾
433522,cheek_squash,0,1480,脸颊挤压
15305,steampunk,0,1480,蒸汽朋克
1249322,hauchiwa,0,1480,团扇
673693,kouhaku_nawa,0,1480,红白绳
688469,spiked_choker,0,1480,尖刺项圈
618804,aroused,0,1479,性兴奋
567961,sword_on_back,0,1478,背剑
1336500,pointing_at_another,0,1477,指向他人
699449,raimon,0,1476,雷纹
11623,bad_end,0,1475,坏结局
1411201,kiyosumi_school_uniform,0,1475,清澄校服
644571,flock,0,1474,群鸟
5497,fountain,0,1474,喷泉
1381675,holding_stylus,0,1474,手持触控笔
492714,curry_rice,0,1474,咖喱饭
1231611,arrow_through_heart,0,1474,箭穿心
1582498,scar_on_leg,0,1474,腿部伤疤
489600,hedgehog,0,1474,刺猬
642887,wiping_sweat,0,1473,擦汗
473988,cooler,0,1473,冷却器
1713829,mithra_(ff11),0,1472,米斯拉(最终幻想11)
408561,lava,0,1472,熔岩
575714,c:,0,1472,c:(表情)
1586950,sobu_high_school_uniform,0,1472,总武高中校服
477993,bad_perspective,0,1470,透视错误
384435,onmyouji,0,1470,阴阳师
452907,chewing,0,1470,咀嚼
601148,huge_bow,0,1470,巨大蝴蝶结
547034,guided_breast_grab,0,1470,引导抓胸
592457,nippleless_clothes,0,1470,无乳头凸起衣物
8500,eggplant,0,1470,茄子
501457,lalafell,0,1470,拉拉菲尔族
378567,robot_girl,0,1469,机器人女孩
720999,aqua_jacket,0,1469,水色夹克
1860041,multiple_drawing_challenge,0,1469,多幅绘画挑战
1473511,petals_on_liquid,0,1468,液体上的花瓣
558698,sig_sauer,0,1466,西格&绍尔
653176,circle_skirt,0,1466,圆裙
1533850,sleeve_bow,0,1466,袖口蝴蝶结
474442,plume,0,1466,羽饰
563716,italian_flag,0,1465,意大利国旗
566734,tanzaku,0,1465,短册
478325,2010,0,1465,2010年
616223,no_gloves,0,1465,无手套
434471,angel_and_devil,0,1463,天使与恶魔
1270497,pearl_bracelet,0,1462,珍珠手链
388208,orange_hoodie,0,1462,橙色连帽衫
176537,bartender,0,1460,酒保
1457585,hooded_cardigan,0,1460,连帽开衫
1708252,licking_another's_face,0,1459,舔对方的脸
1243501,gibson_les_paul,0,1457,吉普森莱斯保罗
1440630,pink_capelet,0,1457,粉色短披风
649302,hydrokinesis,0,1457,控水能力
1642271,yurigaoka_girls_academy_school_uniform,0,1457,百合丘女子学院校服
419074,hitting,0,1456,击打
1250999,red_apple,0,1456,红苹果
1392006,yellow_bodysuit,0,1456,黄色紧身连体衣
547495,morning_glory,0,1456,牵牛花
461235,ear_wiggle,0,1455,耳朵抖动
1880820,two-tone_sports_bra,0,1455,双色运动内衣
1607304,linear_hatching,0,1454,线性排线
436891,combat_boots,0,1454,战斗靴
457698,comforting,0,1454,安慰
1605653,utensil_in_mouth,0,1454,叼着餐具
1884709,rabbit-shaped_pupils,0,1454,兔形瞳孔
577080,hand_on_lap,0,1451,手放膝上
405415,milking_machine,0,1450,挤奶机
598441,yin_yang_orb,0,1450,阴阳玉
15187,machine,0,1449,机器
1952120,historical_name_connection,0,1449,历史名称关联
1314077,dice_hair_ornament,0,1448,骰子发饰
583243,telekinesis,0,1448,念动力
705059,fish_print,0,1447,鱼形印花
541640,button_eyes,0,1447,纽扣眼
433011,polka_dot_swimsuit,0,1446,圆点泳装
504063,ninja_mask,0,1445,忍者面罩
727101,overall_shorts,0,1445,背带短裤
1474354,holding_ladle,0,1445,手持汤勺
1510994,sweaty_clothes,0,1445,汗湿衣物
643402,shorts_under_dress,0,1445,裙下短裤
469760,oven_mitts,0,1444,烤箱手套
1460120,fur-trimmed_footwear,0,1444,毛边鞋履
560409,streamers,0,1444,彩带
685325,shiny_legwear,0,1444,闪亮腿饰
482051,drum_set,0,1443,架子鼓
1881201,eden_academy_school_uniform,0,1442,伊甸学院校服
1492155,eyewear_hang,0,1441,眼镜挂饰
1247470,chocolate_on_breasts,0,1440,胸上巧克力
474653,cutting_board,0,1440,砧板
1629910,star_brooch,0,1440,星星胸针
570743,kirin_(armor),0,1440,麒麟甲
379968,breast_expansion,0,1439,胸部变大
388012,legs_folded,0,1438,盘腿
594236,expressive_clothes,0,1437,表情丰富的衣服
542208,blank_stare,0,1437,呆滞的眼神
1271959,short_sidetail,0,1437,短侧马尾
509739,burnt_clothes,0,1436,烧焦的衣服
1345473,ribbon-trimmed_dress,0,1436,缎带镶边连衣裙
405,soccer,0,1435,足球
2025915,same-sex_bathing,0,1435,同性共浴
490687,prehensile_tail,0,1435,可卷缠的尾巴
5884,champagne,0,1435,香槟
1545323,multicolored_headwear,0,1435,多彩头饰
1394304,honeycomb_(pattern),0,1434,蜂窝图案
559663,unamused,0,1434,不悦
687207,round_window,0,1434,圆形窗户
699281,oversized_food,0,1432,超大食物
1492501,shinda_sekai_sensen_uniform,0,1432,死界战线制服
4051,duster,0,1431,掸子
542449,furigana,0,1431,振假名
479155,necktie_grab,0,1431,抓领带
611089,implied_yuri,0,1430,暗示百合
180296,wetsuit,0,1430,潜水服
4760,campfire,0,1430,篝火
664838,green_wings,0,1429,绿色翅膀
557859,puppet_strings,0,1429,提线木偶线
463031,anal_hair,0,1428,肛毛
494923,futa_on_male,0,1428,扶她x男性
1290693,looking_at_breasts,0,1427,看胸部
635045,solid_eyes,0,1427,实色眼睛
685558,cat_day,0,1427,猫之日
11603,paper_airplane,0,1426,纸飞机
1336108,crime_prevention_buzzer,0,1426,防犯蜂鸣器
1113314,thick_lips,0,1425,厚嘴唇
1364633,covered_penis,0,1425,被遮住的阴茎
394999,spooning,0,1424,抱勺式体位
509961,battle_rifle,0,1424,战斗步枪
1764814,compass_rose_halo,0,1424,罗盘玫瑰光环
700361,watermelon_bar,0,1423,西瓜棒冰
1535711,cross_tie,0,1422,十字领带
468977,split_screen,0,1421,分屏
648546,belt_boots,0,1421,腰带靴
699336,sharp_toenails,0,1419,尖锐脚趾甲
527131,canvas_(object),0,1418,画布
723350,weight_conscious,0,1418,在意体重
584716,camouflage_pants,0,1418,迷彩裤
702474,ribbed_leotard,0,1418,罗纹紧身衣
11273,harp,0,1417,竖琴
1432417,brown_tail,0,1417,棕色尾巴
375275,climbing,0,1417,攀爬
653485,torn_leotard,0,1416,撕裂的紧身衣
494838,soda_bottle,0,1415,汽水瓶
615286,pinching_sleeves,0,1415,捏袖子
1510188,dildo_riding,0,1414,骑假阳具
1346569,ass_support,0,1414,托臀
68500,ruler,0,1413,尺子
735235,eye_of_horus,0,1413,荷鲁斯之眼
494704,2011,0,1413,2011年
1102042,strawberry_hair_ornament,0,1412,草莓发饰
1611404,food-themed_earrings,0,1412,食物主题耳环
1559228,2000s_(style),0,1411,2000年代风格
381519,vibrator_in_thighhighs,0,1411,过膝袜里塞跳蛋
665405,white_umbrella,0,1411,白色雨伞
1534653,holding_ice_cream,0,1411,手持冰淇淋
607136,split_ponytail,0,1411,分叉马尾
392839,torn_panties,0,1410,撕裂的内裤
499526,green_socks,0,1410,绿色袜子
1578455,cumulonimbus_cloud,0,1410,积雨云
9574,sick,0,1409,生病
15731,clothes,0,1409,衣服
49867,summer_festival,0,1409,夏日祭
623242,light_censor,0,1408,光线遮挡
482510,plaid_panties,0,1408,格子内裤
617695,big_nose,0,1408,大鼻子
1361077,mole_above_mouth,0,1407,嘴上方的痣
1506275,riding_pokemon,0,1407,骑乘宝可梦
690466,monster_energy,0,1406,怪物能量饮料
1585295,athletic_leotard,0,1403,运动紧身衣
1391806,two-tone_bow,0,1403,双色蝴蝶结
573761,trash_bag,0,1403,垃圾袋
1471840,headlamp,0,1403,头灯
712047,belly_grab,0,1402,抓肚子
511422,newhalf,0,1402,新半阴阳
716813,sword_behind_back,0,1401,背后持剑
649117,multiple_swords,0,1399,多把剑
1392086,grey_bodysuit,0,1398,灰色紧身连体衣
1415933,fur-trimmed_shorts,0,1397,毛边短裤
705927,frilled_leotard,0,1397,荷叶边紧身连体衣
16114,chalk,0,1397,粉笔
674293,gift_bag,0,1397,礼品袋
683907,jingasa,0,1397,阵笠
682863,hand_on_another's_leg,0,1396,手放在他人腿上
1353702,hands_on_own_ass,0,1394,双手摸自己屁股
1481865,brown_corset,0,1394,棕色束腰
1090326,bird_mask,0,1394,鸟嘴面具
598531,dropping,0,1393,掉落中
487512,nostrils,0,1393,鼻孔
442124,orange_panties,0,1393,橙色内裤
531189,foliage,0,1392, foliage
491661,hat_tip,0,1392,脱帽致意
1974818,tarot_(medium),0,1391,塔罗牌(媒介)
1252372,sitting_on_bench,0,1391,坐在长椅上
165653,shirt_grab,0,1391,抓衬衫
485392,denim_jacket,0,1391,牛仔夹克
1713082,neck_tassel,0,1391,颈部流苏
562229,food_stand,0,1389,小吃摊
1494889,lion_boy,0,1389,狮子男孩
471850,cum_in_clothes,0,1388,射在衣服里
1384370,two-tone_hairband,0,1387,双色发箍
10246,wig,0,1387,假发
1538197,square_4koma,0,1386,方形四格漫画
1414393,gradient_skin,0,1386,渐变肤色
164246,teruterubouzu,0,1385,晴天娃娃
529177,ootachi,0,1385,大太刀
456884,brown_panties,0,1384,棕色内裤
11370,island,0,1384,岛屿
514538,hands_on_ass,0,1383,手放在屁股上
5525,chimney,0,1382,烟囱
1538677,holding_gohei,0,1382,手持御币
1415445,nanairogaoka_middle_school_uniform,0,1382,七色丘中学校服
1719547,sailor_moon_redraw_challenge_(meme),0,1382,美少女战士重绘挑战(梗)
695119,blood_in_hair,0,1381,头发上有血
533783,reins,0,1381,缰绳
1334628,anchor_print,0,1381,锚纹
614593,white_snake,0,1380,白蛇
591683,under_kotatsu,0,1380,被炉下
1575185,polka_dot_headwear,0,1380,圆点头饰
11756,cup_ramen,0,1379,杯面
121795,inline_skates,0,1379,直排轮滑鞋
478077,ready_to_draw,0,1378,准备作画
1033270,white_garter_straps,0,1378,白色吊带袜夹
465806,voice_actor,0,1377,声优
416557,ammunition_belt,0,1377,弹药带
1396368,frilled_ascot,0,1377,荷叶边领巾
570043,pine_tree,0,1377,松树
1243775,colored_shadow,0,1377,彩色阴影
643256,tentacle_pit,0,1377,触手坑
428847,ugly_man,0,1376,丑男
1490333,yellow_sleeves,0,1375,黄色袖子
465875,age_regression,0,1375,年龄退化
1295636,shark_costume,0,1375,鲨鱼装
663895,hand_on_own_neck,0,1374,手掐自己脖子
15147,concert,0,1374,演唱会
1399022,no_sclera,0,1374,无眼白
615253,applying_makeup,0,1374,化妆中
3114,thread,0,1373,线
365028,stealth_sex,0,1373,偷情
1549436,cutout_above_navel,0,1373,肚脐上方镂空
1360081,purple_scrunchie,0,1371,紫色发圈
567635,portrait_(object),0,1371,肖像画
12011,potato,0,1370,土豆
1601,clapping,0,1368,鼓掌
1277344,soap_censor,0,1366,肥皂遮挡
420441,teamwork,0,1366,团队合作
406042,exhausted,0,1366,筋疲力尽
470625,torn_gloves,0,1366,破洞手套
419773,iphone,0,1366,iPhone
1388990,two-tone_legwear,0,1365,双色腿袜
481999,motorcycle_helmet,0,1365,摩托车头盔
502383,elezen,0,1365,精灵族
1498023,adapted_turret,0,1364,改装炮塔
1406324,no_blindfold,0,1364,无眼罩
1592562,high-waist_pantyhose,0,1363,高腰连裤袜
712473,mummy_costume,0,1363,木乃伊服装
1301010,orange_sweater,0,1362,橙色毛衣
3533,laundry,0,1362,洗衣
500653,mahjong_tile,0,1362,麻将牌
2795,picnic,0,1362,野餐
424623,unitard,0,1362,连体紧身衣
575592,glowing_wings,0,1361,发光翅膀
713580,torn_jacket,0,1361,破夹克
68505,bikesuit,0,1359,骑行服
522628,upshorts,0,1359,上提短裤
1461344,papakha,0,1359,帕帕哈帽
582353,lace-trimmed_gloves,0,1358,蕾丝边手套
1479378,silver_trim,0,1358,银边
659959,scarf_over_mouth,0,1357,围巾遮嘴
611065,lace_choker,0,1357,蕾丝项圈
1345310,collared_vest,0,1357,有领马甲
565279,german_flag,0,1356,德国国旗
989449,paw_print_background,0,1356,爪印背景
468850,tall,0,1353,高个子
383675,bus_stop,0,1353,公交车站
1522400,tented_shirt,0,1353,帐篷状衬衫
668837,ghost_costume,0,1353,幽灵服装
668886,animal_on_lap,0,1352,膝上动物
11835,ballet,0,1352,芭蕾
1515353,grey_theme,0,1351,灰色主题
379743,saw,0,1351,锯子
374636,unicorn,0,1351,独角兽
390867,soda,0,1351,汽水
1243627,penis_peek,0,1351,阴茎微露
1786594,tokyo-3_middle_school_uniform,0,1350,东京第三中学制服
1350036,crystal_earrings,0,1350,水晶耳环
1274515,double_w,0,1350,双W
539907,calico,0,1349,三花猫
12413,coffin,0,1349,棺材
1315295,holding_another's_hair,0,1349,手持他人头发
16355,sundae,0,1348,圣代
398497,mouth_pull,0,1348,拉嘴
482734,bicorne,0,1348,双角帽
1433794,holding_saucer,0,1347,手持茶碟
399923,washing,0,1345,清洗
404788,wrestling_ring,0,1345,摔跤擂台
1358423,multicolored_footwear,0,1345,彩色鞋子
651163,kourindou_tengu_costume,0,1345,香霖堂天狗装束
593295,red_border,0,1344,红色边框
618005,pennant,0,1343,三角旗
252960,tengu,0,1342,天狗
707712,consensual_tentacles,0,1342,合意触手
675461,rolling_suitcase,0,1342,拉杆行李箱
27649,phallic_symbol,0,1341,阴茎象征
593299,pink_border,0,1341,粉色边框
8722,detective,0,1341,侦探
491766,painterly,0,1340,绘画风格
483367,pornography,0,1339,色情内容
1393886,multicolored_kimono,0,1338,彩色和服
550954,drawing_sword,0,1338,拔剑
1152233,star_tattoo,0,1337,星星纹身
555475,pixiv_logo,0,1337,Pixiv标志
1260944,heart-shaped_lock,0,1337,心形锁
540293,vampire_costume,0,1337,吸血鬼服装
1499492,k/da_(league_of_legends),0,1337,K/DA(英雄联盟)
437409,hospital_bed,0,1336,病床
710257,odd_one_out,0,1335,格格不入
421120,shell_bikini,0,1335,贝壳比基尼
842878,liquid_hair,0,1335,液体头发
476447,kurokote,0,1333,黑子
498775,orange_skin,0,1333,橙色皮肤
437001,living_clothes,0,1333,活体衣服
1408058,brown_leotard,0,1332,棕色紧身衣
499809,butterfly_net,0,1331,捕虫网
1476659,french_text,0,1331,法语文字
1404921,pink_ascot,0,1331,粉色领巾
591348,breast_cutout,0,1331,胸部镂空
1433301,two-tone_leotard,0,1330,双色紧身衣
1435997,eye_trail,0,1330,眼睛轨迹
1468288,holding_violin,0,1329,手持小提琴
383546,stole,0,1329,披肩
451182,grimoire,0,1328,魔法书
1759071,cetacean_tail,0,1328,鲸尾
438516,zabuton,0,1327,坐垫
1365868,holding_envelope,0,1326,手持信封
1491890,deer_antlers,0,1326,鹿角
1232450,sparkle_print,0,1325,闪光印花
1409572,yellow_leotard,0,1324,黄色紧身连体衣
682869,extra_mouth,0,1324,额外嘴巴
515827,frog_print,0,1324,青蛙印花
1484444,yellow_butterfly,0,1323,黄色蝴蝶
529750,glowing_hair,0,1323,发光头发
1497572,battery_indicator,0,1323,电池电量指示
516468,fake_cover,0,1322,假封面
1403674,pink_camisole,0,1321,粉色吊带背心
1825467,androgyne_symbol,0,1321,双性符号
1421701,smokestack_hair_ornament,0,1321,烟囱发饰
383146,panties_on_head,0,1320,内裤套头
489621,corded_phone,0,1320,有线电话
10428,wading_pool,0,1319,戏水池
378487,telescope,0,1319,望远镜
1248643,lapel_pin,0,1318,领针
1255353,loungewear,0,1318,家居服
1575195,crocodilian_tail,0,1318,鳄鱼尾巴
15057,nearly_naked_apron,0,1317,近乎裸体围裙
504393,looking_outside,0,1317,看向外面
877388,long_tail,0,1317,长尾巴
1311812,green_hakama,0,1317,绿色袴
1657724,just_the_tip,0,1316,只差一点
388391,screwdriver,0,1316,螺丝刀
1470893,blue_brooch,0,1316,蓝色胸针
10157,honey,0,1315,蜂蜜
665720,candy_wrapper,0,1315,糖果包装纸
578777,outstretched_leg,0,1314,伸直的腿
597826,santa_gloves,0,1314,圣诞老人手套
862310,kodona,0,1313,小少爷
457725,traffic_cone,0,1313,交通锥
1445390,aria_company_uniform,0,1312,ARIA公司制服
406035,legs_over_head,0,1312,腿举过头
577111,pearl_earrings,0,1310,珍珠耳环
5563,comparison,0,1309,对比
666509,>o<,0,1308,>o<(表情)
619281,blue_border,0,1308,蓝色边框
1327189,glowing_horns,0,1308,发光角
375033,bored,0,1307,无聊
1337534,boobplate,0,1307,胸甲
515225,sperm_cell,0,1307,精子细胞
10639,yarn,0,1305,毛线
1514329,instagram_logo,0,1305,Instagram标志
317,bus,0,1304,公交车
406420,popcorn,0,1304,爆米花
6160,cocktail,0,1303,鸡尾酒
1417853,heart_collar,0,1303,心形项圈
463235,training_bra,0,1301,训练文胸
1329192,arm_armor,0,1300,臂甲
413107,puffy_cheeks,0,1300,鼓起的脸颊
556112,red_tail,0,1299,红色尾巴
1627136,excalibur_morgan_(fate),0,1299,誓约胜利之剑·摩根(Fate)
10326,archery,0,1298,射箭
470859,purple_socks,0,1298,紫色袜子
1402775,white_mask,0,1298,白色面具
375906,hot_dog,0,1297,热狗
519382,decepticon,0,1297,霸天虎
1872936,fourth_east_high_school_uniform,0,1297,第四东高中校服
637714,holding_legs,0,1296,抱着腿
613598,polka_dot_legwear,0,1295,波点腿饰
12725,headless,0,1295,无头
616555,uchikake,0,1294,打挂
3419,shinai,0,1293,竹剑
549266,grocery_bag,0,1293,购物袋
509238,dialogue_box,0,1293,对话框
1869216,surrounded_by_penises,0,1293,被阴茎包围
1556082,print_headwear,0,1293,印花头饰
10938,reindeer,0,1292,驯鹿
1508825,pouring_onto_self,0,1292,往自己身上倒
1344962,egg_hair_ornament,0,1292,蛋形发饰
720344,round-bottom_flask,0,1290,圆底烧瓶
538478,haniwa_(statue),0,1290,埴轮(雕像)
1424580,oda_uri,0,1290,小田宇理
1853184,kamiyama_high_school_uniform_(hyouka),0,1290,神山高中校服(冰菓)
1915073,art_tools_in_frame,0,1289,画框内的绘画工具
540308,baggy_clothes,0,1287,宽松衣服
551459,kine,0,1287,杵
1353739,borrowed_design,0,1287,借用设计
482391,bad_food,0,1286,糟糕的食物
513996,lyrics,0,1286,歌词
535323,art_brush,0,1285,画笔
497292,bo_staff,0,1285,棍棒
473049,doily,0,1284,蕾丝垫
1371202,yellow_cape,0,1284,黄色披风
16833,sidewalk,0,1284,人行道
682286,title_parody,0,1284,标题恶搞
11125,asian,0,1283,亚洲人
383854,native_american,0,1283,美洲原住民
579303,tail_ring,0,1283,尾环
1326625,implied_yaoi,0,1283,暗示BL
652288,alphes_(style),0,1283,Alphes(画风)
10014,washing_machine,0,1281,洗衣机
1341736,hanten_(clothes),0,1281,半缠(服装)
62962,buruma_pull,0,1279,布鲁玛裤拉拽
1319348,holding_bucket,0,1279,提着桶
688664,adjusting_legwear,0,1279,调整腿部衣物
753278,analog_clock,0,1278,模拟时钟
1959261,mecha_focus,0,1278,机甲聚焦
502348,eyelid_pull,0,1278,拉眼皮
668848,multiple_monochrome,0,1278,多格单色
10023,toilet_use,0,1277,使用厕所
1410988,pravda_school_uniform,0,1277,真理高中校服
505302,bar_stool,0,1276,吧台凳
493245,theft,0,1275,偷窃
577453,lace_gloves,0,1275,蕾丝手套
1334692,side_drill,0,1275,侧钻头
607245,cropped_arms,0,1275,裁剪手臂
615525,blue_tail,0,1274,蓝色尾巴
434844,folding_chair,0,1274,折叠椅
1958420,sideburns_stubble,0,1274,鬓角胡茬
395011,tube_dress,0,1274,筒形连衣裙
1438041,blue_sports_bra,0,1274,蓝色运动内衣
1480873,presenting_foot,0,1274,展示脚
1881209,naranja_academy_school_uniform,0,1274,纳拉尼亚学院校服
416752,strap_lift,0,1273,提肩带
1609031,scar_on_mouth,0,1273,嘴部疤痕
611912,huge_eyebrows,0,1273,巨大眉毛
1327704,nejiri_hachimaki,0,1272,捻式头巾
1771225,lord_camelot_(fate),0,1272,高文(Fate)
599606,fuuin_no_tsue,0,1271,封印之杖
407500,easel,0,1271,画架
1323466,brown_nails,0,1271,棕色指甲
538324,manga_cover,0,1270,漫画封面
393237,bandolier,0,1270,弹药带
469127,hair_wings,0,1270,发翼
652086,gathers,0,1269,褶裥
540095,bilingual,0,1269,双语
627286,covering_one_eye,0,1269,遮住一只眼
542338,snake_hair,0,1268,蛇发
467246,dotted_line,0,1268,虚线
665204,thick_eyelashes,0,1268,浓密睫毛
1230967,rook_(chess),0,1268,车(国际象棋)
1610148,poster_(medium),0,1267,海报(媒介)
586561,penises_touching,0,1267,阴茎相触
1561175,champion_uniform,0,1267,冠军制服
1292517,glowing_butterfly,0,1266,发光蝴蝶
1825415,shuujin_academy_school_uniform,0,1265,秀尽学院校服
714474,thighhighs_over_pantyhose,0,1264,过膝袜套连裤袜
374852,wakizashi,0,1264,胁差
417929,tennis_ball,0,1264,网球
550074,in_water,0,1264,在水中
432965,red_oni,0,1264,赤鬼
389154,screw,0,1264,螺丝
1703807,star_sticker,0,1263,星星贴纸
414165,cum_on_pussy,0,1262,精液沾阴部
419287,swim_cap,0,1262,泳帽
1399017,grey_tail,0,1262,灰色尾巴
660791,fur_cape,0,1262,毛皮披肩
393428,vaulting_horse,0,1261,鞍马
1382643,flaming_weapon,0,1261,火焰武器
1452498,grey_capelet,0,1261,灰色短斗篷
1915726,choppy_bangs,0,1260,参差刘海
482205,crayon,0,1259,蜡笔
472653,stained_panties,0,1259,污渍内裤
1058783,aviator_sunglasses,0,1258,飞行员太阳镜
1512007,pill_earrings,0,1258,药丸耳环
620608,no_tail,0,1257,无尾巴
553905,pink_tail,0,1256,粉色尾巴
632074,owl_ears,0,1256,猫头鹰耳
2430,recorder,0,1254,竖笛
13242,hanetsuki,0,1254,羽子板
1350215,blue_robe,0,1254,蓝色长袍
510057,sand_sculpture,0,1253,沙雕
462605,snack,0,1253,零食
497027,pointy_breasts,0,1253,尖乳
374917,prison_clothes,0,1252,囚服
548331,bamboo_steamer,0,1250,竹蒸笼
9535,icing,0,1249,糖霜
1441859,aqua_footwear,0,1249,水色鞋履
399166,cursor,0,1249,光标
1193565,jimiko,0,1249,地味子
54102,noose,0,1248,绞索
576788,drying_hair,0,1248,吹干头发
452607,2009,0,1248,2009年
80452,unzipping,0,1247,拉开拉链
548516,pinstripe_shirt,0,1247,细条纹衬衫
1305509,box_of_chocolates,0,1246,盒装巧克力
543900,hat_over_one_eye,0,1245,帽子遮住一只眼
1835765,evangelion_(mecha),0,1244,EVA(机甲)
2016852,full_beard,0,1244,大胡子
675942,zun_(style),0,1243,ZUN风
641957,bishop_(chess),0,1243,象(国际象棋)
382573,akanbe,0,1242,阿卡贝拉(吐舌下眼睑手势)
378755,beans,0,1242,豆子
1793017,griffin_&_kryuger_military_uniform,0,1242,格里芬与克鲁格军用制服
1501467,bandaid_hair_ornament,0,1242,创可贴发饰
1719544,they_had_lots_of_sex_afterwards_(meme),0,1241,事后(梗)
583869,character_censor,0,1240,角色遮挡
5119,pinwheel,0,1240,风车
691041,yellow_sky,0,1239,黄色天空
462239,chinese_new_year,0,1239,春节
1270632,huge_moon,0,1238,巨大月亮
4640,hanbok,0,1238,韩服
191357,loose_shirt,0,1238,宽松衬衫
1324009,lactation_through_clothes,0,1237,透过衣服泌乳
11435,spreader_bar,0,1236,分腿棒
1354455,year_of_the_rat,0,1236,鼠年
378166,star_of_david,0,1235,大卫之星
1638312,footwear_ribbon,0,1235,鞋子蝴蝶结
463437,pencil_case,0,1235,笔袋
411498,tearing_clothes,0,1233,撕衣服
1497365,pov_doorway,0,1233,门框视角
1666453,mage_staff,0,1233,法师法杖
1504031,white_butterfly,0,1232,白蝴蝶
1384374,grey_hairband,0,1232,灰色发带
642323,teacher_and_student,0,1232,师生
1835593,ornate_ring,0,1232,华丽戒指
1855849,ass_ripple,0,1232,臀部波纹
375377,boar,0,1231,野猪
1427498,holding_pizza,0,1231,手持披萨
1430264,coin_hair_ornament,0,1231,硬币发饰
669112,broken_weapon,0,1230,破损武器
472508,drum_(container),0,1230,鼓(容器)
1509338,holding_tablet_pc,0,1230,手持平板电脑
477060,hair_lift,0,1229,头发翘起
412162,bucket_hat,0,1228,水桶帽
4910,corn,0,1227,玉米
646003,curled_fingers,0,1227,蜷曲手指
1734694,musou_isshin_(genshin_impact),0,1227,梦想一心(原神)
16756,aquarium,0,1225,水族箱
5248,snowball,0,1225,雪球
10673,vore,0,1225,吞食
1441951,gold_footwear,0,1225,金色鞋子
16918,tutu,0,1224,芭蕾舞裙
1427833,holding_popsicle,0,1224,手持冰棒
1509089,between_pectorals,0,1224,胸间
1343008,orange_vest,0,1222,橙色背心
1258067,hands_on_own_stomach,0,1222,双手捂腹
646377,kikumon,0,1222,菊花纹
1379986,alpaca_ears,0,1222,羊驼耳
5254,thermometer,0,1221,温度计
412915,pet_bowl,0,1221,宠物碗
710509,antique_firearm,0,1221,古董火器
1605157,colored_nipples,0,1221,彩色乳头
548066,blending,0,1220,混合
1749113,arthropod_limbs,0,1220,节肢动物肢体
513425,nib_pen_(medium),0,1220,蘸水笔(中等)
383197,toilet_paper,0,1219,卫生纸
1353525,from_outside,0,1219,从外部
702958,holding_ribbon,0,1219,手持丝带
1399041,yellow_tail,0,1218,黄色尾巴
2374,shopping,0,1218,购物
464554,dandelion,0,1218,蒲公英
1409664,floating_scarf,0,1218,飘浮围巾
1488405,mole_on_cheek,0,1216,脸颊痣
657589,crotch_cutout,0,1216,胯部镂空
1926688,low-tied_sidelocks,0,1215,低系侧发
612322,sheikah,0,1215,希卡族
1469257,single_epaulette,0,1215,单肩章
543093,motherly,0,1214,母性
1513405,heart_facial_mark,0,1214,心形面部标记
1391449,cropped_sweater,0,1213,短款毛衣
430316,messenger_bag,0,1213,邮差包
1716159,human_scabbard,0,1213,人体刀鞘
519987,pikmin_(creature),0,1212,皮克敏(生物)
720294,weasel_ears,0,1212,鼬耳
398803,cowboy_boots,0,1211,牛仔靴
1423439,livestream,0,1211,直播
395164,napkin,0,1210,餐巾
1325319,wrist_bow,0,1210,腕弓
1411111,keizoku_military_uniform,0,1210,継続军服
1238293,grey_wings,0,1209,灰色翅膀
3614,stain,0,1209,污渍
204274,upshirt,0,1209,掀衣
1569456,pizza_slice,0,1209,披萨片
552812,in_cup,0,1208,杯中
396687,hourglass,0,1208,沙漏
487760,under_tree,0,1207,树下
594313,shoulder_holster,0,1207,肩挂枪套
1427573,brown_sleeves,0,1207,棕色袖子
670641,clothes_between_breasts,0,1206,乳间衣物
9017,kaijuu,0,1206,怪兽
642029,queen_(chess),0,1206,后(国际象棋)
645655,wall_clock,0,1205,挂钟
15251,undead,0,1205,亡灵
1720557,swimsuit_cover-up,0,1205,泳装罩衫
430138,double_vertical_stripe,0,1204,双竖条纹
533033,covering_ass,0,1204,遮臀
390528,seaweed,0,1204,海藻
1439729,green_fur,0,1204,绿色毛发
475500,kissing_hand,0,1203,吻手
469710,energy_drink,0,1203,能量饮料
1298677,armpit_cutout,0,1203,腋下镂空
1364890,white_hood,0,1202,白色兜帽
1397788,brown_choker,0,1202,棕色项圈
1799877,tracen_swimsuit,0,1202,特雷森泳装
1239921,pink_sky,0,1201,粉色天空
7702,hairjob,0,1201,发交
508103,tentacles_under_clothes,0,1200,衣服下触手
415025,convenience_store,0,1200,便利店
608993,uncommon_stimulation,0,1198,非常规刺激
1090981,tantou,0,1197,短刀
714848,rectangular_mouth,0,1197,矩形嘴
723519,chin_strap,0,1197,下巴带
1601728,gladiator_sandals,0,1197,角斗士凉鞋
1414615,mole_on_stomach,0,1196,腹部痣
687072,dark_areolae,0,1196,深色乳晕
568887,single_boot,0,1196,单靴
633878,pursed_lips,0,1195,噘嘴
1579902,nata_(tool),0,1195,砍刀
1444217,red_tank_top,0,1195,红色背心
1326378,black_umbrella,0,1195,黑色雨伞
1289607,nursing_handjob,0,1195,护理手交
713277,no_eyepatch,0,1195,无眼罩
568990,blue_tunic,0,1195,蓝色束腰外衣
572545,wall_of_text,0,1193,文字墙
669932,wrist_wrap,0,1193,腕带
182494,audience,0,1193,观众
1258824,print_shorts,0,1193,印花短裤
6481,tools,0,1191,工具
837919,deer_girl,0,1189,鹿娘
1230297,single_wrist_cuff,0,1188,单腕铐
478362,kepi,0,1188,法式平顶帽
16929,barbed_wire,0,1187,铁丝网
1461059,white_headdress,0,1187,白色头饰
610305,hand_to_head,0,1187,手触头
445618,wet_dress,0,1186,湿连衣裙
432413,lute_(instrument),0,1185,鲁特琴
1662233,jujutsu_tech_uniform,0,1185,咒术高专校服
1932,ipod,0,1183,iPod
1609648,cum_on_pectorals,0,1183,精液射在胸肌上
703702,hooded_track_jacket,0,1182,连帽运动夹克
521714,cursive,0,1181,草书
409179,smoking_gun,0,1181,冒烟的枪
1483518,orange_sleeves,0,1181,橙色袖子
1423578,brown_collar,0,1181,棕色衣领
1452852,two-tone_cape,0,1181,双色披风
458295,rising_sun_flag,0,1180,旭日旗
1398131,hooded_bodysuit,0,1180,连帽连体紧身衣
1505137,thai_text,0,1179,泰语文字
458547,wood,0,1179,木头
609075,red_mask,0,1179,红色面具
1750472,galaxy_expedition_team_survey_corps_uniform,0,1179,银河远征队调查兵团制服
377994,playing,0,1178,玩耍
417078,bayonet,0,1178,刺刀
1303973,white_towel,0,1177,白色毛巾
526671,child's_drawing,0,1176,儿童涂鸦
1433477,floating_cape,0,1176,飘浮的披风
527344,body_armor,0,1176,防弹衣
1414486,red_mittens,0,1175,红色连指手套
589292,slashing,0,1174,劈砍
10497,rocket,0,1174,火箭
476893,torn_swimsuit,0,1174,撕裂的泳装
374312,pilot,0,1174,飞行员
393568,amulet,0,1173,护身符
580277,green_tail,0,1172,绿色尾巴
1427616,purple_sash,0,1172,紫色腰带
422468,satin,0,1172,缎面
1663181,alice_(alice_in_wonderland)_(cosplay),0,1172,爱丽丝(爱丽丝梦游仙境)(cosplay)
507447,family_crest,0,1172,家纹
1411060,saunders_military_uniform,0,1172,桑德斯大学附属高中制服
1397657,cat_ear_legwear,0,1172,猫耳腿饰
381183,brick,0,1171,砖块
461078,squinting,0,1171,眯眼
665502,saiyan_armor,0,1171,赛亚人战斗服
1505168,traditional_chinese_text,0,1170,繁体中文文字
1405660,white_mittens,0,1169,白色连指手套
1253834,knotted_penis,0,1168,打结的阴茎
9213,diaper,0,1168,尿布
43071,blind,0,1168,失明
1360271,grey_cape,0,1168,灰色披风
1470190,frilled_sailor_collar,0,1168,荷叶边水手领
1468127,survey_corps_(emblem),0,1168,调查兵团徽章
572593,noh_mask,0,1167,能面具
550434,side_slit_shorts,0,1166,侧开衩短裤
1345376,wing_ornament,0,1166,翅膀装饰
1681601,mash_kyrielight_(dangerous_beast)_(cosplay),0,1166,玛修·基列莱特(危险野兽)(cosplay)
605773,head_on_hand,0,1165,手托头
1604448,duel_academy_uniform_(yu-gi-oh!_gx),0,1165,决斗学院校服(游戏王GX)
1593048,race_vehicle,0,1165,赛车
1495060,pants_tucked_in,0,1165,裤子塞进
1092127,condom_belt,0,1165,安全套腰带
1495160,mismatched_eyebrows,0,1164,不对称眉毛
460344,ear_biting,0,1164,咬耳朵
547746,patterned,0,1164,花纹
502629,bullet_hole,0,1164,弹孔
398109,ice_skates,0,1164,溜冰鞋
1456713,cross_choker,0,1164,十字项圈
1512126,black_sweater_vest,0,1164,黑色毛衣背心
607513,arms_around_waist,0,1163,手臂环腰
4047,pickaxe,0,1162,镐
374998,abuse,0,1162,虐待
400267,dumpling,0,1162,团子
467711,possessed,0,1161,被附身
495021,rider_belt,0,1161,骑士腰带
433870,broken_heart,0,1160,破碎的心
74341,floating_island,0,1158,浮空岛
1330451,multicolored_cape,0,1158,彩色披风
1954874,girthy_penis,0,1158,粗大阴茎
317438,war,0,1157,战争
492648,yellow_socks,0,1156,黄色袜子
1242015,vanishing_point,0,1156,消失点
1682536,alternate_muscle_size,0,1156,替代肌肉尺寸
1881213,uva_academy_school_uniform,0,1156,UVA学院校服
1608617,fold-over_boots,0,1155,翻折靴
1346040,pink_hakama,0,1155,粉色袴
425258,naked_overalls,0,1154,裸穿背带裤
456535,spit_take,0,1154,喷溅
440482,leg_wrap,0,1154,腿缠绕
383664,pier,0,1153,码头
427033,hologram,0,1153,全息投影
490582,onbashira,0,1153,御柱
1456945,mochi_trail,0,1150,麻薯痕迹
600871,ar-15,0,1150,AR-15步枪
416845,toast_in_mouth,0,1149,叼着吐司
378541,gills,0,1149,鳃
1472423,sleeve_ribbon,0,1149,袖子丝带
377871,gerudo,0,1149,格鲁德族
1353857,blood_on_arm,0,1149,手臂上的血
1274530,angora_rabbit,0,1149,安哥拉兔
668806,tied_jacket,0,1149,系在腰上的外套
465140,breastfeeding,0,1148,母乳喂养
385619,facepalm,0,1148,扶额
689166,king_(chess),0,1148,王(国际象棋)
388245,cum_in_nose,0,1147,鼻内射精
519098,yarn_ball,0,1147,毛线球
1419059,blue_tank_top,0,1147,蓝色背心
1574670,two-sided_dress,0,1147,双面连衣裙
1429073,holding_beachball,0,1146,抱着沙滩球
1544416,clothes_between_thighs,0,1146,大腿间衣物
438209,checkered_flag,0,1146,格子旗
582333,ojou-sama_pose,0,1145,大小姐姿势
1373023,purple-framed_eyewear,0,1145,紫色框眼镜
554570,jockstrap,0,1145,运动护裆
468827,pushing,0,1144,推
8787,cd,0,1144,光盘
1181961,multiple_weapons,0,1144,多种武器
447171,lowleg_pants,0,1144,低腰裤
456565,flying_kick,0,1143,飞踢
228097,astronaut,0,1143,宇航员
570496,struggling,0,1143,挣扎
658977,wooden_chair,0,1142,木椅
394852,hair_flip,0,1142,甩头发
1299125,elbows_on_table,0,1141,手肘撑桌
1575514,yuigaoka_school_uniform,0,1141,结丘女子学校制服
1506800,diamond_(gemstone),0,1139,钻石(宝石)
1301231,robot_animal,0,1139,机器动物
433234,erect_clitoris,0,1139,勃起的阴蒂
529455,tight_dress,0,1138,紧身连衣裙
632045,no_jacket,0,1137,无外套
10056,grill,0,1136,烤架
1324059,holding_jewelry,0,1136,手持首饰
4638,drugs,0,1136,毒品
606330,condom_box,0,1135,避孕套盒
1392422,frilled_camisole,0,1135,荷叶边吊带背心
2006770,unworn_coat,0,1134,未穿外套
477804,rainbow_hair,0,1134,彩虹发
410619,toe_ring,0,1133,脚趾环
448692,saddle,0,1133,马鞍
1561346,see-through_jacket,0,1133,透视外套
614915,pink_cape,0,1133,粉色披风
664456,horn_ring,0,1132,角环
1607725,stuffed_winged_unicorn,0,1132,填充独角兽玩偶
2006763,unworn_backpack,0,1131,未穿背包
1290371,ancient_greek_clothes,0,1131,古希腊服饰
414667,hedgehog_ears,0,1131,刺猬耳
1296117,sideways_hat,0,1130,歪戴帽子
1450046,holding_megaphone,0,1130,手持扩音器
1208724,string_bra,0,1130,细带胸罩
504098,m1911,0,1129,M1911手枪
445034,huge_testicles,0,1128,巨大睾丸
582801,flower_on_head,0,1126,头戴花
394157,papers,0,1126,文件
411205,pigeon,0,1126,鸽子
2006766,unworn_dress,0,1125,未穿连衣裙
408039,crystal_ball,0,1124,水晶球
222856,good_end,0,1124,好结局
690260,vibrator_on_nipple,0,1123,乳头用跳蛋
1344687,holding_letter,0,1123,手持信件
550352,hand_on_forehead,0,1122,手抚额头
593473,coke-bottle_glasses,0,1120,瓶底眼镜
1237688,open_bodysuit,0,1120,敞开连体衣
8664,hoop,0,1120,呼啦圈
1345218,holding_behind_back,0,1120,背后手持
1406965,holding_chocolate,0,1120,手持巧克力
537085,objectification,0,1120,物化
1292892,cracked_wall,0,1120,开裂墙壁
487790,studded_bracelet,0,1120,铆钉手链
490067,holding_head,0,1119,抱头
255403,cleaver,0,1118,菜刀
269258,chat_log,0,1118,聊天记录
561654,animal_skull,0,1118,动物头骨
664894,aqua_gloves,0,1117,水蓝色手套
13597,triple_penetration,0,1117,三穴插入
7877,nintendo_ds,0,1116,任天堂DS
635240,star_pasties,0,1116,星星乳贴
1597931,pancake_stack,0,1116,煎饼堆
593433,rice_on_face,0,1115,脸上有饭粒
385968,player_2,0,1114,2P玩家
1300914,leash_pull,0,1114,拉牵引绳
1886041,shuka_high_school_uniform,0,1114,秀华高中校服
428710,buster_sword,0,1113,巨剑
1316299,multicolored_scarf,0,1113,彩色围巾
497039,test_plugsuit,0,1113,测试用紧身衣
599986,cutting_hair,0,1112,剪发
1100029,hands_on_own_breasts,0,1112,双手捂胸
607934,tentacles_on_male,0,1112,触手对男性
46843,shaking,0,1112,摇晃
476906,spray_can,0,1112,喷漆罐
501887,levitation,0,1111,漂浮
453294,houndstooth,0,1111,千鸟格纹
1552258,fish_boy,0,1111,鱼男孩
564002,guided_penetration,0,1110,引导插入
511246,blank_speech_bubble,0,1109,空白对话框
474428,blowing,0,1109,吹气
1328348,group_name,0,1109,团体名称
1450864,head_chain,0,1109,头链
622973,chicken_(food),0,1108,鸡肉
13164,bud,0,1108,花蕾
271102,ladybug,0,1108,瓢虫
1427943,yellow_tank_top,0,1107,黄色背心
8482,waiter,0,1107,侍者
617955,polka_dot_skirt,0,1107,波点裙
572583,radiation_symbol,0,1106,辐射标志
1488071,orange_tail,0,1106,橙色尾巴
390026,chalice,0,1106,圣杯
399273,adidas,0,1106,阿迪达斯
1350589,bandaid_on_forehead,0,1106,额头创可贴
715181,post-apocalypse,0,1105,后末日
1416950,vertical-striped_jacket,0,1105,竖条纹夹克
487783,leather_pants,0,1103,皮裤
9656,crazy,0,1103,疯狂
428269,hard_hat,0,1103,安全帽
556519,electrical_outlet,0,1103,电源插座
960973,cardigan_around_waist,0,1103,腰间系开衫
605380,vertical-striped_bikini,0,1102,竖条纹比基尼
1481671,torn_bodystocking,0,1102,破损连体袜
473178,\n/,0,1101,"
/(表情)"
1229971,shoulder_cannon,0,1101,肩扛炮
1355541,lattice,0,1100,格子
1401831,purple_ascot,0,1099,紫色领巾
663596,aestus_estus,0,1099,Aestus Estus
1868991,twitter_strip_game_(meme),0,1099,推特撕条游戏(梗)
482315,breast_padding,0,1098,胸垫
417908,white_tiger,0,1098,白虎
561371,qr_code,0,1098,二维码
399680,arachne,0,1098,阿拉克涅
1447366,cross_pasties,0,1097,十字乳贴
561682,clownfish,0,1096,小丑鱼
1386020,st._gloriana's_(emblem),0,1095,圣格洛丽安娜(徽章)
1466798,holding_money,0,1094,手持钱
1535682,two-tone_hoodie,0,1094,双色连帽衫
7700,weightlifting,0,1093,举重
381280,lighthouse,0,1092,灯塔
401136,kimono_lift,0,1092,掀和服
623986,green_sclera,0,1092,绿色巩膜
1571287,berry_(pokemon),0,1092,树果(宝可梦)
1527638,bubble_tea_challenge,0,1092,珍珠奶茶挑战
11414,nipple_clamps,0,1091,乳头夹
1352539,squidbeak_splatoon,0,1090,乌贼喙(Splatoon)
620885,latex_legwear,0,1089,乳胶腿饰
1435395,grey_tank_top,0,1089,灰色背心
684797,hands_on_another's_hips,0,1089,手搭他人臀部
417498,christmas_present,0,1089,圣诞礼物
1299138,back-print_panties,0,1088,背部印花内裤
533099,sitting_on_rock,0,1088,坐岩石上
2068563,barefoot_sandals_(jewelry),0,1088,赤足凉鞋(饰品)
545590,easter_egg,0,1088,复活节彩蛋
1411474,bc_freedom_military_uniform,0,1088,BC自由军服
1012946,breasts_on_table,0,1087,胸部搁桌上
15469,coconut,0,1087,椰子
1247424,brick_floor,0,1086,砖地板
1881200,ashford_academy_school_uniform,0,1086,阿什福德学院校服
549347,green_pantyhose,0,1086,绿色连裤袜
1564958,heart_maebari,0,1085,心形胸贴
8697,porch,0,1084,门廊
462190,public_use,0,1084,公共使用
1623058,male_maid,0,1084,男仆
1450741,oohashi_high_school_uniform,0,1084,大桥高中校服
5231,tonfa,0,1083,拐棍
8409,spaghetti,0,1083,意大利面
1611387,fumo_(doll),0,1083,芙芙(玩偶)
406050,rough_sex,0,1083,粗暴性爱
469235,amplifier,0,1082,放大器
484561,arm_cuffs,0,1082,臂环
403070,grenade_launcher,0,1081,榴弹发射器
1377852,hair_on_horn,0,1081,角上头发
1793356,floral_print_kimono,0,1080,印花和服
1242619,fake_nails,0,1080,假指甲
589458,<o>_<o>,0,1080,<o>_<o>(表情)
12500,pendulum,0,1080,摆锤
429978,between_toes,0,1079,脚趾间
1366557,ink_tank_(splatoon),0,1079,墨水罐(喷射战士)
1258093,ribbon-trimmed_headwear,0,1078,缎带边头饰
531424,multiple_heads,0,1078,多头
375406,clown,0,1077,小丑
485541,finger_heart,0,1077,手指爱心
1339258,logo_parody,0,1076,标志恶搞
585968,heads-up_display,0,1076,抬头显示器
1253889,joestar_birthmark,0,1076,乔斯达星形胎记
1281282,taimanin_suit,0,1075,对魔忍装
1365439,jaguar_print,0,1075,豹纹
576346,adjusting_necktie,0,1074,调整领带
15836,butter,0,1074,黄油
2477,lightsaber,0,1073,光剑
585602,jeweled_branch_of_hourai,0,1073,蓬莱玉枝
1372787,multi-strapped_panties,0,1073,多带内裤
1342773,fleur_de_lapin_uniform,0,1073,Fleur de Lapin制服
1344492,on_motorcycle,0,1072,骑摩托车
403466,medallion,0,1072,奖章
746897,pussy_juice_drip_through_clothes,0,1072,淫液透过衣物滴落
1407341,holding_notebook,0,1072,手持笔记本
476104,saber_(weapon),0,1072,军刀
1779554,ear_birthmark,0,1072,耳朵胎记
490118,pool_of_blood,0,1071,血泊
658794,poke_ball_theme,0,1071,精灵球主题
1648109,hololive_idol_uniform,0,1071,Hololive偶像制服
1529528,yellow_raincoat,0,1070,黄色雨衣
138127,art_nouveau,0,1070,新艺术风格
659461,sleep_bubble,0,1070,睡眠气泡
474917,peace_symbol,0,1069,和平手势
1539213,flower_over_eye,0,1069,遮眼花
672588,cardigan_vest,0,1068,开襟背心
418811,acoustic_guitar,0,1068,原声吉他
330159,green_tea,0,1068,绿茶
1331283,bridal_legwear,0,1068,新娘腿部装饰
555321,hand_gesture,0,1068,手势
1453635,cartoon_bone,0,1068,卡通骨头
1494960,yellow-tinted_eyewear,0,1067,黄色墨镜
693639,striped_hoodie,0,1067,条纹连帽衫
571951,flaming_sword,0,1065,火焰剑
419383,wallet,0,1065,钱包
1343361,opened_by_self,0,1065,自行打开
514359,naked_scarf,0,1064,裸体围巾
742744,bean_bag_chair,0,1064,懒人沙发
1329330,bunny_day,0,1064,兔子日
411403,tongs,0,1063,钳子
1440820,usekh_collar,0,1063,乌瑟克项圈
1193485,dudou,0,1062,肚兜
612924,"don't_say_""lazy""",0,1062,别说“懒”
1598258,cross-laced_sleeves,0,1062,交叉系带袖子
388611,warning_sign,0,1061,警告标志
1404539,green_tunic,0,1061,绿色束腰外衣
1406788,otter_ears,0,1060,水獭耳
1312469,purple_hakama,0,1059,紫色袴
474347,affectionate,0,1059,深情
1518971,pectoral_press,0,1059,胸肌推举
1432832,green_tank_top,0,1058,绿色背心
8698,windowsill,0,1058,窗台
413290,hand_under_shirt,0,1057,手伸进衣服
477179,tire,0,1056,轮胎
472542,beam_saber,0,1056,光束军刀
1908338,tail_around_own_leg,0,1056,尾巴绕腿
565478,skirt_basket,0,1055,裙篮
1730373,white_romper,0,1055,白色连体短裤
1920354,strapless_one-piece_swimsuit,0,1054,无肩带连体泳衣
669693,stalk_in_mouth,0,1054,叼茎
499998,sitting_backwards,0,1053,反向坐
1245350,implied_fellatio,0,1053,暗示口交
1933084,youtou_high_school_uniform,0,1053,阳东高中校服
1660195,long_earlobes,0,1052,长耳垂
412848,panzer_iv,0,1051,四号坦克
452532,two-handed_handjob,0,1050,双手手交
4219,henshin,0,1050,变身
1715534,baton_(conducting),0,1050,指挥棒
5817,sauna,0,1049,桑拿
471824,searchlight,0,1049,探照灯
643640,narration,0,1049,旁白
395642,vietnamese_dress,0,1045,越南长衫
1665000,dashed_eyes,0,1045,虚线眼
659364,licking_armpit,0,1044,舔腋窝
460270,sparrow,0,1044,麻雀
4281,hole,0,1044,洞
1545039,low-braided_long_hair,0,1044,低马尾长辫
492703,long_neck,0,1043,长颈
487949,arm_above_head,0,1043,手臂举过头
1265662,lace-trimmed_hairband,0,1043,蕾丝发箍
550385,linked_piercing,0,1043,链式穿刺
1450600,very_wide_shot,0,1043,极远景
394402,wheat,0,1042,小麦
1257023,dog_penis,0,1041,狗阴茎
974485,hoodie_lift,0,1041,掀起连帽衫
430376,bear_costume,0,1039,熊玩偶服
1344738,snowflake_background,0,1039,雪花背景
2061574,squeans,0,1039,汗滴
449699,grand_piano,0,1038,三角钢琴
1328442,green_belt,0,1038,绿色腰带
1419470,crotchless_pantyhose,0,1038,开裆连裤袜
723518,arms_between_legs,0,1037,手臂夹腿
436459,acorn,0,1037,橡子
14739,hammock,0,1037,吊床
457892,dithering,0,1036,抖动
381750,thermos,0,1036,保温瓶
663869,looking_through_legs,0,1036,从腿间看
416825,omikuji,0,1035,御神签
465518,snow_rabbit,0,1035,雪兔
549921,swinging,0,1035,荡秋千
404973,galaxy,0,1035,银河
522469,centauroid,0,1035,半人马
497015,wringing_clothes,0,1034,拧衣服
1340790,holding_branch,0,1034,手持树枝
455483,shorts_around_one_leg,0,1034,短裤挂一条腿
405411,team_9,0,1034,第九小队
527949,troll_face,0,1033,Troll脸(表情)
416210,dirty_feet,0,1033,脏脚
1943,ad,0,1032,广告
1234828,character_age,0,1032,角色年龄
1404665,aqua_neckerchief,0,1032,水色围巾
5946,boxcutter,0,1032,美工刀
496226,multiple_legs,0,1032,多条腿
1509435,holding_remote_control,0,1032,手持遥控器
439167,urethral_insertion,0,1031,尿道插入
659790,eldritch_abomination,0,1031,邪神
424264,nose_ring,0,1031,鼻环
457370,masochism,0,1030,受虐癖
507276,paper_crane,0,1030,纸鹤
2067896,through_medium,0,1030,透过介质
572094,h&k_ump,0,1029,H&K UMP
399607,hair_dryer,0,1029,吹风机
1577478,super_saiyan_1,0,1029,超级赛亚人1
1411064,anzio_military_uniform,0,1029,安齐奥军服
596588,jacket_pull,0,1028,拉外套
678345,maneki-neko,0,1027,招财猫
1059619,kissing_penis,0,1026,亲吻阴茎
8173,bokken,0,1025,木刀
658767,bound_together,0,1025,绑在一起
1707265,cross-laced_dress,0,1024,交叉系带连衣裙
381467,credits,0,1024,制作人员名单
646311,polka_dot_shirt,0,1024,波点衬衫
714502,infinity_symbol,0,1024,无限符号
971148,underbutt,0,1024,臀下视角
1710578,underpec,0,1024,胸下视角
721903,fur_cloak,0,1024,毛皮斗篷
1338731,holding_skull,0,1023,手持头骨
1325576,four-leaf_clover_hair_ornament,0,1022,四叶草发饰
1996504,bowlegged_pose,0,1022,弓形腿姿势
395900,deformed,0,1021,变形
1263464,potara_earrings,0,1021,波塔拉耳环
552418,detached_hair,0,1021,分离的头发
1396770,animal_on_arm,0,1020,手臂上的动物
615409,bag_of_chips,0,1020,薯片袋
533029,dragging,0,1020,拖拽
475494,dissolving,0,1020,溶解
697415,storefront,0,1019,店面
1401249,grey_leotard,0,1018,灰色紧身衣
453888,hand_mirror,0,1017,手镜
435855,messy_room,0,1017,凌乱的房间
393203,handstand,0,1017,倒立
1845191,glaive_(polearm),0,1017,长柄刀
10079,double_dildo,0,1015,双头假阳具
446404,cheek_pull,0,1015,拉脸颊
1320993,print_necktie,0,1015,印花领带
463435,parka,0,1014,派克大衣
1001710,shell_necklace,0,1013,贝壳项链
626910,head_only,0,1013,仅头部
379180,zora,0,1013,佐拉族
539119,ultra_ball,0,1013,究极球
374518,how_to,0,1012,教程
14011,height_chart,0,1011,身高对比图
12456,dvd_cover,0,1011,DVD封面
1478742,holding_sex_toy,0,1011,手持情趣玩具
504065,cephalopod_eyes,0,1011,头足类眼睛
725442,blue_bandana,0,1011,蓝色头巾
1128476,runny_makeup,0,1011,花掉的妆容
405504,apron_lift,0,1010,掀起围裙
604813,long_beard,0,1010,长胡须
1400702,orange_belt,0,1010,橙色腰带
433080,koi,0,1010,锦鲤
393640,aurora,0,1010,极光
642231,white_lily,0,1008,白百合
483045,kinchaku,0,1008,巾着袋
1386653,falchion_(fire_emblem),0,1008,法尔西昂(火焰纹章)
618068,light_machine_gun,0,1007,轻机枪
457678,animal_slippers,0,1007,动物拖鞋
1556083,camouflage_headwear,0,1007,迷彩头饰
790375,licking_foot,0,1006,舔脚
389325,grave,0,1006,坟墓
692139,penguin_hood,0,1006,企鹅兜帽
447807,crocs,0,1006,洞洞鞋
571640,jacket_over_swimsuit,0,1005,泳装外搭夹克
407128,crumbs,0,1005,碎屑
547983,rope_belt,0,1005,绳腰带
1324856,virgin_killer_outfit,0,1005,斩男装
1407009,japari_bun,0,1005,加帕里包子
386926,polar_bear,0,1004,北极熊
621690,no_mask,0,1004,无面具
548034,keystone,0,1004,拱顶石
1353392,shoulder_sash,0,1004,肩带
2944,airship,0,1003,飞艇
239,valkyrie,0,1003,女武神
547300,misunderstanding,0,1003,误解
512129,symbolism,0,1003,象征主义
657147,fur_boots,0,1003,毛皮靴
553040,flower_bracelet,0,1002,花手链
1397501,star_ornament,0,1002,星星装饰
699573,energy_cannon,0,1002,能量炮
729551,kiwi_(fruit),0,1001,猕猴桃
15450,onion,0,1001,洋葱
1451576,checkered_sash,0,1001,格子腰带
709908,fanning_self,0,1000,扇扇子
1262145,hands_on_ground,0,1000,手撑地面
1501556,yellow_sweater_vest,0,999,黄色毛衣背心
468583,melon_bread,0,999,蜜瓜包
1432422,purple_cardigan,0,999,紫色开衫
509654,forced_orgasm,0,998,强制高潮
471358,bass_clef,0,998,低音谱号
1371471,anchor_necklace,0,998,船锚项链
1400406,striped_hairband,0,997,条纹发箍
475528,ankle_grab,0,996,抓脚踝
546085,brown_bra,0,995,棕色胸罩
1426299,tokisadame_school_uniform,0,995,时定校服
651813,floating_card,0,994,漂浮卡片
1426213,multiple_riders,0,994,多名骑手
548294,nib_pen_(object),0,994,笔尖(物品)
400507,sailor_senshi,0,994,水手战士
1247797,bike_shorts_under_shorts,0,994,短裤下穿自行车短裤
10268,net,0,993,网
1386162,facebook_username,0,993,脸书用户名
423080,hat_with_ears,0,992,带耳朵的帽子
716956,puff_and_slash_sleeves,0,992,泡泡袖与开衩袖
450701,pixelated,0,992,像素化
607013,stitched_mouth,0,992,缝嘴
517244,anglerfish,0,992,鮟鱇鱼
416380,gokkun,0,991,饮精
1364632,red_feathers,0,991,红色羽毛
4517,gymnastics,0,990,体操
544688,bunching_hair,0,989,束发
1378073,ears_visible_through_hair,0,989,透发见耳
586471,rounded_corners,0,989,圆角
609352,themed_object,0,989,主题物品
707514,stone_stairs,0,989,石阶
1345225,half_mask,0,989,半面具
379013,note,0,989,笔记
1274150,print_sleeves,0,989,印花袖子
1376960,glowing_tattoo,0,989,发光纹身
12002,foam,0,988,泡沫
1412249,green_scrunchie,0,988,绿色发圈
397136,trigram,0,987,八卦
1734,karaoke,0,987,卡拉OK
488001,tape_measure,0,987,卷尺
417910,duckling,0,987,小鸭子
1475691,hanasakigawa_school_uniform,0,987,花咲川校服
9166,windmill,0,986,风车
613430,bagged_fish,0,985,袋装鱼
392867,melon,0,985,哈密瓜
1942283,thick_mustache,0,985,浓密胡子
1299465,coin_on_string,0,984,线上硬币
1626980,gaming_chair,0,984,电竞椅
545481,hand_on_leg,0,983,手放在腿上
429764,forehead_tattoo,0,983,额头纹身
681073,clear_sky,0,983,晴朗天空
483853,bulletin_board,0,980,公告板
1252120,roundel,0,980,圆形徽章
1674442,covered_testicles,0,980,遮住睾丸
716637,argyle_sweater,0,980,菱形花纹毛衣
15619,sand_castle,0,979,沙堡
452085,hospital_gown,0,979,病号服
457036,steak,0,979,牛排
652399,araki_hirohiko_(style),0,978,荒木飞吕彦(风格)
583137,ear_protection,0,978,护耳
582033,clothes_tug,0,977,拉扯衣服
409201,pinned,0,977,被钉住
1601327,diamond_hairband,0,977,钻石发箍
907721,onesie,0,976,连体衣
2035712,rhodes_island_logo_(arknights),0,976,罗德岛标志(明日方舟)
565669,telstar,0,975,Telstar
1379634,mmm_threesome,0,975,男男男3P
1791550,green_armband,0,975,绿色臂章
397923,group_hug,0,974,群体拥抱
507308,voile,0,974,薄纱
572327,splatter,0,974,飞溅
1303240,polka_dot_scrunchie,0,974,波点发圈
394721,varia_suit,0,973,瓦里亚服
673705,hand_rest,0,973,手托
681979,double_\m/,0,973,双\m/(手势)
393506,shrimp_tempura,0,972,炸虾天妇罗
537098,watching_television,0,972,看电视
499780,holding_breath,0,972,屏住呼吸
1467618,two-tone_coat,0,971,双色外套
1329132,cherry_hair_ornament,0,971,樱桃发饰
1326166,sukajan,0,971,横须贺夹克
574393,ace_of_hearts,0,970,红心A
4899,stats,0,970,统计数据
704182,character_signature,0,970,角色签名
463449,sugar_cube,0,969,方糖
502652,ink_(medium),0,969,墨水(媒介)
504316,hands_on_hilt,0,968,手握剑柄
16792,golf_club,0,968,高尔夫球杆
489491,platform_boots,0,968,厚底靴
1318748,floating_weapon,0,968,浮游武器
679905,panicking,0,967,惊慌
484040,winding_key,0,967,发条钥匙
642272,above_clouds,0,967,云层之上
1457427,looking_at_food,0,967,看着食物
376621,wa_lolita,0,967,和风萝莉塔
1835748,striped_one-piece_swimsuit,0,966,条纹连体泳衣
409820,cat_costume,0,966,猫装
397500,electric_plug,0,966,电源插头
1375741,extra_faces,0,966,额外面孔
587390,hand_on_headphones,0,965,手按耳机
1161750,boy_sandwich,0,965,男孩三明治
426382,bear_tail,0,964,熊尾巴
11268,stripper,0,964,脱衣舞者
1260709,copy_ability,0,964,复制能力
1407027,jaguar_tail,0,964,美洲豹尾巴
1496708,hitodama_print,0,963,鬼火图案
1455373,v-shaped_eyes,0,962,V形眼睛
648057,rabbit_hat,0,961,兔子帽子
441997,track_and_field,0,961,田径
395993,energy_beam,0,960,能量光束
677819,testicle_sucking,0,960,吸睾丸
663613,anal_fluid,0,960,肛液
2013939,thick_beard,0,960,浓密胡须
6429,dwarf,0,960,矮人
538615,paper_stack,0,960,纸堆
1240337,yellow_border,0,960,黄色边框
1489407,martial_arts_belt,0,960,武术腰带
10727,bib,0,959,围兜
419685,invisible_man,0,959,隐形人
592592,personality_switch,0,959,人格切换
1413251,fur-trimmed_collar,0,959,毛领
678477,shared_speech_bubble,0,958,共享对话框
5547,pet,0,958,宠物
1684568,paint_splatter_on_face,0,958,脸上颜料飞溅
1310659,hands_on_another's_thighs,0,958,手放在他人大腿上
394866,zodiac,0,957,星座
634813,hugging_tail,0,957,抱尾巴
1317392,sports_bra_lift,0,957,运动内衣掀起
577070,hand_on_wall,0,956,手撑墙
421692,game_boy,0,956,Game Boy
574527,surcoat,0,956,罩袍
562990,bath_stool,0,955,浴凳
679205,catchphrase,0,955,口头禅
1263485,single_thigh_boot,0,955,单侧过膝靴
1569753,teardrop_tattoo,0,954,泪滴纹身
438748,breast_poke,0,954,戳胸
1282931,raimon_soccer_uniform,0,954,雷门足球校服
1344416,heart_pendant,0,954,心形吊坠
9716,strawberry_panties,0,953,草莓内裤
691979,high_tops,0,953,高帮鞋
1252918,sitting_on_table,0,953,坐桌子
514585,plaid_bra,0,953,格纹胸罩
693309,sleeve_grab,0,953,抓袖
582988,colored_text,0,952,彩色文字
389926,panty_lift,0,952,提内裤
839892,no_mole,0,951,无痣
54531,blood_bag,0,951,血袋
1154025,ankle_wrap,0,951,脚踝绑带
1687001,male_underwear_pull,0,951,拉男性内裤
622330,oversized_limbs,0,951,巨大肢体
690728,missile_pod,0,951,导弹发射器
1240826,print_hoodie,0,951,印花卫衣
1490497,green-tinted_eyewear,0,950,绿色墨镜
1429582,dress_swimsuit,0,950,连衣裙式泳装
458351,crane_game,0,950,抓娃娃机
1244336,flower_brooch,0,950,花朵胸针
564894,united_states,0,949,美国
3912,p90,0,949,P90冲锋枪
1271930,nanodesu_(phrase),0,949,nanodesu(语气词)
876691,cum_in_container,0,948,射入容器
119610,triplets,0,948,三胞胎
665892,cross-laced_legwear,0,947,交叉系带腿饰
534139,popped_button,0,947,崩开的纽扣
488521,canopy_bed,0,947,天蓬床
9476,minotaur,0,946,米诺陶洛斯
694148,candlelight,0,946,烛光
467700,salad,0,946,沙拉
1372678,tumblr_username,0,946,Tumblr用户名
376977,parrot,0,945,鹦鹉
472408,sneezing,0,945,打喷嚏
493711,finger_frame,0,945,手指框
675922,on_roof,0,945,屋顶上
471798,before_and_after,0,945,前后对比
405020,wheelbarrow,0,945,独轮车
424519,racecar,0,945,赛车
1396676,dressing_another,0,944,为他人穿衣
5302,elvaan,0,944,精灵
397561,radish,0,944,萝卜
475951,ornament,0,943,装饰品
552753,perfume_bottle,0,943,香水瓶
1505371,star_guardian_(league_of_legends),0,943,星之守护者(英雄联盟)
1417605,blue_shawl,0,943,蓝色披肩
394720,afterglow,0,942,余晖
1548224,butterfly_brooch,0,942,蝴蝶胸针
1326876,diamond_hair_ornament,0,941,钻石发饰
1392344,white_sarong,0,940,白色纱笼
6352,elephant,0,940,大象
1426117,precum_drip,0,940,滴落的精液
519920,cum_inflation,0,940,精液膨胀
413459,inflatable_raft,0,939,充气筏
1578028,heart_on_chest,0,939,胸口爱心
1853182,kamiyama_high_school_uniform_(project_sekai),0,939,神山高中校服(世界计划)
1835737,green_one-piece_swimsuit,0,938,绿色连体泳衣
375496,kagami_mochi,0,938,镜饼
1297290,split_theme,0,938,分割主题
439842,purple_tongue,0,938,紫色舌头
610394,wavy_eyes,0,938,波浪眼
401062,x3,0,938,x3(表情)
458787,testicle_grab,0,938,抓睾丸
9347,puppy,0,937,小狗
1328313,shell_hair_ornament,0,937,贝壳发饰
1445049,grey_serafuku,0,936,灰色水手服
473285,lace-trimmed_thighhighs,0,936,蕾丝边过膝袜
571097,crane_(animal),0,935,鹤
1386603,orange_cape,0,935,橙色披风
645682,heart-shaped_eyes,0,935,心形眼
1283338,american_flag_print,0,935,美国国旗图案
393062,skirt_flip,0,934,掀裙
400231,kotoyoro,0,934,琴叶
553675,ehoumaki,0,934,惠方卷
479840,severed_limb,0,934,断肢
1860181,chain_headband,0,934,链式发箍
2730,massage,0,933,按摩
799867,futasub,0,933,扶她
1476164,holding_frying_pan,0,933,手持平底锅
330762,dirt,0,933,泥土
719987,ghost_pose,0,933,幽灵姿势
1272545,orange_leotard,0,932,橙色紧身连体衣
1293918,bicycle_basket,0,932,自行车篮
1424344,sling_bikini_top,0,932,吊带比基尼上衣
637908,adapted_uniform,0,932,改版制服
1505133,spanish_text,0,932,西班牙语文字
702627,ass-to-ass,0,931,臀对臀
496190,kabuto_(helmet),0,931,兜
1470771,planet_hair_ornament,0,931,星球发饰
1240072,hair_color_connection,0,930,发色连接
120759,mat,0,929,垫子
1319070,text_messaging,0,929,发短信
1513506,patchwork_clothes,0,929,拼布衣服
714122,ball_and_chain_restraint,0,928,脚镣球
1076830,hat_on_back,0,928,背后帽子
1428052,watermelon_slice,0,928,西瓜片
1163703,oversized_breast_cup,0,928,超大胸罩杯
1441858,lap_pillow_invitation,0,928,膝枕邀请
1465576,holding_teapot,0,926,手持茶壶
511500,head_on_chest,0,926,头靠胸口
581487,hishaku,0,926,柄杓
655737,pants_under_skirt,0,926,裙下裤子
608024,arm_between_legs,0,926,手臂夹腿
1484224,pearl_hair_ornament,0,926,珍珠发饰
393452,leaf_umbrella,0,925,叶伞
9745,hungry,0,924,饥饿
1890159,hand_on_own_ear,0,923,手摸自己耳朵
2006768,unworn_bikini_bottom,0,923,未穿比基尼下装
1695426,popsicle_in_mouth,0,923,口中冰棒
9541,punk,0,922,朋克
533238,milky_way,0,922,银河
1416325,multicolored_hairband,0,922,彩色发带
679788,wet_towel,0,921,湿毛巾
1983409,drop-shaped_pupils,0,921,水滴形瞳孔
399404,skull_necklace,0,920,骷髅项链
460701,pagoda,0,920,宝塔
1422612,purple_serafuku,0,919,紫色水手服
1754051,western_comics_(style),0,919,美漫风格
675626,in_palm,0,919,掌中
1247324,implied_fingering,0,919,暗示指交
474597,mitre,0,919,主教冠
535487,hand_over_eye,0,919,手遮眼
1360959,frilled_jacket,0,919,荷叶边夹克
646375,sayagata,0,919,纱形纹
467235,license_plate,0,918,车牌
547795,breaking,0,918,破坏
1436508,penis_on_ass,0,918,阴茎贴臀
546978,two-finger_salute,0,918,双指礼
641133,aqua_bra,0,918,水色胸罩
1425383,blue_pajamas,0,918,蓝色睡衣
424698,moth,0,918,蛾
490626,smoke_trail,0,918,烟迹
382030,beetle,0,917,甲虫
433742,frozen,0,917,冰冻
1281944,anchor_choker,0,917,锚形项圈
431724,cheekbones,0,916,颧骨
564925,polka_dot_ribbon,0,916,波点丝带
1390981,ribbon_braid,0,916,丝带编发
1436930,red_curtains,0,916,红色窗帘
518157,peony_(flower),0,915,牡丹花
1835605,halter_shirt,0,915,挂脖上衣
5466,mummy,0,915,木乃伊
1441554,red_sports_bra,0,915,红色运动胸罩
317012,zeon,0,915,吉翁
643172,shotgun_shell,0,915,霰弹枪弹壳
557780,alternate_wings,0,914,异色翅膀
711922,crocodilian,0,914,鳄目动物
164255,nudist,0,914,裸体主义者
594978,naked_tabard,0,913,裸穿罩袍
4374,meta,0,913,元
2028289,sideless_kimono,0,913,无袖和服
1396474,single_knee_pad,0,912,单膝护垫
570549,long_shirt,0,911,长衬衫
489578,whiskey,0,911,威士忌
626440,season_connection,0,911,季节连接
1510577,v_over_mouth,0,911,V形遮嘴
1419480,maid_day,0,911,女仆日
1776547,multiple_scars,0,911,多处伤疤
11323,apartment,0,910,公寓
467744,mount_fuji,0,910,富士山
1989967,segmented_comic,0,910,分格漫画
547020,fidgeting,0,909,坐立不安
509088,penis_in_panties,0,908,阴茎在内裤中
680409,adam's_apple,0,908,喉结
1688136,saliva_drip,0,908,唾液滴落
1546273,cross-laced_slit,0,908,交叉系带开衩
609535,witch_(madoka_magica),0,908,魔女(魔法少女小圆)
741418,card_parody,0,908,卡片恶搞
708682,hand_on_another's_hand,0,907,手搭在另一人的手上
498585,cute_&_girly_(idolmaster),0,907,可爱少女风(偶像大师)
389771,syrup,0,907,糖浆
525584,orange_socks,0,907,橙色袜子
658126,cream_on_face,0,907,脸上奶油
1390068,joy-con,0,907,Joy-Con
630542,butterfly_sitting,0,907,蝴蝶坐
1322883,flag_background,0,906,旗帜背景
684743,sam_browne_belt,0,906,萨姆·布朗腰带
396015,gunblade,0,906,枪刃
1317436,satin_panties,0,906,缎面内裤
467514,embroidery,0,905,刺绣
383898,bullying,0,904,欺凌
701994,pov_across_table,0,904,隔桌视角
1351262,hand_on_another's_ear,0,904,手摸另一人的耳朵
447159,fishing_line,0,904,钓鱼线
1754190,onii-shota,0,904,哥哥正太
460435,ivy,0,903,常春藤
662803,honeycomb_background,0,903,蜂巢背景
1303975,blue_sarong,0,903,蓝色纱笼
1370713,pink_umbrella,0,903,粉色雨伞
473342,imperial_japanese_army,0,903,大日本帝国陆军
502186,broken_window,0,902,破窗
1417085,double_horizontal_stripe,0,901,双水平条纹
469328,sticky_note,0,901,便利贴
15902,jetpack,0,901,喷气背包
1574664,two-sided_skirt,0,901,双面裙
385480,buruma_aside,0,900,侧开布鲁马
1552959,genderswap_(otf),0,900,性转换(即时)
3742,ferret,0,899,雪貂
791840,blue_umbrella,0,899,蓝色雨伞
444001,legband,0,899,腿环
478042,track_uniform,0,899,田径服
1258486,musical_note_print,0,898,音符印花
6284,torture,0,897,拷问
8921,white_day,0,897,白色情人节
1687562,off-shoulder_one-piece_swimsuit,0,897,露肩连体泳衣
398573,cartridge,0,896,弹匣
1438293,holding_wrench,0,896,手持扳手
11347,army,0,896,军队
15930,ring_gag,0,896,环口球
620832,hollow_eyes,0,896,空洞眼神
1355912,holding_another's_leg,0,895,握住他人的腿
389367,pineapple,0,895,菠萝
3513,goat,0,894,山羊
450248,sickle,0,894,镰刀
5102,wizard,0,894,巫师
1263595,soap_bottle,0,893,肥皂瓶
3628,decapitation,0,893,斩首
375353,soviet,0,893,苏联
2006765,unworn_eyepatch,0,893,未佩戴眼罩
632148,hooded_dress,0,893,连帽连衣裙
6527,cart,0,892,手推车
392841,nipple_pull,0,892,拉扯乳头
214260,keep_out,0,892,禁止入内
589932,negative_space,0,891,负空间
3438,japan,0,891,日本
440147,crawling,0,891,爬行
662225,floating_book,0,891,漂浮的书
445428,guard_rail,0,891,护栏
500191,rabbit_costume,0,891,兔子服装
1325214,seal_(animal),0,891,海豹
524801,hakurei_shrine,0,890,博丽神社
1607841,holding_riding_crop,0,890,手持马鞭
1345296,skeleton_print,0,890,骷髅印花
1595590,pectoral_focus,0,890,胸肌聚焦
385267,tokyo_(city),0,890,东京(城市)
1822470,wataboushi,0,889,绵帽子
410638,huge_dildo,0,889,巨大假阳具
1366556,splattershot_(splatoon),0,889,泼水枪(斯普拉遁)
562139,glove_biting,0,888,咬手套
1411084,pravda_military_uniform,0,888,真理部军服
1827382,st._theresa's_girls_academy_school_uniform,0,888,圣特蕾莎女子学院校服
7461,lizard,0,887,蜥蜴
168887,age_comparison,0,887,年龄对比
525804,self_hug,0,887,自我拥抱
434881,baby_bottle,0,887,奶瓶
1881202,st._chronica_academy_school_uniform,0,886,圣克罗尼卡学园校服
524684,food_on_breasts,0,885,胸部上的食物
591843,flying_paper,0,885,飞纸
471586,breast_milk,0,884,母乳
475375,chocolate_cake,0,884,巧克力蛋糕
590202,pinstripe_suit,0,884,细条纹西装
1064351,green_cloak,0,884,绿色斗篷
1513569,spaceship_hair_ornament,0,884,飞船发饰
396000,bowler_hat,0,883,圆顶礼帽
1411077,chi-hatan_military_uniform,0,883,知波单军服
378206,joystick,0,882,摇杆
640297,pump_action,0,882,泵动式
524545,box_art,0,882,盒装艺术
1680143,pegasus_knight_uniform_(fire_emblem),0,882,天马骑士制服(火焰纹章)
1532157,green_eyeshadow,0,882,绿色眼影
594013,orange_rose,0,882,橙色玫瑰
537572,teeth_hold,0,881,牙齿咬住
1351869,mesugaki,0,881,雌小鬼
5364,ganguro,0,881,辣妹黑皮
1309232,wallpaper_(object),0,881,壁纸(物品)
468335,sadism,0,881,施虐癖
491818,muzzle_flash,0,880,枪口闪光
1344657,cat_bag,0,880,猫包
1337502,heart_lock_(kantai_collection),0,880,心形锁(舰队Collection)
1327283,cracked_floor,0,879,破裂地板
501282,lipgloss,0,879,唇彩
1377986,riyo_(lyomsnpmp)_(style),0,879,理世(lyomsnpmp)(风格)
712902,pumpkin_hair_ornament,0,878,南瓜发饰
1539221,bandaged_wrist,0,878,绷带手腕
1228145,holding_swimsuit,0,878,手持泳装
548098,mast,0,878,桅杆
719023,implied_kiss,0,877,暗示之吻
411775,clothesline,0,877,晾衣绳
400691,tag,0,877,标签
686745,spiked_hairband,0,877,尖刺发箍
1426179,luna_nova_school_uniform,0,877,露娜诺瓦校服
1098977,glass_bottle,0,876,玻璃瓶
537237,coat_dress,0,876,外套连衣裙
590861,black_sky,0,876,黑色天空
284608,tea_set,0,875,茶具
487992,inkwell,0,875,墨水瓶
390727,jester,0,874,小丑
1594642,holomyth,0,874,Holo神话
1409407,pubic_stubble,0,873,阴毛茬
452918,long_nose,0,872,长鼻子
420937,stopwatch,0,872,秒表
537303,shoulder_belt,0,872,肩带
664177,holding_footwear,0,872,手持鞋子
675084,holding_toy,0,871,手持玩具
657414,panties_under_buruma,0,871,内裤外穿运动裤
680577,color_trace,0,871,色彩描边
622480,food_art,0,871,食物艺术
472859,roots,0,871,根
1617036,pokemon_move,0,871,宝可梦招式
2068712,hugging_book,0,870,抱书
1328754,brown_border,0,870,棕色边框
2060129,nissin_cup_noodle,0,870,日清杯面
560280,vignetting,0,870,暗角
14645,marshmallow,0,869,棉花糖
503766,half-skirt,0,869,半身裙
447315,glock,0,868,格洛克手枪
480563,fast_food,0,868,快餐
529773,orange_jumpsuit,0,868,橙色连体衣
547523,flower_in_eye,0,868,眼中花
1714871,midriff_sarashi,0,867,露脐绷带
1440813,red_track_suit,0,867,红色运动服
803618,k-pop,0,867,K-pop
1398925,speaking_tube_headset,0,867,通话管耳机
1363719,cum_on_eyewear,0,866,眼镜上精液
822043,mundane_utility,0,866,日常用品
683512,grey_suit,0,866,灰色西装
1360272,hooded_vest,0,866,连帽背心
1881212,miyamasuzaka_girls'_academy_school_uniform,0,866,宫坂女子学院校服
410219,scylla,0,865,斯库拉
14528,bathrobe,0,863,浴袍
1352247,variable_fighter,0,863,可变战斗机
1347574,mole_on_body,0,863,身体上的痣
1299315,spoiler_(automobile),0,863,汽车扰流板
1620077,holding_fireworks,0,862,手持烟花
724440,magical_boy,0,860,魔法少年
413068,sequential,0,860,连续
412400,coif,0,860,兜帽
1631697,alternate_pectoral_size,0,860,大小胸
695792,chained_wrists,0,859,锁链手腕
563949,french_flag,0,858,法国国旗
1425321,hogwarts_school_uniform,0,858,霍格沃茨校服
495149,throwing_knife,0,858,飞刀
1886895,prototype_design,0,858,原型设计
630151,bikini_shorts,0,858,比基尼短裤
1429573,bow_skirt,0,858,蝴蝶结裙子
1583008,side-tie_peek,0,858,侧系带露出
516577,groom,0,857,新郎
1844433,tweaking_own_nipple,0,857,捏自己乳头
1374880,bralines,0,857,胸罩勒痕
1410975,blue_camisole,0,856,蓝色吊带衫
492292,behind-the-head_headphones,0,856,头后式耳机
684345,credits_page,0,856,制作人员名单页
486063,gauze,0,855,纱布
1424513,striped_coat,0,855,条纹外套
4410,dragonfly,0,854,蜻蜓
1964717,holding_with_feet,0,854,用脚拿着
584875,pizza_box,0,854,披萨盒
423622,pelt,0,854,毛皮
1622944,chaldea_logo,0,854,迦勒底标志
524807,unfastened,0,853,解开
9429,merchandise,0,853,周边商品
636503,greek_toe,0,853,希腊脚趾
1686123,black_armband,0,853,黑色臂章
382343,adjusting_panties,0,852,调整内裤
596238,bird_print,0,851,鸟类印花
1323325,shared_object_insertion,0,851,共享物体插入
647761,hanging_plant,0,851,悬挂植物
14936,bee,0,851,蜜蜂
557830,hand_on_glass,0,851,手按玻璃
565438,vertical-striped_socks,0,850,竖条纹袜子
1661800,used_condom_on_penis,0,850,阴茎上使用过的避孕套
562074,plaid_ribbon,0,850,格子丝带
1950169,sparse_stubble,0,850,稀疏胡茬
687873,...?,0,850,...?(表情)
602163,webbed_hands,0,850,蹼手
478554,contrast,0,850,对比
1898819,virgin_destroyer_sweater,0,850,处女杀手毛衣
603240,vertical-striped_panties,0,849,竖条纹内裤
1325782,skull_ornament,0,849,骷髅装饰
1468128,training_corps_(emblem),0,849,训练兵团(徽章)
1303976,print_sarong,0,848,印花纱笼
5099,pegasus,0,848,天马
395496,cloth,0,848,布料
3499,kappa,0,848,河童
384700,dock,0,848,码头
4079,isometric,0,848,等轴视图
1528677,holding_test_tube,0,848,手持试管
522258,otter,0,848,水獭
466947,volleyball_net,0,847,排球网
168769,band_uniform,0,847,乐队制服
605322,checkered_shirt,0,847,格子衬衫
1673135,fat_rolls,0,847,肥肉褶
381761,cola,0,846,可乐
792029,glory_wall,0,846,荣耀墙
1457794,weapon_case,0,846,武器箱
648669,lowleg_skirt,0,845,低腿裙
1397005,fur-trimmed_shirt,0,845,毛边衬衫
574109,missing_limb,0,845,缺失肢体
1448672,tsab_ground_military_uniform,0,845,TSAB地面军服
682665,super_soaker,0,845,超级水枪
1281553,german_flag_bikini,0,845,德国国旗比基尼
1524014,lightning_bolt_print,0,845,闪电印花
451855,studded_collar,0,844,铆钉项圈
2081,hospital,0,843,医院
1456704,holding_mop,0,843,手持拖把
570545,headlight,0,843,头灯
772467,bear_boy,0,843,熊男孩
423144,toggles,0,842,拨动开关
1512493,blue_tabard,0,842,蓝色罩袍
3927,gao,0,842,嘎哦
1314901,holly_hair_ornament,0,842,冬青发饰
1318429,pendant_watch,0,841,吊坠表
543243,chrysanthemum,0,841,菊花
409759,cleave_gag,0,841,开口器口球
714513,menu_board,0,841,菜单板
1297213,mismatched_sclera,0,841,异色巩膜
622988,swiss_roll,0,840,瑞士卷
1039471,prostration,0,840,五体投地
449709,uneven_twintails,0,840,不对称双马尾
9215,mutual_masturbation,0,840,相互手淫
414987,exercise_ball,0,840,健身球
384589,lyre,0,840,里拉琴
590466,horseshoe,0,840,马蹄铁
1881203,lillian_girls'_academy_school_uniform,0,839,莉莉安女子学院校服
1681025,emotionless_sex,0,839,无感情性交
411754,armpit_sex,0,839,腋交
1076064,covering_one_breast,0,839,遮住一侧乳房
12520,suicide,0,839,自杀
384615,infirmary,0,839,医务室
1260902,folded_hair,0,839,折叠发
726335,vertical-striped_pants,0,839,竖条纹裤子
388326,swastika,0,838,卍字
663228,implied_masturbation,0,838,暗示自慰
634694,shrugging,0,838,耸肩
375625,model_kit,0,838,模型套件
381685,pig_ears,0,838,猪耳朵
519188,metal_skin,0,838,金属皮肤
5402,crowbar,0,837,撬棍
433244,first_aid_kit,0,837,急救箱
1428380,blood_on_leg,0,837,腿上血迹
1282703,stained_clothes,0,837,污渍衣物
1797951,high-low_skirt,0,837,前短后长裙
618480,sitting_on_shoulder,0,836,坐在肩上
446984,gun_to_head,0,836,枪指头
11665,seatbelt,0,836,安全带
527885,christmas_stocking,0,836,圣诞袜
1354471,on_railing,0,835,在栏杆上
468109,tengu_mask,0,835,天狗面具
630404,pumpkin_hat,0,835,南瓜帽
529041,hand_wraps,0,835,缠手带
524281,belt_skirt,0,834,腰带裙
381159,crotch_grab,0,834,抓裆
485599,silver_dress,0,834,银色连衣裙
1792030,hexagon_print,0,834,六边形印花
1318703,lace-trimmed_choker,0,833,蕾丝边项圈
1449427,brown_mittens,0,833,棕色连指手套
460897,sukusuku_hakutaku,0,833,素素白泽
1571250,shiny_and_normal,0,833,闪光与普通
10389,drugged,0,832,被下药
287045,hanami,0,832,赏花
505038,duel_disk,0,832,决斗盘
1286244,rei_no_pool,0,832,零号泳池
517400,blue_hood,0,832,蓝色兜帽
576440,naked_cloak,0,831,裸体披风
480256,one-piece_thong,0,831,连体丁字裤
1444212,black_bandeau,0,831,黑色抹胸
1330123,paralyzer,0,831,麻痹器
809507,eye_black,0,831,眼黑
1393397,orange_goggles,0,831,橙色护目镜
1378265,z-ring,0,831,Z手环
386212,diving,0,830,潜水
624464,crt,0,830,CRT显示器
8079,warrior,0,830,战士
620901,ice_cream_float,0,830,冰淇淋漂浮
391741,fingersmile,0,830,手指微笑
1813349,fishnet_socks,0,830,渔网袜
1421495,purple_collar,0,829,紫色项圈
1471254,flower_choker,0,829,花朵项圈
1273779,elbow_sleeve,0,828,肘套
437278,masu,0,828,枡
1345302,holding_heart,0,828,捧心
1728479,kousaka_kirino's_school_uniform,0,828,高坂桐乃的校服
1693508,cut_bangs,0,828,齐刘海
401696,hook,0,827,钩子
381749,tamagoyaki,0,827,玉子烧
1293824,portal_(object),0,827,传送门
679802,pocky_in_mouth,0,826,叼着百奇
1404577,grey_apron,0,826,灰色围裙
198450,raccoon,0,825,浣熊
394916,2008,0,825,2008年
1392477,jiangshi_costume,0,825,僵尸服
1634686,cigarette_pack,0,824,香烟盒
486022,vacuum_cleaner,0,824,吸尘器
529223,cellphone_charm,0,824,手机挂饰
506659,tribal_tattoo,0,824,部落纹身
510173,easter,0,824,复活节
2069331,mizu_happi,0,823,水法被
469065,fist_bump,0,823,碰拳
460224,rubber_gloves,0,823,橡胶手套
1389883,red_cardigan,0,823,红色开衫
82088,sewing,0,822,缝纫
487630,eye_reflection,0,822,眼中倒影
462982,photorealistic,0,822,照片级写实
1345444,holding_coin,0,822,手持硬币
565798,crazy_straw,0,822,疯狂吸管
2013820,mole_under_each_eye,0,822,眼下双痣
1008938,clothes_theft,0,821,偷衣服
1518947,simulated_fellatio,0,821,模拟口交
1467612,holding_microphone_stand,0,821,手持麦克风架
1257082,clock_eyes,0,821,时钟眼
1019493,reptile_girl,0,820,爬行类女孩
1394772,holding_chain,0,820,手持锁链
383875,restroom,0,819,洗手间
449449,beretta_92,0,818,伯莱塔92
709609,wrong_foot,0,818,穿错脚
551086,protecting,0,818,保护
658222,stuffed_penguin,0,818,企鹅玩偶
409724,converse,0,818,匡威鞋
574147,thong_aside,0,818,丁字裤拨开
1353604,walking_on_liquid,0,817,水上行走
1322934,gesugao,0,817,恶人脸
532082,knight_(chess),0,817,骑士(国际象棋)
1629215,black_male_swimwear,0,817,黑色男性泳装
1457241,index_fingers_raised,0,817,食指举起
1672268,qingxin_flower,0,817,清心花
679600,censored_text,0,816,文字遮挡
523961,hair_between_breasts,0,815,胸前发丝
1459749,pelvic_curtain_lift,0,815,掀开胯部帘幕
1136370,sextuplets,0,815,六胞胎
1610073,toilet_stall,0,814,厕所隔间
1268234,alternate_hair_ornament,0,814,替换发饰
9295,jungle,0,813,丛林
1603815,food_bite,0,813,咬食物
2006773,unworn_necktie,0,813,未佩戴领带
1266323,mutual_hug,0,812,互相拥抱
380200,2007,0,812,2007年
623951,lying_on_lap,0,812,膝枕
666041,multiple_torii,0,811,多个鸟居
1407354,brown_neckerchief,0,811,棕色围巾
1257074,hand_on_floor,0,811,手撑地面
467444,kerchief,0,811,方巾
1411059,saunders_school_uniform,0,811,桑德斯校服
82386,absolutely_everyone,0,810,全员集合
624878,red_suit,0,810,红色西装
1375562,red_robe,0,810,红色长袍
663412,holding_own_foot,0,809,握着自己的脚
541741,strapless_bottom,0,809,无肩带下装
1733214,wing_brooch,0,809,翅膀胸针
1501050,diagonal-striped_bowtie,0,809,斜条纹领结
671147,licking_ear,0,808,舔耳朵
1848853,miku_day,0,808,初音未来之日
1493682,holding_drumsticks,0,808,手持鼓槌
570253,flower_in_mouth,0,807,衔花
1397511,dorsiflexion,0,807,足背屈
563545,braiding_hair,0,807,编发
1399875,aqua_kimono,0,807,水色和服
563180,nintendo_3ds,0,807,任天堂3DS
1750923,hexagon_hair_ornament,0,807,六边形发饰
1382389,vertical-striped_kimono,0,806,竖条纹和服
1605930,stitched_arm,0,806,缝合手臂
618151,pink_sash,0,805,粉色腰带
485574,cuff_links,0,805,袖扣
536594,determined,0,805,坚定
496893,checkered_dress,0,805,格子连衣裙
1989817,ornate_border,0,805,华丽边框
600400,tri_braids,0,805,三股辫
1428530,animal_ear_hairband,0,805,动物耳发箍
551767,pastry_bag,0,804,裱花袋
109159,nyan,0,804,喵
387570,measuring,0,804,测量
1240511,standard_bearer,0,804,旗手
389594,folder,0,803,文件夹
1866251,roasted_sweet_potato,0,803,烤红薯
1289575,<|>_<|>,0,803,<|>_<|>(表情)
1350631,grey_bowtie,0,803,灰色蝴蝶结领结
647108,flying_teardrops,0,802,飞溅泪珠
528408,soft_serve,0,802,冰淇淋
650140,clothed_male_nude_male,0,802,穿衣男与裸男
397042,temple,0,802,寺庙
1467808,4others,0,802,4其他
579524,toe_cleavage,0,802,脚趾缝
1979011,antique_phone,0,801,古董电话
1443312,yellow_camisole,0,801,黄色吊带背心
1273445,miracle_mallet,0,801,奇迹之槌
1289376,bishamonten's_spear,0,801,毗沙门天之枪
1553479,penis_over_eyes,0,800,阴茎遮眼
539894,bamboo_shoot,0,799,竹笋
635050,pointing_forward,0,799,指向前方
1282902,solid_circle_pupils,0,798,实心圆瞳孔
6477,prank,0,798,恶作剧
727812,loaded_interior,0,798,满载内饰
657138,cat_mask,0,798,猫面具
1577183,penis_to_breast,0,797,阴茎触胸
381166,mannequin,0,797,人体模型
1779993,pink_gemstone,0,796,粉色宝石
413725,crotch_zipper,0,795,裆部拉链
427948,tying,0,795,捆绑
654961,shippou_(pattern),0,795,七宝纹
378288,blob,0,795,团块
394091,medieval,0,795,中世纪
1427240,shirt_overhang,0,795,衬衫下摆外露
518151,anemone_(flower),0,794,银莲花
510345,incoming_hug,0,794,迎抱
1349482,igote,0,794,伊戈特
695217,frog_girl,0,794,青蛙女孩
1835975,projectile_lactation,0,793,喷射乳汁
573016,hands_on_shoulders,0,792,手搭肩膀
586735,carapace,0,792,甲壳
657534,spoken_food,0,791,口述食物
647474,stuffed_dog,0,790,填充狗玩具
651505,animal_on_hand,0,790,手上动物
504867,digital_dissolve,0,790,数字溶解
687850,holding_shirt,0,789,抓着衬衫
374958,cyrillic,0,789,西里尔字母
2006776,unworn_shorts,0,788,未穿短裤
377162,prison,0,788,监狱
401123,casino,0,788,赌场
1842576,curly_eyebrows,0,788,卷曲眉毛
1333746,riding_bicycle,0,787,骑自行车
1462661,star-shaped_eyewear,0,787,星形眼镜
1205916,white_stripes,0,786,白色条纹
403,chikan,0,786,痴汉
500518,clothes_pin,0,786,衣夹
1310301,kuji-in,0,785,九字印
4209,cauldron,0,785,大锅
1659960,holed_coin,0,785,孔钱
652663,cat_on_shoulder,0,784,猫在肩上
12948,storm,0,784,风暴
610947,self-harm,0,784,自残
571429,fiery_wings,0,783,火焰翅膀
677066,finger_to_another's_mouth,0,783,手指入他人嘴
12070,battleship,0,783,战舰
624228,sky_print,0,783,天空印花
1493300,orange_headband,0,783,橙色头带
376295,scouter,0,783,战斗力探测器
1508844,sainan_high_school_uniform,0,783,彩南高中校服
472362,intestines,0,782,肠子
391985,ashtray,0,782,烟灰缸
411331,long_toenails,0,781,长脚趾甲
1455458,brown_flower,0,781,棕色花
493573,handprint,0,781,手印
1353724,holding_cake,0,781,拿着蛋糕
419647,stakes_of_purgatory,0,781,炼狱之桩
433154,cargo_pants,0,780,工装裤
465272,kyuudou,0,780,弓道
417068,heart_(organ),0,780,心脏
1886042,shimokitazawa_high_school_uniform,0,780,下北泽高中校服
656172,hands_on_another's_chest,0,779,手放在他人胸口
1316683,carrying_bag,0,779,提包
1256544,removing_jacket,0,779,脱外套
1359855,frilled_umbrella,0,778,荷叶边伞
172018,nail_bat,0,778,钉棒球棍
499383,scratching_head,0,778,挠头
730531,chuunibyou,0,778,中二病
461556,bloodshot_eyes,0,777,血丝眼
1505135,italian_text,0,777,意大利语文字
1492153,green_horns,0,777,绿色角
454988,glitter,0,776,闪光
1502192,holding_suitcase,0,776,手提箱
535183,beer_bottle,0,776,啤酒瓶
1440622,green_headband,0,776,绿色发带
523331,micro_bra,0,776,微乳罩
579036,ace_of_spades,0,775,黑桃A
450236,bipod,0,775,两脚架
420479,no_feet,0,775,无脚
1867868,motosu_school_uniform,0,775,本巢学校校服
433346,horn_grab,0,774,抓角
1453787,golden_arms,0,774,金色手臂
1861772,crisis_management_form_(machimazo),0,774,危机管理形态(街角魔族)
529805,shamoji,0,773,饭勺
449872,walther,0,773,瓦尔特
1389143,brown_serafuku,0,773,棕色水手服
378380,math,0,773,数学
498240,red_nose,0,773,红鼻子
1309364,single_head_wing,0,773,单头翼
607516,holding_leg,0,773,抱腿
549186,animal_head,0,773,动物头
1539334,black_scales,0,773,黑色鳞片
406419,bust_cup,0,772,胸罩杯
470389,out_of_character,0,772,角色崩坏
1398336,year_of_the_dog,0,772,狗年
1304453,covered_clitoris,0,772,覆盖阴蒂
696037,bulging_eyes,0,772,凸眼
707905,object_on_breast,0,772,胸部放物
1375854,dream_soul,0,772,梦魂
1373241,meka_(overwatch),0,772,机甲(守望先锋)
459154,nebula,0,771,星云
1083062,gold_coin,0,771,金币
1068870,panda_hood,0,771,熊猫兜帽
2292,magician,0,770,魔术师
10748,elevator,0,770,电梯
558756,taut_swimsuit,0,770,紧绷泳装
484125,deer_tail,0,770,鹿尾
1473363,purple_butterfly,0,770,紫蝴蝶
649072,grimoire_of_alice,0,769,爱丽丝的魔法书
730919,lolidom,0,769,萝莉控
1375534,aqua_leotard,0,769,水色紧身衣
375963,bathhouse,0,769,澡堂
442513,laundry_basket,0,769,洗衣篮
593089,double_amputee,0,769,双腿截肢
32011,broccoli,0,769,西兰花
1249968,little_red_riding_hood_(grimm)_(cosplay),0,769,小红帽(格林)(cosplay)
1398335,year_of_the_pig,0,769,猪年
1411110,keizoku_school_uniform,0,769,継続校服
685854,fur_cuffs,0,768,毛皮袖口
415865,broken_armor,0,768,破损盔甲
505385,through_screen,0,768,透过屏幕
413830,wakamezake,0,767,若芽酒
474812,finger_sucking,0,767,吮指
513340,glowing_hand,0,767,发光的手
4854,cast,0,767,石膏
1306995,panties_under_shorts,0,767,短裤下内裤
1820720,weasel_girl,0,767,鼬娘
1372005,brown_lips,0,767,棕色嘴唇
684237,arm_around_back,0,766,手臂环背
690043,hand_on_table,0,766,手放桌上
652093,white_sky,0,766,白色天空
1248516,dilation_tape,0,766,扩张胶带
1453844,arm_on_knee,0,766,手臂放膝
1307462,maple_leaf_print,0,766,枫叶印花
477740,expression_chart,0,766,表情表
1665648,kanba_girls_high_school_uniform,0,766,神庭女子高中校服
10383,cabbage,0,765,卷心菜
662846,listening_to_music,0,765,听音乐
1551195,1970s_(style),0,765,1970年代风格
649309,power_connection,0,765,电源连接
1588824,lifebuoy_ornament,0,765,救生圈装饰
687895,exploding_clothes,0,764,爆衣
1826632,right-over-left_kimono,0,764,右前左后和服
1556706,holding_creature,0,764,手持生物
693711,floating_rock,0,764,浮空岩石
1491455,stiletto_(weapon),0,764,细剑
420279,sock_pull,0,763,拉袜子
1410867,window_(computing),0,763,窗口(计算机)
1477135,clawed_gauntlets,0,763,爪刃手套
593826,waving_arms,0,763,挥舞手臂
631824,canned_coffee,0,763,罐装咖啡
1520977,print_mug,0,763,印花杯子
611611,dogeza,0,763,土下座
712509,glass_shards,0,763,玻璃碎片
377984,nipple_chain,0,762,乳头链
1174087,camisole_lift,0,762,吊带衫掀起
1509633,frilled_headwear,0,761,荷叶边头饰
1650790,cable_tail,0,761,线缆尾巴
120908,chess,0,761,国际象棋
1607566,red_male_underwear,0,761,红色男式内裤
1333942,exposed_pocket,0,761,外露口袋
620731,combat_knife,0,760,战斗刀
1597540,two-sided_coat,0,760,双面外套
73004,materia,0,759,魔晶石
710493,firelock,0,759,火绳枪
12722,volcano,0,759,火山
14272,village,0,759,村庄
242084,trophy,0,759,奖杯
662026,fingering_through_panties,0,758,隔内裤指交
681606,dotted_background,0,758,圆点背景
1255173,shoujo_kitou-chuu,0,758,少女祈祷中
473987,tooth,0,758,牙齿
9414,whip_marks,0,757,鞭痕
464557,eel,0,757,鳗鱼
1373317,paizuri_invitation,0,757,乳交邀请
556589,safety_glasses,0,756,护目镜
4947,groceries,0,755,杂货
1361745,holding_fish,0,755,手持鱼
978006,front_slit,0,755,前开衩
458682,multitasking,0,754,多任务处理
399624,flippers,0,754,脚蹼
369589,honda,0,754,本田
1485633,leopard_girl,0,754,豹女
2685,kickboard,0,753,踢水板
501948,wing_ears,0,753,翼状耳
1298988,smartphone_case,0,753,手机壳
1419277,kariyushi_shirt,0,753,琉球衬衫
434547,oonusa,0,752,大麻
1248465,knives_between_fingers,0,752,指间刀
446480,broken_sword,0,752,断剑
485720,policeman,0,752,警察
1253133,spade_hair_ornament,0,752,黑桃发饰
1859006,white_halo,0,752,白色光环
1687002,male_underwear_peek,0,752,男性内裤露出
1682855,hand_focus,0,751,手部特写
466940,fitting_room,0,751,试衣间
483695,carton,0,751,纸箱
462045,cash_register,0,751,收银机
2006771,unworn_jewelry,0,751,未佩戴首饰
1258228,hanging_light,0,751,吊灯
1401251,leotard_peek,0,749,紧身衣露出
535094,makeup_brush,0,749,化妆刷
1627128,caliburn_(fate),0,748,必胜黄金之剑(Fate)
664057,neck_garter,0,748,颈带
374339,foot_worship,0,748,足崇拜
593770,fried_chicken,0,748,炸鸡
720295,weasel_tail,0,748,鼬尾
616149,blue_suit,0,748,蓝色西装
1499342,cross-laced_top,0,748,交叉系带上衣
1372610,koishi_day,0,748,恋日
1436739,military_operator,0,747,军事操作员
443238,wardrobe_error,0,747,衣柜失误
600430,table_humping,0,747,桌震
376272,whiteboard,0,747,白板
1257988,holding_photo,0,747,手持照片
1985698,vehicle_and_personification,0,747,车辆与拟人化
403748,bolt,0,747,螺栓
419800,compass,0,746,指南针
1386018,ooarai_(emblem),0,746,大洗(徽章)
2058788,youkai_(youkai_watch),0,746,妖怪(妖怪手表)
1978861,2b_(nier:automata)_(cosplay),0,746,2B(尼尔：机械纪元)(Cosplay)
404956,dissolving_clothes,0,745,溶解衣物
475330,hunched_over,0,745,弯腰驼背
1449244,holding_pole,0,745,手持杆子
672191,jacket_lift,0,745,掀起外套
534500,fish_bone,0,744,鱼骨
451999,drowning,0,744,溺水
1443338,holding_shovel,0,743,手持铲子
441148,marriage_proposal,0,743,求婚
1497921,backless_swimsuit,0,743,露背泳装
1980771,gag_harness,0,743,口球束具
1928097,tickling_armpits,0,743,挠腋窝
2618,jam,0,742,果酱
567557,chili_pepper,0,742,辣椒
470016,incoming_kiss,0,742,即将亲吻
528148,ray_gun,0,742,射线枪
108850,trash,0,742,垃圾
449113,rust,0,742,锈迹
1536591,low-cut_armhole,0,742,低袖口
1332216,propeller_hair_ornament,0,742,螺旋桨发饰
24365,tambourine,0,741,铃鼓
416849,merman,0,741,人鱼男
542165,runny_nose,0,741,流鼻涕
439969,sprinkles,0,741,糖针
1348685,fake_magazine_cover,0,741,假杂志封面
412041,biwa_lute,0,741,琵琶
715587,against_fourth_wall,0,741,打破第四面墙
686939,wide_oval_eyes,0,740,宽椭圆眼
688374,holding_cross,0,740,手持十字架
1730247,sexual_coaching,0,740,性指导
1684976,craft_essence_(fate),0,740,概念礼装(Fate)
1406789,otter_tail,0,740,水獭尾巴
598911,interior,0,739,室内
608725,mami_mogu_mogu,0,739,麻美嚼嚼
1396057,gumroad_username,0,739,Gumroad用户名
407968,lime_(fruit),0,738,青柠(水果)
1453283,amestris_military_uniform,0,738,亚美斯特利斯军装
568063,cobblestone,0,738,鹅卵石
521072,cupboard,0,738,橱柜
441528,canteen,0,738,食堂
1300994,taut_leotard,0,738,紧身连体衣
392118,cork,0,737,软木塞
2321,phoenix,0,737,凤凰
599713,after_masturbation,0,737,自慰后
634874,o-ring_swimsuit,0,737,O形环泳装
622107,dorsal_fin,0,737,背鳍
554948,flying_fish,0,737,飞鱼
484041,wind_turbine,0,736,风力发电机
1408010,pom_pom_earrings,0,736,绒球耳环
716702,checkered_bow,0,736,格子蝴蝶结
1472418,multiple_hairpins,0,736,多个发夹
480630,record,0,735,唱片
1557609,smelling_clothes,0,735,闻衣服
1363286,light_brown_background,0,735,浅棕色背景
1886396,lance_of_longinus_(evangelion),0,735,朗基努斯之枪(EVA)
1463447,studded_choker,0,735,铆钉项圈
1441197,red_bandeau,0,735,红色抹胸
424847,croissant,0,735,可颂面包
411278,jolly_roger,0,735,海盗旗
1617321,red_trim,0,734,红色镶边
217022,mechanic,0,734,机械师
1413219,covering_another's_mouth,0,734,捂住他人嘴
721754,single_garter_strap,0,734,单侧吊带袜
490599,lane_line,0,733,泳道线
14376,brain,0,733,大脑
413217,humping,0,733,顶胯
1692877,fruit_hat_ornament,0,733,水果发饰
660220,ski_goggles,0,733,滑雪护目镜
1350902,starfish_hair_ornament,0,733,海星发饰
1255360,hand_on_own_forehead,0,732,手贴自己额头
1253317,holding_briefcase,0,732,手提公文包
1466153,brown_sash,0,732,棕色腰带
75230,orca,0,732,虎鲸
1778,urinal,0,732,小便池
5756,van,0,732,面包车
761631,layered_kimono,0,732,多层和服
1391180,o-ring_belt,0,732,O型环腰带
513432,ballpoint_pen_(medium),0,732,圆珠笔(中等粗细)
1327659,striped_vest,0,732,条纹背心
1577915,like_and_retweet,0,732,点赞和转发
1442899,green_cardigan,0,731,绿色开衫
638337,multicolored_stripes,0,731,彩色条纹
1384372,aqua_hairband,0,731,水蓝色发带
2391,square,0,731,方形
437505,entangled,0,731,纠缠
396195,billboard,0,731,广告牌
1778351,yellow_gemstone,0,731,黄色宝石
1016087,plate_carrier,0,731,板甲
379359,surfing,0,730,冲浪
438322,police_car,0,730,警车
555919,crystal_wings,0,730,水晶翅膀
1690649,limiter_(tsukumo_sana),0,730,限制器(角卷绵芽)
449464,casing_ejection,0,729,抛壳
484640,fern,0,729,蕨类植物
1236817,bear_hood,0,729,熊头兜帽
500376,war_hammer,0,728,战锤
581992,coffee_pot,0,728,咖啡壶
514658,holding_bra,0,728,手持胸罩
15371,sauce,0,728,酱汁
1271840,throat_microphone,0,728,喉麦
682123,detached_leggings,0,728,分离式紧身裤
378043,shopping_cart,0,727,购物车
1820626,half-erect,0,727,半勃起
412638,ticket,0,727,票券
1442516,paw_print_pattern,0,727,爪印图案
1515529,shindan_maker,0,727,神谕制造器
390051,invisible,0,726,隐形
467468,congratulations,0,726,恭喜
1263906,star_wand,0,726,星星魔杖
1077069,object_head,0,726,物体头
1287696,yumi_(bow),0,725,弓(武器)
410838,m16,0,725,M16步枪
1886232,on_scooter,0,725,骑踏板车
1628091,kanshou_&_bakuya_(fate),0,724,干将·莫邪(Fate)
383871,chocolate_making,0,724,制作巧克力
9508,carousel,0,723,旋转木马
14457,wet_skirt,0,723,湿裙子
635361,body_switch,0,723,身体交换
496392,depressed,0,723,沮丧
1143156,multicolored_tail,0,723,多色尾巴
663411,holding_another's_foot,0,723,握着别人的脚
1994923,walker_(robot),0,723,步行机(机器人)
589491,gradient_wings,0,723,渐变翅膀
1305544,down_jacket,0,723,羽绒服
1291060,rabbit_on_head,0,723,头顶兔子
870284,giant_male,0,723,巨型男性
668796,meteor_shower,0,722,流星雨
675816,kissing_neck,0,722,吻颈
472496,raspberry,0,721,覆盆子
1380972,holding_scroll,0,721,手持卷轴
1319606,twintails_day,0,721,双马尾日
1551950,rhine_lab_logo,0,721,莱茵生命标志
717991,monochrome_background,0,720,单色背景
1404688,pink_tank_top,0,720,粉色吊带背心
395848,kadomatsu,0,720,门松
8768,microwave,0,720,微波炉
1241808,looking_at_hand,0,720,看手
513429,watercolor_pencil_(medium),0,720,水彩铅笔(媒介)
1835736,yellow_one-piece_swimsuit,0,719,黄色连体泳衣
1445402,white_bandeau,0,719,白色抹胸
564940,paint_can,0,719,油漆罐
470329,musket,0,719,火枪
11777,monk,0,719,僧侣
1881342,shield_on_back,0,719,背盾
1500711,facing_up,0,719,面朝上
1690512,black_tube_top,0,718,黑色抹胸上衣
579316,white_pubic_hair,0,718,白色阴毛
1514435,scoop_neck,0,718,勺领
1543107,female_goblin,0,718,女性哥布林
1383442,purple_pupils,0,717,紫色瞳孔
3327,graduation,0,717,毕业
1358328,covering_another's_eyes,0,717,遮住别人的眼睛
1184023,ligne_claire,0,717,清晰线条
1231690,slim_legs,0,716,细腿
380384,accident,0,716,意外
461768,handshake,0,716,握手
550212,torn_wings,0,716,破损翅膀
392002,kono_lolicon_domome,0,716,这萝莉控独眼
402892,weights,0,716,哑铃
558276,temari_ball,0,716,手鞠球
602754,red_wine,0,716,红酒
519170,yellow_pantyhose,0,715,黄色连裤袜
1050723,super_saiyan_4,0,715,超级赛亚人4
575798,wafer_stick,0,715,威化棒
673054,condensation,0,715,凝结水珠
1564862,originium_arts_(arknights),0,715,源石技艺(明日方舟)
666749,sitting_sideways,0,714,侧坐
456823,small_nipples,0,714,小乳头
419818,fading,0,714,渐隐
533896,surrounded,0,714,被包围
628155,bandaged_fingers,0,714,绷带手指
653735,ahoge_wag,0,714,呆毛摆动
377255,bindi,0,713,眉心痣
1253562,black_hood,0,712,黑色兜帽
1262238,hand_on_ground,0,712,手撑地面
471969,container,0,712,容器
432197,glansjob,0,712,龟头摩擦
1127765,black_veil,0,712,黑色面纱
1498394,child_carry,0,712,抱小孩
191640,ak-47,0,711,AK-47
595034,head_on_head,0,711,头顶头
1892220,pitcher_(container),0,711,水壶
474159,coin_purse,0,711,零钱包
575514,leaf_background,0,711,叶子背景
691122,transparent_censoring,0,711,透明遮挡
1232037,hakama_shorts,0,711,袴式短裤
1406769,moose_ears,0,711,驼鹿耳
1543883,josou_seme,0,710,女装攻
651680,stuffed_panda,0,710,熊猫玩偶
655793,police_badge,0,710,警徽
548344,translucent,0,710,半透明
1070070,fishnet_bodysuit,0,710,渔网连体衣
451531,cutting,0,710,切割
539984,pointy_hat,0,710,尖顶帽
524604,fur_jacket,0,710,毛皮夹克
619775,dollar_sign,0,709,美元符号
460178,curled_up,0,709,蜷缩
1363051,bandaid_on_neck,0,708,颈部创可贴
613159,homu,0,708,吼姆
1370485,crescent_rose,0,708,新月玫瑰
487943,railroad_crossing,0,707,铁路道口
659578,black_vs_white,0,707,黑与白
604410,circle_formation,0,706,圆形阵型
1428905,holding_surfboard,0,706,手持冲浪板
932458,bridal_lingerie,0,706,新娘内衣
1386716,handjob_gesture,0,706,手淫手势
1376938,hat_belt,0,706,帽子腰带
1379542,team_skull,0,706,骷髅队
728040,flat_chest_grab,0,705,抓平胸
701998,overall_skirt,0,705,背带裙
1451348,bc_freedom_school_uniform,0,705,BC自由学校制服
1397149,hair_over_one_breast,0,704,头发遮住一侧胸部
527713,arm_over_head,0,704,手臂举过头顶
518001,red_star,0,704,红星
663609,sweater_pull,0,704,拉毛衣
1465145,holding_map,0,704,手持地图
512953,masked,0,704,戴面具
1475712,haneoka_school_uniform,0,704,羽丘学校制服
1765,cello,0,703,大提琴
4740,disguise,0,703,伪装
397922,scalpel,0,703,手术刀
587910,holographic_monitor,0,703,全息显示器
788488,knife_sheath,0,703,刀鞘
543782,rotary_phone,0,703,转盘电话
641589,pantyhose_under_swimsuit,0,702,泳装内穿连裤袜
405424,whip_sword,0,702,鞭剑
1468297,sixteenth_note,0,702,十六分音符
1890194,grabbing_another's_ear,0,702,抓他人耳朵
10694,wanted,0,701,通缉
1303619,pawn_(chess),0,701,兵（国际象棋）
580001,print_swimsuit,0,700,印花泳装
489413,popsicle_stick,0,699,冰棒棍
549834,person_on_head,0,699,头上有人
794881,face_in_pillow,0,699,脸埋枕头
557699,karate_gi,0,699,空手道服
2006775,unworn_goggles,0,699,未佩戴护目镜
1580148,after_bathing,0,699,沐浴后
1727453,anti-aircraft,0,699,防空
666996,nipple_cutout,0,699,乳头镂空
1431177,country_connection,0,699,国家连线
1881204,starlight_academy_school_uniform,0,699,星光学院校服
1261550,weapon_bag,0,698,武器包
607415,flailing,0,698,挥舞
620196,sky_lantern,0,698,天灯
463211,chessboard,0,697,棋盘
1891024,frontless_outfit,0,697,前开式服装
1448604,armored_leotard,0,697,装甲紧身衣
1702658,travel_attendant,0,696,旅行陪同
540641,shoulder_plates,0,696,肩甲
854284,ribbed_thighhighs,0,695,罗纹大腿袜
4322,band,0,694,乐队
660608,forked_tail,0,694,分叉尾巴
1395440,lightning_bolt_hair_ornament,0,694,闪电发饰
1694223,undone_neck_ribbon,0,693,松开的颈带
444126,shoulder_guard,0,693,护肩
1258570,hedgehog_tail,0,693,刺猬尾巴
619345,digital_clock,0,692,数字时钟
1690099,lop_rabbit_ears,0,692,垂耳兔耳朵
424699,closet,0,692,壁橱
51587,cassock,0,692,法衣
13444,germany,0,692,德国
1551407,metamoran_vest,0,692,梅塔莫尔背心
1119350,normal_suit,0,692,普通西装
613600,checkered_legwear,0,692,格子袜
1948768,sparse_chest_hair,0,692,稀疏胸毛
1663426,see-through_swimsuit,0,691,透视泳装
637897,saury,0,691,秋刀鱼
718647,holding_necklace,0,690,手持项链
401324,chakram,0,690,环刃
597366,panties_over_pantyhose,0,690,内裤套连裤袜
492558,orange_bra,0,689,橙色胸罩
1677791,blood_on_bandages,0,689,绷带上的血迹
1369696,pink_horns,0,689,粉色角
660413,rainbow_background,0,688,彩虹背景
16147,meadow,0,688,草地
538775,remembering,0,688,回忆
616835,calligraphy_brush_(medium),0,688,毛笔(中号)
1686763,saint_quartz_(fate),0,688,圣晶石(Fate)
449450,vertical_foregrip,0,687,垂直握把
6368,calligraphy,0,687,书法
600484,adjusting_scarf,0,687,整理围巾
667047,scratching_cheek,0,687,挠脸颊
1289258,bokura_wa_ima_no_naka_de,0,687,我们是此刻之中的
1396916,layered_shirt,0,687,叠穿衬衫
496244,emoticon,0,686,表情符号
575981,bird_on_arm,0,686,鸟在手臂上
695444,pokemon_ears,0,686,宝可梦耳朵
895872,paint_on_clothes,0,686,衣服上的颜料
1621049,scar_on_hand,0,686,手上的伤疤
1406196,blue_outline,0,684,蓝色轮廓
1347287,green_feathers,0,684,绿色羽毛
2006784,unworn_bikini,0,684,未穿比基尼
1490269,pink_sports_bra,0,683,粉色运动内衣
1302248,tape_on_nipples,0,683,乳头贴胶带
596557,casting_spell,0,682,施法
413382,adjusting_buruma,0,682,调整布鲁马
375012,playground,0,682,游乐场
490413,rice_paddy,0,681,稻田
723670,noses_touching,0,681,鼻尖相触
1341024,side-tie_shirt,0,681,侧系衬衫
608443,green_rose,0,680,绿色玫瑰
1254622,torn_coat,0,680,破损外套
496982,beach_mat,0,680,沙滩垫
1672630,baton_(weapon),0,679,警棍(武器)
13822,ai_ai_gasa,0,679,相合伞
1087554,rash_guard,0,679,防磨衣
1635490,poke_ball_(legends),0,679,精灵球(传说)
655036,ankle_bow,0,678,脚踝蝴蝶结
1918272,covering_own_ears,0,678,捂住自己耳朵
392494,bridle,0,678,缰绳
1350133,mtu_virus,0,678,MTU病毒
1495989,bird_boy,0,678,鸟男孩
1241229,butterfly_tattoo,0,677,蝴蝶纹身
1537113,bandaid_on_head,0,677,头上的创可贴
1290437,fur-trimmed_bikini,0,676,毛边比基尼
1660126,implied_extra_ears,0,676,暗示额外耳朵
423802,amusement_park,0,676,游乐园
1781486,hat_tassel,0,676,帽子流苏
611697,crosshatching,0,675,交叉排线
459473,hand_over_face,0,675,手遮脸
87461,hogtie,0,675,四肢捆绑
585662,coconut_tree,0,675,椰子树
1334027,argyle_cutout,0,675,菱形镂空
1507688,cross-laced_skirt,0,675,交叉系带裙
649168,fruit_on_head,0,675,头顶水果
1462248,fruit_cup,0,675,水果杯
497727,height,0,675,身高
1605277,starry_hair,0,675,星形头发
1484956,sparkle_hair_ornament,0,675,闪亮发饰
525386,too_literal,0,674,过于字面
1294119,suspenders_slip,0,674,吊带滑落
456715,cow_costume,0,673,奶牛装
421792,fried_rice,0,673,炒饭
515924,drum_magazine,0,673,弹鼓
1727451,anti-aircraft_gun,0,673,高射炮
391503,pregnancy_test,0,673,验孕棒
1439863,penis_shadow,0,673,阴茎阴影
1337689,blood_on_ground,0,672,地面血迹
1424746,multicolored_leotard,0,672,彩色紧身衣
1430698,white_garter_belt,0,672,白色吊带袜
1448244,holding_toothbrush,0,672,手持牙刷
421072,toga,0,671,托加袍
590918,red_carpet,0,670,红地毯
1507090,holding_lipstick_tube,0,670,手持口红管
1847146,multi-strapped_bikini_top,0,670,多带比基尼上衣
3184,mg42,0,669,MG42
710234,nipple-to-nipple,0,669,乳头对乳头
627605,pushing_away,0,669,推开
635630,spoken_expression,0,669,口头禅
518535,ainu,0,669,阿伊努
1682857,holding_with_tail,0,668,尾巴持物
1330325,white_wristband,0,668,白色腕带
631791,long_ribbon,0,668,长丝带
4419,shogi,0,667,将棋
476455,green_fire,0,667,绿色火焰
1347798,facing_down,0,667,面朝下
433150,senbei,0,666,仙贝
10179,dawn,0,666,黎明
1391282,purple_robe,0,666,紫色长袍
1544050,turtleneck_jacket,0,666,高领夹克
448268,rice_hat,0,665,斗笠
6033,bacon,0,665,培根
545285,washing_hair,0,665,洗头
532884,dark_clouds,0,665,乌云
561625,forced_smile,0,664,强颜欢笑
474303,shared_earphones,0,664,共享耳机
423556,banana_peel,0,664,香蕉皮
1409032,mole_on_arm,0,664,手臂上的痣
1345306,holding_mirror,0,664,手持镜子
1574667,two-sided_cloak,0,664,双面斗篷
497915,refraction,0,663,折射
489117,corsage,0,663,胸花
1291577,black_outline,0,662,黑色轮廓
1311157,anchor_earrings,0,662,锚形耳环
617715,wrapped_candy,0,662,包装糖果
494712,gingham,0,661,方格纹
387069,sweet_lolita,0,661,甜系洛丽塔
1841287,asymmetrical_sidelocks,0,661,不对称侧刘海
1277703,lying_on_water,0,661,躺于水面
547190,side-tie_skirt,0,661,侧系裙
1258819,print_scarf,0,661,印花围巾
695913,green_collar,0,661,绿色衣领
1600924,sweater_tucked_in,0,661,塞进裤子的毛衣
1396935,bc_freedom_(emblem),0,661,BC自由(徽章)
1447063,stile_uniform,0,661,Stile校服
1305785,front-print_panties,0,660,正面印花内裤
1578413,square_neckline,0,660,方领
13408,bear_panties,0,659,小熊内裤
1289517,mini_witch_hat,0,659,迷你巫师帽
1412715,holding_key,0,659,手持钥匙
49893,baking,0,658,烘焙
1434292,on_stool,0,658,坐在凳子上
7945,oar,0,658,船桨
1203647,nipple_jewelry,0,658,乳头饰品
1480627,holding_torch,0,658,手持火炬
1447277,holding_plectrum,0,657,手持拨片
619150,announcement_celebration,0,657,公告庆祝
1892221,jug_(bottle),0,657,壶(瓶子)
1690520,white_tube_top,0,657,白色抹胸
2006779,unworn_hair_ornament,0,656,未佩戴发饰
1487812,holding_magnifying_glass,0,656,手持放大镜
1941540,single_off_shoulder,0,656,单侧露肩
628898,meandros,0,654,迷宫纹
1412354,stained_sheets,0,654,污渍床单
680600,arm_across_waist,0,654,手臂环腰
1409727,torn_cloak,0,654,破损斗篷
654255,heart_hair,0,654,心形发型
678068,audio_jack,0,654,音频插孔
463089,oven,0,653,烤箱
571706,kittysuit,0,652,猫女装
385305,soy_sauce,0,651,酱油
551570,shirt_around_waist,0,651,衬衫系腰
622003,;(,0,651,;(表情)
1639311,arthropod_boy,0,651,节肢动物男孩
485986,hieroglyphics,0,651,象形文字
419530,rural,0,651,乡村
507779,piano_keys,0,651,钢琴键
1249795,sailor_swimsuit_(idolmaster),0,651,水手泳装(偶像大师)
1690813,market_stall,0,650,集市摊位
724189,detached_ahoge,0,650,分离呆毛
585336,ankle_garter,0,649,脚踝袜带
1397372,year_of_the_rooster,0,649,鸡年
391029,fusuma,0,649,襖
501535,package,0,649,包裹
692331,feet_on_chair,0,648,脚踩椅子
11156,singlet,0,648,背心
496614,pastel_(medium),0,648,粉彩(媒介)
667570,large_ears,0,647,大耳朵
1499507,sailor_collar_lift,0,646,水手领掀起
531475,aviator_cap,0,646,飞行员帽
1344208,aqua_shorts,0,646,水色短裤
1375384,monkey_boy,0,646,猴子男孩
1470365,flying_button,0,645,飞扣
1733638,race_bib,0,645,比赛号码布
1328452,ambiguous_red_liquid,0,645,不明红色液体
523781,sewing_needle,0,645,缝纫针
1472811,holding_newspaper,0,644,手持报纸
1295452,female_service_cap,0,643,女式服务帽
1245114,covering_with_blanket,0,642,盖毯子
812633,moth_girl,0,642,蛾娘
470409,rag,0,641,破布
647958,ankleband,0,641,脚链
1297889,shampoo_bottle,0,641,洗发水瓶
1411022,black_babydoll,0,640,黑色娃娃裙
1178149,tucked_penis,0,640,藏阴茎
1754298,multiple_bracelets,0,640,多手镯
1308770,front_zipper_swimsuit,0,640,前拉链泳装
1990022,kin-iro_mosaic_high_school_uniform,0,640,黄金拼图高中校服
1427497,holding_bell,0,639,手持铃铛
1607444,blue_male_underwear,0,638,蓝色男式内裤
2007719,side_cape,0,638,侧披风
1454132,hand_grip,0,637,握力器
1989805,inset_border,0,636,内嵌边框
1315008,glove_bow,0,635,手套蝴蝶结
1416925,green_serafuku,0,635,绿色水手服
551039,claw_foot_bathtub,0,635,爪足浴缸
2006774,unworn_thighhighs,0,635,未穿大腿袜
478028,rooster,0,634,公鸡
431317,poi,0,631,消防员钩
1398744,ribbed_socks,0,628,罗纹袜
502233,dress_shoes,0,628,皮鞋
1320443,vertical-striped_shorts,0,627,竖条纹短裤
1501438,blue_sweater_vest,0,626,蓝色毛衣背心
1427920,polearm_behind_back,0,624,背后长柄武器
1398831,fur-trimmed_thighhighs,0,623,毛边大腿袜
1871372,streetwear,0,611,街头服饰
385430,hatsune_miku,4,89677,初音未来(Vocaloid)
12239,hakurei_reimu,4,73962,博丽灵梦(东方)
12242,kirisame_marisa,4,67226,雾雨魔理沙(东方)
12248,remilia_scarlet,4,49813,蕾米莉亚·斯卡蕾特(东方)
12249,flandre_scarlet,4,48265,芙兰朵露·斯卡蕾特(东方)
12314,izayoi_sakuya,4,44493,十六夜咲夜(东方)
1301082,admiral_(kancolle),4,37303,提督(舰C)
1478495,artoria_pendragon_(fate),4,35675,阿尔托莉雅·潘德拉贡(Fate)
388200,kochiya_sanae,4,34152,东风谷早苗(东方)
9123,alice_margatroid,4,33846,爱丽丝·玛格特罗伊德(东方)
12247,patchouli_knowledge,4,33570,帕秋莉·诺蕾姬(东方)
12244,konpaku_youmu,4,33386,魂魄妖梦(东方)
1720,cirno,4,33294,琪露诺(东方)
427142,komeiji_koishi,4,31713,古明地恋(东方)
12246,yakumo_yukari,4,31287,八云紫(东方)
12308,shameimaru_aya,4,27523,射命丸文(东方)
12304,reisen_udongein_inaba,4,26079,铃仙·优昙华院·因幡(东方)
12307,fujiwara_no_mokou,4,25741,藤原妹红(东方)
427143,komeiji_satori,4,24629,古明地觉(东方)
11374,hong_meiling,4,24348,红美铃(东方)
592924,akemi_homura,4,24201,晓美焰(小圆)
12245,saigyouji_yuyuko,4,23212,西行寺幽幽子(东方)
592925,kaname_madoka,4,23211,鹿目圆(小圆)
395218,inubashiri_momiji,4,21718,犬走椛(东方)
1631074,kaga_(kancolle),4,21127,加贺(舰C)
12250,yakumo_ran,4,19328,八云蓝(东方)
390427,kagamine_rin,4,19045,镜音铃(Vocaloid)
602257,konpaku_youmu_(ghost),4,18383,魂魄妖梦(幽灵)(东方)
427145,kaenbyou_rin,4,18358,火焰猫燐(东方)
384842,moriya_suwako,4,18215,洩矢诹访子(东方)
2082,rumia,4,18126,露米娅(东方)
1275729,shimakaze_(kancolle),4,17717,岛风(舰C)
401582,kazami_yuuka,4,17493,风见幽香(东方)
593109,miki_sayaka,4,17374,美树沙耶香(小圆)
427184,reiuji_utsuho,4,17240,灵乌路空(东方)
474,chen,4,17156,橙(东方)
1213183,saber_(fate),4,16702,Saber(Fate)
1602203,ganyu_(genshin_impact),4,16652,甘雨(原神)
1275718,hibiki_(kancolle),4,16538,响(舰C)
1414209,mash_kyrielight,4,16080,玛修·基列莱特(Fate)
473327,tatara_kogasa,4,15983,多多良小伞(东方)
383392,kawashiro_nitori,4,15870,河城荷取(东方)
12302,kamishirasawa_keine,4,15819,上白泽慧音(东方)
1275728,shigure_(kancolle),4,15718,时雨(舰C)
415326,hinanawi_tenshi,4,15462,比那名居天子(东方)
604258,sakura_kyoko,4,14872,佐仓杏子(小圆)
593108,tomoe_mami,4,14796,巴麻美(小圆)
12306,houraisan_kaguya,4,14523,蓬莱山辉夜(东方)
1799,koakuma,4,14297,小恶魔(东方)
12300,mystia_lorelei,4,14283,米斯蒂娅·萝蕾拉(东方)
475833,souryuu_asuka_langley,4,13517,惣流·明日香·兰格雷(EVA)
12303,inaba_tewi,4,13472,因幡帝(东方)
12313,ibuki_suika,4,13410,伊吹萃香(东方)
1350122,kongou_(kancolle),4,13408,金刚(舰C)
473267,nazrin,4,12879,纳兹琳(东方)
1275720,inazuma_(kancolle),4,12856,电(舰C)
503349,hijiri_byakuren,4,12693,圣白莲(东方)
1613000,warrior_of_light_(ff14),4,12512,光之战士(最终幻想14)
1630449,akagi_(kancolle),4,12451,赤城(舰C)
393597,kagamine_len,4,12419,镜音连(Vocaloid)
6313,link,4,12385,林克(塞尔达传说)
1686237,raiden_shogun,4,12239,雷电将军(原神)
1473623,tamamo_(fate),4,12070,玉藻前(Fate)
503343,houjuu_nue,4,12031,封兽鵺(东方)
1581467,lumine_(genshin_impact),4,11757,荧(原神)
1533309,houshou_marine,4,11739,宝钟玛琳(Hololive)
1270870,tenryuu_(kancolle),4,11481,天龙(舰C)
1391753,fujimaru_ritsuka_(male),4,11472,藤丸立香(男性)(Fate)
384841,yasaka_kanako,4,11452,八坂神奈子(东方)
1593594,gawr_gura,4,11448,噶呜·古拉(Hololive)
1631504,yuudachi_(kancolle),4,11386,夕立(舰C)
12305,yagokoro_eirin,4,11356,八意永琳(东方)
1391754,fujimaru_ritsuka_(female),4,11288,藤丸立香(女性)(Fate)
457810,megurine_luka,4,11218,巡音流歌(Vocaloid)
1479739,jeanne_d'arc_alter_(fate),4,11062,贞德〔Alter〕(Fate)
413783,mizuhashi_parsee,4,10974,水桥帕露西(东方)
1631198,sensei_(blue_archive),4,10925,老师(碧蓝档案)
1275715,fubuki_(kancolle),4,10839,吹雪(舰C)
1275719,ikazuchi_(kancolle),4,10828,雷(舰C)
1471064,abigail_williams_(fate),4,10742,阿比盖尔·威廉姆斯(Fate)
3861,pikachu,4,10538,皮卡丘(宝可梦)
1635696,hu_tao_(genshin_impact),4,10238,胡桃(原神)
1275711,akatsuki_(kancolle),4,10176,晓(舰C)
1631523,zuikaku_(kancolle),4,10116,瑞鹤(舰C)
456150,akiyama_mio,4,10077,秋山澪(轻音少女)
638495,toyosatomimi_no_miko,4,9782,丰聪耳神子(东方)
1630699,hamakaze_(kancolle),4,9722,滨风(舰C)
9466,suzumiya_haruhi,4,9541,凉宫春日(凉宫春日系列)
1335350,haruna_(kancolle),4,9541,榛名(舰C)
1433170,nero_claudius_(fate),4,9485,尼禄·克劳狄乌斯(Fate)
1631219,nagato_(kancolle),4,9482,长门(舰C)
13814,morichika_rinnosuke,4,9414,森近霖之助(东方)
94496,princess_zelda,4,9354,塞尔达公主(塞尔达传说)
384197,kagiyama_hina,4,9328,键山雏(东方)
2075918,inkling_player_character,4,9292,鱿型玩家角色(喷射战士)
391888,tifa_lockhart,4,9278,蒂法·洛克哈特(最终幻想)
465977,hoshiguma_yuugi,4,9218,星熊勇仪(东方)
7441,fate_testarossa,4,9158,菲特·泰斯特罗莎(魔法少女奈叶)
1351818,kashima_(kancolle),4,9133,鹿岛(舰C)
700405,nishizumi_miho,4,8940,西住美穗(少女与战车)
465646,tohsaka_rin,4,8904,远坂凛(Fate)
7493,daiyousei,4,8848,大妖精(东方)
638499,mononobe_no_futo,4,8823,物部布都(东方)
1978860,2b_(nier:automata),4,8815,2B(尼尔：自动人形)
12299,wriggle_nightbug,4,8802,莉格露·奈特巴格(东方)
599169,shanghai_doll,4,8797,上海人形(东方)
472387,nakano_azusa,4,8741,中野梓(K-ON!)
9715,nagato_yuki,4,8684,长门有希(凉宫春日)
1333465,rem_(re:zero),4,8636,蕾姆(Re:从零开始的异世界生活)
1479836,shirakami_fubuki,4,8635,白上吹雪(Hololive)
1622755,asuna_(blue_archive),4,8632,明日奈(碧蓝档案)
465688,shiki_eiki,4,8600,四季映姬(东方)
12342,usami_renko,4,8579,宇佐见莲子(东方)
395918,misaka_mikoto,4,8470,御坂美琴(魔法禁书目录)
12311,onozuka_komachi,4,8463,小野塚小町(东方)
1380245,suzuya_(kancolle),4,8405,铃谷(舰C)
1631280,ryuujou_(kancolle),4,8338,龙骧(舰C)
12108,illyasviel_von_einzbern,4,8259,伊莉雅丝菲尔·冯·爱因兹贝伦(Fate)
455424,hirasawa_yui,4,8251,平泽唯(K-ON!)
506041,maribel_hearn,4,8249,玛艾露贝莉·赫恩(东方)
600200,kyubey,4,8249,丘比(魔法少女小圆)
1452630,scathach_(fate),4,8162,斯卡哈(Fate)
1733099,yae_miko,4,8153,八重神子(原神)
1233711,imaizumi_kagerou,4,8134,今泉影狼(东方)
1964304,gotoh_hitori,4,8111,后藤一里(孤独摇滚！)
1625332,yuuka_(blue_archive),4,8082,优香(碧蓝档案)
1600114,zhongli_(genshin_impact),4,8034,钟离(原神)
8327,ayanami_rei,4,7965,绫波丽(EVA)
452135,producer_(idolmaster),4,7935,制作人(偶像大师)
1639113,shigure_kai_ni_(kancolle),4,7790,时雨改二(舰C)
1523054,manjuu_(azur_lane),4,7782,蛮啾(碧蓝航线)
1631004,houshou_(kancolle),4,7704,凤翔(舰队Collection)
503351,toramaru_shou,4,7667,寅丸星(东方Project)
8552,takamachi_nanoha,4,7658,高町奈叶(魔法少女奈叶)
1511608,inkling_girl,4,7624,鱿型女孩(喷射战士)
1531173,usada_pekora,4,7611,兔田佩克拉(hololive)
378876,joseph_joestar,4,7552,乔瑟夫·乔斯达(JOJO的奇妙冒险)
1639135,yuudachi_kai_ni_(kancolle),4,7473,夕立改二(舰队Collection)
1231258,matoi_ryuuko,4,7459,缠流子(斩服少女)
1408636,jeanne_d'arc_(fate),4,7455,贞德(Fate)
1599785,aether_(genshin_impact),4,7433,空(原神)
1405000,serval_(kemono_friends),4,7418,耳廓狐(兽娘动物园)
1648389,yor_briar,4,7187,约尔·福杰(间谍过家家)
1525565,hoshimachi_suisei,4,7115,星街彗星(hololive)
456151,tainaka_ritsu,4,7114,田井中律(K-ON!)
544560,himekaidou_hatate,4,7114,姬海棠果(东方Project)
1275723,murakumo_(kancolle),4,7112,丛云(舰队Collection)
1277794,amatsukaze_(kancolle),4,7087,天津风(舰队Collection)
1596257,mona_(genshin_impact),4,7062,莫娜(原神)
1287532,megumin,4,7050,惠惠(为美好的世界献上祝福！)
592977,nishikino_maki,4,7024,西木野真姬(Love Live!)
1593596,ninomae_ina'nis,4,6999,一伊那尔栖(hololive)
1631456,ushio_(kancolle),4,6944,潮(舰队Collection)
1593595,mori_calliope,4,6928,森美声(hololive)
713730,kafuu_chino,4,6920,香风智乃(请问您今天要来点兔子吗？)
638538,kaku_seiga,4,6914,霍青娥(东方Project)
466373,dawn_(pokemon),4,6912,小光(宝可梦)
615562,toujou_nozomi,4,6909,东条希(Love Live!)
1765420,jeanne_d'arc_alter_(avenger)_(fate),4,6894,贞德〔Alter〕(Fate)
593046,sonoda_umi,4,6883,园田海未(Love Live!)
1438816,okita_souji_(fate),4,6839,冲田总司(Fate)
1600563,keqing_(genshin_impact),4,6830,刻晴(原神)
1584981,shiroko_(blue_archive),4,6815,白子(碧蓝档案)
662185,shibuya_rin,4,6810,涩谷凛(偶像大师 灰姑娘女孩)
1275734,yukikaze_(kancolle),4,6743,雪风(舰队Collection)
503350,murasa_minamitsu,4,6732,村纱水蜜(东方Project)
1369674,lillie_(pokemon),4,6697,莉莉艾(宝可梦)
1285206,atago_(kancolle),4,6679,爱宕(舰队Collection)
1585358,northern_ocean_princess,4,6674,北方栖姬(舰队Collection)
699794,nanami_chiaki,4,6647,七海千秋(弹丸论破)
1495213,minato_aqua,4,6646,凑阿库娅(hololive)
1631488,yamato_(kancolle),4,6620,大和(舰C)
445942,gardevoir,4,6606,沙奈朵(宝可梦)
1631360,shoukaku_(kancolle),4,6563,翔鹤(舰C)
593043,ayase_eli,4,6506,绚濑绘里(Love Live!)
592974,yazawa_nico,4,6495,矢泽妮可(Love Live!)
656409,yuzuki_yukari,4,6481,柚木加菜(偶像大师)
1682530,tamamo_no_mae_(fate/extra),4,6464,玉藻前(Fate)
413645,nagae_iku,4,6428,永江衣玖(东方)
54494,kujo_jotaro,4,6407,空条承太郎(JOJO的奇妙冒险)
1233709,hata_no_kokoro,4,6399,秦心(东方)
1275712,akebono_(kancolle),4,6398,曙(舰C)
669326,kaito_(vocaloid),4,6369,KAITO(Vocaloid)
487910,joseph_joestar_(young),4,6351,乔瑟夫·乔斯达(年轻)(JOJO的奇妙冒险)
2040387,doodle_sensei_(blue_archive),4,6324,涂鸦老师(碧蓝档案)
570051,ibaraki_kasen,4,6301,茨木华扇(东方)
1424365,pyra_(xenoblade),4,6291,焰(异度神剑)
13108,chun-li,4,6261,春丽(街头霸王)
1526564,doctor_(arknights),4,6177,博士(明日方舟)
7439,kinomoto_sakura,4,6112,木之本樱(魔卡少女樱)
1467839,trainer_(umamusume),4,6108,训练员(赛马娘)
1518952,nekomata_okayu,4,6097,猫又小粥(hololive)
1631124,kitakami_(kancolle),4,6096,北上(舰C)
1442931,amiya_(arknights),4,6091,阿米娅(明日方舟)
1435530,shuten_douji_(fate),4,6086,酒吞童子(Fate)
1516925,makima_(chainsaw_man),4,6072,玛奇玛(电锯人)
1649146,gilgamesh_(fate),4,6058,吉尔伽美什(Fate)
1532746,byleth_(fire_emblem),4,6056,贝雷丝(火纹)
638583,soga_no_tojiko,4,6039,苏我屠自古(东方)
1605761,hina_(blue_archive),4,6010,日奈(碧蓝档案)
466360,may_(pokemon),4,6006,小遥(宝可梦)
10365,cloud_strife,4,6004,克劳德·斯特莱夫(最终幻想)
413652,kurodani_yamame,4,5991,黑谷山女(东方)
619180,kasodani_kyouko,4,5982,笠地藏(东方)
7438,matou_sakura,4,5971,间桐樱(Fate)
619181,miyako_yoshika,4,5945,宫古芳香(东方)
473328,kumoi_ichirin,4,5918,云居一轮(东方)
1239690,rensouhou-chan,4,5885,连装炮酱(舰C)
717860,rosa_(pokemon),4,5882,斗也(宝可梦)
1867985,toki_(blue_archive),4,5873,时(碧蓝档案)
1631257,ooyodo_(kancolle),4,5854,大淀(舰C)
1448304,astolfo_(fate),4,5808,阿斯托尔福(Fate)
1593597,takanashi_kiara,4,5781,鹰宫莉音(Hololive)
1533332,marnie_(pokemon),4,5774,玛俐(宝可梦)
1372463,darjeeling_(girls_und_panzer),4,5772,大吉岭(少女与战车)
101752,hoshii_miki,4,5749,星井美希(偶像大师)
1595272,venti_(genshin_impact),4,5678,温迪(原神)
1328621,clownpiece,4,5669,小丑(东方Project)
1427460,prinz_eugen_(kancolle),4,5662,欧根亲王(舰C)
1478494,cu_chulainn_(fate),4,5626,库·丘林(Fate)
1549065,tokoyami_towa,4,5620,常暗永远(Hololive)
1243755,kijin_seija,4,5611,鬼人正邪(东方Project)
1590956,mythra_(xenoblade),4,5611,光(异度神剑)
1630515,asashio_(kancolle),4,5561,朝潮(舰C)
615290,hilda_(pokemon),4,5557,希尔达(宝可梦)
382074,hiiragi_kagami,4,5548,柊镜(幸运星)
1361469,mutsu_(kancolle),4,5538,陆奥(舰C)
11941,samus_aran,4,5535,萨姆斯·亚兰(银河战士)
456152,kotobuki_tsumugi,4,5533,琴吹䌷(轻音少女)
1572405,klee_(genshin_impact),4,5486,可莉(原神)
1405300,kaban_(kemono_friends),4,5475,背包(兽娘动物园)
1442946,texas_(arknights),4,5469,德克萨斯(明日方舟)
1630648,female_admiral_(kancolle),4,5463,女提督(舰C)
1593598,watson_amelia,4,5462,华生·艾米莉亚(Hololive)
1448306,mordred_(fate),4,5452,莫德雷德(Fate)
713720,nishizumi_maho,4,5450,西住真穗(少女与战车)
11498,kirby,4,5440,卡比(星之卡比)
1631410,tatsuta_(kancolle),4,5434,龙田(舰C)
1685272,ouro_kronii,4,5419,奥罗·克洛尼(Hololive)
1651926,kamisato_ayaka,4,5404,神里绫华(原神)
52967,princess_peach,4,5392,碧姬公主(超级马里奥)
1685271,nanashi_mumei,4,5378,七诗无名(Hololive)
1464562,minamoto_no_raikou_(fate),4,5372,源赖光(Fate)
1233706,sekibanki,4,5354,赤蛮奇(东方Project)
713721,itsumi_erika,4,5309,逸见艾丽卡(少女与战车)
10658,emiya_shirou,4,5307,卫宫士郎(Fate)
710903,meiko_(vocaloid),4,5301,MEIKO(Vocaloid)
383424,aki_minoriko,4,5292,秋穰子(东方Project)
593045,minami_kotori,4,5250,南小鸟(Love Live!)
1645004,rice_shower_(umamusume),4,5249,米浴(赛马娘)
466669,c.c.,4,5237,C.C.(Code Geass)
1328650,junko_(touhou),4,5237,纯狐(东方)
452021,hieda_no_akyuu,4,5214,稗田阿求(东方)
1610604,tartaglia_(genshin_impact),4,5184,达达利亚(原神)
382075,izumi_konata,4,5162,泉此方(幸运星)
279302,dio_brando,4,5154,迪奥·布兰度(JOJO的奇妙冒险)
1631313,sendai_(kancolle),4,5148,川内(舰C)
1646740,archer_(fate),4,5140,Archer(Fate)
1631252,ooi_(kancolle),4,5131,大井(舰C)
405454,aerith_gainsborough,4,5112,爱丽丝·盖恩斯巴勒(最终幻想VII)
1564340,paimon_(genshin_impact),4,5111,派蒙(原神)
1630531,bismarck_(kancolle),4,5108,俾斯麦(舰C)
1680295,mika_(blue_archive),4,5105,美佳(碧蓝档案)
1293664,musashi_(kancolle),4,5102,武藏(舰C)
727352,anchovy_(girls_und_panzer),4,5084,安丘比(少女与战车)
1641843,eula_(genshin_impact),4,5081,优菈(原神)
7866,tsukino_usagi,4,5078,月野兔(美少女战士)
434767,caesar_anthonio_zeppeli,4,5064,西撒·安德里欧·齐贝林(JOJO的奇妙冒险)
1646765,mejiro_mcqueen_(umamusume),4,5064,目白麦昆(赛马娘)
1350123,akashi_(kancolle),4,5046,明石(舰C)
1507496,takao_(kancolle),4,5015,高雄(舰C)
1544889,gloria_(pokemon),4,5014,小优(宝可梦)
1533307,shirogane_noel,4,5012,白上吹雪(Hololive)
698982,asuna_(sao),4,4984,亚丝娜(刀剑神域)
9071,amami_haruka,4,4941,天海春香(偶像大师)
1862749,aris_(blue_archive),4,4939,爱丽丝(碧蓝档案)
1515171,sakura_miko,4,4933,樱巫女(Hololive)
1243757,sukuna_shinmyoumaru,4,4931,少名针妙丸(东方)
1821363,nahida_(genshin_impact),4,4924,纳西妲(原神)
1646762,daiwa_scarlet_(umamusume),4,4923,大和赤骥(赛马娘)
1964798,furina_(genshin_impact),4,4919,芙宁娜(原神)
1275730,shiranui_(kancolle),4,4911,不知火(舰C)
1478256,medusa_(fate),4,4876,美杜莎(Fate)
1667133,hk416_(girls'_frontline),4,4872,HK416(少女前线)
510663,yoko_littner,4,4865,庸子(天元突破)
638500,futatsuiwa_mamizou,4,4856,二岩麻美藏(东方)
1734279,okita_souji_(koha-ace),4,4843,冲田总司(琥珀ACE)
1717604,shenhe_(genshin_impact),4,4835,申鹤(原神)
1631305,sazanami_(kancolle),4,4831,狭雾(舰C)
1631308,souryuu_(kancolle),4,4827,苍龙(舰C)
1622591,koharu_(blue_archive),4,4810,小春(碧蓝档案)
1658781,scaramouche_(genshin_impact),4,4798,散兵(原神)
1682533,nero_claudius_(fate/extra),4,4787,尼禄·克劳狄乌斯(Fate/EXTRA)
1526509,skadi_(arknights),4,4783,斯卡蒂(明日方舟)
700403,akiyama_yukari,4,4773,秋山由香里(少女与战车)
1339317,d.va_(overwatch),4,4767,D.Va(守望先锋)
1886284,byleth_(female)_(fire_emblem),4,4763,贝雷丝(火焰纹章)
1492223,taihou_(azur_lane),4,4758,大凤(碧蓝航线)
1275727,samidare_(kancolle),4,4749,五月雨(舰队Collection)
383855,aki_shizuha,4,4736,秋静叶(东方Project)
1518950,inugami_korone,4,4735,戌神沁音(Hololive)
1799500,asuna_(bunny)_(blue_archive),4,4698,亚丝娜(兔女郎)(碧蓝档案)
424565,shijou_takane,4,4697,四条贵音(偶像大师)
1631484,yamashiro_(kancolle),4,4695,山城(舰队Collection)
12295,letty_whiterock,4,4678,蕾蒂·霍瓦特洛克(东方Project)
701140,komaeda_nagito,4,4673,狛枝凪斗(弹丸论破)
1246753,senketsu,4,4668,鲜血(斩服少女)
593044,kousaka_honoka,4,4648,高坂穗乃果(Love Live!)
466315,ash_ketchum,4,4642,小智(宝可梦)
1081167,mordred_(fate/apocrypha),4,4628,莫德雷德(Fate/Apocrypha)
1549061,amane_kanata,4,4622,天音彼方(Hololive)
21,suigintou,4,4617,水银灯(蔷薇少女)
1316173,watanabe_you,4,4615,渡边曜(Love Live! Sunshine!!)
1502759,ookami_mio,4,4604,大神澪(Hololive)
1630992,hiei_(kancolle),4,4601,比叡(舰队Collection)
1421198,bb_(fate),4,4590,BB(Fate)
1248945,wo-class_aircraft_carrier,4,4585,Wo级空母(舰队Collection)
1584986,hoshino_(blue_archive),4,4574,星野(碧蓝档案)
1500247,oozora_subaru,4,4572,大空昴(Hololive)
422767,gumi,4,4565,GUMI(Vocaloid)
1231257,kiryuuin_satsuki,4,4565,鬼龙院皋月(斩服少女)
1631272,ro-500_(kancolle),4,4565,吕500(舰队Collection)
1328656,hecatia_lapislazuli,4,4546,赫卡提亚·拉碧斯拉祖利(东方Project)
1631098,kasumi_(kancolle),4,4533,霞(舰队Collection)
1623068,karin_(blue_archive),4,4512,花梨(碧蓝档案)
9072,kisaragi_chihaya,4,4503,如月千早(偶像大师)
1822797,boo_tao_(genshin_impact),4,4485,胡桃(原神)
1631042,iowa_(kancolle),4,4482,衣阿华(舰队Collection)
1342225,verniy_(kancolle),4,4458,Верный(舰队Collection)
9079,kikuchi_makoto,4,4457,菊地真(偶像大师)
1333552,kirishima_(kancolle),4,4444,雾岛(舰队Collection)
665139,shirasaka_koume,4,4443,白坂小梅(偶像大师灰姑娘女孩)
1511455,yumemi_riamu,4,4426,梦见璃亚梦(偶像大师灰姑娘女孩)
9078,minase_iori,4,4425,水濑伊织(偶像大师)
15550,morrigan_aensland,4,4415,莫莉卡·安斯兰德(恶魔战士)
422691,oshino_shinobu,4,4414,忍野忍(物语系列)
1933188,houshou_marine_(1st_costume),4,4410,宝钟玛琳(1st服装)(Hololive)
1646764,gold_ship_(umamusume),4,4394,黄金船(赛马娘)
445830,red_(pokemon),4,4387,小赤(宝可梦)
644424,nami_(one_piece),4,4385,娜美(海贼王)
1561709,bremerton_(azur_lane),4,4381,布雷默顿(碧蓝航线)
615222,hoshizora_rin,4,4349,星空凛(Love Live!)
1440040,atago_(azur_lane),4,4344,爱宕(碧蓝航线)
448496,cynthia_(pokemon),4,4340,竹兰(宝可梦)
1529309,anya_(spy_x_family),4,4300,阿尼亚(间谍过家家)
1770073,nishikigi_chisato,4,4294,锦木千束(莉可丽丝)
1350743,aqua_(konosuba),4,4288,阿克娅(为美好的世界献上祝福)
1934883,oma_kokichi,4,4286,王马小吉(弹丸论破)
1531312,uruha_rushia,4,4285,润羽露西娅(Hololive)
660315,shimamura_uzuki,4,4275,岛村卯月(偶像大师灰姑娘女孩)
472979,saber_alter,4,4265,Saber Alter(Fate)
1292960,midoriya_izuku,4,4252,绿谷出久(我的英雄学院)
1598280,xiao_(genshin_impact),4,4249,魈(原神)
1586173,yukihana_lamy,4,4241,雪花菈米(Hololive)
1644978,agnes_tachyon_(umamusume),4,4239,爱丽数码(赛马娘)
13270,cammy_white,4,4227,嘉米·怀特(街头霸王)
460796,ex-keine,4,4216,Ex-慧音(东方Project)
1586175,shishiro_botan,4,4216,狮白牡丹(Hololive)
1440089,prinz_eugen_(azur_lane),4,4210,欧根亲王(碧蓝航线)
1719003,sakamata_chloe,4,4204,沙花叉克萝伊(Hololive)
1769318,jeanne_d'arc_(ruler)_(fate),4,4191,贞德(Ruler)(Fate)
1631502,yuubari_(kancolle),4,4181,夕张(舰队Collection)
425446,ganaha_hibiki,4,4177,我那霸响(偶像大师)
1561704,higuchi_madoka,4,4165,樋口圆香(偶像大师闪耀色彩)
1646761,tokai_teio_(umamusume),4,4163,东海帝王(赛马娘)
1629450,meltryllis_(fate),4,4162,Meltryllis(Fate)
1435314,oyama_mahiro,4,4155,大山真白(偶像大师闪耀色彩)
701382,hinata_hajime,4,4152,日向创(弹丸论破)
665166,takagaki_kaede,4,4133,高垣枫(偶像大师灰姑娘女孩)
1536480,formidable_(azur_lane),4,4129,可畏(碧蓝航线)
1233049,sagisawa_fumika,4,4117,鷺泽文香(偶像大师灰姑娘女孩)
1631121,kiso_(kancolle),4,4089,木曾(舰C)
1569865,karyl_(princess_connect!),4,4076,凯露(公主连结)
1515819,power_(chainsaw_man),4,4069,帕瓦(电锯人)
1442306,zero_two_(darling_in_the_franxx),4,4068,02(国家队)
16266,son_goku,4,4066,孙悟空(龙珠)
1630996,hiryuu_(kancolle),4,4047,飞龙(舰C)
9750,asahina_mikuru,4,4045,朝比奈实玖瑠(凉宫春日)
1586112,frieren,4,4045,芙莉莲(葬送的芙莉莲)
1233712,wakasagihime,4,4042,若鹭姬(东方)
1341413,djeeta_(granblue_fantasy),4,4001,吉塔(碧蓝幻想)
646093,ultimate_madoka,4,3994,圆神(小圆)
1627707,miyamoto_musashi_(fate),4,3988,宫本武藏(Fate)
12257,ikari_shinji,4,3960,碇真嗣(EVA)
1328609,kishin_sagume,4,3942,鬼人正邪(东方)
1933162,gawr_gura_(1st_costume),4,3915,噶呜·古拉(1号衣装)
1630687,graf_zeppelin_(kancolle),4,3910,齐柏林伯爵(舰C)
1649150,medusa_(rider)_(fate),4,3872,美杜莎(Rider)(Fate)
1527899,kitagawa_marin,4,3869,喜多川海梦(更衣人偶)
1805355,suletta_mercury,4,3861,斯莱塔·墨丘利(水星的魔女)
1452466,ereshkigal_(fate),4,3850,埃列什基伽勒(Fate)
1934951,saihara_shuichi,4,3849,最原终一(弹丸论破)
1514981,selene_(pokemon),4,3845,Selene(宝可梦)
1236324,serena_(pokemon),4,3829,莎莉娜(宝可梦)
781225,lucina_(fire_emblem),4,3806,露琪娜(火纹)
592976,koizumi_hanayo,4,3794,小泉花阳(Love Live!)
1627592,ishtar_(fate),4,3781,伊什塔尔(Fate)
1491767,murasaki_shion,4,3780,紫咲诗音(Hololive)
8882,lily_white,4,3774,莉莉白(东方)
670056,kuroki_tomoko,4,3767,黑木智子(丧女)
1528907,corrin_(fire_emblem),4,3761,神威(火纹)
3030,mario,4,3760,马力欧(超级马力欧)
664384,jougasaki_mika,4,3739,城崎美嘉(偶像大师灰姑娘女孩)
1312747,hestia_(danmachi),4,3738,赫斯提亚(地错)
1440003,belfast_(azur_lane),4,3736,贝尔法斯特(碧蓝航线)
9075,takatsuki_yayoi,4,3733,高槻弥生(偶像大师)
1509133,sirius_(azur_lane),4,3733,天狼星(碧蓝航线)
1524374,lappland_(arknights),4,3725,拉普兰德(明日方舟)
9681,kyon,4,3707,阿虚(凉宫春日)
1493247,bowsette,4,3701,库巴姬
1292959,uraraka_ochako,4,3695,丽日御茶子(我的英雄学院)
1549082,kiryu_coco,4,3693,桐生可可(Hololive)
1719009,la+_darknesss,4,3690,拉普拉斯·暗黑(NIJISANJI)
660302,ahri_(league_of_legends),4,3689,阿狸(英雄联盟)
663994,kanzaki_ranko,4,3666,神崎兰子(偶像大师)
496900,black_rock_shooter_(character),4,3658,黑岩射手(黑岩射手)
1631228,naka_(kancolle),4,3658,那珂(舰队Collection)
11055,furude_rika,4,3652,古手梨花(寒蝉鸣泣之时)
8048,sailor_moon,4,3646,月野兔(美少女战士)
11853,haruno_sakura,4,3632,春野樱(火影忍者)
700407,takebe_saori,4,3615,武部沙织(少女与战车)
1929196,toki_(bunny)_(blue_archive),4,3609,时(兔女郎)(碧蓝档案)
1811190,nilou_(genshin_impact),4,3606,妮露(原神)
591909,stocking_(psg),4,3600,丝缎(吊带袜天使)
445932,eevee,4,3597,伊布(宝可梦)
1933177,usada_pekora_(1st_costume),4,3596,兔田佩克拉(1st服装)(Hololive)
1316172,tsushima_yoshiko,4,3590,津岛善子(Love Live!)
620127,narukami_yuu,4,3570,鸣上悠(女神异闻录4)
413714,kisume,4,3567,琪斯美(东方Project)
1631521,zuihou_(kancolle),4,3567,瑞凤(舰队Collection)
1649152,cu_chulainn_(fate/stay_night),4,3560,库·丘林(Fate/stay night)
1500444,commander_(azur_lane),4,3546,指挥官(碧蓝航线)
1757377,yelan_(genshin_impact),4,3534,夜兰(原神)
1770074,inoue_takina,4,3521,井之上泷奈(莉可丽丝)
593780,super_sonico,4,3516,超级索尼子(超级索尼子)
1630645,fairy_(kancolle),4,3511,妖精(舰队Collection)
1500246,nakiri_ayame,4,3506,百鬼绫目(Hololive)
1585359,seaport_princess,4,3498,港湾栖姬(舰队Collection)
1782917,kita_ikuyo,4,3494,喜多郁代(孤独摇滚)
1275725,naganami_(kancolle),4,3490,长波(舰队Collection)
1705933,monster_hunter_(character),4,3486,怪物猎人(怪物猎人)
1533296,shiranui_flare,4,3486,不知火芙蕾雅(Hololive)
1582962,fischl_(genshin_impact),4,3486,菲谢尔(原神)
1584990,arona_(blue_archive),4,3485,阿罗娜(碧蓝档案)
1515818,denji_(chainsaw_man),4,3464,电次(电锯人)
1378250,i-19_(kancolle),4,3463,伊19(舰队Collection)
1685270,hakos_baelz,4,3460,霸子·贝尔兹(Hololive)
1265245,ichinose_shiki,4,3458,一之濑志希(偶像大师)
14152,kakyoin_noriaki,4,3455,花京院典明(JOJO的奇妙冒险)
1159816,mirko,4,3450,米尔科(我的英雄学院)
466818,misty_(pokemon),4,3444,小霞(宝可梦)
687394,nitta_minami,4,3432,新田美波(偶像大师)
1480186,takarada_rikka,4,3429,宝多六花(SSSS.GRIDMAN)
550231,gokou_ruri,4,3426,五更琉璃(我的妹妹哪有这么可爱！)
1271042,kiana_kaslana,4,3422,琪亚娜·卡斯兰娜(崩坏3)
1660592,hanako_(blue_archive),4,3418,花子(碧蓝档案)
1893407,kisaki_(blue_archive),4,3414,妃咲(碧蓝档案)
1646759,silence_suzuka_(umamusume),4,3402,沉默铃鹿(赛马娘)
1532725,edelgard_von_hresvelg,4,3389,艾黛尔贾特·冯·弗雷斯贝尔古(火焰纹章)
413395,kujo_jolyne,4,3386,空条徐伦(JOJO的奇妙冒险)
633863,tachibana_arisu,4,3383,橘爱丽丝(偶像大师)
12309,medicine_melancholy,4,3378,梅蒂欣·梅兰可莉(东方Project)
1440013,unicorn_(azur_lane),4,3378,独角兽(碧蓝航线)
1643885,mari_(blue_archive),4,3373,玛丽(碧蓝档案)
1275724,murasame_(kancolle),4,3372,村雨(舰队Collection)
1533759,barbara_(genshin_impact),4,3364,芭芭拉(原神)
1317066,doremy_sweet,4,3339,哆来咪·苏伊特(东方Project)
1509453,fu_hua,4,3335,符华(崩坏3)
1462685,kokkoro_(princess_connect!),4,3331,可可萝(公主连结Re:Dive)
662047,sanya_v._litvyak,4,3326,桑妮亚·V·利特维亚克(强袭魔女)
634453,barnaby_brooks_jr.,4,3325,巴纳比·布鲁克斯二世(TIGER & BUNNY)
12296,lunasa_prismriver,4,3322,露娜萨·普莉兹姆利巴(东方Project)
1631482,yamakaze_(kancolle),4,3307,山风(舰队Collection)
1580066,suzuran_(arknights),4,3307,铃兰(明日方舟)
413396,giorno_giovanna,4,3302,乔鲁诺·乔巴拿(JOJO的奇妙冒险)
1316171,sakurauchi_riko,4,3297,樱内梨子(Love Live!)
1054766,chloe_von_einzbern,4,3276,克洛伊·冯·因兹贝伦(Fate)
1499605,natsuiro_matsuri,4,3276,夏色祭(hololive)
1507493,maya_(kancolle),4,3273,摩耶(舰队Collection)
421104,eila_ilmatar_juutilainen,4,3269,艾拉·伊尔玛塔·尤蒂莱南(强袭魔女)
1667136,ump45_(girls'_frontline),4,3266,UMP45(少女前线)
1599614,jean_(genshin_impact),4,3261,琴(原神)
1644992,manhattan_cafe_(umamusume),4,3260,曼城茶座(赛马娘)
12355,uzumaki_naruto,4,3259,漩涡鸣人(火影忍者)
1799218,trailblazer_(honkai:_star_rail),4,3258,开拓者(崩坏：星穹铁道)
1292961,bakugou_katsuki,4,3250,爆豪胜己(我的英雄学院)
713714,kay_(girls_und_panzer),4,3244,凯伊(少女与战车)
1631984,ako_(blue_archive),4,3242,亚子(碧蓝档案)
1447551,florence_nightingale_(fate),4,3239,南丁格尔(Fate)
407911,jonathan_joestar,4,3237,乔纳森·乔斯达(JOJO的奇妙冒险)
1631030,i-58_(kancolle),4,3236,伊58(舰C)
1805391,miorine_rembran,4,3230,米奥莉奈·伦布朗
1678980,sangonomiya_kokomi,4,3226,珊瑚宫心海(原神)
1442947,ch'en_(arknights),4,3225,陈(明日方舟)
1317065,usami_sumireko,4,3218,宇佐见堇子(东方)
724152,anastasia_(idolmaster),4,3206,安娜斯塔西娅(偶像大师)
1865359,rio_(blue_archive),4,3204,莉欧(碧蓝档案)
649985,kaburagi_t._kotetsu,4,3203,鏑木·T·虎彻
8553,yagami_hayate,4,3199,八神疾风
539110,yuki_miku,4,3198,雪初音(Vocaloid)
12107,kotomine_kirei,4,3194,言峰绮礼(Fate)
563892,kirito,4,3194,桐人(刀剑神域)
620175,mikasa_ackerman,4,3194,三笠·阿克曼(进击的巨人)
1782915,ijichi_nijika,4,3192,伊地知虹夏
1525541,gojou_satoru,4,3188,五条悟(咒术回战)
382076,hiiragi_tsukasa,4,3174,柊司
1468120,nakano_nino,4,3168,中野二乃(五等分的新娘)
1627605,kama_(fate),4,3160,伽摩(Fate)
1325863,robin_(fire_emblem),4,3159,鲁弗莱(火纹)
660098,futaba_anzu,4,3158,双叶杏(偶像大师)
722007,katyusha_(girls_und_panzer),4,3152,喀秋莎(少女与战车)
1342592,shimada_arisu,4,3149,岛田爱丽丝
649693,jack_the_ripper_(fate/apocrypha),4,3149,开膛手杰克(Fate/Apocrypha)
665397,koshimizu_sachiko,4,3146,小清水幸子
711691,motoori_kosuzu,4,3133,本居小铃(东方)
1442945,exusiai_(arknights),4,3129,能天使(明日方舟)
1524970,reisalin_stout,4,3126,莱莎琳·斯托特
437574,shirai_kuroko,4,3120,白井黑子(魔法禁书目录)
1295748,mercy_(overwatch),4,3119,天使(守望先锋)
13543,hyuuga_hinata,4,3115,日向雏田(火影忍者)
1594094,pecorine_(princess_connect!),4,3109,佩可莉姆(公主连结)
1645002,nice_nature_(umamusume),4,3108,优秀素质(赛马娘)
1544892,raihan_(pokemon),4,3099,奇巴纳(宝可梦)
1478507,iskandar_(fate),4,3097,伊斯坎达尔(Fate)
1275713,akigumo_(kancolle),4,3088,秋云(舰C)
1337035,leon_(pokemon),4,3088,丹帝(宝可梦)
1441167,ayanami_(azur_lane),4,3086,绫波(碧蓝航线)
419123,shirogane_naoto,4,3085,白钟直斗(女神异闻录)
1792624,kafka_(honkai:_star_rail),4,3072,卡芙卡(星穹铁道)
1599722,aru_(blue_archive),4,3072,阿露(碧蓝档案)
527774,monkey_d._luffy,4,3059,蒙奇·D·路飞(海贼王)
11349,ryuuguu_rena,4,3055,龙宫礼奈(寒蝉鸣泣之时)
1240694,ruby_rose,4,3040,露比·罗丝(RWBY)
1333466,emilia_(re:zero),4,3036,爱蜜莉雅(Re:从零开始的异世界生活)
403357,nia_teppelin,4,3029,妮亚·泰普林(天元突破)
1631514,z1_leberecht_maass_(kancolle),4,3027,Z1·莱伯雷希特·马斯(舰C)
1566117,kal'tsit_(arknights),4,3021,凯尔希(明日方舟)
12514,shiranui_mai,4,3018,不知火舞(拳皇)
1628204,momoi_(blue_archive),4,3009,桃井(碧蓝档案)
1462591,narmaya_(granblue_fantasy),4,3008,娜尔梅亚(碧蓝幻想)
8956,star_sapphire,4,3006,星之琉璃(东方)
1276066,hoto_cocoa,4,3002,保登心爱(请问您今天要来点兔子吗)
1417248,common_raccoon_(kemono_friends),4,3001,浣熊(兽娘动物园)
682208,bridget_(guilty_gear),4,2999,布丽姬(罪恶装备)
1452972,yorigami_shion,4,2996,依神紫苑(东方)
1631389,taihou_(kancolle),4,2992,大凤(舰C)
1768637,miyu_(blue_archive),4,2992,美游(碧蓝档案)
398775,sheryl_nome,4,2983,雪露·诺姆(超时空要塞F)
375279,waver_velvet,4,2981,韦伯·维尔维特(Fate)
1919321,plana_(blue_archive),4,2977,普拉娜(碧蓝档案)
1283598,bronya_zaychik,4,2976,布洛妮娅·扎伊切克(崩坏3)
1685269,ceres_fauna,4,2971,塞蕾丝·法乌娜(Hololive)
1595577,surtr_(arknights),4,2964,史尔特尔(明日方舟)
411462,aisaka_taiga,4,2963,逢坂大河(龙与虎)
407910,higashikata_josuke,4,2963,东方仗助(JOJO的奇妙冒险)
1443053,nakano_miku,4,2960,中野三玖(五等分的新娘)
9077,miura_azusa,4,2957,三浦梓(偶像大师)
1631516,z3_max_schultz_(kancolle),4,2957,Z3·马克斯·舒尔茨(舰C)
1886276,corrin_(female)_(fire_emblem),4,2957,神威(女)(火焰纹章)
1316036,takami_chika,4,2950,高海千歌(Love Live!)
721694,tatsumaki,4,2948,龙卷(一拳超人)
1630673,fusou_(kancolle),4,2946,扶桑(舰C)
1631134,kuma_(kancolle),4,2943,球磨(舰C)
1852825,iono_(pokemon),4,2940,奇树(宝可梦)
1631474,warspite_(kancolle),4,2939,厌战(舰C)
663996,jougasaki_rika,4,2933,城崎莉嘉(偶像大师)
1448715,kizuna_akari,4,2932,绊爱(Kizuna AI)
1593453,fern_(sousou_no_frieren),4,2930,费伦(葬送的芙莉莲)
1622307,hasumi_(blue_archive),4,2930,莲见(碧蓝档案)
1435236,oda_nobunaga_(fate),4,2927,织田信长(Fate)
700406,reizei_mako,4,2922,丽泽·真子(少女与战车)
16122,nico_robin,4,2917,妮可·罗宾(海贼王)
1630489,aoba_(kancolle),4,2915,青叶(舰C)
1675937,kaedehara_kazuha,4,2906,枫原万叶(原神)
9074,hagiwara_yukiho,4,2902,萩原雪步(偶像大师)
1275726,oboro_(kancolle),4,2901,胧(舰C)
1431828,elizabeth_bathory_(fate),4,2899,伊丽莎白·巴托里(Fate)
1629409,artoria_pendragon_(lancer)_(fate),4,2898,阿尔托莉雅·潘德拉贡(Lancer)(Fate)
761961,weiss_schnee,4,2898,魏丝·雪倪(RWBY)
8955,luna_child,4,2884,露娜·切尔德(东方)
664492,maekawa_miku,4,2884,前川未来(偶像大师)
1515525,mayuzumi_fuyuko,4,2883,黛冬优子(偶像大师)
1631023,i-401_(kancolle),4,2878,伊401(舰C)
1682833,satono_diamond_(umamusume),4,2877,里见光钻(赛马娘)
508752,pyonta,4,2876,皮永塔(东方)
1380244,kumano_(kancolle),4,2876,熊野(舰C)
1593304,don-chan_(usada_pekora),4,2876,咚酱(兔田佩克拉)
1530284,bea_(pokemon),4,2875,彩豆(宝可梦)
1933159,shirakami_fubuki_(1st_costume),4,2868,白上吹雪(1st服装)(Hololive)
344358,roronoa_zoro,4,2867,罗罗诺亚·索隆(海贼王)
476837,holo,4,2853,赫萝(狼与香辛料)
1262414,izumi_sagiri,4,2851,和泉纱雾(埃罗芒阿老师)
406263,satonaka_chie,4,2848,里中千枝(女神异闻录)
1526515,nessa_(pokemon),4,2848,露璃娜(宝可梦)
2075923,octoling_player_character,4,2838,章鱼玩家角色(喷射战士)
1440018,illustrious_(azur_lane),4,2837,光辉(碧蓝航线)
1435235,nitocris_(fate),4,2836,尼托克丽丝(Fate)
1271044,raiden_mei,4,2828,雷电芽衣(崩坏3)
758462,kirigiri_kyoko,4,2827,雾切响子(弹丸论破)
1405055,fennec_(kemono_friends),4,2825,耳廓狐(兽娘动物园)
466393,lelouch_vi_britannia,4,2822,鲁路修·vi·布里塔尼亚(Code Geass)
1429424,tokitsukaze_(kancolle),4,2821,时津风(舰C)
8954,sunny_milk,4,2820,桑尼米尔克(东方)
1602944,mudrock_(arknights),4,2811,泥岩(明日方舟)
1631239,non-human_admiral_(kancolle),4,2804,非人提督(舰C)
512930,alice_(alice_in_wonderland),4,2801,爱丽丝(爱丽丝梦游仙境)
626945,shokuhou_misaki,4,2794,食蜂操祈(魔法禁书目录)
1631303,satsuki_(kancolle),4,2791,皋月(舰C)
1246772,mankanshoku_mako,4,2786,满舰饰真子(KILL la KILL)
1627620,kiyohime_(fate),4,2781,清姬(Fate)
401823,sonic_the_hedgehog,4,2776,索尼克(刺猬索尼克)
660394,midorikawa_nao,4,2775,绿川直
539789,beatrice_(umineko),4,2772,贝阿朵莉切(海猫鸣泣之时)
1664919,yoimiya_(genshin_impact),4,2771,宵宫(原神)
1631194,mogami_(kancolle),4,2770,最上(舰C)
1275732,uzuki_(kancolle),4,2769,卯月(舰C)
1361608,boko_(girls_und_panzer),4,2763,Boko(少女与战车)
1631010,hyuuga_(kancolle),4,2760,日向(舰C)
1630519,ashigara_(kancolle),4,2755,足柄(舰C)
378867,dark_magician_girl,4,2752,黑魔导女孩(游戏王)
1403841,yoshida_yuuko_(machikado_mazoku),4,2752,吉田优子(街角魔族)
1533761,amber_(genshin_impact),4,2748,安柏(原神)
9076,akizuki_ritsuko,4,2740,秋月律子(偶像大师)
660393,kise_yayoi,4,2737,黄濑弥生(偶像大师)
527779,han_juri,4,2734,韩蛛俐(街头霸王)
510605,makise_kurisu,4,2733,牧濑红莉栖(命运石之门)
603070,charlotte_(madoka_magica),4,2728,夏洛特(魔法少女小圆)
1055516,akari_(pokemon),4,2724,小光(宝可梦)
1387675,kamado_nezuko,4,2721,灶门祢豆子(鬼灭之刃)
1682831,kitasan_black_(umamusume),4,2721,北部玄驹(赛马娘)
1452342,amamiya_ren,4,2717,雨宫莲(女神异闻录5)
1465315,tomoe_gozen_(fate),4,2717,巴御前(Fate)
1631081,kagerou_(kancolle),4,2714,阳炎(舰C)
1845992,noa_(blue_archive),4,2713,诺亚(碧蓝档案)
1631452,urakaze_(kancolle),4,2704,浦风(舰C)
1628203,midori_(blue_archive),4,2700,绿(碧蓝档案)
1275731,shiratsuyu_(kancolle),4,2695,白露(舰C)
1631126,kiyoshimo_(kancolle),4,2695,清霜(舰C)
1682871,kazusa_(blue_archive),4,2684,一花(碧蓝档案)
12405,nagisa_kaworu,4,2677,渚薰(EVA)
1762231,kirima_syaro,4,2677,桐间纱路(请问您今天要来点兔子吗)
466559,kouzuki_kallen,4,2672,红月卡莲(Code Geass)
707204,dizzy_(guilty_gear),4,2671,Dizzy(罪恶装备)
1337527,mika_(girls_und_panzer),4,2671,三笠(少女与战车)
1964868,yamada_ryo,4,2670,山田凉(孤独摇滚)
1631066,jintsuu_(kancolle),4,2669,神通(舰C)
473279,unzan,4,2665,云山(东方Project)
601487,enoshima_junko,4,2658,江之岛盾子(弹丸论破)
471219,kousaka_kirino,4,2657,高坂桐乃(我的妹妹不可能那么可爱)
1672736,twilight_(spy_x_family),4,2656,黄昏(间谍过家家)
11053,houjou_satoko,4,2655,北条沙都子(寒蝉鸣泣之时)
700933,hayami_kanade,4,2645,速水奏(偶像大师)
1385142,isokaze_(kancolle),4,2629,矶风(舰C)
1602206,qiqi_(genshin_impact),4,2624,七七(原神)
1333601,ram_(re:zero),4,2621,拉姆(Re:从零开始的异世界生活)
1631447,unryuu_(kancolle),4,2619,云龙(舰C)
1236625,eren_yeager,4,2617,艾伦·耶格尔(进击的巨人)
1318502,callie_(splatoon),4,2609,乌贼娘(斯普拉遁)
1630524,atlanta_(kancolle),4,2607,亚特兰大(舰C)
1540881,w_(arknights),4,2604,W(明日方舟)
1275717,hatsuyuki_(kancolle),4,2600,初雪(舰C)
1670936,accelerator_(toaru_majutsu_no_index),4,2597,一方通行(魔法禁书目录)
1596241,diluc_(genshin_impact),4,2596,迪卢克(原神)
1799501,karin_(bunny)_(blue_archive),4,2589,花梨(兔女郎)(碧蓝档案)
438339,rotom,4,2585,洛托姆(宝可梦)
12094,arcueid_brunestud,4,2582,爱尔特璐琪·布伦史塔德(月姬)
499269,miyu_edelfelt,4,2577,美游·艾德费尔特(Fate)
1667138,wa2000_(girls'_frontline),4,2565,WA2000(少女前线)
414822,miyafuji_yoshika,4,2564,宫藤芳佳(强袭魔女)
1646757,special_week_(umamusume),4,2559,特别周(赛马娘)
1193071,yuuki_makoto_(persona_3),4,2549,结城理(女神异闻录3)
658637,chitanda_eru,4,2548,千反田爱瑠(冰菓)
1398811,kanna_kamui,4,2546,神奈神威(小林家的龙女仆)
1631385,taigei_(kancolle),4,2539,大鲸(舰C)
1631174,michishio_(kancolle),4,2533,道潮(舰C)
12112,emiya_kiritsugu,4,2532,卫宫切嗣(Fate)
1378260,lana_(pokemon),4,2529,水莲(宝可梦)
414823,erica_hartmann,4,2528,艾莉卡·哈特曼(强袭魔女)
1452975,yorigami_jo'on,4,2525,依神女苑(东方)
1631299,saratoga_(kancolle),4,2518,萨拉托加(舰C)
1464778,nakano_yotsuba,4,2515,中野四叶(五等分的新娘)
1630472,akitsu_maru_(kancolle),4,2514,秋津丸(舰C)
1806092,shiroko_(swimsuit)_(blue_archive),4,2512,白子(泳装)(碧蓝档案)
438007,kamijou_touma,4,2510,上条当麻(魔法禁书目录)
1596439,mutsuki_(blue_archive),4,2508,睦月(碧蓝档案)
717140,hishikawa_rikka,4,2506,菱川六花(中二病也要谈恋爱)
1366306,rowlet,4,2493,木木枭(宝可梦)
1467675,symboli_rudolf_(umamusume),4,2493,鲁道夫象征(赛马娘)
1440130,laffey_(azur_lane),4,2477,拉菲(碧蓝航线)
670005,yukine_chris,4,2471,雪音克里斯(战姬绝唱)
12297,merlin_prismriver,4,2465,梅露兰·普莉兹姆利巴(东方Project)
1630723,hatsuzuki_(kancolle),4,2465,初月(舰C)
12564,uchiha_sasuke,4,2464,宇智波佐助(火影忍者)
1318503,marie_(splatoon),4,2462,玛丽(斯普拉遁)
1481047,akai_haato,4,2459,赤井心(Hololive)
1702683,diarmuid_ua_duibhne_(lancer)_(fate),4,2458,迪尔姆德·奥迪纳(Fate)
439625,kaenbyou_rin_(cat),4,2457,火焰猫燐(东方Project)
10284,asakura_ryouko,4,2456,朝仓凉子(凉宫春日的忧郁)
1631478,yahagi_(kancolle),4,2454,矢矧(舰C)
1449263,nia_(xenoblade),4,2449,尼亚(异度神剑2)
1627610,katsushika_hokusai_(fate),4,2448,葛饰北斋(Fate)
1589924,simon_(ttgl),4,2447,西蒙(天元突破)
554006,tachibana_kanade,4,2443,立华奏(Angel Beats!)
4587,shana,4,2441,夏娜(灼眼的夏娜)
9081,futami_mami,4,2441,双海真美(偶像大师)
482064,makinami_mari_illustrious,4,2440,真希波·玛丽·伊拉斯特里亚斯(EVA)
660390,aoki_reika,4,2440,青木丽华(偶像大师)
1630708,harusame_(kancolle),4,2440,春雨(舰C)
1432467,morgan_le_fay_(fate),4,2432,摩根勒菲(Fate)
1440202,enterprise_(azur_lane),4,2425,企业(碧蓝航线)
557446,ethan_(pokemon),4,2422,小银(宝可梦)
420872,gertrud_barkhorn,4,2417,歌尔特露德·巴克霍隆(强袭魔女)
1598223,kayoko_(blue_archive),4,2416,佳代子(碧蓝档案)
1440020,takao_(azur_lane),4,2415,高雄(碧蓝航线)
1701171,march_7th_(honkai:_star_rail),4,2412,三月七(星穹铁道)
1399517,tippy_(gochiusa),4,2407,提比(请问您今天要来点兔子吗)
12298,lyrica_prismriver,4,2406,莉莉卡·普莉兹姆利巴(东方Project)
1279297,yura_(kancolle),4,2404,由良(舰C)
1719005,hakui_koyori,4,2401,白上小夜(Hololive)
1758613,ui_(blue_archive),4,2399,忧(碧蓝档案)
1250855,hex_maniac_(pokemon),4,2390,超能力者(宝可梦)
394317,rosalina,4,2388,罗莎琳娜(超级马力欧)
394054,louise_francoise_le_blanc_de_la_valliere,4,2383,露易丝·法兰西斯·露·布朗·杜·拉·瓦利埃尔(零之使魔)
1674212,irys_(hololive),4,2379,IRyS(Hololive)
1341257,toga_himiko,4,2378,渡我被身子(我的英雄学院)
1459161,tsukino_mito,4,2378,月乃美兔(虚拟主播)
1933166,ninomae_ina'nis_(1st_costume),4,2365,一伊那尔栖(1st服装)
1933165,watson_amelia_(1st_costume),4,2364,华生·阿米莉亚(1st服装)
573907,blue_oak,4,2357,青绿(宝可梦)
1634527,arima_kana,4,2357,有马加奈(我推的孩子)
1525544,itadori_yuuji,4,2353,虎杖悠仁(咒术回战)
1932888,yuuka_(track)_(blue_archive),4,2353,优香(碧蓝档案)
1620953,hifumi_(blue_archive),4,2349,日富美(碧蓝档案)
1311294,gran_(granblue_fantasy),4,2345,古兰(碧蓝幻想)
1447375,tamamo_cat_(fate),4,2336,玉藻猫(Fate)
700404,isuzu_hana,4,2334,五十铃华(少女与战车)
1432299,matara_okina,4,2332,摩多罗隐岐奈(东方)
1817174,inkling_boy,4,2331,乌贼男孩(喷射战士)
1630695,haguro_(kancolle),4,2329,羽黑(舰C)
1255756,t-head_admiral,4,2325,提督(舰队Collection)
1544632,mostima_(arknights),4,2324,莫斯提马(明日方舟)
1631206,mutsuki_(kancolle),4,2321,睦月(舰C)
1440110,akagi_(azur_lane),4,2312,赤城(碧蓝航线)
436994,sakurai_momoka,4,2300,樱井桃华(偶像大师)
409162,senjougahara_hitagi,4,2298,战场原黑仪(物语系列)
454513,hanekawa_tsubasa,4,2298,羽川翼(物语系列)
395970,ranka_lee,4,2293,李兰卡(超时空要塞)
1483850,napoleon_bonaparte_(fate),4,2290,拿破仑(Fate)
549180,kashiwazaki_sena,4,2289,柏崎星奈(我的朋友很少)
1267920,re-class_battleship,4,2289,Re级战舰(舰C)
1549045,tsunomaki_watame,4,2288,角卷绵芽(Hololive)
1631440,u-511_(kancolle),4,2286,U-511(舰C)
385134,ushiromiya_battler,4,2284,右代宫战人(海猫鸣泣之时)
615289,hilbert_(pokemon),4,2281,黑连(宝可梦)
1814848,takodachi_(ninomae_ina'nis),4,2281,章鱼(一伊那尔栖)
1257126,p-head_producer,4,2279,制作人(偶像大师)
99,shinku,4,2278,真红(蔷薇少女)
772426,ohtsuki_yui,4,2278,大槻唯(偶像大师)
1287911,hino_akane_(smile_precure!),4,2274,日野茜(微笑光之美少女)
1624414,neru_(blue_archive),4,2274,宁瑠(碧蓝档案)
1234829,yang_xiao_long,4,2272,杨小龙(RWBY)
1316167,kurosawa_dia,4,2271,黑泽黛雅(Love Live!)
1316169,matsuura_kanan,4,2270,松浦果南(Love Live!)
386434,piplup,4,2260,波加曼(宝可梦)
1630477,akizuki_(kancolle),4,2251,秋月(舰C)
403861,kyonko,4,2250,虚子(凉宫春日系列)
1586177,omaru_polka,4,2242,尾丸波尔卡(Hololive)
1667140,ump9_(girls'_frontline),4,2239,UMP9(少女前线)
1765430,jeanne_d'arc_alter_(swimsuit_berserker)_(fate),4,2239,贞德·Alter(泳装狂战士)(Fate)
1931043,stelle_(honkai:_star_rail),4,2234,星(星穹铁道)
1384409,akamatsu_kaede,4,2224,赤松枫(弹丸论破)
1631032,i-8_(kancolle),4,2223,伊8(舰C)
1440070,kaga_(azur_lane),4,2222,加贺(碧蓝航线)
1630210,abukuma_(kancolle),4,2217,阿武隈(舰C)
615600,toshinou_kyouko,4,2216,岁纳京子(摇曳百合)
1631433,tone_(kancolle),4,2214,利根(舰C)
1402355,kagari_atsuko,4,2206,篝敦子(小魔女学园)
1631333,shikinami_(kancolle),4,2202,敷波(舰C)
445847,charizard,4,2197,喷火龙(宝可梦)
1860581,wanderer_(genshin_impact),4,2194,流浪者(原神)
1250847,junketsu,4,2190,纯洁(斩服少女)
598066,houjou_hibiki,4,2189,北条响(心跳！光之美少女)
1623528,dodoco_(genshin_impact),4,2186,嘟嘟可(原神)
1252196,akuma_homura,4,2185,恶魔焰(小圆)
1933160,inugami_korone_(1st_costume),4,2185,戌神沁音(1st服装)
1719006,kazama_iroha,4,2183,风间伊吕波(蔚蓝档案)
4906,lum,4,2182,拉姆(福星小子)
1789597,asakura_toru,4,2182,朝仓透(偶像大师)
1933144,sakamata_chloe_(1st_costume),4,2178,沙花叉克萝伊(1st服装)
9080,futami_ami,4,2176,双海亚美(偶像大师)
666034,akagi_miria,4,2175,赤城米莉亚(偶像大师)
853361,bb_(fate/extra),4,2174,BB(Fate)
1388692,touhoku_kiritan,4,2174,东北切利(Vocaloid)
1786496,artoria_caster_(fate),4,2173,阿尔托莉雅·卡斯特(Fate)
1631090,kamikaze_(kancolle),4,2170,神风(舰C)
1467925,vodka_(umamusume),4,2170,伏特加(赛马娘)
1631116,kisaragi_(kancolle),4,2168,如月(舰C)
1467838,oguri_cap_(umamusume),4,2168,小栗帽(赛马娘)
1183449,nonna_(girls_und_panzer),4,2167,农娜(少女与战车)
1602199,ningguang_(genshin_impact),4,2166,凝光(原神)
171918,android_18,4,2164,人造人18号(龙珠)
1316166,kunikida_hanamaru,4,2164,国木田花丸(Love Live!)
657125,ia_(vocaloid),4,2163,IA(Vocaloid)
662472,takanashi_rikka,4,2161,小鸟游六花(中二病也要谈恋爱)
1525545,fushiguro_megumi,4,2159,伏黑惠(咒术回战)
1990869,adventurer_(ff11),4,2156,冒险者(FF11)
1525756,sonia_(pokemon),4,2153,索妮亚(宝可梦)
1677019,baobhan_sith_(fate),4,2149,芭万希(Fate)
476084,saten_ruiko,4,2145,佐天泪子(某科学的超电磁炮)
1408667,kochou_shinobu,4,2145,蝴蝶忍(鬼灭之刃)
12106,kousaka_tamaki,4,2144,高坂珠希(偶像大师)
717136,aida_mana,4,2143,爱田真奈(偶像大师)
1680379,mash_kyrielight_(dangerous_beast),4,2132,玛修·基列莱特(危险野兽)(Fate)
416172,kujikawa_rise,4,2131,久慈川理世(女神异闻录)
1631265,pola_(kancolle),4,2125,波拉(舰C)
1631188,miyuki_(kancolle),4,2123,深雪(舰C)
1488442,bb_(swimsuit_mooncancer)_(fate),4,2122,BB(泳装月癌)(Fate)
1459170,hachimiya_meguru,4,2119,八宫巡(偶像大师)
553633,lyra_(pokemon),4,2117,琴音(宝可梦)
1467626,anastasia_(fate),4,2115,阿纳斯塔西娅(Fate)
1682888,saori_(blue_archive),4,2114,纱织(碧蓝档案)
1533460,lysithea_von_ordelia,4,2106,莉丝缇亚·冯·柯迪利亚(火纹)
591906,panty_(psg),4,2103,潘蒂(吊带袜天使)
1630675,gambier_bay_(kancolle),4,2103,甘比尔湾(舰C)
1251354,phosphophyllite,4,2099,磷叶石(宝石之国)
405240,amagi_yukiko,4,2098,天城雪子(女神异闻录)
1627569,fou_(fate),4,2092,芙芙(Fate)
1533066,hilda_valentine_goneril,4,2090,希尔妲·凡伦汀·哥纳利尔(火纹)
691541,perrine_h._clostermann,4,2086,佩琳·H·克洛斯特曼(强袭魔女)
713449,morikubo_nono,4,2086,森久保乃乃(偶像大师)
1386288,harukawa_maki,4,2083,春川真希(偶像大师)
1350741,darkness_(konosuba),4,2082,达克妮丝(为美好的世界献上祝福！)
599208,charlotte_e._yeager,4,2078,夏洛特·E·耶格尔(强袭魔女)
1431862,nero_claudius_(swimsuit_caster)_(fate),4,2078,尼禄·克劳狄乌斯(泳装术阶)(Fate)
1646767,twin_turbo_(umamusume),4,2077,双涡轮(赛马娘)
16066,raising_heart,4,2075,旭日之心(魔法少女奈叶)
426767,ikamusume,4,2073,乌贼娘(侵略！乌贼娘)
1387121,tamamo_no_mae_(swimsuit_lancer)_(fate),4,2071,玉藻前(泳装枪阶)(Fate)
1670077,springfield_(girls'_frontline),4,2070,春田(少女前线)
938279,lyn_(fire_emblem),4,2069,琳(火纹)
530171,kurumi_erika,4,2069,来海绘里香(HeartCatch光之美少女！)
663681,honda_mio,4,2065,本田澪(偶像大师)
1631046,ise_(kancolle),4,2060,伊势(舰C)
1378262,mallow_(pokemon),4,2057,玛奥(宝可梦)
399582,lucario,4,2054,路卡利欧(宝可梦)
1584985,nonomi_(blue_archive),4,2052,野乃美(碧蓝档案)
1827774,sanji_(one_piece),4,2051,山治(海贼王)
1585360,battleship_princess,4,2050,战舰栖姬(舰C)
502807,shinki_(touhou),4,2048,神绮(东方)
610107,akaza_akari,4,2046,赤座茜(摇曳百合)
1561724,fukumaru_koito,4,2045,福丸小糸(东方Project)
660392,hoshizora_miyuki,4,2043,星空美幸(HeartCatch光之美少女!)
1534338,kicchou_yachie,4,2042,吉吊八千慧(东方Project)
1610754,yu_mei-ren_(fate),4,2041,虞美人(Fate)
41,suiseiseki,4,2040,翠星石(蔷薇少女)
1472743,ibaraki_douji_(fate),4,2038,茨木童子(Fate)
1644998,mihono_bourbon_(umamusume),4,2036,美浦波旁(赛马娘)
1227373,sessyoin_kiara,4,2032,杀生院祈荒(Fate)
11050,sonozaki_mion,4,2031,园崎魅音(寒蝉鸣泣之时)
1631071,jun'you_(kancolle),4,2031,隼鹰(舰C)
1316168,kurosawa_ruby,4,2031,黑泽露比(Love Live!)
512688,brendan_(pokemon),4,2030,小悠(宝可梦)
1524282,lio_fotia,4,2028,里欧·弗提亚(炎炎消防队)
1933143,la+_darknesss_(1st_costume),4,2025,拉普拉斯·暗黑(1st服装)
1452668,hassan_of_serenity_(fate),4,2024,静谧的哈桑(Fate)
543959,sakura_miku,4,2023,樱未来(Vocaloid)
16082,ryougi_shiki,4,2018,两仪式(空之境界)
1747952,miyako_(blue_archive),4,2018,都子(碧蓝档案)
1633650,yuzu_(blue_archive),4,2015,柚子(碧蓝档案)
565443,shinjou_akane,4,2014,新城茜(偶像大师)
1275722,makigumo_(kancolle),4,2010,卷云(舰C)
1631510,yuugumo_(kancolle),4,2009,夕云(舰C)
414820,lynette_bishop,4,2008,琳奈特·毕肖普(偶像大师)
1631016,i-168_(kancolle),4,2008,伊168(舰C)
1654886,kudamaki_tsukasa,4,2008,工藤司(东方Project)
1346647,shinomiya_kaguya,4,2005,四宫辉夜(辉夜大小姐想让我告白)
1406378,shoebill_(kemono_friends),4,2005,鲸头鹳(兽娘动物园)
1533350,morpeko,4,2002,莫鲁贝可(宝可梦)
1630677,gangut_(kancolle),4,1998,甘古特(舰C)
1551569,nian_(arknights),4,1994,年(明日方舟)
1542542,higashiyama_kobeni,4,1993,东山可奈子(链锯人)
1317049,seiran_(touhou),4,1992,清兰(东方Project)
2018110,neptune_(neptunia),4,1990,涅普缇努(海王星系列)
408655,kasane_teto,4,1988,重音Teto(Vocaloid)
1524986,specter_(arknights),4,1988,幽灵鲨(明日方舟)
1586174,momosuzu_nene,4,1977,百鬼绫目(Hololive)
1625330,hibiki_(blue_archive),4,1977,响(碧蓝档案)
664082,miyamoto_frederica,4,1976,宫本芙蕾德莉卡(偶像大师)
14180,lilith_aensland,4,1970,莉莉丝·安斯兰德(恶魔战士)
1255499,satou_kazuma,4,1965,佐藤和真(为美好的世界献上祝福!)
1406537,shima_rin,4,1963,志摩凛(摇曳露营△)
1644994,mayano_top_gun_(umamusume),4,1959,摩耶重炮(赛马娘)
1248475,jinx_(league_of_legends),4,1957,金克丝(英雄联盟)
7914,mizuno_ami,4,1954,水野亚美(美少女战士)
1631211,nachi_(kancolle),4,1954,那智(舰队Collection)
1534498,meltryllis_(swimsuit_lancer)_(fate),4,1954,Meltryllis(泳装枪兵)(Fate)
1605760,iori_(blue_archive),4,1948,伊织(碧蓝档案)
1630685,gotland_(kancolle),4,1944,哥特兰(舰队Collection)
1629430,mysterious_heroine_xx_(fate),4,1943,谜之女主角XX(Fate)
1239637,jakuzure_nonon,4,1942,蛇崩乃音(斩服少女)
1405419,lucky_beast_(kemono_friends),4,1941,幸运兽(兽娘动物园)
1292966,asui_tsuyu,4,1938,蛙吹梅雨(我的英雄学院)
1634345,izuna_(blue_archive),4,1937,泉奈(碧蓝档案)
1613891,albedo_(genshin_impact),4,1936,阿贝多(原神)
10546,vegeta,4,1935,贝吉塔(龙珠)
1425456,seele_vollerei,4,1935,希儿·芙乐艾(崩坏3)
1596245,kaeya_(genshin_impact),4,1929,凯亚(原神)
1678981,kujou_sara,4,1927,九条裟罗(原神)
7477,noumi_kudryavka,4,1925,能美库特莉亚芙卡(Little Busters!)
1838442,alhaitham_(genshin_impact),4,1919,艾尔海森(原神)
1629435,krista_lenz,4,1919,克里斯塔·伦茨(进击的巨人)
1978894,9s_(nier:automata),4,1917,9S(尼尔：自动人形)
1667145,ak-12_(girls'_frontline),4,1915,AK-12(少女前线)
1160566,blake_belladonna,4,1914,布蕾克·贝拉多娜(RWBY)
1517401,lize_helesta,4,1913,莉泽·赫露艾斯塔(虚拟YouTuber)
1239070,akatsuki_kirika,4,1911,晓切歌(战姬绝唱)
713731,tedeza_rize,4,1910,提比(请问您今天要来点兔子吗？)
384405,irisviel_von_einzbern,4,1909,爱丽丝菲尔·冯·爱因兹贝伦(Fate)
1317200,endeavor_(boku_no_hero_academia),4,1909,安德瓦(我的英雄学院)
1542251,orange_pekoe_(girls_und_panzer),4,1908,橙黄白毫(少女与战车)
568921,aegis_(persona),4,1905,埃癸斯(女神异闻录)
1630542,choukai_(kancolle),4,1902,鸟海(舰队Collection)
1522661,angelina_(arknights),4,1902,安洁莉娜(明日方舟)
1268743,ujimatsu_chiya,4,1901,宇治松千夜(请问您今天要来点兔子吗？)
7794,aino_minako,4,1900,爱野美奈子(美少女战士)
467096,leaf_(pokemon),4,1898,叶子(宝可梦)
445901,gengar,4,1896,耿鬼(宝可梦)
1387748,katsuki_yuuri,4,1890,胜生勇利(冰上的尤里)
1631112,kinugasa_(kancolle),4,1888,衣笠(舰队Collection)
596343,mima_(touhou),4,1883,魅魔(东方Project)
700409,tsumiki_mikan,4,1883,摘希美柑(一起一起这里那里)
1886280,robin_(female)_(fire_emblem),4,1881,罗宾(女)(火焰纹章)
1631376,suzutsuki_(kancolle),4,1881,凉月(舰C)
1631244,noshiro_(kancolle),4,1880,能代(舰C)
1629361,ushiwakamaru_(fate),4,1878,牛若丸(Fate)
1693513,elizabeth_bathory_(fate/extra_ccc),4,1876,伊丽莎白·巴托里(Fate/EXTRA CCC)
1971293,hanako_(swimsuit)_(blue_archive),4,1874,花子(泳装)(碧蓝档案)
1440145,javelin_(azur_lane),4,1873,标枪(碧蓝航线)
1933175,nekomata_okayu_(1st_costume),4,1872,猫又小粥(1st服装)
1577501,lisa_(genshin_impact),4,1872,丽莎(原神)
1972134,vita_(nanoha),4,1871,维塔(魔法少女奈叶)
433649,johnny_joestar,4,1871,乔尼·乔斯达(JOJO的奇妙冒险)
1387712,viktor_nikiforov,4,1869,维克托·尼基福罗夫(YURI!!! on ICE)
1593680,ashiya_douman_(fate),4,1869,芦屋道满(Fate)
567872,n_(pokemon),4,1866,N(宝可梦)
1618002,slime_(genshin_impact),4,1866,史莱姆(原神)
1631163,maru-yu_(kancolle),4,1864,丸优(舰C)
1654650,skadi_the_corrupting_heart_(arknights),4,1864,浊心斯卡蒂(明日方舟)
1631425,teruzuki_(kancolle),4,1863,照月(舰C)
1933211,nanashi_mumei_(1st_costume),4,1861,七诗无铭(1st服装)
664359,tachibana_hibiki_(symphogear),4,1860,立花响(战姬绝唱)
1631225,nagatsuki_(kancolle),4,1860,长月(舰C)
1539717,reze_(chainsaw_man),4,1860,蕾塞(电锯人)
383738,vivio,4,1857,薇薇欧(魔法少女奈叶)
1403842,chiyoda_momo,4,1856,千代田桃(街角魔族)
1629420,jeanne_d'arc_alter_santa_lily_(fate),4,1852,贞德·Alter·Santa·Lily(Fate)
1408471,camilla_(fire_emblem),4,1851,卡米拉(火焰纹章)
1657251,elira_pendora,4,1840,艾莉拉·潘多拉(NIJISANJI)
301250,yae_sakura,4,1839,八重樱(崩坏3)
753977,sinon,4,1836,诗乃(刀剑神域)
681874,shiomi_syuko,4,1835,盐见周子(偶像大师 灰姑娘女孩)
1670933,index_(toaru_majutsu_no_index),4,1833,茵蒂克丝(魔法禁书目录)
1734277,oda_nobunaga_(koha-ace),4,1832,织田信长(琥珀ACE)
1581062,shiomi_kotone,4,1829,盐见琴音(偶像大师 灰姑娘女孩)
1446811,st._louis_(azur_lane),4,1828,圣路易斯(碧蓝航线)
8276,bardiche,4,1827,巴鲁迪修(魔法少女奈叶)
1670940,last_order_(toaru_majutsu_no_index),4,1821,最后之作(魔法禁书目录)
601490,monokuma,4,1821,黑白熊(弹丸论破)
1631102,katsuragi_(kancolle),4,1815,葛城(舰C)
1459802,shirase_sakuya,4,1814,白濑咲耶(偶像大师 闪耀色彩)
1383241,lusamine_(pokemon),4,1813,露莎米奈(宝可梦)
716185,nishizumi_shiho,4,1810,西住志穗(少女与战车)
628777,yuzuriha_inori,4,1807,楪祈(罪恶王冠)
1300728,oumae_kumiko,4,1805,黄前久美子(吹响吧！上低音号)
1441509,andou_(girls_und_panzer),4,1803,安藤(少女与战车)
1231206,levi_(shingeki_no_kyojin),4,1800,利威尔(进击的巨人)
1524993,saria_(arknights),4,1799,塞雷娅(明日方舟)
1447957,nero_claudius_(bride)_(fate),4,1796,尼禄·克劳狄乌斯(新娘)(Fate)
1257062,pepperoni_(girls_und_panzer),4,1796,佩帕罗尼(少女与战车)
1275721,kuroshio_(kancolle),4,1790,黑潮(舰C)
382079,takara_miyuki,4,1789,宝多美雪(少女与战车)
1735921,asashio_kai_ni_(kancolle),4,1783,朝潮改二(舰C)
1643688,azusa_(blue_archive),4,1781,梓(碧蓝档案)
717139,kenzaki_makoto,4,1778,剑崎真琴(心跳！光之美少女)
1631495,yayoi_(kancolle),4,1778,弥生(舰C)
1631402,tama_(kancolle),4,1776,多摩(舰C)
2007520,houshou_marine_(summer),4,1776,宝钟玛琳(夏季)(Hololive)
1243759,horikawa_raiko,4,1770,堀川雷鼓(东方Project)
1626315,dusk_(arknights),4,1768,夕(明日方舟)
10146,koizumi_itsuki,4,1766,小泉一树(凉宫春日的忧郁)
1631373,suzukaze_(kancolle),4,1766,凉风(舰C)
1675744,selen_tatsuki,4,1765,Selen Tatsuki(NIJISANJI)
1631357,shirayuki_(kancolle),4,1761,白雪(舰C)
1536889,kanroji_mitsuri,4,1759,甘露寺蜜璃(鬼灭之刃)
1421907,komi_shouko,4,1758,古见硝子(古见同学有交流障碍症)
361258,ranma-chan,4,1756,乱马(女)(乱马1/2)
1501023,artoria_pendragon_(lancer_alter)_(fate),4,1755,阿尔托莉雅·潘德拉贡(Lancer Alter)(Fate)
399147,yowane_haku,4,1753,弱音哈库(Vocaloid)
13036,misumi_nagisa,4,1752,美墨渚(光之美少女)
1186381,arch_bishop_(ragnarok_online),4,1748,大主教(仙境传说)
1630510,asashimo_(kancolle),4,1748,朝霜(舰C)
1266581,ramlethal_valentine,4,1747,拉姆蕾萨尔·瓦伦泰(罪恶装备)
445833,jessie_(pokemon),4,1746,武藏(宝可梦)
1644982,curren_chan_(umamusume),4,1741,Curren Chan(赛马娘)
401594,palutena,4,1739,帕露缇娜(任天堂明星大乱斗)
386242,sakata_gintoki,4,1738,坂田银时(银魂)
414816,sakamoto_mio,4,1738,坂本美绪(强袭魔女)
1295749,tracer_(overwatch),4,1737,猎空(守望先锋)
1808100,dan_heng_(honkai:_star_rail),4,1736,丹恒(崩坏：星穹铁道)
663432,kamiya_nao,4,1734,神谷奈绪(偶像大师灰姑娘女孩)
727253,hojo_karen,4,1734,北条加莲(偶像大师 灰姑娘女孩)
1639112,sendai_kai_ni_(kancolle),4,1733,川内改二(舰队Collection)
1862390,hiroi_kikuri,4,1733,广井菊里(孤独摇滚)
392481,madotsuki,4,1732,圆城(梦日记)
1644976,admire_vega_(umamusume),4,1730,爱慕织姬(赛马娘)
1560134,morpeko_(full),4,1728,莫鲁贝可(满腹花纹)(宝可梦)
1344590,matsuno_osomatsu,4,1726,松野小松(阿松)
1442305,hiro_(darling_in_the_franxx),4,1724,016(DARLING in the FRANXX)
1734866,musashi_kai_ni_(kancolle),4,1724,武藏改二(舰队Collection)
1584593,felicia_(vampire),4,1722,菲莉西亚(恶魔战士)
664313,moroboshi_kirari,4,1722,诸星琪拉莉(偶像大师 灰姑娘女孩)
1749629,chouzetsusaikawa_tenshi-chan,4,1721,超绝最可爱天使酱(主播女孩重度依赖)
496829,makoto_nanaya,4,1720,诚(苍翼默示录)
1344591,matsuno_karamatsu,4,1720,松野空松(阿松)
1634607,hoshino_ai_(oshi_no_ko),4,1720,星野爱(我推的孩子)
1824247,etna_(disgaea),4,1719,艾特娜(魔界战记)
424944,hanamura_yousuke,4,1716,花村阳介(女神异闻录4)
1368824,takamaki_anne,4,1716,高卷杏(女神异闻录5)
1645007,seiun_sky_(umamusume),4,1716,青云天空(赛马娘)
663460,sasaki_chie,4,1715,佐佐木千枝(偶像大师 灰姑娘女孩)
1462453,morino_rinze,4,1715,杜野凛世(偶像大师 闪耀色彩)
529058,hanasaki_tsubomi,4,1713,花咲蕾(HeartCatch光之美少女)
1549066,himemori_luna,4,1713,姬森璐娜(hololive)
8107,bulma,4,1712,布尔玛(龙珠)
1365551,sakura_futaba,4,1710,佐仓双叶(女神异闻录5)
1493611,kemomimi-chan_(naga_u),4,1710,兽耳酱(长u)
1423783,eternity_larva,4,1709,永恒幼虫(碧蓝航线)
1292970,yaoyorozu_momo,4,1705,八百万百(我的英雄学院)
1560614,saren_(princess_connect!),4,1705,咲恋(公主连结)
1344593,matsuno_ichimatsu,4,1702,松野一松(阿松)
1644983,eishin_flash_(umamusume),4,1702,荣进闪耀(赛马娘)
1344594,matsuno_jyushimatsu,4,1701,松野十四松(阿松)
5036,signum,4,1699,希格纳姆(魔法少女奈叶)
445954,bulbasaur,4,1699,妙蛙种子(宝可梦)
1630499,arashio_(kancolle),4,1699,荒潮(舰队Collection)
1420942,yuuki_setsuna_(love_live!),4,1699,优木雪菜(Love Live!)
1533840,kurokoma_saki,4,1699,黑崎小夜(偶像大师 灰姑娘女孩)
1682867,iroha_(blue_archive),4,1699,伊吕波(碧蓝档案)
1933164,takanashi_kiara_(1st_costume),4,1697,小粥Kiara(1st服装)(hololive)
1460817,kuwayama_chiyuki,4,1696,桑山千雪(偶像大师 闪耀色彩)
1554856,hayakawa_aki,4,1696,早川秋(链锯人)
657914,tokisaki_kurumi,4,1693,时崎狂三(约会大作战)
1317067,ringo_(touhou),4,1693,铃瑚(东方Project)
1933161,kiryu_coco_(1st_costume),4,1693,桐生可可(1st服装)
488853,kasumi_(doa),4,1692,霞(死或生)
674693,skyla_(pokemon),4,1692,风露(宝可梦)
1316170,ohara_mari,4,1692,小原鞠莉(Love Live!)
1627626,leonardo_da_vinci_(fate),4,1690,莱昂纳多·达·芬奇(Fate)
697698,kirigaya_suguha,4,1689,桐谷直叶(刀剑神域)
1541326,hoshikawa_sara,4,1689,星川莎拉(碧蓝档案)
1298160,kotonoha_akane,4,1686,言叶茜(碧蓝档案)
1732422,kasumi_kai_ni_(kancolle),4,1686,霞改二(舰C)
1470527,natori_sana,4,1686,名取纱那(VTuber)
1409154,tohru_(maidragon),4,1684,托尔(小林家的龙女仆)
401222,noel_vermillion,4,1683,诺爱尔·梵米利昂(苍翼默示录)
1542253,rosehip_(girls_und_panzer),4,1680,玫瑰果(少女与战车)
1933191,shishiro_botan_(1st_costume),4,1679,狮白牡丹(1st服装)
1594464,bloop_(gawr_gura),4,1678,布洛普(Gawr Gura)
1296572,todoroki_shouto,4,1677,轰焦冻(我的英雄学院)
518079,tiki_(fire_emblem),4,1676,琪姬(火纹)
1597302,beidou_(genshin_impact),4,1676,北斗(原神)
1665751,t-head_trainer,4,1676,T型头教官(宝可梦)
15221,hanyuu,4,1675,羽入(寒蝉鸣泣之时)
1412756,theresa_apocalypse,4,1675,德丽莎·阿波卡利斯(崩坏3)
432714,trafalgar_law,4,1673,特拉法尔加·罗(海贼王)
375109,midna,4,1672,米多娜(塞尔达传说)
1417247,japanese_crested_ibis_(kemono_friends),4,1670,朱鹮(兽娘动物园)
1410565,fujiwara_chika,4,1668,藤原千花(辉夜大小姐想让我告白)
510496,ryu_(street_fighter),4,1667,隆(街头霸王)
606667,kirino_ranmaru,4,1667,桐生兰丸(偶像大师)
1654887,iizunamaru_megumu,4,1667,饭纲丸龙(东方Project)
386311,otonashi_kotori,4,1666,音无小鸟(偶像大师)
1303014,producer_(idolmaster_cinderella_girls_anime),4,1665,制作人(偶像大师灰姑娘女孩动画)
396068,watatsuki_no_yorihime,4,1661,绵月依姬(东方Project)
1419028,komano_aunn,4,1661,高丽野阿吽(东方Project)
436223,nanasaki_ai,4,1657,七咲逢(圣诞之吻)
1581646,noelle_(genshin_impact),4,1656,诺艾尔(原神)
1630529,ayanami_(kancolle),4,1655,绫波(舰C)
8151,hino_rei,4,1653,火野丽(美少女战士)
423669,saber_lily,4,1651,Saber Lily(Fate)
658795,mimura_kanako,4,1651,三村加奈子(偶像大师)
1525780,rotom_phone,4,1651,洛托姆手机(宝可梦)
1630445,agano_(kancolle),4,1648,阿贺野(舰C)
1641844,yanfei_(genshin_impact),4,1647,烟绯(原神)
1493508,princess_king_boo,4,1642,公主库巴(超级马里奥)
1645011,tamamo_cross_(umamusume),4,1640,玉藻十字(赛马娘)
1627148,koyanskaya_(fate),4,1639,高扬斯卡娅(Fate)
712088,leafa,4,1638,莉法(刀剑神域)
593284,naegi_makoto,4,1638,苗木诚(弹丸论破)
593802,minamino_kanade,4,1638,南野奏(心跳！光之美少女)
42,souseiseki,4,1637,翠星石(蔷薇少女)
1447804,oshida_(girls_und_panzer),4,1635,押田(少女与战车)
8586,chibi_usa,4,1634,小小兔(美少女战士)
1407560,kizuna_ai,4,1634,绊爱(VTuber)
1459804,tsukioka_kogane,4,1634,月冈金音(偶像大师闪耀色彩)
707037,hoshi_syoko,4,1633,星笑子(偶像大师)
1644990,king_halo_(umamusume),4,1633,帝王光环(赛马娘)
1886287,byleth_(male)_(fire_emblem),4,1632,贝雷特(男)(火焰纹章)
1829691,juliana_(pokemon),4,1632,朱莉安娜(宝可梦)
378207,matou_kariya,4,1631,间桐雁夜(Fate)
1407467,northern_white-faced_owl_(kemono_friends),4,1631,北白颊林鸮(兽娘动物园)
1492381,shiina_yuika,4,1631,椎名由香(偶像大师)
432816,kishibe_rohan,4,1629,岸边露伴(JOJO的奇妙冒险)
1933189,yukihana_lamy_(1st_costume),4,1629,雪花菈米(1st服装)(Hololive)
354943,edward_elric,4,1628,爱德华·艾尔利克(钢之炼金术师)
1631054,isuzu_(kancolle),4,1627,五十铃(舰C)
1933156,hoshimachi_suisei_(1st_costume),4,1627,星街彗星(1st服装)(Hololive)
1719012,takane_lui,4,1625,鹰岭露依(Hololive)
1534779,artoria_pendragon_(swimsuit_ruler)_(fate),4,1623,阿尔托莉雅·潘德拉贡(泳装Ruler)(Fate)
403378,yuffie_kisaragi,4,1620,尤菲·如月(最终幻想)
11427,kasugano_sakura,4,1620,春日野樱(街头霸王)
727697,sylveon,4,1619,仙子伊布(宝可梦)
1667329,oberon_(fate),4,1619,奥伯龙(Fate)
1572074,lucifer_(helltaker),4,1618,路西法(地狱把妹王)
1407816,silver_fox_(kemono_friends),4,1615,银狐(兽娘动物园)
1806087,hoshino_(swimsuit)_(blue_archive),4,1615,星野(泳装)(碧蓝档案)
1793083,silver_wolf_(honkai:_star_rail),4,1615,银狼(崩坏：星穹铁道)
1810157,tighnari_(genshin_impact),4,1615,提纳里(原神)
1525687,blue_poison_(arknights),4,1612,蓝毒(明日方舟)
1467946,haru_urara_(umamusume),4,1608,春乌拉拉(赛马娘)
1528228,le_malin_(azur_lane),4,1602,勒马尔(碧蓝航线)
1375862,mimikyu,4,1601,谜拟Q(宝可梦)
1825474,ichika_(blue_archive),4,1601,一花(碧蓝档案)
425768,umbreon,4,1599,月伊布(宝可梦)
1273262,rensouhou-kun,4,1599,连装炮君(舰C)
674691,elesa_(pokemon),4,1598,风露(宝可梦)
1631208,myoukou_(kancolle),4,1598,妙高(舰C)
1631141,libeccio_(kancolle),4,1596,利贝奇奥(舰C)
1338854,mei_(overwatch),4,1595,小美(守望先锋)
1446812,honolulu_(azur_lane),4,1590,檀香山(碧蓝航线)
1631408,tashkent_(kancolle),4,1590,塔什干(舰C)
1561956,bremerton_(scorching-hot_training)_(azur_lane),4,1590,布雷默顿(灼热训练)(碧蓝航线)
2018066,noire_(neptunia),4,1589,诺瓦露(海王星)
466260,terra_branford,4,1587,蒂娜·布兰福德(最终幻想)
7559,luigi,4,1585,路易吉(超级马里奥)
2018038,purple_heart_(neptunia),4,1585,紫心(海王星)
1245442,i-class_destroyer,4,1582,I级驱逐舰(舰C)
1295790,widowmaker_(overwatch),4,1582,黑百合(守望先锋)
1631062,jervis_(kancolle),4,1582,杰维斯(舰C)
1525577,hoshiguma_(arknights),4,1578,星熊(明日方舟)
1762182,ranni_the_witch,4,1578,菈妮(艾尔登法环)
1629640,martha_(fate),4,1576,玛尔达(Fate)
1248309,sendai_hakurei_no_miko,4,1572,仙台博丽之巫女(东方)
427708,ushiromiya_ange,4,1569,右代宫缘寿(海猫鸣泣之时)
1933172,uruha_rushia_(1st_costume),4,1568,润羽露西娅(1st服装)(Hololive)
404724,kagura_(gintama),4,1567,神乐(银魂)
1682834,matikane_tannhauser_(umamusume),4,1564,摩耶重炮(赛马娘)
1513845,scorbunny,4,1563,炎兔儿(宝可梦)
1630653,fletcher_(kancolle),4,1562,弗莱彻(舰C)
1527621,marianne_von_edmund,4,1562,玛莉安奴·冯·艾德蒙(火焰纹章)
1508231,sunazuka_akira,4,1559,砂奈子(偶像大师)
425771,glaceon,4,1557,冰伊布(宝可梦)
1382909,kawakaze_(kancolle),4,1557,江风(舰C)
592111,oshawott,4,1556,水水獭(宝可梦)
1344592,matsuno_choromatsu,4,1556,松野初松(阿松)
1440177,z23_(azur_lane),4,1552,Z23(碧蓝航线)
1667154,an-94_(girls'_frontline),4,1552,AN-94(少女前线)
1667148,m4a1_(girls'_frontline),4,1551,M4A1(少女前线)
8545,kamio_misuzu,4,1550,神尾观铃(AIR)
1933183,minato_aqua_(1st_costume),4,1550,凑阿库娅(1st服装)(Hololive)
1630671,furutaka_(kancolle),4,1549,古鹰(舰C)
595668,hatsune_miku_(append),4,1548,初音未来Append(Vocaloid)
1631161,mamiya_(kancolle),4,1547,间宫(舰C)
1675004,elysia_(honkai_impact),4,1547,爱莉希雅(崩坏3)
1712705,adachi_rei,4,1546,安达玲
1629414,artoria_pendragon_(alter_swimsuit_rider)_(fate),4,1546,阿尔托莉雅·潘德拉贡(Alter泳装骑阶)(Fate)
547415,funami_yui,4,1544,船见结衣
1462526,higuchi_kaede,4,1544,樋口枫
1631052,isonami_(kancolle),4,1543,矶波(舰C)
1667163,commander_(girls'_frontline),4,1543,指挥官(少女前线)
1253671,gamagoori_ira,4,1543,锖兔
1676220,peroro_(blue_archive),4,1542,佩洛洛(碧蓝档案)
374467,princess_daisy,4,1539,黛西公主
56878,fujibayashi_kyou,4,1538,藤林杏
1496188,yuzuki_choco,4,1538,柚木千子
8152,kino_makoto,4,1536,木野真琴
470503,konjiki_no_yami,4,1535,金色暗影
695285,sakuma_mayu,4,1533,佐久间麻由
1405975,grey_wolf_(kemono_friends),4,1532,灰狼(兽娘动物园)
1627803,yang_guifei_(fate),4,1532,杨贵妃(Fate)
1515526,serizawa_asahi,4,1529,芹泽朝日
1627248,shun_(blue_archive),4,1529,瞬(碧蓝档案)
1409820,ezo_red_fox_(kemono_friends),4,1528,虾夷赤狐(兽娘动物园)
1644977,agnes_digital_(umamusume),4,1526,爱丽数码(赛马娘)
1627695,marie_antoinette_(fate),4,1525,玛丽·安托瓦内特(Fate)
1627756,scathach_skadi_(fate),4,1525,斯卡哈·斯卡蒂(Fate)
1846970,rebecca_(cyberpunk),4,1525,丽贝卡(赛博朋克)
479648,hirasawa_ui,4,1524,平泽忧
1789592,osaki_amana,4,1524,大崎甘奈
1526355,wattson_(apex_legends),4,1523,华生(Apex英雄)
11051,sonozaki_shion,4,1520,园崎诗音
1304225,mikazuki_munechika,4,1520,三日月宗近
126661,furukawa_nagisa,4,1519,古河渚
1517393,inui_toko,4,1519,犬威透子
658638,oreki_houtarou,4,1518,折木奉太郎
1307612,nishi_kinuyo,4,1518,西衣代
384100,natsume_rin,4,1516,夏目铃
1932879,hibiki_(cheer_squad)_(blue_archive),4,1516,响(应援团)(碧蓝档案)
970886,roll_(mega_man),4,1515,萝露(洛克人)
606875,little_red_riding_hood_(grimm),4,1515,小红帽(格林)
1865424,rika_(pokemon),4,1514,莉嘉(宝可梦)
1644970,grass_wonder_(umamusume),4,1514,草上飞(赛马娘)
54495,jean_pierre_polnareff,4,1511,简·皮耶尔·波鲁纳雷夫(JoJo的奇妙冒险)
1544952,piers_(pokemon),4,1510,聂梓(宝可梦)
474547,uiharu_kazari,4,1509,初春饰利(某科学的超电磁炮)
1420690,hikawa_sayo,4,1509,冰川纱夜(BanG Dream!)
1525557,nanami_kento,4,1509,七海建人(咒术回战)
1533833,haniyasushin_keiki,4,1507,埴安神袿姬(东方Project)
414819,francesca_lucchini,4,1506,弗朗西斯卡·卢基尼(强袭魔女)
1631100,katori_(kancolle),4,1506,香取(舰C)
418600,kamui_gakupo,4,1505,神威がくぽ(Vocaloid)
1639094,murakumo_kai_ni_(kancolle),4,1504,丛云改二(舰C)
1677021,melusine_(fate),4,1504,梅柳齐娜(Fate)
544077,kris_(pokemon),4,1503,克丽丝(宝可梦)
1535146,schwarz_(arknights),4,1500,黑(明日方舟)
423040,amy_rose,4,1497,艾咪·罗兹(索尼克)
657793,cure_peace,4,1497,和平天使(光之美少女)
722867,ymir_(shingeki_no_kyojin),4,1495,尤米尔(进击的巨人)
1433946,marina_(splatoon),4,1495,玛琳娜(斯普拉遁)
12208,shihouin_yoruichi,4,1493,四枫院夜一(死神)
1644973,narita_brian_(umamusume),4,1492,成田白仁(赛马娘)
1611363,kureiji_ollie,4,1491,克蕾姬·奥莉(Hololive)
1360561,natsuki_subaru,4,1490,菜月昴(Re:从零开始的异世界生活)
1303947,kashuu_kiyomitsu,4,1489,加州清光(刀剑乱舞)
4908,kero,4,1488,小可(魔卡少女樱)
2003712,tokoyami_towa_(jirai_kei),4,1488,常暗永远(地雷系)
1972686,fuwawa_abyssgard,4,1488,芙娃娃·阿比斯加德(Hololive)
13037,yukishiro_honoka,4,1486,雪城穗乃香(光之美少女)
1531714,baltimore_(azur_lane),4,1485,巴尔的摩(碧蓝航线)
1588986,abigail_williams_(swimsuit_foreigner)_(fate),4,1485,阿比盖尔·威廉姆斯(泳装Foreigner)(Fate)
1517396,ange_katrina,4,1483,安洁·卡特莉娜(公主连结Re:Dive)
1344595,matsuno_todomatsu,4,1480,松野十四松(阿松)
1445023,hikawa_hina,4,1480,冰川日菜(BanG Dream!)
1757557,jeanne_d'arc_alter_(ver._shinjuku_1999)_(fate),4,1479,贞德·Alter(新宿1999ver.)(Fate)
1495228,konno_junko,4,1478,今野淳子(少女与战车)
382240,nekomusume,4,1477,猫娘(妖怪)
1298161,kotonoha_aoi,4,1475,琴叶葵(温泉娘)
1972687,mococo_abyssgard,4,1472,摩可可·阿比斯加德(Hololive)
424220,silver_(pokemon),4,1471,银(宝可梦)
1933148,tokoyami_towa_(1st_costume),4,1471,常暗永远(1st服装)
437685,bayonetta,4,1470,贝优妮塔(猎天使魔女)
1627580,helena_blavatsky_(fate),4,1469,海伦娜·布拉瓦茨基(Fate)
10082,sephiroth,4,1468,萨菲罗斯(最终幻想)
1374966,kamado_tanjirou,4,1468,灶门炭治郎(鬼灭之刃)
1630559,enemy_aircraft_(kancolle),4,1467,敌机(舰C)
542683,sonya_(kill_me_baby),4,1466,索尼娅(爱杀宝贝)
1667146,g11_(girls'_frontline),4,1464,G11(少女前线)
2008086,osakabehime_(fate),4,1464,刑部姬(Fate)
1630726,hayashimo_(kancolle),4,1463,早霜(舰C)
1443455,igarashi_futaba_(shiromanta),4,1462,五十岚双叶(shiromanta)
12207,inoue_orihime,4,1461,井上织姬(死神)
1503277,makaino_ririmu,4,1461,槙野梨梨梦
445832,james_(pokemon),4,1459,武藏(宝可梦)
1575935,nagatoro_hayase,4,1459,长瀞早濑(不要欺负我，长瀞同学)
902082,tateyama_ayano,4,1458,立山彩乃
1499780,jeanne_d'arc_(swimsuit_archer)_(fate),4,1458,贞德(泳装弓兵)(Fate)
1257906,elsa_(frozen),4,1454,艾莎(冰雪奇缘)
1243753,tsukumo_benben,4,1452,九十九弁弁(东方)
446937,reiuji_utsuho_(bird),4,1451,灵乌路空(东方)
1667152,m4_sopmod_ii_(girls'_frontline),4,1450,M4 SOPMOD II(少女前线)
1462508,tokino_sora,4,1449,时乃空
466937,higashi_setsuna,4,1447,东雪莲
428744,yuri_lowell,4,1445,尤里·罗威尔(薄暮传说)
1593360,bibi_(tokoyami_towa),4,1444,比比(常暗永远)
445414,bianca_(pokemon),4,1442,白露(宝可梦)
1589993,chongyun_(genshin_impact),4,1442,重云(原神)
12210,kuchiki_rukia,4,1439,朽木露琪亚(死神)
1829230,octoling_girl,4,1439,章鱼女孩(喷射战士)
7449,daidouji_tomoyo,4,1438,大道寺知世(魔卡少女樱)
181219,kirijou_mitsuru,4,1438,桐条美鹤(女神异闻录)
550010,tsukikage_yuri,4,1438,月影百合
1688526,kokona_(blue_archive),4,1438,心奈(碧蓝档案)
1288044,popuko,4,1435,波波子(pop子和pipi美的日常)
1724523,irida_(pokemon),4,1434,伊犁(宝可梦)
1768187,saki_(blue_archive),4,1434,咲季(碧蓝档案)
1438046,android_21,4,1433,人造人21号(龙珠)
935913,alice_margatroid_(pc-98),4,1432,爱丽丝·玛格特罗依德(东方)
1462223,hatoba_tsugu,4,1432,鳩羽つぐ
1551542,dido_(azur_lane),4,1432,黛朵(碧蓝航线)
1492855,hawks_(boku_no_hero_academia),4,1431,霍克斯(我的英雄学院)
1377502,tamura_yuri,4,1430,田村由里(寒蝉鸣泣之时)
387299,prisma_illya,4,1429,魔法少女伊莉雅(Fate)
717606,yukinoshita_yukino,4,1428,雪之下雪乃(我的青春恋爱物语果然有问题)
1514982,elio_(pokemon),4,1427,艾利欧(宝可梦)
1768632,mysterious_heroine_x_alter_(fate),4,1426,谜之女主角X Alter(Fate)
1827083,yoru_(chainsaw_man),4,1426,夜(电锯人)
1349628,fubuki_(one-punch_man),4,1423,吹雪(一拳超人)
1556681,rex_(xenoblade),4,1421,雷克斯(异度神剑)
445840,jigglypuff,4,1420,胖丁(宝可梦)
1630503,ark_royal_(kancolle),4,1420,皇家方舟(舰C)
428824,bruno_bucciarati,4,1419,布鲁诺·布加拉提(JOJO的奇妙冒险)
1464773,nakano_itsuki,4,1419,中野五月(五等分的新娘)
1886282,robin_(male)_(fire_emblem),4,1418,鲁弗莱(男)(火纹)
1630643,etorofu_(kancolle),4,1412,择捉(舰C)
1518710,hisakawa_hayate,4,1412,久川飒(赛马娘)
439343,ragna_the_bloodedge,4,1411,拉格纳·布莱德艾奇(苍翼默示录)
1706706,toutetsu_yuuma,4,1411,饕餮尤魔(东方)
1589994,xingqiu_(genshin_impact),4,1410,行秋(原神)
1512399,wraith_(apex_legends),4,1409,恶灵(Apex英雄)
101524,bowser,4,1407,库巴(超级马力欧)
1667157,m16a1_(girls'_frontline),4,1407,M16A1(少女前线)
1462454,sonoda_chiyoko,4,1407,园田千代子(偶像大师)
1619061,jumpy_dumpty,4,1407,蹦蹦炸弹(原神)
1258989,failure_penguin,4,1406,失败企鹅(宝可梦)
1441567,monika_(doki_doki_literature_club),4,1406,莫妮卡(心跳文学部)
1533372,miyamoto_musashi_(swimsuit_berserker)_(fate),4,1405,宫本武藏(泳装狂战士)(Fate)
1589926,kamina_(ttgl),4,1404,卡米那(天元突破)
1522439,niwatari_kutaka,4,1404,庭渡久侘歌(东方)
1684743,mr._c.b._(umamusume),4,1402,Mr. C.B.(赛马娘)
592340,snivy,4,1401,藤藤蛇(宝可梦)
1667150,st_ar-15_(girls'_frontline),4,1398,ST AR-15(少女前线)
1631092,kamoi_(kancolle),4,1398,神威(舰C)
1436229,uehara_ayumu,4,1398,上原步梦(Love Live!)
1304908,yamato-no-kami_yasusada,4,1396,大和守安定(刀剑乱舞)
1525546,kugisaki_nobara,4,1396,钉崎野蔷薇(咒术回战)
610092,yoshikawa_chinatsu,4,1395,吉川千夏(摇曳百合)
602082,charlotte_dunois,4,1395,夏洛特·德诺阿(无限斯特拉托斯)
1571821,modeus_(helltaker),4,1395,莫德斯(Helltaker)
1462457,komiya_kaho,4,1393,小宫果穗(偶像大师)
1677017,barghest_(fate),4,1392,芭万希(Fate)
663499,totoki_airi,4,1390,乙木葵(偶像大师)
1386217,umikaze_(kancolle),4,1387,海风(舰C)
1657252,pomu_rainpuff,4,1387,Pomu Rainpuff(NIJISANJI)
419122,tatsumi_kanji,4,1386,巽完二(女神异闻录)
1630693,hagikaze_(kancolle),4,1385,萩风(舰C)
1432308,nishida_satono,4,1385,西田里(赛马娘)
1468121,nakano_ichika,4,1385,中野一花(五等分的新娘)
816414,joseph_joestar_(old),4,1384,乔瑟夫·乔斯达(老年)(JOJO的奇妙冒险)
1258306,ninomiya_asuka,4,1383,二宫飞鸟(偶像大师)
1513846,sobble,4,1383,泪眼蜥(宝可梦)
1753908,goldenglow_(arknights),4,1381,金煌(明日方舟)
1435315,oyama_mihari,4,1377,小山美春(偶像大师)
2039817,minato_aqua_(sailor),4,1376,凑阿库娅(水手服)(hololive)
1685273,tsukumo_sana,4,1376,九十九佐名(hololive)
16268,son_gohan,4,1373,孙悟饭(龙珠)
445848,squirtle,4,1372,杰尼龟(宝可梦)
1631145,little_boy_admiral_(kancolle),4,1371,少年提督(舰C)
416940,su-san,4,1370,苏桑(东方Project)
714995,yuno_(hidamari_sketch),4,1370,由乃(向阳素描)
1525770,hop_(pokemon),4,1370,赫普(宝可梦)
1713162,cyno_(genshin_impact),4,1368,赛诺(原神)
411080,lopunny,4,1367,长耳兔(宝可梦)
1407454,atalanta_(fate),4,1366,阿塔兰忒(Fate)
396219,tokiko_(touhou),4,1364,时子(东方Project)
1972683,nerissa_ravencroft,4,1364,Nerissa Ravencroft(hololive)
487228,sengoku_nadeko,4,1363,千石抚子(物语系列)
1406536,kagamihara_nadeshiko,4,1362,各务原抚子(摇曳露营)
1522707,siege_(arknights),4,1362,推进之王(明日方舟)
1841705,kaveh_(genshin_impact),4,1362,卡维(原神)
464857,sailor_mercury,4,1361,水野亚美(美少女战士)
520787,elin,4,1361,艾琳(洛奇)
430852,hachikuji_mayoi,4,1360,八九寺真宵(物语系列)
1607938,getou_suguru,4,1360,夏油杰(咒术回战)
617637,oomuro_sakurako,4,1358,大室樱子(摇曳百合)
1630544,colorado_(kancolle),4,1357,科罗拉多(舰C)
1479089,okita_souji_alter_(fate),4,1356,冲田总司Alter(Fate)
1644965,air_groove_(umamusume),4,1356,气槽(赛马娘)
12091,tohno_akiha,4,1355,远野秋叶(月姬)
1222667,ike_(fire_emblem),4,1355,艾克(火纹)
677075,reiner_braun,4,1355,莱纳·布朗(进击的巨人)
1631358,shouhou_(kancolle),4,1355,祥凤(舰C)
513774,shantae,4,1354,桑塔
1933157,sakura_miko_(1st_costume),4,1354,樱巫女(1st服装)
2018082,blanc_(neptunia),4,1349,布兰(海王星)
1518711,hisakawa_nagi,4,1349,久川凪
1292974,ashido_mina,4,1348,芦户三奈
1307567,cagliostro_(granblue_fantasy),4,1348,卡莉奥斯特罗(碧蓝幻想)
1498626,rita_rossweisse,4,1346,丽塔·洛丝薇瑟
1432310,teireida_mai,4,1343,帝铃田舞
445933,vaporeon,4,1342,水伊布(宝可梦)
547150,myoudouin_itsuki,4,1340,明堂院树
709319,yuigahama_yui,4,1340,由比滨结衣
710980,kadotani_anzu,4,1340,角谷杏
1584984,serika_(blue_archive),4,1339,芹香(碧蓝档案)
1631270,richelieu_(kancolle),4,1338,黎塞留(舰C)
1631260,oyashio_(kancolle),4,1336,亲潮(舰C)
1993491,shiroko_terror_(blue_archive),4,1336,白子·恐怖(碧蓝档案)
389156,frederica_bernkastel,4,1335,弗雷德里卡·贝伦卡斯泰露
1567159,shinonome_ena,4,1330,东云绘名
1332548,chi-chi_(dragon_ball),4,1329,琪琪(龙珠)
475559,araragi_koyomi,4,1329,阿良良木历
1511279,murasaki_shikibu_(fate),4,1329,紫式部(Fate)
1459806,tanaka_mamimi,4,1328,田中真美美
1304230,tsurumaru_kuninaga,4,1327,鹤丸国永
1451890,kaguya_luna,4,1327,辉夜月
1690906,kamisato_ayato,4,1327,神里绫人
1226975,diana_cavendish,4,1326,戴安娜·卡文迪许
1534340,joutouguu_mayumi,4,1326,城头阁真由美
653217,nepgear,4,1325,妮普吉雅(海王星)
1300741,kousaka_reina,4,1324,高坂丽奈
405776,riesz,4,1323,莉丝
421660,tsunade_(naruto),4,1323,纲手(火影忍者)
1630497,arashi_(kancolle),4,1323,岚(舰C)
1567162,tenma_tsukasa,4,1323,天马司
746341,tharja_(fire_emblem),4,1318,撒拉(火焰纹章)
451173,haramura_nodoka,4,1317,原村和
12258,katsuragi_misato,4,1316,葛城美里
1181678,boo_(mario),4,1316,害羞幽灵(马里奥)
1779349,kanna_(blue_archive),4,1316,佳奈(碧蓝档案)
1383156,gladion_(pokemon),4,1314,格拉吉欧(宝可梦)
1932884,hasumi_(track)_(blue_archive),4,1314,莲见(田径)(碧蓝档案)
1649113,gilles_de_rais_(caster)_(fate),4,1313,吉尔·德·雷(术阶)(Fate)
1530489,eyjafjalla_(arknights),4,1312,艾雅法拉(明日方舟)
12518,leona_heidern,4,1311,莉安娜·哈迪兰
1459172,sakuragi_mano,4,1311,樱木真乃
1630505,asagumo_(kancolle),4,1310,朝云(舰C)
1392841,altera_(fate),4,1310,阿提拉(Fate)
1341419,anila_(granblue_fantasy),4,1309,安尼拉(碧蓝幻想)
1368823,niijima_makoto,4,1309,新岛真
1630636,enemy_lifebuoy_(kancolle),4,1308,敌救生圈(舰C)
9090,mizunashi_akari,4,1307,水无灯里
622669,alisa_ilinichina_amiella,4,1306,艾丽莎·伊利尼奇娜·阿米艾拉
1291135,elphelt_valentine,4,1305,艾尔菲尔特·瓦伦丁
489852,akizuki_ryo,4,1303,秋月凉
734427,sona_(league_of_legends),4,1302,娑娜(LOL)
1399519,tamaki_iroha,4,1300,环彩羽
1932889,mari_(track)_(blue_archive),4,1300,麻里(田径)(碧蓝档案)
1627780,tokitarou_(fate),4,1299,时太郎(Fate)
575975,iris_(pokemon),4,1298,艾莉丝(宝可梦)
596939,akali,4,1298,阿卡丽
1544888,victor_(pokemon),4,1298,维克多(宝可梦)
1528128,himeno_(chainsaw_man),4,1298,姬野(电锯人)
596093,caren_hortensia,4,1297,卡莲·奥尔黛西亚
1799502,shun_(small)_(blue_archive),4,1297,瞬(小)(碧蓝档案)
542685,oribe_yasuna,4,1296,织部泰娜
587823,tsurumaki_maki,4,1296,弦卷真纪
601379,takagi-san,4,1296,高木同学
1933141,hakui_koyori_(1st_costume),4,1296,博衣小夜璃(1st服装)
1407495,eurasian_eagle_owl_(kemono_friends),4,1295,欧亚雕鸮(兽娘动物园)
1589614,pochita_(chainsaw_man),4,1295,波奇塔(电锯人)
599168,hourai_doll,4,1293,蓬莱人偶
1639053,fubuki_kai_ni_(kancolle),4,1293,吹雪改二(舰C)
664000,ichihara_nina,4,1291,市原仁奈
1579913,yamato_(one_piece),4,1291,大和(海贼王)
672515,abe_nana,4,1288,安部菜菜
421683,angel_(kof),4,1287,安琪儿(KOF)
644430,rias_gremory,4,1287,莉亚丝·吉蒙里
558421,high_priest_(ragnarok_online),4,1286,大主教(仙境传说)
681655,oikawa_shizuku,4,1286,及川雫
1899592,pod_(nier:automata),4,1285,Pod(尼尔：机械纪元)
1567158,asahina_mafuyu,4,1285,朝比奈真冬(Project Sekai)
1705709,irene_(arknights),4,1284,艾琳(明日方舟)
1420943,tennouji_rina,4,1282,天王寺璃奈(Love Live!)
1318793,zeta_(granblue_fantasy),4,1281,泽塔(碧蓝幻想)
1780213,hina_(swimsuit)_(blue_archive),4,1279,日奈(泳装)(碧蓝档案)
555,haro,4,1278,哈罗(机动战士高达)
433648,gyro_zeppeli,4,1277,杰洛·齐贝林(JOJO的奇妙冒险)
532518,cure_marine,4,1276,海洋天使(光之美少女)
1631154,maikaze_(kancolle),4,1275,舞风(舰C)
1386434,momota_kaito,4,1274,百田解斗(新弹丸论破V3)
1611841,haruna_(blue_archive),4,1272,春奈(碧蓝档案)
1671729,sirius_symboli_(umamusume),4,1272,天狼星象征(赛马娘)
1631255,ooshio_(kancolle),4,1271,大潮(舰C)
6177,moogle,4,1269,莫古力(最终幻想)
1542249,assam_(girls_und_panzer),4,1269,阿萨姆(少女与战车)
893075,suou_momoko,4,1269,周防桃子(偶像大师)
1414917,alpaca_suri_(kemono_friends),4,1269,羊驼苏利(兽娘动物园)
1442807,marie_(girls_und_panzer),4,1269,玛丽(少女与战车)
1937492,tsukino_mito_(1st_costume),4,1268,月野美兔(1st服装)
425767,espeon,4,1266,太阳伊布(宝可梦)
437588,kuma_(persona_4),4,1266,小熊(女神异闻录4)
533537,ciel_(tsukihime),4,1265,希耶尔(月姬)
1644991,matikanefukukitaru_(umamusume),4,1264,待兼福来(赛马娘)
422389,cyndaquil,4,1263,火球鼠(宝可梦)
1631068,johnston_(kancolle),4,1263,约翰斯顿(舰C)
11052,maebara_keiichi,4,1262,前原圭一(寒蝉鸣泣之时)
1814893,magical_mirai_miku,4,1262,魔法未来未来(Vocaloid)
1567149,ootori_emu,4,1259,凤笑梦(Project Sekai)
464855,sailor_venus,4,1257,水手金星(美少女战士)
445845,charmander,4,1256,小火龙(宝可梦)
1299395,amanogawa_kirara,4,1256,天野川辉夜(偶像大师)
1814441,arlecchino_(genshin_impact),4,1254,阿蕾奇诺(原神)
1477331,osaki_tenka,4,1252,大崎甜花(偶像大师)
1594449,kashino_(azur_lane),4,1252,樫野(碧蓝航线)
554323,may_(guilty_gear),4,1250,梅(罪恶装备)
421102,minna-dietlinde_wilcke,4,1250,米娜·迪特琳德·威尔克(强袭魔女)
618147,honma_meiko,4,1250,本间芽衣子(未闻花名)
1459180,kazano_hiori,4,1250,风野灯织(偶像大师)
1696728,rydia_(ff4),4,1249,莉迪亚(最终幻想4)
1447775,katou_asuka,4,1248,加藤明日香(偶像大师)
1520852,hozuki_momiji,4,1248,红月红叶(东方Project)
1282191,hoshino_fumina,4,1247,星野文奈(高达创战者)
1481030,caenis_(fate),4,1247,凯妮斯(Fate)
1972693,shiori_novella,4,1247,紫苑·诺维拉(Hololive)
1472521,medea_(fate),4,1246,美狄亚(Fate)
1305388,namazuo_toushirou,4,1245,鲶尾藤四郎(刀剑乱舞)
2060124,marcille_donato,4,1245,玛露西尔·多纳托(迷宫饭)
1682879,seia_(blue_archive),4,1245,圣亚(碧蓝档案)
1406070,jaguar_(kemono_friends),4,1240,美洲豹(兽娘动物园)
459048,momozono_love,4,1238,桃园爱(心跳！光之美少女)
633741,furutani_himawari,4,1238,古谷向日葵(摇曳百合)
713156,hoshimiya_ichigo,4,1238,星宫草莓(偶像活动)
1842585,alear_(fire_emblem),4,1237,琉尔(火焰纹章)
597205,silica,4,1236,西莉卡(刀剑神域)
1627521,boudica_(fate),4,1235,布狄卡(Fate)
1645008,smart_falcon_(umamusume),4,1235,聪明纤驹(赛马娘)
1810886,dehya_(genshin_impact),4,1234,迪希雅(原神)
566644,blaze_the_cat,4,1233,烈焰猫(刺猬索尼克)
1933147,murasaki_shion_(1st_costume),4,1232,紫咲诗音(1st服装)(Hololive)
7459,white_mage,4,1231,白魔导士(最终幻想)
501746,shadow_the_hedgehog,4,1231,暗影刺猬(刺猬索尼克)
464856,sailor_mars,4,1230,水手火星(美少女战士)
1232066,armin_arlert,4,1230,阿尔敏·阿诺德(进击的巨人)
1462463,arisugawa_natsuha,4,1228,有栖川夏叶(偶像大师)
1567160,akiyama_mizuki,4,1227,秋山瑞希(Project Sekai)
1349627,saitama_(one-punch_man),4,1226,埼玉(一拳超人)
1292110,shidare_hotaru,4,1226,四出萤(东方Project)
1654888,tenkyuu_chimata,4,1226,天弓千亦(东方Project)
1631536,hilichurl_(genshin_impact),4,1224,丘丘人(原神)
445831,green_(pokemon),4,1219,小绿(宝可梦)
1603873,mountain_(arknights),4,1218,山(明日方舟)
1402193,nanachi_(made_in_abyss),4,1217,娜娜奇(来自深渊)
1514243,shigure_ui_(vtuber),4,1217,时雨羽衣(VTuber)
1564800,moona_hoshinova,4,1217,Moona Hoshinova(Hololive)
544078,lucas_(pokemon),4,1216,小光(宝可梦)
1305386,honebami_toushirou,4,1216,骨喰藤四郎(刀剑乱舞)
1125853,enkidu_(fate),4,1215,恩奇都(Fate)
618301,ivan_karelin,4,1215,伊万·卡雷林(拳皇)
1933142,kazama_iroha_(1st_costume),4,1215,风真伊吕波(1st服装)(Hololive)
1594283,shinano_(azur_lane),4,1214,信浓(碧蓝航线)
1622926,akane_(blue_archive),4,1214,茜(碧蓝档案)
1761329,sprigatito,4,1214,新叶喵(宝可梦)
1644995,meisho_doto_(umamusume),4,1214,名将怒涛(赛马娘)
533539,kohaku_(tsukihime),4,1212,琥珀(月姬)
1536880,zara_(azur_lane),4,1209,扎拉(碧蓝航线)
8760,kusanagi_motoko,4,1208,草薙素子(攻壳机动队)
564326,nakamura_yuri,4,1208,中村百合(偶像大师)
1631180,mikuma_(kancolle),4,1208,三隈(舰C)
1856034,backbeako,4,1206,Backbeako(表情)
1571010,takasaki_yuu,4,1206,高崎优(偶像大师)
1333583,kozakura_marry,4,1205,小樱麻里(偶像大师)
1617664,rosaria_(genshin_impact),4,1204,罗莎莉亚(原神)
1561721,ichikawa_hinana,4,1203,市川雏菜(偶像大师)
1233044,yuuki_haru,4,1202,结城晴(偶像大师)
1288043,pipimi,4,1202,pipimi(pop子和pipi美的日常)
1303946,midare_toushirou,4,1201,乱藤四郎(刀剑乱舞)
1533343,bede_(pokemon),4,1201,赫普(宝可梦)
1560602,kyouka_(princess_connect!),4,1201,杏歌(公主连结)
528478,sabrina_(pokemon),4,1200,娜姿(宝可梦)
1630717,hatsushimo_(kancolle),4,1199,初霜(舰C)
1436151,uzaki_hana,4,1199,宇崎花(宇崎学妹想要玩！)
1515913,reines_el-melloi_archisorte,4,1198,莱妮丝·埃尔梅罗·阿奇佐尔缇(Fate)
375278,tohsaka_tokiomi,4,1197,远坂时臣(Fate)
1572402,xiangling_(genshin_impact),4,1197,香菱(原神)
1624311,nagi_(kannagi),4,1196,薙(神薙)
1401930,nemoto_hina,4,1196,根本阳奈(偶像大师)
1538944,sussurro_(arknights),4,1195,絮雨(明日方舟)
1630538,chitose_(kancolle),4,1192,千岁(舰C)
1631019,i-26_(kancolle),4,1192,伊26(舰C)
1541815,rabbit_yukine,4,1191,兔雪音(东方Project)
1933109,amane_kanata_(1st_costume),4,1191,天音彼方(1st_costume)
425769,leafeon,4,1190,叶伊布(宝可梦)
1405299,emperor_penguin_(kemono_friends),4,1190,帝企鹅(兽娘动物园)
1682889,wakamo_(blue_archive),4,1190,若藻(碧蓝档案)
402795,meowth,4,1189,喵喵(宝可梦)
1391739,karna_(fate),4,1189,迦尔纳(Fate)
1631518,zara_(kancolle),4,1189,扎拉(舰C)
1239071,tsukuyomi_shirabe,4,1188,月读调(战姬绝唱)
1496142,minamoto_sakura,4,1188,源樱(佐贺偶像是传奇)
375868,kururugi_suzaku,4,1187,枢木朱雀(Code Geass)
1277829,sento_isuzu,4,1187,千斗五十铃(甘城光辉游乐园)
1639062,haruna_kai_ni_(kancolle),4,1187,榛名改二(舰C)
1334050,frisk_(undertale),4,1185,Frisk(Undertale)
1431995,minamoto_no_raikou_(swimsuit_lancer)_(fate),4,1184,源赖光(泳装枪兵)(Fate)
1487055,sasaki_saku,4,1184,佐佐木咲
712140,kawashima_momo,4,1183,川岛百百
1229728,kitazawa_shiho,4,1183,北泽志保
1247199,braixen,4,1183,长尾火狐(宝可梦)
176593,takeba_yukari,4,1182,岳羽由加奈(女神异闻录)
1242334,ta-class_battleship,4,1181,Ta级战舰(舰C)
1600783,ryoumen_sukuna_(jujutsu_kaisen),4,1180,两面宿傩(咒术回战)
1886373,sora_harewataru,4,1179,空晴
10145,tsuruya,4,1178,鹤屋(凉宫春日系列)
420502,guido_mista,4,1178,盖多·米斯达(JOJO的奇妙冒险)
1630667,fumizuki_(kancolle),4,1177,文月(舰C)
745262,celestia_ludenberg,4,1174,塞蕾丝缇雅·卢登堡(弹丸论破)
1625351,eimi_(blue_archive),4,1173,英美(碧蓝档案)
528716,yui_(angel_beats!),4,1170,由依(Angel Beats!)
7566,kamikita_komari,4,1169,上木崎小鞠
485033,sora_(kingdom_hearts),4,1167,索拉(王国之心)
1055501,micaiah_(fire_emblem),4,1167,米卡娅(火纹)
1630715,hatsukaze_(kancolle),4,1167,初风(舰C)
1305416,saniwa_(touken_ranbu),4,1167,审神者(刀剑乱舞)
1495229,mizuno_ai,4,1167,水野爱
1630536,chikuma_(kancolle),4,1165,筑摩(舰C)
1667213,m200_(girls'_frontline),4,1165,M200(少女前线)
1242336,ru-class_battleship,4,1163,Ru级战舰(舰C)
1246940,matoba_risa,4,1163,的场梨沙
1732814,kongou_kai_ni_(kancolle),4,1163,金刚改二(舰C)
1522347,suzuhara_lulu,4,1163,铃原露露
396070,watatsuki_no_toyohime,4,1162,绵月丰姬(东方)
1638054,fu_hua_(herrscher_of_sentience),4,1162,符华(识之律者)(崩坏3)
1644984,fine_motion_(umamusume),4,1162,美妙姿势(赛马娘)
1607439,arjuna_(fate),4,1161,阿周那(Fate)
1631106,kazagumo_(kancolle),4,1161,风云(舰C)
1548047,vikala_(granblue_fantasy),4,1160,维拉(碧蓝幻想)
1440644,inuyama_aoi,4,1159,犬山葵
1630728,hayasui_(kancolle),4,1158,速吸(舰C)
1714815,himari_(blue_archive),4,1157,妃咲(碧蓝档案)
1799880,nemona_(pokemon),4,1157,妮莫(宝可梦)
1971284,koharu_(swimsuit)_(blue_archive),4,1156,小春(泳装)(碧蓝档案)
1629448,passionlip_(fate),4,1155,热情迷唇(Fate)
1440247,yamashiro_(azur_lane),4,1155,山城(碧蓝航线)
1781047,artoria_pendragon_(alter_swimsuit_rider)_(second_ascension)_(fate),4,1155,阿尔托莉雅·潘德拉贡(Alter泳装Rider)(第二再临)(Fate)
1452674,frankenstein's_monster_(fate),4,1154,弗兰肯斯坦的怪物(Fate)
1631088,kako_(kancolle),4,1154,加古(舰C)
1962844,neuvillette_(genshin_impact),4,1154,那维莱特(原神)
12212,kurosaki_ichigo,4,1153,黑崎一护(死神)
1448421,pearl_(splatoon),4,1153,珍珠(斯普拉遁)
1933196,ouro_kronii_(1st_costume),4,1152,奥罗·克洛尼(1st服装)
6000,baiken,4,1151,梅喧(罪恶装备)
394620,yuuki_mikan,4,1150,结城美柑(出包王女)
592339,tepig,4,1150,暖暖猪(宝可梦)
1760945,kuki_shinobu,4,1149,久岐忍(原神)
688842,leon_s._kennedy,4,1147,里昂·S·肯尼迪(生化危机)
1362417,elaina_(majo_no_tabitabi),4,1147,伊蕾娜(魔女之旅)
1527167,azura_(fire_emblem),4,1146,阿库娅(火纹)
8305,tomoe_hotaru,4,1144,土萌萤(美少女战士)
701392,mioda_ibuki,4,1140,澪田唯吹(弹丸论破)
1629357,medb_(fate),4,1139,梅芙(Fate)
1366296,popplio,4,1138,球球海狮(宝可梦)
1806082,nonomi_(swimsuit)_(blue_archive),4,1138,野乃美(泳装)(碧蓝档案)
661692,dante_(devil_may_cry),4,1137,但丁(鬼泣)
87514,cure_black,4,1136,黑天使(光之美少女)
1489783,carpaccio_(girls_und_panzer),4,1135,卡尔帕乔(少女与战车)
466365,mega_man_(character),4,1132,洛克人(洛克人)
1292965,jirou_kyouka,4,1132,耳郎响香(我的英雄学院)
1631246,nowaki_(kancolle),4,1132,野分(舰C)
1660217,lucoa_(maidragon),4,1132,露科亚(龙女仆)
1932167,caelus_(honkai:_star_rail),4,1131,开拓者(星穹铁道)
1629366,xuangzang_sanzang_(fate),4,1130,玄奘三藏(Fate)
1513843,grookey,4,1128,敲音猴(宝可梦)
1645009,super_creek_(umamusume),4,1128,超级小溪(赛马娘)
1644996,mejiro_dober_(umamusume),4,1125,目白多伯(赛马娘)
8896,backbeard,4,1124,后颈(海贼王)
472786,america_(hetalia),4,1123,美国(黑塔利亚)
1645001,narita_taishin_(umamusume),4,1123,成田大进(赛马娘)
1589903,yin_(darker_than_black),4,1122,银(黑之契约者)
1631147,littorio_(kancolle),4,1122,利托里奥(舰C)
1598866,sucrose_(genshin_impact),4,1121,砂糖(原神)
438329,torchic,4,1120,火稚鸡(宝可梦)
379900,squall_leonhart,4,1120,斯考尔·莱昂哈特(最终幻想)
12213,matsumoto_rangiku,4,1118,松本乱菊(死神)
1334378,albedo_(overlord),4,1118,雅儿贝德(Overlord)
1646463,gwen_(league_of_legends),4,1117,格温(英雄联盟)
15312,millia_rage,4,1116,米莉亚·雷姬(罪恶装备)
1572599,rosmontis_(arknights),4,1116,罗丝蒙蒂斯(明日方舟)
502557,nu-13,4,1114,纽-13(苍翼默示录)
1846972,lucy_(cyberpunk),4,1113,露西(赛博朋克)
630836,huang_baoling,4,1112,黄宝铃(崩坏3)
1606545,diona_(genshin_impact),4,1111,迪奥娜(原神)
1684742,t.m._opera_o_(umamusume),4,1111,T.M.歌剧王(赛马娘)
1230568,isabelle_(animal_crossing),4,1110,西施惠(动物森友会)
1573025,isekai_joucho,4,1110,异世界情绪(异世界情绪)
461046,killua_zoldyck,4,1108,奇犽·揍敌客(全职猎人)
378066,chris_redfield,4,1108,克里斯·雷德菲尔德(生化危机)
601489,maizono_sayaka,4,1108,舞园沙耶香(弹丸论破)
1631192,mochizuki_(kancolle),4,1108,望月(舰队Collection)
1631437,tsushima_(kancolle),4,1108,对马(舰队Collection)
717859,nate_(pokemon),4,1108,Nate(宝可梦)
1295903,pharah_(overwatch),4,1107,法老之鹰(守望先锋)
1906527,kieran_(pokemon),4,1107,奇树(宝可梦)
1304228,izumi-no-kami_kanesada,4,1105,和泉守兼定(刀剑乱舞)
1551455,silence_(arknights),4,1105,塞雷娅(明日方舟)
550750,cure_sunshine,4,1104,Cure Sunshine(HeartCatch光之美少女)
1627153,medjed_(fate),4,1104,梅杰德(Fate)
1720788,lynette_(genshin_impact),4,1104,琳妮特(原神)
654355,kazanari_tsubasa,4,1103,风鸣翼(战姬绝唱)
1478568,merlin_(fate),4,1103,梅林(Fate)
1926018,luo_xiaohei,4,1102,罗小黑(罗小黑战记)
1611905,hoshino_ruby,4,1102,星野瑠美衣(我推的孩子)
715313,marth_(fire_emblem),4,1101,马尔斯(火焰之纹章)
711467,kamukura_izuru,4,1101,神座出流(弹丸论破)
1319288,yoroizuka_mizore,4,1101,铠冢霙(吹响吧！上低音号)
1343724,miyamizu_mitsuha,4,1101,宫水三叶(你的名字)
1280966,kaneki_ken,4,1099,金木研(东京喰种)
1500657,hayasaka_ai,4,1098,早坂爱(辉夜大小姐想让我告白)
1557434,ceobe_(arknights),4,1098,刻俄柏(明日方舟)
1281721,slaine_troyard,4,1095,斯雷因·特洛耶特(ALDNOAH.ZERO)
1631396,takanami_(kancolle),4,1095,高波(舰队Collection)
435392,boa_hancock,4,1093,波雅·汉库克(海贼王)
597292,fujisaki_chihiro,4,1093,藤崎千寻(弹丸论破)
1978848,a2_(nier:automata),4,1093,A2(尼尔：机械纪元)
503437,eve_(elsword),4,1092,伊芙(艾尔之光)
423518,berserker_(fate/zero),4,1090,Berserker(Fate/Zero)
657796,cure_beauty,4,1089,Cure Beauty(心跳！光之美少女)
628333,yumi_(senran_kagura),4,1089,由美(闪乱神乐)
1509864,prinz_eugen_(unfading_smile)_(azur_lane),4,1089,欧根亲王(碧蓝航线)
1447393,alina_gray,4,1089,阿丽娜·格雷(明日方舟)
1797173,hyakumantenbara_salome,4,1089,百万天原萨洛梅(NIJISANJI)
1246632,monomi_(danganronpa),4,1088,莫诺美(弹丸论破)
1572071,justice_(helltaker),4,1086,正义(Helltaker)
1799499,neru_(bunny)_(blue_archive),4,1085,宁瑠(碧蓝档案)
1631040,intrepid_(kancolle),4,1084,无畏(舰C)
1292136,raphtalia,4,1083,拉芙塔莉雅(盾之勇者成名录)
1829693,florian_(pokemon),4,1083,弗洛里安(宝可梦)
532519,cure_blossom,4,1082,Cure Blossom(HeartCatch 光之美少女！)
1552816,blaze_(arknights),4,1082,煌(明日方舟)
1591636,goh_(pokemon),4,1082,小豪(宝可梦)
1177793,katou_megumi,4,1079,加藤惠(路人女主的养成方法)
743241,racing_miku,4,1077,赛车初音(Vocaloid)
1657250,finana_ryugu,4,1077,Finana Ryugu(NIJISANJI EN)
15840,kos-mos,4,1076,KOS-MOS(异度传说)
596161,steven_stone,4,1076,史蒂文·斯通(史蒂文宇宙)
1524996,ifrit_(arknights),4,1075,伊芙利特(明日方舟)
1515527,izumi_mei,4,1075,泉美(偶像大师 SideM)
705643,ib_(ib),4,1073,Ib(Ib)
1316824,spider-gwen,4,1073,蜘蛛格温(漫威)
464858,sailor_jupiter,4,1072,木野真琴(美少女战士)
14569,jill_valentine,4,1072,吉尔·瓦伦蒂安(生化危机)
428743,estellise_sidos_heurassein,4,1072,艾丝蒂尔(薄暮传说)
1252365,calem_(pokemon),4,1071,卡勒姆(宝可梦)
1387115,scathach_(swimsuit_assassin)_(fate),4,1069,斯卡哈(泳装暗杀者)(Fate)
1519338,nursery_rhyme_(fate),4,1068,童谣(Fate)
1241962,kishinami_hakuno_(female),4,1067,岸波白野(女性)(Fate)
1591011,nia_(blade)_(xenoblade),4,1067,尼娅(异度神剑2)
664409,sajo_yukimi,4,1064,佐城雪美(偶像大师 灰姑娘女孩)
1243761,tsukumo_yatsuhashi,4,1064,九十九八桥(偶像大师 灰姑娘女孩)
416695,uryuu_ryuunosuke,4,1062,雨龙龙之介(Fate)
1412049,mitake_ran,4,1062,美竹兰(BanG Dream!)
1525261,platinum_(arknights),4,1062,白金(明日方舟)
1840092,anis_(nikke),4,1062,安妮斯(胜利女神：妮姬)
7583,fukuzawa_yumi,4,1061,福泽佑巳(圣母在上)
186196,winry_rockbell,4,1061,温莉·洛克贝尔(钢之炼金术师)
1155353,kars_(jojo),4,1060,卡兹(JOJO的奇妙冒险)
445935,flareon,4,1060,火伊布(宝可梦)
1403111,sucy_manbavaran,4,1060,苏西·曼巴瓦兰(小魔女学园)
1229730,makabe_mizuki,4,1059,真壁瑞希(偶像大师 百万现场)
1455448,nagato_(azur_lane),4,1059,长门(碧蓝航线)
1533061,bernadetta_von_varley,4,1059,贝尔娜提塔·冯·瓦利(火焰纹章：风花雪月)
1579977,cheshire_(azur_lane),4,1059,柴郡(碧蓝航线)
376498,zidane_tribal,4,1058,吉坦·特莱巴尔(最终幻想IX)
436529,toon_link,4,1058,卡通林克(塞尔达传说)
664191,tada_riina,4,1058,多田梨奈(多田君不恋爱)
1634596,hoshino_aquamarine,4,1058,星野爱久爱海(我推的孩子)
1350177,violet_evergarden,4,1056,薇尔莉特·伊芙加登(紫罗兰永恒花园)
1531303,swire_(arknights),4,1056,诗怀雅(明日方舟)
1447950,nearl_(arknights),4,1053,临光(明日方舟)
422393,jirachi,4,1052,基拉祈(宝可梦)
628623,sorceress_(dragon's_crown),4,1052,女巫(龙之皇冠)
1420954,nakasu_kasumi,4,1051,中须霞(Love Live! 虹咲学园学园偶像同好会)
9687,kula_diamond,4,1049,库拉·戴尔蒙多(拳皇)
587354,lux_(league_of_legends),4,1049,拉克丝(英雄联盟)
1631276,roma_(kancolle),4,1049,罗马(舰队Collection)
439063,rachel_alucard,4,1048,瑞秋·阿鲁卡多(恶魔城)
701163,kisaragi_shintarou,4,1048,如月伸太郎(目隐都市的演绎者)
1423942,eris_greyrat,4,1048,艾莉丝·格雷拉特(无职转生)
437349,garchomp,4,1045,烈咬陆鲨(宝可梦)
1341416,ferry_(granblue_fantasy),4,1045,菲莉(碧蓝幻想)
1344209,roxy_migurdia,4,1045,洛琪希·米格路迪亚(无职转生)
1534941,claude_von_riegan,4,1045,克劳德·冯·里根(火焰纹章：风花雪月)
1722586,abigail_williams_(traveling_outfit)_(fate),4,1045,阿比盖尔·威廉姆斯(旅行装)(Fate)
464824,hinaichigo,4,1044,雏莓(蔷薇少女)
526169,trunks_(dragon_ball),4,1042,特兰克斯(龙珠)
1766156,astolfo_(sailor_paladin)_(fate),4,1042,阿斯托尔福(圣骑士)(Fate)
1366290,okumura_haru,4,1040,奥村春(女神异闻录5)
382261,subaru_nakajima,4,1039,中岛昴(魔法少女奈叶)
1631530,collei_(genshin_impact),4,1039,柯莱(原神)
1645715,zero_(mega_man),4,1038,杰洛(洛克人)
1933137,nakiri_ayame_(1st_costume),4,1038,纳基里·阿雅梅(1st服装)
1443456,takeda_harumi_(shiromanta),4,1037,武田晴美(shiromanta)
1285741,suzukaze_aoba,4,1036,凉风青叶
1667166,ro635_(girls'_frontline),4,1036,RO635(少女前线)
1790620,clumsy_nun_(diva),4,1036,笨拙修女(diva)
1646030,daitaku_helios_(umamusume),4,1036,大拓太阳神(赛马娘)
402521,meta_knight,4,1035,魅塔骑士
12099,komaki_manaka,4,1034,小牧爱佳
1583984,kino_(kino_no_tabi),4,1034,奇诺(奇诺之旅)
1314604,sakurajima_mai,4,1034,樱岛麻衣
1241333,sanageyama_uzu,4,1032,猿投山涡
1533059,dorothea_arnault,4,1031,多洛缇雅·阿纳尔特
436841,raven_(dc),4,1029,瑞文(DC)
1733431,murasame_kai_ni_(kancolle),4,1029,村雨改二(舰C)
13066,okazaki_yumemi,4,1028,冈崎梦美
567695,cheren_(pokemon),4,1027,切莲(宝可梦)
1318266,clarisse_(granblue_fantasy),4,1027,克拉莉丝(碧蓝幻想)
1479891,rimuru_tempest,4,1027,利姆鲁·坦派斯特
1631064,jingei_(kancolle),4,1027,迅鲸(舰C)
1304904,horikawa_kunihiro,4,1025,堀川国广
378317,garnet_til_alexandros_xvii,4,1024,加内特·提尔·亚历山大十七世
605171,kujou_karen,4,1024,九条可怜
1351075,yunyun_(konosuba),4,1024,芸芸(为美好的世界献上祝福！)
1627618,king_hassan_(fate),4,1023,王哈桑(Fate)
1606513,len_(tsukihime),4,1022,莲(月姬)
474262,slime_(dragon_quest),4,1020,史莱姆(勇者斗恶龙)
385133,ushiromiya_maria,4,1020,右代宫真里亚
1645010,sweep_tosho_(umamusume),4,1020,东瀛佐敦(赛马娘)
981832,guts_(berserk),4,1019,格斯(剑风传奇)
1410354,purah,4,1019,普尔亚
1925037,protagonist_3_(housamo),4,1019,主角3(东京放课后)
1593833,crewmate_(among_us),4,1019,船员(Among Us)
1684882,florence_nightingale_(trick_or_treatment)_(fate),4,1018,南丁格尔(糖果治疗)(Fate)
1524346,pramanix_(arknights),4,1018,初雪(明日方舟)
1631480,yamagumo_(kancolle),4,1017,山云(舰C)
378846,tenjouin_asuka,4,1015,天上院明日香
429524,mudkip,4,1015,水跃鱼
1506004,amagi_(azur_lane),4,1015,天城(碧蓝航线)
717654,kiriya_aoi,4,1014,桐谷葵
1630474,akitsushima_(kancolle),4,1014,秋津洲(舰C)
1566087,yoisaki_kanade,4,1014,宵崎奏
1827586,blade_(honkai:_star_rail),4,1014,刃(崩坏：星穹铁道)
1537880,dimitri_alexandre_blaiddyd,4,1013,帝弥托利·亚历山大·布雷达德(火焰纹章)
354942,alphonse_elric,4,1012,阿尔冯斯·艾尔利克(钢之炼金术师)
716728,kitashirakawa_tamako,4,1012,北白川玉子(玉子市场)
1432652,jack-o'_valentine,4,1012,Jack-O' Valentine(罪恶装备)
252261,godzilla,4,1012,哥斯拉(哥斯拉)
657791,cure_happy,4,1010,快乐天使(光之美少女)
480039,manabe_nodoka,4,1009,真锅和(K-ON!)
713607,sawa_azusa,4,1009,泽梓(K-ON!)
539676,taneshima_popura,4,1008,种岛白杨(迷糊餐厅)
1340376,murata_himeko,4,1008,无量塔姬子(崩坏3)
1442307,ichigo_(darling_in_the_franxx),4,1007,莓(DARLING in the FRANXX)
1660762,new_jersey_(azur_lane),4,1007,新泽西(碧蓝航线)
383404,ibuki_fuuko,4,1006,伊吹风子(CLANNAD)
376441,arle_nadja,4,1006,亚露·娜迦(噗哔啵)
431436,momo_velia_deviluke,4,1006,梦梦·贝莉雅·戴比路克(出包王女)
628849,yuuki_(sao),4,1006,优纪(刀剑神域)
1489740,aki_rosenthal,4,1006,亚琦·罗森塔尔(hololive)
472784,japan_(hetalia),4,1005,日本(黑塔利亚)
1459805,yukoku_kiriko,4,1005,雪国切子(忍者杀手)
1611382,pavolia_reine,4,1005,Pavolia Reine(hololive)
1701951,arataki_itto,4,1005,荒泷一斗(原神)
461883,chikorita,4,1004,菊草叶(宝可梦)
487246,araragi_karen,4,1004,阿良良木火怜(物语系列)
1600590,haruka_(blue_archive),4,1004,遥(碧蓝档案)
423041,rouge_the_bat,4,1003,露姬(索尼克)
1496206,kuzuha_(nijisanji),4,1003,葛叶(NIJISANJI)
1754603,mio_(xenoblade),4,1003,弥央(异度神剑)
657794,cure_march,4,1001,三月天使(光之美少女)
664614,ryuzaki_kaoru,4,1001,龙崎薰(偶像大师)
1275005,ousaka_shizuku,4,1001,大坂诗织(偶像大师)
1783064,miyamoto_musashi_(swimsuit_berserker)_(second_ascension)_(fate),4,1001,宫本武藏(泳装狂战士)(第二再临)(Fate)
594282,cure_melody,4,1000,旋律天使(光之美少女)
688703,miia_(monster_musume),4,999,米亚(魔物娘的同居日常)
1560517,utage_(arknights),4,998,宴(明日方舟)
1323324,yuna_(ff10),4,994,尤娜(最终幻想X)
1404598,ilulu_(maidragon),4,994,伊露露(小林家的龙女仆)
1479271,rengoku_kyoujurou,4,994,炼狱杏寿郎(鬼灭之刃)
1706188,ame-chan_(needy_girl_overdose),4,994,阿酱(主播女孩重度依赖)
286,kooh,4,993,库珥修(Re:从零开始的异世界生活)
439615,misaka_imouto,4,993,御坂妹妹(魔法禁书目录)
691588,pit_(kid_icarus),4,993,皮特(光神话)
534615,tails_(sonic),4,993,塔尔斯(索尼克)
12095,aozaki_aoko,4,992,苍崎青子(月姬)
1257905,shirayuki_hime,4,992,白雪公主(童话)
1767936,cu_chulainn_alter_(fate),4,992,库·丘林〔Alter〕(Fate)
717540,yotsuba_alice,4,991,四叶爱丽丝(碧蓝档案)
1933174,shirogane_noel_(1st_costume),4,991,白上吹雪(1st服装)(Hololive)
1567150,kusanagi_nene,4,989,草薙宁宁(碧蓝档案)
1783170,meltryllis_(swimsuit_lancer)_(first_ascension)_(fate),4,988,梅尔特莉莉丝(泳装枪兵)(第一再临)(Fate)
1967582,justice_task_force_member_(blue_archive),4,988,正义实现委员会成员(碧蓝档案)
1569872,yuuki_(princess_connect!),4,987,优衣(公主连结)
2026878,ishmael_(project_moon),4,987,以实玛利(边狱巴士)
12093,tohno_shiki,4,986,远野志贵(月姬)
1554751,damian_desmond,4,986,达米安·德斯蒙德(间谍过家家)
1567152,kamishiro_rui,4,986,神代类(世界计划)
533538,hisui_(tsukihime),4,985,翡翠(月姬)
482492,tendou_akane,4,985,天道茜(乱马1/2)
420074,izayoi_aki,4,985,十六夜秋(游戏王5D's)
2026769,employee_(project_moon),4,985,员工(边狱巴士)
381743,yumehara_nozomi,4,984,梦原希(Yes!光之美少女5)
1515002,aisha_landar,4,984,艾莎·兰达尔(碧蓝航线)
1387746,yuri_plisetsky,4,984,尤里·普利赛提(冰上的尤里)
1405056,lion_(kemono_friends),4,983,狮子(兽娘动物园)
1560591,yui_(princess_connect!),4,983,由依(公主连结)
1285682,iroha_(samurai_spirits),4,982,色(侍魂)
1627134,euryale_(fate),4,981,尤瑞艾莉(Fate)
1254335,marie_rose,4,980,玛丽·萝丝(死或生)
1435684,merlin_(fate/prototype),4,979,梅林(Fate/Prototype)
676594,lulu_(league_of_legends),4,978,璐璐(英雄联盟)
1222099,nanao_yuriko,4,976,七尾百合子(偶像大师)
1290263,danua,4,976,达努亚(碧蓝幻想)
1631002,hornet_(kancolle),4,975,大黄蜂(舰队Collection)
1319289,kasaki_nozomi,4,973,风野望(偶像大师)
1456824,nekomusume_(gegege_no_kitarou_6),4,972,猫娘(鬼太郎6)
1629433,annie_leonhart,4,972,阿尼·利昂纳德(进击的巨人)
50896,pichu,4,971,皮丘(宝可梦)
438937,spider-man,4,970,蜘蛛侠(漫威)
1571004,shibuya_kanon,4,970,涩谷花音(偶像大师)
1303902,miss_cloud,4,969,云小姐(明日方舟)
665521,ogata_chieri,4,968,尾形千里(偶像大师)
1572068,cerberus_(helltaker),4,968,刻耳柏洛斯(Helltaker)
1700488,enna_alouette,4,968,恩娜·阿鲁艾特(NIJISANJI)
420577,shampoo_(ranma_1/2),4,967,珊璞(乱马1/2)
472787,united_kingdom_(hetalia),4,967,亚瑟·柯克兰(黑塔利亚)
663434,kohinata_miho,4,967,小日向美穗(偶像大师)
401814,saotome_alto,4,966,早乙女阿尔特(超时空要塞F)
662826,himejima_akeno,4,966,姬岛朱乃(恶魔高校DxD)
1762549,mordred_(memories_at_trifas)_(fate),4,966,莫德雷德(Fate)
1472931,y'shtola_rhul,4,965,雅·修特拉(最终幻想14)
1566256,captain_(kemono_friends),4,964,船长(兽娘动物园)
1243506,magical_ruby,4,963,魔法红宝石(魔法少女奈叶)
655527,kayneth_el-melloi_archibald,4,963,肯尼斯·艾尔梅洛伊·阿其波卢德(Fate)
664381,mukai_takumi,4,963,向井拓海(偶像大师)
1311289,lyria_(granblue_fantasy),4,963,露莉亚(碧蓝幻想)
1955327,miyako_(swimsuit)_(blue_archive),4,963,都子(泳装)(碧蓝档案)
397841,ganondorf,4,962,加农多夫(塞尔达传说)
1630481,amagi_(kancolle),4,962,天城(舰队Collection)
1792537,zabaniyya_(housamo),4,962,扎巴尼耶(东京放课后)
1246021,momoe_nagisa,4,961,百江渚(魔法少女小圆)
557902,priest_(ragnarok_online),4,959,服事(仙境传说)
520564,lucy_heartfilia,4,959,露西·哈特菲利亚(妖精的尾巴)
428825,narancia_ghirga,4,958,纳兰迦·吉尔卡(JOJO的奇妙冒险)
444532,maka_albarn,4,958,玛嘉·亚尔班(噬魂师)
618134,karina_lyle,4,958,卡莉娜·莱尔(机动战士高达00)
1631297,samuel_b._roberts_(kancolle),4,957,塞缪尔·B·罗伯茨(舰队Collection)
1665128,gorou_(genshin_impact),4,957,五郎(原神)
1473353,arthur_pendragon_(fate),4,956,亚瑟·潘德拉贡(Fate)
1373495,airfield_princess,4,955,空母栖姬(舰队Collection)
610702,oktavia_von_seckendorff,4,954,奥克塔维亚·冯·西肯多夫(魔法少女小圆)
1704666,natsu_(blue_archive),4,954,夏(碧蓝档案)
1754602,eunie_(xenoblade),4,954,优妮(异度神剑3)
87516,cure_white,4,952,雪天使(光之美少女)
11488,sol_badguy,4,952,索尔·巴德盖(罪恶装备)
508153,okabe_rintarou,4,952,冈部伦太郎(命运石之门)
877404,yokoyama_nao,4,952,横山奈绪(偶像大师)
399324,vash_the_stampede,4,951,法修·史丹比特(枪神)
376579,katsura_hinagiku,4,951,桂雏菊(旋风管家)
1594498,alice_zuberg,4,951,爱丽丝·滋贝鲁库(刀剑神域)
1630548,commandant_teste_(kancolle),4,951,测试指挥官(舰队Collection)
1461094,shizuka_rin,4,951,静香凛(偶像大师)
1478614,wakan_tanka,4,951,瓦坎坦卡(碧蓝档案)
1476820,yozora_mel,4,951,夜空梅尔(VTuber)
536053,ghost_(modern_warfare_2),4,950,幽灵(使命召唤：现代战争2)
1345441,asahina_mirai,4,950,朝比奈未来(偶像大师)
1933128,tsunomaki_watame_(1st_costume),4,949,角卷绵芽(1st服装)(Hololive)
1572332,helltaker_(character),4,949,地狱征服者(地狱征服者)
712653,kondou_taeko,4,948,近藤妙子(偶像大师)
1407120,humboldt_penguin_(kemono_friends),4,948,洪堡企鹅(兽娘动物园)
1545097,cinderace,4,948,闪焰王牌(宝可梦)
7587,toudou_shimako,4,947,藤堂志摩子(圣母在上)
456946,assassin_(fate/zero),4,947,Assassin(Fate/Zero)
465401,ten'ou_haruka,4,946,天王遥(美少女战士)
16210,lenna_charlotte_tycoon,4,946,蕾娜·夏洛特·泰肯(最终幻想)
1672682,type_95_(girls'_frontline),4,946,95式(少女前线)
1544890,allister_(pokemon),4,945,欧尼奥(宝可梦)
1626859,tsubaki_(blue_archive),4,945,椿(碧蓝档案)
616166,caitlyn_(league_of_legends),4,944,凯特琳(LOL)
1676518,thoma_(genshin_impact),4,943,托马(原神)
1600181,ness_(mother_2),4,941,奈斯(地球冒险2)
416104,eva_02,4,941,EVA二号机(EVA)
850878,gwen_stacy,4,941,格温·史黛西(蜘蛛侠)
425936,doujima_nanako,4,940,堂岛菜菜子(女神异闻录)
1631110,kinu_(kancolle),4,940,鬼怒(舰C)
1631290,sagiri_(kancolle),4,940,狭雾(舰C)
1597904,shishio_chris,4,940,狮城克里斯(偶像大师)
396114,lei_lei,4,939,蕾蕾(东方)
1337528,aki_(girls_und_panzer),4,939,秋(少女与战车)
1408885,dhole_(kemono_friends),4,939,豺(兽娘动物园)
1672711,suomi_(girls'_frontline),4,938,Suomi(少女前线)
1439979,graf_zeppelin_(azur_lane),4,938,齐柏林伯爵(碧蓝航线)
1644979,air_shakur_(umamusume),4,937,爱慕织姬(赛马娘)
384609,tony_tony_chopper,4,935,托尼托尼·乔巴(海贼王)
1272916,kageyama_shigeo,4,935,影山茂夫(灵能百分百)
1886278,corrin_(male)_(fire_emblem),4,935,神威(男)(火焰纹章)
1631288,sado_(kancolle),4,935,佐渡(舰C)
1769566,moe_(blue_archive),4,935,萌(碧蓝档案)
16119,star_platinum,4,934,白金之星(JOJO的奇妙冒险)
536735,yuuki_juudai,4,934,游城十代(游戏王)
503373,furudo_erika,4,934,古户绘梨花(海猫鸣泣之时)
1444059,hammann_(azur_lane),4,934,哈曼(碧蓝航线)
466281,phoenix_wright,4,933,成步堂龙一(逆转裁判)
1240487,yusa_kozue,4,933,游佐梢(偶像大师)
1886303,alear_(female)_(fire_emblem),4,933,琉尔(女)(火焰纹章)
471218,aragaki_ayase,4,932,新垣绫濑(我的妹妹不可能那么可爱)
615130,anjou_naruko,4,932,安城鸣子(我们仍未知道那天所看见的花的名字)
672299,oshino_ougi,4,932,忍野扇(物语系列)
1344498,vane_(granblue_fantasy),4,932,范恩(碧蓝幻想)
2061496,sakura_miko_(casual),4,931,樱巫女(日常)(Hololive)
1815153,mitaka_asa,4,931,三鹰朝(链锯人)
1335159,sugimoto_saichi,4,929,杉元佐一(黄金神威)
1367142,litten,4,929,火斑喵(宝可梦)
1597903,ryugasaki_rene,4,928,龙崎怜(偶像大师)
1530334,yorumi_rena,4,927,夜海玲奈(偶像大师)
1592675,bianca_(dq5),4,926,比安卡(勇者斗恶龙5)
254440,kirlia,4,926,奇鲁莉安(宝可梦)
471221,kousaka_kyousuke,4,926,高坂京介(我的妹妹不可能那么可爱)
547417,sugiura_ayano,4,926,杉浦绫乃(摇曳百合)
1835548,reisa_(blue_archive),4,926,丽萨(碧蓝档案)
1955322,miyu_(swimsuit)_(blue_archive),4,926,美游(泳装)(碧蓝档案)
487224,kanbaru_suruga,4,925,神原骏河(物语系列)
1630493,aquila_(kancolle),4,924,天鹰(舰队Collection)
1480638,nadia_la_arwall,4,923,娜迪亚·拉·阿尔瓦尔(蓝宝石之谜)
388724,lala_satalin_deviluke,4,923,拉拉·萨塔琳·戴比路克(出包王女)
434747,kira_yoshikage,4,923,吉良吉影(JOJO的奇妙冒险)
1235294,kurokawa_eren,4,922,黑川惠莲(偶像大师)
1443093,zundamon,4,922,ずんだもん(东北俊子)
1631590,basil_(omori),4,922,巴兹尔(OMORI)
1670429,aegir_(azur_lane),4,922,埃吉尔(碧蓝航线)
473288,sister_claire,4,921,克蕾雅修女(恶魔幸存者2)
1439987,cleveland_(azur_lane),4,920,克利夫兰(碧蓝航线)
1587911,tomimi_(arknights),4,920,特米米(明日方舟)
16208,faris_scherwiz,4,919,法莉丝·夏尔维兹(命运石之门)
1688938,vira_(granblue_fantasy),4,919,维拉(碧蓝幻想)
1369698,hau_(pokemon),4,919,哈乌(宝可梦)
1931557,ookami_mio_(3rd_costume),4,919,大神澪(3rd服装)(Hololive)
1727047,crystalfly_(genshin_impact),4,918,晶蝶(原神)
701389,sonia_nevermind,4,917,索尼娅·内弗曼德(弹丸论破)
1275716,hatsuharu_(kancolle),4,917,初春(舰队Collection)
4858,chocobo,4,916,陆行鸟(最终幻想)
606666,shindou_takuto,4,916,进藤拓人(网球王子)
1631170,matsuwa_(kancolle),4,916,松轮(舰C)
1578300,taihou_(enraptured_companion)_(azur_lane),4,916,大凤(碧蓝航线)
1505470,galo_thymos,4,915,加洛·蒂莫斯(普罗米亚)
717909,vi_(league_of_legends),4,914,蔚(LOL)
14685,kazama_asuka,4,913,风间飞鸟(铁拳)
620348,keith_goodman,4,912,基思·古德曼(火焰纹章)
1875916,tiki_(adult)_(fire_emblem),4,912,琪姬(成年)(火纹)
1654873,himemushi_momoyo,4,912,姬虫百百世(东方)
1263716,kiss-shot_acerola-orion_heart-under-blade,4,911,忍野忍(物语系列)
1257904,aino_megumi,4,909,相野芽久美(偶像大师)
1538828,ingrid_brandl_galatea,4,908,英格莉特·布兰尔·加雷提亚(火纹)
654784,lord_el-melloi_ii,4,907,埃尔梅罗二世(Fate)
1327418,maria_cadenzavna_eve,4,907,玛丽亚·卡登扎夫娜·伊芙(碧蓝航线)
1790618,froggy_nun_(diva),4,907,青蛙修女(Diva)
1279056,revy_(black_lagoon),4,906,蕾薇(黑礁)
1304226,hotarumaru,4,906,萤丸(刀剑乱舞)
1823213,arven_(pokemon),4,906,派帕(宝可梦)
1310847,hunter_(bloodborne),4,905,猎人(血源诅咒)
1386133,ogata_hyakunosuke,4,905,尾形百之助(黄金神威)
1572164,luma_(mario),4,904,琪琪(马里奥)
411757,roy_(fire_emblem),4,903,罗伊(火纹)
664518,kobayakawa_sae,4,903,小早川纱枝(偶像大师)
1270627,jouga_maya,4,903,城ヶ崎真耶(偶像大师)
1526525,jill_stingray,4,903,吉尔·斯特林格(赛博朋克)
890228,alisa_(girls_und_panzer),4,902,艾莉莎(少女与战车)
1412894,tsurumaki_kokoro,4,902,弦卷心(BanG Dream!)
1627523,bradamante_(fate),4,901,布拉达曼特(Fate)
1610738,island_fox_(kemono_friends),4,901,岛狐(兽娘动物园)
1478519,cu_chulainn_(caster)_(fate),4,899,库·丘林(Caster)(Fate)
1650598,mejiro_ardan_(umamusume),4,899,目白阿尔丹(赛马娘)
597426,eirika_(fire_emblem),4,898,艾瑞珂(火纹)
1933111,natsuiro_matsuri_(1st_costume),4,898,夏色祭(1st服装)(Hololive)
1763570,malenia_blade_of_miquella,4,898,玛莲妮亚(艾尔登法环)
1671353,tarnished_(elden_ring),4,898,褪色者(艾尔登法环)
1678878,la_pluma_(arknights),4,898,羽毛笔(明日方舟)
1468152,roboco-san,4,898,萝卜子(Hololive)
1637361,pyra_(pro_swimmer)_(xenoblade),4,897,焰(职业泳装)(异度神剑)
1630540,chiyoda_(kancolle),4,896,千代田(舰C)
1307315,konoe_kanata,4,896,近卫奏(偶像大师)
1929197,aris_(maid)_(blue_archive),4,896,爱丽丝(女仆装)(碧蓝档案)
1631178,mikazuki_(kancolle),4,895,三日月(舰C)
1386435,yumeno_himiko,4,895,梦野日美子
1934875,amami_rantaro,4,894,天海兰太郎
1439994,akashi_(azur_lane),4,894,明石(碧蓝航线)
1780229,iori_(swimsuit)_(blue_archive),4,894,伊织(泳装)(碧蓝档案)
414192,rx-78-2,4,893,RX-78-2
1235700,seiren_(suite_precure),4,892,青涟(Suite 光之美少女)
666040,takamori_aiko,4,892,高森爱子
1394776,acerola_(pokemon),4,892,阿塞萝拉(宝可梦)
1976777,mococo_abyssgard_(1st_costume),4,892,莫可可·阿比斯加德(1st服装)
1504965,hagoromo_lala,4,891,羽衣拉拉
2026899,sinclair_(project_moon),4,891,辛克莱(边狱巴士)
457596,diego_brando,4,890,迪亚哥·布兰度
631826,sans,4,890,Sans
1390755,cosmog,4,890,科斯莫古(宝可梦)
1533411,neo_politan,4,889,Neopolitan
1734145,ling_(arknights),4,889,令(明日方舟)
14172,rainbow_mika,4,888,彩虹米卡
2061500,shirogane_noel_(casual),4,888,白银诺艾尔(便服)
2068458,nekomata_okayu_(oversized_shirt),4,888,猫又小粥(大号衬衫)
1976776,fuwawa_abyssgard_(1st_costume),4,887,芙瓦瓦·阿比斯加德(1st服装)
409295,zack_fair,4,886,扎克斯·菲尔
662499,nibutani_shinka,4,886,丹生谷森夏
1631235,nenohi_(kancolle),4,886,子日(舰C)
1789595,saijo_juri,4,886,西城树里
1538147,sukoya_kana,4,886,周防花奈
176585,yamagishi_fuuka,4,885,山岸风花
765367,chrom_(fire_emblem),4,885,库洛姆(火焰纹章)
2021808,kikyou_(blue_archive),4,885,桔梗(碧蓝档案)
400139,kaiou_michiru,4,884,海王满
621741,nyarlathotep_(nyaruko-san),4,884,奈亚拉托提普(潜行吧！奈亚子)
2004297,yang_guifei_(second_ascension)_(fate),4,884,杨贵妃(第二再临)(Fate)
1258956,anna_(frozen),4,883,安娜(冰雪奇缘)
1679660,ibuki_(blue_archive),4,883,伊吹(碧蓝档案)
16001,iwakura_lain,4,882,岩仓玲音
1311252,fighter_(granblue_fantasy),4,882,格斗家(碧蓝幻想)
1378272,alolan_vulpix,4,881,阿罗拉六尾(宝可梦)
726764,sakura_chiyo,4,880,佐仓千代
1522437,feater_(arknights),4,880,食铁兽(明日方舟)
1586655,eunectes_(arknights),4,880,森蚺(明日方舟)
657795,cure_sunny,4,879,Cure Sunny(微笑光之美少女)
378592,usada_hikaru,4,878,兔田光
552918,kaine_(nier),4,877,凯宁(尼尔)
1933146,ookami_mio_(1st_costume),4,877,大神澪(1st服装)
717114,kasumigaoka_utaha,4,876,霞之丘诗羽
2026828,don_quixote_(project_moon),4,876,堂吉诃德(边狱巴士)
693559,ingo_(pokemon),4,875,洋葱(宝可梦)
708151,kido_tsubomi,4,875,木户蕾
662005,mifune_miyu,4,875,三船美优
1277846,isshiki_iroha,4,875,一色伊吕波
1386439,iruma_miu,4,875,入间美兔
14899,yamamura_sadako,4,874,山村贞子
1816469,izuna_(swimsuit)_(blue_archive),4,874,伊豆奈(泳装)(碧蓝档案)
1211856,kiki_(majo_no_takkyuubin),4,873,琪琪(魔女宅急便)
623899,shirabe_ako,4,873,调边亚子
1680296,nagisa_(blue_archive),4,873,渚(碧蓝档案)
1822945,grusha_(pokemon),4,873,古鲁夏(宝可梦)
398745,lambdadelta,4,872,拉姆达戴露塔
467599,takoluka,4,872,塔可露卡
1275714,arare_(kancolle),4,872,霰(舰C)
1630704,harukaze_(kancolle),4,872,春风(舰C)
1205702,kirishima_touka,4,871,雾岛董香
1521268,yoshizawa_kasumi,4,871,芳泽霞
1630508,asakaze_(kancolle),4,870,朝风(舰C)
524044,gekota,4,869,格科塔
1439976,kisaragi_(azur_lane),4,869,如月(碧蓝航线)
1933167,mori_calliope_(1st_costume),4,869,森美声(1st服装)
1728033,keqing_(opulent_splendor)_(genshin_impact),4,869,刻晴(华饰之剑)(原神)
487247,araragi_tsukihi,4,868,阿良良木月火
1630999,hiyou_(kancolle),4,868,飞鹰(舰C)
8711,prinny,4,867,普利尼
1782427,bb_(swimsuit_mooncancer)_(second_ascension)_(fate),4,867,BB(泳装月癌)(第二再临)(Fate)
1904758,katsuragi_ace_(umamusume),4,867,葛城王牌(赛马娘)
390798,eva_01,4,866,EVA初号机
1270628,natsu_megumi,4,866,夏目惠
422413,altaria,4,865,七夕青鸟
455510,cure_peach,4,865,Cure Peach(光之美少女)
1667168,dinergate_(girls'_frontline),4,865,兵蚁(少女前线)
1441570,natsuki_(doki_doki_literature_club),4,865,夏树(心跳文学部)
1791907,utsumi_erice,4,865,宇津见艾莉丝(Fate)
1551985,sirius_(azure_horizons)_(azur_lane),4,865,天狼星(碧蓝航线)
668055,kohinata_miku,4,864,小日向未来(偶像大师)
1667171,g36_(girls'_frontline),4,864,G36(少女前线)
1152270,ibuki_tsubasa,4,863,伊吹翼(偶像大师)
1379601,guzma_(pokemon),4,863,古兹马(宝可梦)
1631405,tanikaze_(kancolle),4,862,谷风(舰队Collection)
1768617,scathach_(piercing_bunny)_(fate),4,862,斯卡哈(穿刺兔女郎)(Fate)
602083,laura_bodewig,4,861,劳拉·博德维希(无限斯特拉托斯)
588022,cecilia_alcott,4,860,塞西莉亚·奥尔科特(无限斯特拉托斯)
1304346,yagen_toushirou,4,860,药研藤四郎(刀剑乱舞)
1536980,zara_(poolside_coincidence)_(azur_lane),4,860,扎拉(泳池邂逅)(碧蓝航线)
1786499,artoria_caster_(second_ascension)_(fate),4,860,阿尔托莉雅·卡斯特(第二再临)(Fate)
2063323,amane_kanata_(work),4,860,天音彼方(hololive)
606793,alastor_(shakugan_no_shana),4,859,阿拉斯托尔(灼眼的夏娜)
1267895,ayane_(doa),4,859,绫音(死或生)
491993,chibi_miku,4,859,小初音未来(VOCALOID)
1408788,brown_bear_(kemono_friends),4,859,棕熊(兽娘动物园)
1579297,male_doctor_(arknights),4,858,男性博士(明日方舟)
1933145,takane_lui_(1st_costume),4,858,鹰岭露依(1st服装)(hololive)
1667232,rpk-16_(girls'_frontline),4,857,RPK-16(少女前线)
16164,celes_chere,4,856,塞莱斯·谢尔(最终幻想)
452145,miyanaga_saki,4,856,宫永咲(天才麻将少女)
1124739,angela_balzac,4,856,安吉拉·巴尔扎克(天使的3P!)
382135,reinforce_zwei,4,855,琳芙斯II(魔法少女奈叶)
542843,nina_(fire_emblem),4,855,尼娜(火焰纹章)
1462595,andira_(granblue_fantasy),4,855,安迪拉(碧蓝幻想)
1755026,fujimaru_ritsuka_(male)_(polar_chaldea_uniform),4,855,藤丸立香(男性)(极地迦勒底制服)(Fate)
1535101,azki_(hololive),4,855,AZKi(hololive)
1569874,yuni_(princess_connect!),4,855,优妮(公主连结Re:Dive)
1441207,soap_(modern_warfare_2),4,854,肥皂(使命召唤：现代战争2)
700633,ene_(kagerou_project),4,854,ENE(阳炎Project)
1527238,kiran_(fire_emblem),4,854,琪姬(火焰纹章)
410025,cinnamoroll,4,853,玉桂狗(三丽鸥)
1227600,mochizuki_anna,4,853,望月杏奈(偶像大师)
1680386,senji_muramasa_(fate),4,853,千子村正(Fate)
1578189,atago_(stunning_speedster)_(azur_lane),4,853,爱宕(极速之星)(碧蓝航线)
1522750,projekt_red_(arknights),4,853,红(明日方舟)
1261730,elesis_(elsword),4,852,艾索德(艾尔之光)
445930,lapras,4,851,拉普拉斯(宝可梦)
1631293,sakawa_(kancolle),4,851,佐川(舰C)
439179,mohammed_avdol,4,850,穆罕默德·阿布德尔(JOJO的奇妙冒险)
1527683,yamper,4,850,来电汪(宝可梦)
1549856,frostnova_(arknights),4,850,霜星(明日方舟)
664406,natalia_(idolmaster),4,849,娜塔莉亚(偶像大师)
1404427,tsuchinoko_(kemono_friends),4,849,土龙(兽娘动物园)
1416553,maruyama_aya,4,849,丸山彩(BanG Dream!)
1799498,akane_(bunny)_(blue_archive),4,849,茜(兔女郎)(碧蓝档案)
2069617,ako_(dress)_(blue_archive),4,849,亚子(连衣裙)(碧蓝档案)
409649,gon_freecss,4,848,小杰·富力士(全职猎人)
652455,maou_(maoyuu),4,848,魔王(魔王勇者)
668312,senkawa_chihiro,4,847,千川千寻(偶像大师)
1667202,kalina_(girls'_frontline),4,847,卡莉娜(少女前线)
1755030,fujimaru_ritsuka_(female)_(polar_chaldea_uniform),4,847,藤丸立香(女)(极地迦勒底制服)(Fate)
1924186,kirara_(genshin_impact),4,847,绮良良(原神)
1505029,leonardo_da_vinci_(rider)_(fate),4,846,莱昂纳多·达·芬奇(Rider)(Fate)
1962907,navia_(genshin_impact),4,846,娜维娅(原神)
1665104,sayu_(genshin_impact),4,845,早柚(原神)
1663193,white_rabbit_(alice_in_wonderland),4,844,白兔(爱丽丝梦游仙境)
1490217,homu_(honkai_impact),4,844,吼姆(崩坏3)
1533069,rhea_(fire_emblem),4,844,蕾雅(火焰纹章)
1643937,sunny_(omori),4,844,Sunny(OMORI)
1644967,el_condor_pasa_(umamusume),4,843,神鹰(赛马娘)
1716063,soraka_(league_of_legends),4,842,索拉卡(英雄联盟)
1452675,achilles_(fate),4,842,阿喀琉斯(Fate)
1335210,chara_(undertale),4,841,Chara(传说之下)
550369,lightning_farron,4,840,雷霆·法隆(最终幻想)
1591026,pneuma_(xenoblade),4,840,Pneuma(异度神剑)
1419237,tanned_cirno,4,839,晒黑琪露诺(东方)
555676,makoto_(street_fighter),4,838,真琴(街头霸王)
545377,pannacotta_fugo,4,838,潘纳科达·福葛(JOJO的奇妙冒险)
445934,jolteon,4,838,雷伊布(宝可梦)
1232143,titan_(shingeki_no_kyojin),4,837,巨人(进击的巨人)
1276392,otokura_yuuki,4,837,音仓优希(偶像大师)
1471118,roon_(azur_lane),4,837,罗恩(碧蓝航线)
1861329,cheval_grand_(umamusume),4,837,骏川手纲(赛马娘)
879608,toyokawa_fuka,4,836,丰川风花(偶像大师)
1370113,sylphiette_(mushoku_tensei),4,836,希露菲叶特(无职转生)
956365,mew_(pokemon),4,835,梦幻(宝可梦)
422506,erika_(pokemon),4,835,莉佳(宝可梦)
1440255,yuudachi_(azur_lane),4,835,夕立(碧蓝航线)
1441519,bismarck_(azur_lane),4,835,俾斯麦(碧蓝航线)
1686891,friend_(nanashi_mumei),4,835,朋友(Nanashi Mumei)
1875918,tiki_(young)_(fire_emblem),4,834,琪姬(幼年)(火焰纹章)
1423996,asaka_karin,4,834,浅香花铃
1573721,st._louis_(luxurious_wheels)_(azur_lane),4,834,圣路易斯(奢华轮盘)(碧蓝航线)
14431,kurapika,4,833,酷拉皮卡
708150,kano_shuuya,4,833,狩野朱
1764563,fiammetta_(arknights),4,833,菲亚梅塔(明日方舟)
1992651,hoshimachi_suisei_(school_uniform),4,833,星街彗星(校服)
1644972,maruzensky_(umamusume),4,833,丸善斯基(赛马娘)
9881,meer_campbell,4,832,米尔·坎贝尔
1761331,fuecoco,4,832,呆火鳄
1862559,meowscarada,4,832,魔幻假面喵
1644966,biwa_hayahide_(umamusume),4,832,琵琶晨光(赛马娘)
1239636,inumuta_houka,4,832,犬牟田宝火
1933176,oozora_subaru_(1st_costume),4,831,大空昴(1st服装)
1933194,omaru_polka_(1st_costume),4,831,尾丸波尔卡(1st服装)
1972681,koseki_bijou,4,831,古石碧珠
1405054,caracal_(kemono_friends),4,830,狞猫(兽娘动物园)
428827,trish_una,4,829,特莉丝·乌纳
1399945,tanya_degurechaff,4,829,谭雅·冯·提古雷查夫
2018079,vert_(neptunia),4,828,贝露(海王星)
684942,garry_(ib),4,828,加里(IB)
1631262,perth_(kancolle),4,828,珀斯(舰队Collection)
1629426,mysterious_heroine_x_(fate),4,827,神秘女主角X(Fate)
1251661,mega_gardevoir,4,827,超级沙奈朵
1441569,yuri_(doki_doki_literature_club),4,827,优里(心跳文学部)
14169,ken_masters,4,826,肯·马斯特斯
445931,ditto,4,826,百变怪
1229733,mogami_shizuka,4,826,最上静香
1565907,seele_(alter_ego),4,826,希儿(Alter Ego)
1631233,nelson_(kancolle),4,826,纳尔逊(舰队Collection)
1784572,abigail_williams_(swimsuit_foreigner)_(third_ascension)_(fate),4,826,阿比盖尔·威廉姆斯(泳装Foreigner)(第三再临)(Fate)
1630639,enemy_naval_mine_(kancolle),4,825,敌方水雷(舰队Collection)
1456294,admiral_graf_spee_(azur_lane),4,825,斯佩伯爵海军上将(碧蓝航线)
713599,koyama_yuzu,4,824,小山柚子
1479269,tomioka_giyuu,4,824,富冈义勇
1374967,agatsuma_zenitsu,4,823,我妻善逸
722479,fennekin,4,822,火狐狸
1627556,edmond_dantes_(fate),4,822,爱德蒙·唐泰斯(Fate)
1421068,miyashita_ai,4,822,宫下爱
1668461,kaf_(kamitsubaki_studio),4,822,花谱(KAMITSUBAKI STUDIO)
11594,lina_inverse,4,821,莉娜·因巴斯
538729,cure_moonlight,4,821,月光天使
611796,litwick,4,821,烛光灵
1337529,mikko_(girls_und_panzer),4,821,三子(少女与战车)
1629302,gawain_(fate),4,820,高文(Fate)
1766600,abigail_williams_(third_ascension)_(fate),4,820,阿比盖尔·威廉姆斯(第三阶段)(Fate)
1765868,jeanne_d'arc_alter_(avenger)_(third_ascension)_(fate),4,819,贞德〔Alter〕(Avenger)(第三阶段)(Fate)
439342,taokaka,4,818,桃卡卡
462517,yamabuki_inori,4,818,山吹祈里
507427,anegasaki_nene,4,818,姉崎宁宁
1353706,mumei_(kabaneri),4,818,无名(甲铁城的卡巴内利)
1820726,hokko_tarumae_(umamusume),4,818,宝冢樽前(赛马娘)
396395,naoe_riki,4,817,直江理己
1302247,sawamura_spencer_eriri,4,817,泽村·斯宾塞·英梨梨
622721,korra,4,816,科拉
1305340,morgana_(persona_5),4,816,摩尔加纳(女神异闻录5)
1405052,moose_(kemono_friends),4,816,驼鹿(兽娘动物园)
2026816,yi_sang_(project_moon),4,815,以桑(边狱巴士)
16312,tenjou_utena,4,814,天上欧蒂娜
445911,magnemite,4,813,小磁怪
1293670,yamada_elf,4,813,山田妖精
1979031,pekomon_(usada_pekora),4,813,佩可萌(兔田佩克拉)
1730677,bronya_zaychik_(silverwing:_n-ex),4,813,布洛妮娅·扎伊切克(银狼：N-EX)
1719451,crow_(la+_darknesss),4,813,乌鸦(LA+ Darknesss)
506315,yumeko_(touhou),4,812,梦子(东方Project)
1229736,satake_minako,4,812,佐竹美奈子
1522438,ushizaki_urumi,4,812,牛崎润美
1630689,grecale_(kancolle),4,812,格雷卡尔(舰C)
1626332,saga_(arknights),4,812,嵯峨(明日方舟)
426520,waddle_dee,4,811,瓦豆鲁迪
1626978,reisen_(touhou_bougetsushou),4,811,铃仙(东方儚月抄)
664499,hino_akane_(idolmaster),4,811,日野茜(偶像大师)
1768610,saber_alter_(ver._shinjuku_1999)_(fate),4,811,Saber Alter(新宿1999版)(Fate)
1567156,aoyagi_touya,4,811,青柳冬弥
693236,ibuki_(street_fighter),4,810,伊吹(街头霸王)
390231,raichu,4,810,雷丘
1304942,female_saniwa_(touken_ranbu),4,810,女审神者(刀剑乱舞)
1972284,ado_(utaite),4,810,Ado(唱见)
410735,mewtwo,4,808,超梦(宝可梦)
790426,ara_haan,4,808,Ara Haan(艾尔之光)
1398095,hinatsuru_ai,4,808,日鹤爱
8330,hoshino_ruri,4,807,星野琉璃(机动战舰)
516743,lance_(pokemon),4,807,渡(宝可梦)
1452666,brynhildr_(fate),4,807,布伦希尔德(Fate)
382266,teana_lanster,4,806,蒂雅娜·兰斯特(魔法少女奈叶)
1931458,jingliu_(honkai:_star_rail),4,806,镜流(星穹铁道)
445938,snorlax,4,805,卡比兽(宝可梦)
1631348,shinshuu_maru_(kancolle),4,805,信州丸(舰C)
1567155,shinonome_akito,4,805,东云彰人(Project SEKAI)
1599618,whislash_(arknights),4,805,鞭刃(明日方舟)
1693037,le_malin_(listless_lapin)_(azur_lane),4,805,勒马尔(碧蓝航线)
605494,filia_(skullgirls),4,804,菲莉亚(骷髅女孩)
712651,isobe_noriko,4,804,矶边典子(少女与战车)
1933214,hakos_baelz_(1st_costume),4,804,Hakos Baelz(1st服装)(Hololive)
1790199,copano_rickey_(umamusume),4,804,小林历奇(赛马娘)
406554,latias,4,803,拉帝亚斯(宝可梦)
1240058,hange_zoe,4,803,韩吉·佐耶(进击的巨人)
1374971,female_protagonist_(pokemon_go),4,803,女主角(Pokémon GO)
1555021,sei_shounagon_(fate),4,803,清少纳言(Fate)
680146,mary_(ib),4,802,玛丽(IB)
1782491,oberon_(third_ascension)_(fate),4,802,奥伯龙(第三再临)(Fate)
1388311,elizabeth_bathory_(brave)_(fate),4,801,伊丽莎白·巴托里(勇者)(Fate)
1822926,penny_(pokemon),4,801,妮莫(宝可梦)
11683,optimus_prime,4,801,擎天柱(变形金刚)
1720787,lyney_(genshin_impact),4,800,林尼(原神)
1764432,jeanne_d'arc_(third_ascension)_(fate),4,799,贞德(第三再临)(Fate)
1682885,atsuko_(blue_archive),4,798,敦子(碧蓝档案)
935917,hakurei_reimu_(pc-98),4,797,博丽灵梦(PC-98)(东方)
1475191,aoba_moca,4,797,青叶摩卡(BanG Dream!)
1438842,emma_verde,4,797,艾玛·韦尔德(约定的梦幻岛)
1534451,amamiya_kokoro,4,797,天宫心(偶像大师)
381201,konpaku_youki,4,796,魂魄妖忌(东方)
1644985,gold_city_(umamusume),4,796,黄金城市(赛马娘)
1237385,akaboshi_koume,4,795,赤星小梅(偶像大师)
1346609,beatrix_(granblue_fantasy),4,795,贝阿特丽克斯(碧蓝幻想)
1600299,blemishine_(arknights),4,795,瑕光(明日方舟)
1648576,mejiro_palmer_(umamusume),4,795,目白帕默(赛马娘)
611797,chandelure,4,794,水晶灯火灵(宝可梦)
1627732,paul_bunyan_(fate),4,794,保罗·班扬(Fate)
410791,king_dedede,4,794,帝帝帝大王(星之卡比)
1259432,oomori_yuuko,4,793,大森祐子
1643064,goutokuji_mike,4,793,豪德寺三毛
464859,sailor_saturn,4,792,水手土星(美少女战士)
445834,hypno,4,791,催眠貘(宝可梦)
1782880,angela_(project_moon),4,791,安吉拉(边狱巴士)
1452662,suzuka_gozen_(fate),4,790,铃鹿御前(Fate)
387301,perona,4,789,佩罗娜(海贼王)
1401541,izayoi_liko,4,789,十六夜理子
1398812,kobayashi_(maidragon),4,789,小林(小林家的龙女仆)
1509649,uzaki_tsuki,4,789,宇崎月
1818873,kasumi_(blue_archive),4,789,霞(碧蓝档案)
1413408,small-clawed_otter_(kemono_friends),4,787,小爪水獭(兽娘动物园)
1584793,raiden_mei_(herrscher_of_thunder),4,786,雷电芽衣(雷之律者)
1441359,shoukaku_(azur_lane),4,785,翔鹤(碧蓝航线)
14491,i-no,4,784,伊诺(罪恶装备)
935914,kazami_yuuka_(pc-98),4,784,风见幽香(东方Project)
1306594,ichigo_hitofuri,4,784,草莓一振
1605833,klein_moretti,4,784,克莱恩·莫雷蒂
1631012,i-13_(kancolle),4,783,伊13(舰C)
1560765,bagpipe_(arknights),4,783,风笛(明日方舟)
1951813,mudrock_(elite_ii)_(arknights),4,783,泥岩(精英二)(明日方舟)
1785902,specter_the_unchained_(arknights),4,783,归溟幽灵鲨(明日方舟)
1627531,carmilla_(fate),4,782,卡米拉(Fate)
1675745,petra_gurin,4,782,佩特拉·古林
702015,matoi_(pso2),4,781,麻衣(梦幻之星Online2)
1631216,nagara_(kancolle),4,781,长良(舰C)
1645005,sakura_bakushin_o_(umamusume),4,781,樱花进王(赛马娘)
15724,riza_hawkeye,4,780,莉莎·霍克艾(钢之炼金术师)
601752,milla_maxwell,4,780,米拉·麦克斯韦
437875,takei_hisa,4,779,武井宏之
1462589,zooey_(granblue_fantasy),4,779,佐伊(碧蓝幻想)
1398097,sora_ginko,4,779,空银子
1615566,usa-chan_(idolmaster),4,778,兔兔(偶像大师)
1203675,melia_antiqua,4,778,梅莉亚·安提瓜
1277652,yuuri_(shoujo_shuumatsu_ryokou),4,778,尤莉(少女终末旅行)
1299400,haruno_haruka,4,778,春野遥
1420709,hadou_nejire,4,777,波动捻丽
1605354,guoba_(genshin_impact),4,777,锅巴(原神)
427882,bazett_fraga_mcremitz,4,776,巴泽特·弗拉加·麦克雷米兹(Fate)
566218,platinum_the_trinity,4,776,白金·崔尼蒂(碧蓝航线)
1541801,magallan_(arknights),4,776,麦哲伦(明日方舟)
1515003,rena_erindel,4,775,蕾娜·艾琳德尔(碧蓝航线)
1257345,harime_nui,4,775,针目缝(斩服少女)
1631249,okinami_(kancolle),4,775,冲波(舰C)
1249877,iori_rinko,4,774,伊织凛子(偶像大师)
2061468,oozora_subaru_(work),4,774,大空昴(Hololive)
1007211,hinata_hideki,4,773,日向秀树(Angel Beats!)
633080,takakura_himari,4,773,高仓阳毬(回转企鹅罐)
1441502,chito_(shoujo_shuumatsu_ryokou),4,773,千户(少女终末旅行)
1639099,naganami_kai_ni_(kancolle),4,773,长波改二(舰C)
1596254,razor_(genshin_impact),4,773,雷泽(原神)
1752650,narita_top_road_(umamusume),4,773,成田路(赛马娘)
16204,agrias_oaks,4,772,阿格莉亚斯·奥克斯(最终幻想战略版)
1249308,greninja,4,772,甲贺忍蛙(宝可梦)
2022005,manaka_laala,4,771,真中啦啦(偶像活动)
1783171,meltryllis_(swimsuit_lancer)_(second_ascension)_(fate),4,771,Meltryllis(泳装枪阶)(第二再临)(Fate)
2061491,gawr_gura_(casual),4,770,噶呜·古拉(便服)(Hololive)
1657407,blue_poison_(shoal_beat)_(arknights),4,769,蓝毒(浅滩律动)(明日方舟)
1794300,shikanoin_heizou,4,769,鹿野院平藏(原神)
1674016,manya_(dq4),4,768,玛妮亚(勇者斗恶龙4)
419659,rita_mordio,4,768,莉塔·莫迪欧(薄暮传说)
444238,drifloon,4,767,飘飘球(宝可梦)
1245116,ri-class_heavy_cruiser,4,767,Ri级重巡洋舰(舰C)
1480691,platelet_(hataraku_saibou),4,767,血小板(工作细胞)
1571593,tang_keke,4,766,唐可可(Love Live!)
1631231,natori_(kancolle),4,765,名取(舰C)
1631118,kishinami_(kancolle),4,765,岸波(舰C)
1524978,silverash_(arknights),4,765,银灰(明日方舟)
16323,char_aznable,4,764,夏亚·阿兹纳布尔(机动战士高达)
1265247,sato_shin,4,764,佐藤心(偶像大师)
432818,hirose_koichi,4,763,广濑康一(JOJO的奇妙冒险)
688953,igarashi_kyoko,4,763,五十岚响子(偶像大师)
1443050,zuikaku_(azur_lane),4,763,瑞鹤(碧蓝航线)
466150,yuri_sakazaki,4,762,坂崎百合(拳皇)
523901,shinonome_nano,4,762,东云奈野(偶像大师)
1449525,phosphophyllite_(ll),4,762,磷叶石(宝石之国)
1678851,mizuki_(arknights),4,762,水月(明日方舟)
1934879,k1-b0,4,761,K1-B0(新弹丸论破V3)
1432300,yatadera_narumi,4,761,八寺鸣海(八月的灰姑娘棒球队)
1623487,crypto_(apex_legends),4,761,幻象(Apex英雄)
1605817,stark_(sousou_no_frieren),4,761,斯塔克(葬送的芙莉莲)
1790903,lisbeth_(sao),4,760,莉兹贝特(刀剑神域)
1565905,bianka_durandal_ataegina,4,760,比安卡·幽兰黛尔·阿塔吉娜(崩坏3)
1954908,dan_heng_(imbibitor_lunae)_(honkai:_star_rail),4,760,丹恒·饮月(崩坏：星穹铁道)
14141,saotome_ranma,4,759,早乙女乱马(乱马1/2)
423092,dead_master,4,759,死亡大师(黑岩射手)
1685846,rei_(pokemon),4,759,玲(宝可梦)
1631060,janus_(kancolle),4,758,雅努斯(舰队Collection)
445904,gastly,4,757,鬼斯(宝可梦)
868605,todo_yurika,4,757,藤堂尤莉卡(偶像大师 闪耀色彩)
1572168,heanna_sumire,4,757,平安名堇(Love Live! Superstar!!)
1649138,heracles_(fate),4,756,赫拉克勒斯(Fate)
462002,flygon,4,756,沙漠蜻蜓(宝可梦)
1627797,wu_zetian_(fate),4,756,武则天(Fate)
1627167,stheno_(fate),4,755,斯忒诺(Fate)
7660,enma_ai,4,755,阎魔爱(地狱少女)
1644974,taiki_shuttle_(umamusume),4,755,大树快车(赛马娘)
450993,milotic,4,754,美纳斯(宝可梦)
13993,ky_kiske,4,753,凯·奇斯克(罪恶装备)
1781830,jeanne_d'arc_(swimsuit_archer)_(first_ascension)_(fate),4,753,贞德(泳装弓兵)(第一再临)(Fate)
2026818,faust_(project_moon),4,753,浮士德(边狱巴士)
1847558,layla_(genshin_impact),4,753,莱依拉(原神)
695974,roxie_(pokemon),4,753,霍米加(宝可梦)
410729,absol,4,752,阿勃梭鲁(宝可梦)
462261,nikka_edvardine_katajainen,4,752,妮卡·艾德瓦汀·卡塔雅南(少女与战车)
716715,cure_heart,4,752,爱天使(心跳！光之美少女)
1228013,regina_(dokidoki!_precure),4,751,蕾吉娜(心跳！光之美少女)
1631044,irako_(kancolle),4,751,伊良湖(舰队Collection)
2026869,hong_lu_(project_moon),4,751,鸿璐(边狱巴士)
400328,okita_sougo,4,750,冲田总悟(银魂)
466277,maya_fey,4,749,绫里真宵(逆转裁判)
8108,piccolo,4,748,比克(龙珠)
1281005,naomi_(girls_und_panzer),4,748,直美(少女与战车)
1646429,fukuda_haru,4,748,福田春(偶像大师 闪耀色彩)
15646,usopp,4,747,乌索普(海贼王)
449290,dragonite,4,747,快龙(宝可梦)
1304907,gokotai,4,747,Gokotai(舰队Collection)
1416572,nanami_yachiyo,4,747,七海八千代(魔法纪录)
1496591,nikaidou_saki,4,747,二阶堂咲(偶像大师)
1400058,satanichia_kurumizawa_mcdowell,4,745,萨塔妮亚·库鲁米泽瓦·麦克道威尔(珈百璃的堕落)
1405059,sand_cat_(kemono_friends),4,744,沙猫(兽娘动物园)
1790615,spicy_nun_(diva),4,744,辣妹修女(DIVA)
2003721,mori_calliope_(streetwear),4,743,森美声(街头风)
1885929,nijigaoka_mashiro,4,743,虹丘真白(美妙魔法)
466172,bartz_klauser,4,742,巴兹·克劳萨(最终幻想)
176591,aragaki_shinjirou,4,742,新垣新次郎(偶像大师)
1631108,kikuzuki_(kancolle),4,742,菊月(舰C)
1316228,nakagawa_natsuki,4,742,中川夏纪(吹响吧！上低音号)
1431868,nitocris_(swimsuit_assassin)_(fate),4,742,尼托克丽丝(泳装暗杀者)(Fate)
1639090,maya_kai_ni_(kancolle),4,741,摩耶改二(舰C)
445875,psyduck,4,740,可达鸭(宝可梦)
445864,clefairy,4,740,皮皮(宝可梦)
609604,evelynn_(league_of_legends),4,740,伊芙琳(LOL)
1085943,tokoro_megumi,4,740,所惠美(偶像大师)
1305420,shokudaikiri_mitsutada,4,740,烛台切光忠(刀剑乱舞)
1476829,kanae_(nijisanji),4,740,叶(NIJISANJI)
1658838,sakura_chiyono_o_(umamusume),4,740,樱花千代王(赛马娘)
1645753,roll_caskett_(mega_man),4,739,萝露·卡斯基特(洛克人)
1934685,fukawa_toko,4,739,腐川冬子(弹丸论破)
1627625,lavinia_whateley_(fate),4,739,拉维尼娅·惠特利(Fate)
1793076,himeko_(honkai:_star_rail),4,739,姬子(星穹铁道)
391387,akita_neru,4,738,秋田宁(偶像大师)
1333463,beatrice_(re:zero),4,738,碧翠丝(Re:从零开始的异世界生活)
1708017,sirius_(scorching-hot_seirios)_(azur_lane),4,738,天狼星(灼热的天狼星)(碧蓝航线)
1607368,van_gogh_(fate),4,738,梵高(Fate)
11487,kuradoberi_jam,4,737,仓敷樱(罪恶装备)
427478,fudou_yuusei,4,737,不动游星(游戏王)
420633,santa_claus,4,736,圣诞老人
386902,itou_kaiji,4,736,伊藤开司(赌博默示录)
1550049,yamada_anna,4,736,山田杏奈(偶像大师)
664407,himekawa_yuki,4,735,姬川由纪(偶像大师)
1442949,ptilopsis_(arknights),4,735,白面鸮(明日方舟)
1859641,faruzan_(genshin_impact),4,735,珐露珊(原神)
421517,portgas_d._ace,4,734,波特卡斯·D·艾斯(海贼王)
593801,cure_rhythm,4,734,旋律天使(Suite 光之美少女)
1782428,bb_(swimsuit_mooncancer)_(third_ascension)_(fate),4,734,BB(泳装月癌)(第三再临)(Fate)
1346345,takimoto_hifumi,4,733,泷本日富美(NEW GAME!)
1386286,yonaga_angie,4,733,夜永安琪(碧蓝档案)
1693731,mash_kyrielight_(swimsuit_of_perpetual_summer),4,732,玛修·基列莱特(永恒夏日泳装)(Fate)
1491428,takamiya_rion,4,732,高美夜音(碧蓝档案)
1568796,quanxi_(chainsaw_man),4,732,帕瓦(电锯人)
1962856,wriothesley_(genshin_impact),4,732,莱欧斯利(原神)
1856690,texas_the_omertosa_(arknights),4,731,缄默德克萨斯(明日方舟)
520900,sf-a2_miki,4,731,SF-A2 未来(Vocaloid)
408937,young_link,4,730,幼年林克(塞尔达传说)
432820,nijimura_okuyasu,4,730,虹村亿泰(JOJO的奇妙冒险)
628321,asuka_(senran_kagura),4,730,飞鸟(闪乱神乐)
690136,touhoku_zunko,4,730,东北俊子(Vocaloid)
1491126,tsuyuri_kanao,4,730,栗花落香奈乎(鬼灭之刃)
404920,sage_(dq3),4,729,贤者(勇者斗恶龙3)
1305382,kogitsunemaru,4,729,小狐丸(刀剑乱舞)
1508806,julia_(fire_emblem),4,728,尤莉亚(火焰纹章)
2018045,black_heart_(neptunia),4,728,黑色之心(海王星系列)
1485459,jean_bart_(azur_lane),4,728,让·巴尔(碧蓝航线)
1731177,yun_jin_(genshin_impact),4,728,云堇(原神)
1528912,takumi_(fire_emblem),4,727,拓海(火焰纹章)
1538827,mercedes_von_martritz,4,727,梅尔赛德司·冯·玛特利兹(火焰纹章)
1563389,angel_devil_(chainsaw_man),4,727,天使恶魔(电锯人)
1787758,kaho_(blue_archive),4,727,佳穗(碧蓝档案)
2057377,shiori_novella_(1st_costume),4,727,紫咲诗音(1st服装)(hololive)
1631097,kasuga_maru_(kancolle),4,726,春日丸(舰队Collection)
1646769,ikuno_dictus_(umamusume),4,725,生野狄杜斯(赛马娘)
708153,seto_kousuke,4,724,濑户康介(濑户的花嫁)
1356607,chomusuke,4,724,智乃(为美好的世界献上祝福！)
1527178,elise_(fire_emblem),4,724,艾莉泽(火焰纹章)
31266,roy_mustang,4,723,罗伊·马斯坦(钢之炼金术师)
1377218,otomachi_una,4,723,音街鳗(Vocaloid)
1343981,mikumo_guynemer,4,722,御云·纪尧姆(战姬绝唱)
1653646,aubrey_(omori),4,722,奥布里(OMORI)
713347,katagiri_sanae,4,720,片桐早苗(偶像大师)
1906528,carmine_(pokemon),4,720,青绿(宝可梦)
384314,saigusa_haruka,4,719,三枝晴香(偶像大师)
1387122,mordred_(swimsuit_rider)_(fate),4,718,莫德雷德(泳装骑阶)(Fate)
1654875,shigure_(blue_archive),4,718,时雨(碧蓝档案)
1698183,koyuki_(blue_archive),4,718,小雪(碧蓝档案)
1408392,golden_snub-nosed_monkey_(kemono_friends),4,717,金丝猴(兽娘动物园)
1627172,viy_(fate),4,717,维(Fate)
1765330,elizabeth_bathory_(first_ascension)_(fate),4,716,伊丽莎白·巴托里(第一再临)(Fate)
1529378,sakata_kintoki_(fate),4,716,坂田金时(Fate)
1461165,uchi_emiri,4,716,内海笑美
2041948,hoshimachi_suisei_(streetwear),4,716,星街彗星(街头风)
1351074,wiz_(konosuba),4,715,维兹(为美好的世界献上祝福！)
1440285,queen_elizabeth_(azur_lane),4,715,伊丽莎白女王(碧蓝航线)
496529,touwa_erio,4,714,东和绘里央
1450276,cutlass_(girls_und_panzer),4,714,卡特勒斯(少女与战车)
1705076,rosa_(tears_of_themis),4,714,蔷薇(未定事件簿)
1893558,shigure_kai_san_(kancolle),4,714,时雨改三(舰C)
408664,pachirisu,4,713,帕奇利兹
1285963,alena_(dq4),4,712,阿莉娜(勇者斗恶龙4)
1452677,semiramis_(fate),4,711,塞弥拉弥斯(Fate)
701386,koizumi_mahiru,4,711,小泉真昼
1667169,negev_(girls'_frontline),4,711,内盖夫(少女前线)
1237658,error_musume,4,709,错误娘
1629339,gray_(fate),4,709,格蕾(Fate)
1627758,scheherazade_(fate),4,709,山鲁佐德(Fate)
1588338,tomoe_gozen_(swimsuit_saber)_(fate),4,709,巴御前(泳装剑士)(Fate)
1350943,adventurer_(ff14),4,708,冒险者(最终幻想14)
713611,utsugi_yuuki,4,708,宇月幸
1067206,hayasaka_mirei,4,708,早坂美玲
1694419,douki-chan_(douki-chan),4,708,道奇酱(道奇酱)
1538082,myrtle_(arknights),4,708,桃金娘(明日方舟)
405335,olimar,4,707,欧利玛
644034,kariya_masaki,4,706,刈谷正树
1337509,freyja_wion,4,706,芙蕾雅·薇恩
1445281,misono_karin,4,706,美园花铃
1461598,sheffield_(azur_lane),4,706,谢菲尔德(碧蓝航线)
2061489,takanashi_kiara_(casual),4,706,鹰宫莉音(休闲装)
1689852,hatsutori_hajime,4,706,初鸟创
1722734,bronya_rand,4,706,布洛妮娅·兰德
1837736,saren_(summer)_(princess_connect!),4,706,纱怜(夏日)(公主连结Re:Dive)
1272430,isolated_island_oni,4,705,孤岛鬼
462515,aono_miki,4,704,青野美纪
1327917,yuel_(granblue_fantasy),4,704,尤艾尔(碧蓝幻想)
1520873,murosaki_miyo,4,704,室崎美夜
544079,barry_(pokemon),4,703,巴里(宝可梦)
480982,asbel_lhant,4,703,阿斯贝尔·兰特
1233901,sophie_(tales),4,703,索菲(传说系列)
1420829,matsubara_kanon,4,703,松原花音
1530109,alcremie,4,702,霜奶仙(宝可梦)
4516,poring,4,701,波利(仙境传说)
1641409,ingrid_(capcom),4,701,英格丽德(Capcom)
381037,minazuki_karen,4,700,水无月可怜
731293,nakiri_erina,4,700,薙切绘里奈(食戟之灵)
1762593,kirisawa_juuzou_(character),4,700,桐泽重藏(角色)
1488450,sora_(arknights),4,700,空(明日方舟)
1400388,olga_marie_animusphere,4,699,奥尔加玛丽·亚斯密雷特·阿尼姆斯菲亚(Fate)
1631186,minegumo_(kancolle),4,699,峯云(舰C)
575935,mishaguji,4,698,御社神(寒蝉鸣泣之时)
1667164,g41_(girls'_frontline),4,698,G41(少女前线)
1441568,sayori_(doki_doki_literature_club),4,698,纱世里(心跳文学部)
1692320,nemo_(fate),4,698,尼莫(Fate)
497689,cheria_barnes,4,697,谢莉雅·巴恩斯(圣恩传说)
1500529,rindou_mikoto,4,697,林堂美琴
1530200,shining_(arknights),4,697,闪灵(明日方舟)
1836426,aranara_(genshin_impact),4,697,兰那罗(原神)
717138,cure_sword,4,696,剑天使(心跳光之美少女)
958112,hakozaki_serika,4,696,箱崎星梨花(偶像大师)
1553038,gravel_(arknights),4,696,砾(明日方舟)
1578643,mifune_shioriko,4,696,三船栞子(Love Live!)
1652773,gladiia_(arknights),4,696,歌蕾蒂娅(明日方舟)
1296576,kirishima_eijirou,4,695,切岛锐儿郎(我的英雄学院)
1825540,shiver_(splatoon),4,695,莎莎(斯普拉遁)
1434774,uehara_himari,4,694,上原绯玛丽
1596529,bubba_(watson_amelia),4,694,Bubba(Watson Amelia)
1617254,fuuka_(blue_archive),4,693,风花(碧蓝档案)
597140,katarina_(league_of_legends),4,692,卡特琳娜(LOL)
1387021,tanigaki_genjirou,4,692,谷垣源次郎(黄金神威)
1545621,astolfo_(saber)_(fate),4,692,阿斯托尔福(Saber)(Fate)
1697525,arezu_(pokemon),4,691,阿蕾祖(宝可梦)
433613,sailor_chibi_moon,4,690,水手小月亮(美少女战士)
1677248,lain_paterson,4,690,莱恩·帕特森
1331206,kawakami_mai,4,689,川上麻衣
1564454,subaru_duck,4,689,昴鸭
1913137,ho'olheyak_(arknights),4,689,霍尔海雅(明日方舟)
1560546,chocola_(nekopara),4,688,巧克力(巧克力与香子兰)
1667205,9a-91_(girls'_frontline),4,688,9A-91(少女前线)
1520862,hozuki_kaede,4,688,穗积枫
1495284,honma_himawari,4,688,本间向日葵(偶像大师)
1962930,clorinde_(genshin_impact),4,688,克洛琳德(原神)
1507455,himesaka_noa,4,687,姬坂乃爱(天使的3P！)
404919,soldier_(dq3),4,686,士兵(勇者斗恶龙3)
548087,hasegawa_kobato,4,686,长谷川小鸠(天使的3P！)
1525774,wooloo,4,686,毛辫羊(宝可梦)
1724456,volo_(pokemon),4,686,望罗(宝可梦)
1577018,rosa_(arknights),4,685,罗莎(明日方舟)
1782757,kama_(first_ascension)_(fate),4,685,伽摩(第一再临)(Fate)
416301,asahina_aoi,4,684,朝比奈葵(偶像大师)
2018078,uni_(neptunia),4,684,由妮(海王星系列)
1528887,grima_(fire_emblem),4,683,鲁弗莱(邪龙)(火焰纹章)
971934,vampy,4,683,Vampy(碧蓝航线)
1768854,mysterious_heroine_x_alter_(first_ascension)_(fate),4,683,谜之女主角X·Alter(第一再临)(Fate)
1411715,okusawa_misaki,4,683,奥泽美咲(BanG Dream!)
1420691,imai_lisa,4,683,今井莉莎(BanG Dream!)
1524831,jessica_(arknights),4,683,杰西卡(明日方舟)
1552638,kagemori_michiru,4,683,影森满(动物狂想曲/BNA)
437350,ayatsuji_tsukasa,4,682,绫辻司(偶像大师)
1619673,puru-see_(hoshizuki_(seigetsu)),4,682,Puru-see(星月(星月))
1454529,okada_izou_(fate),4,682,冈田以藏(Fate)
1622476,tsurugi_(blue_archive),4,682,剑(碧蓝档案)
1281007,erwin_(girls_und_panzer),4,681,艾尔文(少女与战车)
1625322,maki_(blue_archive),4,681,真纪(碧蓝档案)
658080,ikusaba_mukuro,4,679,战刃骸(弹丸论破)
1445024,shirasagi_chisato,4,679,白鹭千圣(BanG Dream!)
437351,morishima_haruka,4,678,森岛遥(偶像大师)
1482284,oda_nobukatsu_(fate),4,678,织田信胜(Fate)
1520878,oka_asahi,4,678,冈朝阳(偶像大师)
1530558,gavial_(arknights),4,678,嘉维尔(明日方舟)
1459803,mitsumine_yuika,4,677,光峰结花(偶像大师)
1460549,nekomiya_hinata,4,677,猫宫日向(偶像大师)
1639124,tenryuu_kai_ni_(kancolle),4,677,天龙改二(舰队Collection)
1903602,implacable_(azur_lane),4,677,怨仇(碧蓝航线)
1343588,shimada_chiyo,4,676,岛田千代(偶像大师)
1505254,uesugi_fuutarou,4,676,上杉风太郎(五等分的新娘)
1686868,mr._squeaks_(hakos_baelz),4,674,吱吱先生(Hakos Baelz)
1971286,ui_(swimsuit)_(blue_archive),4,674,忧(泳装)(碧蓝档案)
1443600,romani_archaman,4,673,罗玛尼·阿基曼(Fate)
1836895,karyl_(summer)_(princess_connect!),4,673,凯露(夏日)(公主连结Re:Dive)
2042242,xianyun_(genshin_impact),4,673,闲云(原神)
842024,tanaka_kotoha,4,672,田中琴叶
1315625,adult_neptune,4,672,成年涅普缇努
1734375,shiratsuyu_kai_ni_(kancolle),4,672,白露改二(舰C)
1695273,okita_j._souji_(fate),4,672,冲田总司(Fate)
1695582,laura_la_mer,4,672,劳拉·拉·梅尔
1524990,zima_(arknights),4,671,凛冬(明日方舟)
1493140,red_pikmin,4,669,红色皮克敏
1257848,hoshimiya_kate,4,669,星宫凯特
1933135,akai_haato_(1st_costume),4,669,赤井心(1st服装)
1376985,roger_(guilty_gear),4,668,罗杰(罪恶装备)
700408,saionji_hiyoko,4,668,西园寺日寄子
1933187,kureiji_ollie_(1st_costume),4,667,克蕾伊·欧莉(1st服装)
1569873,chloe_(princess_connect!),4,667,克洛伊(公主连结)
1582407,perseus_(azur_lane),4,667,珀尔修斯(碧蓝航线)
422385,wingull,4,666,长翅鸥
693558,emmet_(pokemon),4,665,艾姆(宝可梦)
1631014,i-14_(kancolle),4,665,伊14(舰C)
1409004,african_wild_dog_(kemono_friends),4,665,非洲野犬(兽娘动物园)
1530808,frostleaf_(arknights),4,665,霜叶(明日方舟)
1930563,nekomata_okayu_(3rd_costume),4,665,猫又小粥(3rd服装)
1793084,seele_(honkai:_star_rail),4,665,希儿(星穹铁道)
1284579,bertolt_hoover,4,664,贝特霍尔德·胡佛
1396665,medusa_(lancer)_(fate),4,664,美杜莎(Lancer)(Fate)
1286003,alice_cartelet,4,663,爱丽丝·卡特尔特
1368529,vyrn_(granblue_fantasy),4,662,维恩(碧蓝幻想)
1733501,vertin_(reverse:1999),4,662,维尔汀(重返未来：1999)
1440310,eldridge_(azur_lane),4,661,埃尔德里奇(碧蓝航线)
1465798,morinaka_kazaki,4,661,森中风
1627881,skadi_(waverider)_(arknights),4,660,斯卡蒂(冲浪手)(明日方舟)
1885788,kamisato_ayaka_(springbloom_missive),4,660,神里绫华(春意盈怀)
1480768,siro_(dennou_shoujo_youtuber_siro),4,659,小白(电脑少女主播小白)
1606123,kon_kanaho,4,659,今奏奏
1532745,sothis_(fire_emblem),4,658,苏谛斯(火纹)
1528696,nui_sociere,4,658,纽伊·索西耶
1955335,saki_(swimsuit)_(blue_archive),4,658,纱纪(泳装)(碧蓝档案)
1644971,hishi_amazon_(umamusume),4,658,菱亚马逊(赛马娘)
1724570,adaman_(pokemon),4,657,阿驯(宝可梦)
1326283,jeanne_d'arc_(granblue_fantasy),4,656,贞德(碧蓝幻想)
1396666,gilgamesh_(caster)_(fate),4,656,吉尔伽美什(Caster)(Fate)
1419936,minato_yukina,4,656,凑友希那(BanG Dream!)
1631369,south_dakota_(kancolle),4,655,南达科他(舰C)
1645003,nishino_flower_(umamusume),4,655,西野花(赛马娘)
1325649,hacka_doll_3,4,654,Hacka Doll 3号
1535934,falin_thorden,4,654,法琳·托尔登(迷宫饭)
1643067,hinata_(blue_archive),4,654,日向(碧蓝档案)
1276394,yorita_yoshino,4,653,依田芳乃(偶像大师)
664507,aiba_yumi,4,651,相叶夕美(偶像大师)
1631470,wakaba_(kancolle),4,651,若叶(舰C)
1644969,fuji_kiseki_(umamusume),4,651,富士奇迹(赛马娘)
1645013,winning_ticket_(umamusume),4,651,胜利奖券(赛马娘)
1482584,xenovia_quarta,4,650,杰诺薇亚·夸塔(高校DXD)
1387119,kiyohime_(swimsuit_lancer)_(fate),4,650,清姬(泳装枪兵)(Fate)
1645012,tosen_jordan_(umamusume),4,650,东瀛佐敦(赛马娘)
1723652,aurora_(arknights),4,648,极光(明日方舟)
1977084,baobhan_sith_(first_ascension)_(fate),4,646,芭万希(第一再临)(Fate)
1284942,midway_princess,4,645,中间栖姬(舰C)
722673,yukimura_aoi,4,644,雪村葵(向山进发)
1386296,chabashira_tenko,4,644,茶柱转子(偶像大师)
466270,apollo_justice,4,643,王泥喜法介(逆转裁判)
1504963,hoshina_hikaru,4,643,保科光(偶像大师)
1322176,silva_(granblue_fantasy),4,642,希尔瓦(碧蓝幻想)
1538826,annette_fantine_dominic,4,641,安内特·芳汀·多米尼克(火焰纹章)
1692684,sakurako_(blue_archive),4,641,樱子(碧蓝档案)
2069619,hina_(dress)_(blue_archive),4,641,日奈(礼服)(碧蓝档案)
1781831,jeanne_d'arc_(swimsuit_archer)_(second_ascension)_(fate),4,640,贞德(泳装弓兵)(第二再临)(Fate)
2039803,murasaki_shion_(gothic_lolita),4,638,紫咲诗音(哥特萝莉)
1622083,serina_(blue_archive),4,637,芹娜(碧蓝档案)
1535933,laios_thorden,4,636,莱欧斯·托尔登(迷宫饭)
1627784,valkyrie_(fate),4,636,瓦尔基里(Fate)
1567602,muelsyse_(arknights),4,636,缪尔赛思(明日方舟)
1639075,jintsuu_kai_ni_(kancolle),4,635,神通改二(舰C)
1523150,bokukawauso,4,634,Bokukawauso
1255892,cure_lovely,4,633,可爱天使(心跳光之美少女)
1600200,wuxian_(the_legend_of_luoxiaohei),4,633,无限(罗小黑战记)
1686625,conte_di_cavour_(kancolle),4,633,加富尔伯爵(舰C)
710628,asuna_(sao-alo),4,632,亚丝娜(SAO-ALO)
1312417,muppo,4,631,Muppo
1513963,shirayuki_chiyo,4,631,白雪千夜(偶像大师)
1904760,hishi_miracle_(umamusume),4,631,菱钻奇宝(赛马娘)
1630702,hamanami_(kancolle),4,629,滨波(舰C)
1931154,uruha_rushia_(3rd_costume),4,629,润羽露西亚(3rd服装)
1763341,fuyutsuki_(kancolle),4,629,冬月(舰C)
1420746,udagawa_tomoe,4,627,宇田川巴
1608817,junko_(blue_archive),4,627,纯子(碧蓝档案)
1886371,cure_sky,4,627,天空天使
2034651,eimi_(swimsuit)_(blue_archive),4,627,爱美(泳装)(碧蓝档案)
1251357,diamond_(houseki_no_kuni),4,626,钻石(宝石之国)
1598263,neko_(minato_aqua),4,626,猫(凑阿库娅)
788671,bottle_miku,4,625,瓶装初音
1639085,kinugasa_kai_ni_(kancolle),4,625,衣笠改二(舰C)
1423117,sakuramori_kaori,4,624,樱守香织
1645000,nakayama_festa_(umamusume),4,623,中山庆典(赛马娘)
1319286,yoshikawa_yuuko,4,620,吉川由子
1630664,fujinami_(kancolle),4,620,藤波(舰C)
1340823,asirpa,4,618,阿希莉帕
2024289,shuro_(blue_archive),4,618,修洛(碧蓝档案)
1759963,aston_machan_(umamusume),4,616,亚斯顿马仙(赛马娘)
1504669,tsujino_akari,4,614,辻野朱里
1533772,uzuki_sayaka,4,607,卯月纱香
1533771,kumada_masaru,4,600,熊田胜
