id,tag_id,name,category,count,ips,zh_name
0,470575,1girl,0,6893309,[],1女孩
1,1559228,2000s_(style),0,13649,[],2000年代风格
2,413907,;p,0,8510,[],;p(表情)
3,1486996,animal_ear_fluff,0,246823,[],兽耳绒毛
4,6126,animal_ears,0,1379892,[],兽耳
5,507478,aqua_panties,0,2185,[],水色内裤
6,546609,blue_bow,0,140353,[],蓝色蝴蝶结
7,3389,blush,0,3369505,[],脸红
8,511136,border,0,177131,[],边框
9,4563,bow,0,1369583,[],蝴蝶结
10,426598,bow_panties,0,48216,[],蝴蝶结内裤
11,8601,breasts,0,3998853,[],胸部
12,16578,brown_eyes,0,937484,[],棕色眼睛
13,72,cat_ears,0,328241,[],猫耳
14,465046,cat_girl,0,116887,[],猫娘
15,389404,cat_tail,0,182623,[],猫尾巴
16,466499,collarbone,0,912396,[],锁骨
17,1287387,colored_stripes,0,641,[],彩色条纹
18,660909,cowboy_shot,0,671273,[],牛仔镜头
19,754325,groin,0,162488,[],腹股沟
20,481846,hands_up,0,214967,[],双手举起
21,531403,kemonomimi_mode,0,42703,[],兽耳模式
22,403247,large_breasts,0,1828301,[],巨乳
23,13197,long_hair,0,5045237,[],长发
24,383159,long_sleeves,0,1867951,[],长袖
25,469576,looking_at_viewer,0,3905471,[],看向观众
26,383830,no_pants,0,66229,[],无裤子
27,461042,one_eye_closed,0,500241,[],单眼闭
28,645753,orange_background,0,34966,[],橙色背景
29,713987,outside_border,0,70964,[],出框
30,391,panties,0,712783,[],内裤
31,551772,parted_bangs,0,241136,[],分叉刘海
32,514515,pink_shirt,0,53588,[],粉色衬衫
33,5403,red_hair,0,611682,[],红发
34,1409116,red_sailor_collar,0,7527,[],红色水手领
35,389378,sailor_collar,0,326062,[],水手领
36,16509,school_uniform,0,894095,[],校服
37,268819,serafuku,0,344150,[],水手服
38,12590,shirt,0,2234246,[],衬衫
39,484168,sidelocks,0,736722,[],鬓发
40,412368,simple_background,0,2196389,[],简单背景
41,1815,smile,0,3358064,[],微笑
42,212816,solo,0,5756157,[],单人
43,15675,standing,0,1069189,[],站立
44,478557,straight_hair,0,78754,[],直发
45,578643,striped_background,0,14177,[],条纹背景
46,491647,striped_clothes,0,271400,[],条纹衣服
47,4543,striped_panties,0,44815,[],条纹内裤
48,15674,tail,0,930284,[],尾巴
49,403649,thigh_gap,0,85506,[],大腿间隙
50,1882,thighhighs,0,1305799,[],过膝袜
51,3870,thighs,0,666247,[],大腿
52,10863,tongue,0,447177,[],舌头
53,502710,tongue_out,0,332892,[],吐舌
54,652604,two_side_up,0,202942,[],双马尾
55,464906,underwear,0,877998,[],内衣
56,417660,very_long_hair,0,1130649,[],超长发
57,666708,w_arms,0,6252,[],W形手臂
58,668761,white_border,0,113207,[],白色边框
59,374791,white_panties,0,208429,[],白色内裤
60,375002,white_thighhighs,0,281197,[],白色过膝袜
61,449194,2boys,0,365931,[],2男孩
62,1821,2girls,0,1174896,[],2女孩
63,3522,ahoge,0,764860,[],呆毛
64,8101,ass,0,669825,[],臀部
65,10953,blue_hair,0,996543,[],蓝发
66,16867,brown_hair,0,1733962,[],棕发
67,623331,company_connection,0,9106,[],公司关联
68,358,cosplay,0,155839,[],角色扮演
69,465382,crossdressing,0,44082,[],女装
70,6532,glasses,0,418025,[],眼镜
71,8388,green_hair,0,484165,[],绿发
72,658573,hair_between_eyes,0,1390149,[],眼间刘海
73,374844,hair_bow,0,611936,[],发饰蝴蝶结
74,380350,hair_ornament,0,1660508,[],头饰
75,2373,hat,0,1387170,[],帽子
76,375387,holding,0,1693075,[],手持
77,410129,looking_back,0,313184,[],回头
78,568656,multiple_boys,0,553923,[],多名男孩
79,566835,multiple_girls,0,1748141,[],多名女孩
80,434996,o_o,0,25678,[],o_o(表情)
81,1648,oekaki,0,26003,[],涂鸦
82,11906,open_mouth,0,2779301,[],张嘴
83,1019196,otoko_no_ko,0,0,[],伪娘
84,1414389,pink_sailor_collar,0,3155,[],粉色水手领
85,15080,short_hair,0,2592173,[],短发
86,394174,short_shorts,0,162518,[],短裤
87,3985,shorts,0,527029,[],短裤
88,429,skirt,0,1784368,[],裙子
89,125238,sweatdrop,0,267133,[],汗滴
90,1709,twintails,0,1030329,[],双马尾
91,5228,wand,0,23665,[],魔杖
92,381863,2005,0,935,[],2005年
93,4659,armor,0,251194,[],盔甲
94,663804,armored_dress,0,16363,[],装甲连衣裙
95,87788,blonde_hair,0,1786941,[],金发
96,377140,blue_dress,0,145032,[],蓝色连衣裙
97,498000,blue_ribbon,0,89843,[],蓝色蝴蝶结
98,5827,boots,0,579361,[],靴子
99,4334,braid,0,734912,[],辫子
100,1318186,braided_bun,0,13163,[],辫子发髻
101,475744,breastplate,0,34037,[],胸甲
102,1627128,caliburn_(fate),0,1171,[],必胜黄金之剑(Fate)
103,675314,copyright_name,0,144602,[],版权名
104,1976,cover,0,76548,[],封面
105,447919,cover_page,0,53803,[],封面页
106,560958,dated,0,219290,[],过时
107,469517,doujin_cover,0,33474,[],同人封面
108,2241,dress,0,1539651,[],连衣裙
109,590165,english_text,0,299679,[],英文文字
110,1505172,engrish_text,0,8482,[],日式英语文字
111,642359,faulds,0,8916,[],护腰甲
112,608813,full_body,0,996781,[],全身
113,403060,gauntlets,0,58120,[],臂铠
114,10960,green_eyes,0,978607,[],绿色眼睛
115,454933,hair_bun,0,293985,[],发髻
116,464561,hair_ribbon,0,680462,[],发带
117,698161,holding_sword,0,135436,[],持剑
118,670071,holding_weapon,0,320936,[],手持武器
119,617615,legs_apart,0,39658,[],双腿分开
120,388149,ranguage,0,9595,[],乱语
121,616137,reverse_grip,0,6978,[],反手握持
122,464575,ribbon,0,1231487,[],丝带
123,401228,sword,0,312002,[],剑
124,11449,weapon,0,677738,[],武器
125,384553,:d,0,633185,[],:d(表情)
126,473529,;),0,27707,[],;)(表情)
127,475187,arm_up,0,246679,[],抬臂
128,5576,armpits,0,276675,[],腋下
129,475418,bare_arms,0,159818,[],裸露的手臂
130,376054,bare_shoulders,0,1123931,[],露肩
131,447403,jumping,0,27942,[],跳跃
132,667868,medium_breasts,0,1004968,[],中等胸部
133,87676,orange_hair,0,281240,[],橙色头发
134,1343008,orange_vest,0,2418,[],橙色背心
135,375594,pink_thighhighs,0,15868,[],粉色大腿袜
136,464574,polka_dot,0,70011,[],波点
137,551848,polka_dot_background,0,18927,[],圆点背景
138,2355,ponytail,0,800903,[],马尾
139,581144,puffy_sleeves,0,417189,[],泡泡袖
140,15654,purple_eyes,0,948966,[],紫色眼睛
141,400314,sleeveless,0,505386,[],无袖
142,2687,v,0,182564,[],V字手势
143,6176,vest,0,253178,[],马甲
144,449932,w,0,22309,[],w(表情)
145,230,waitress,0,15473,[],女服务员
146,10644,zettai_ryouiki,0,147255,[],绝对领域
147,399836,3girls,0,274643,[],3女孩
148,11826,barefoot,0,423172,[],赤脚
149,372,bath,0,13649,[],洗澡
150,390180,bathing,0,15873,[],沐浴
151,822149,completely_nude,0,224070,[],全裸
152,421107,convenient_censoring,0,45146,[],便利遮挡
153,417653,convenient_leg,0,7910,[],便利腿
154,2020445,covering_privates,0,50697,[],遮私处
155,8418,fence,0,27151,[],栅栏
156,1533172,grabbing_another's_breast,0,77376,[],抓他人胸部
157,392031,groping,0,108085,[],揉胸
158,2365,nude,0,566661,[],裸体
159,420,onsen,0,21096,[],温泉
160,13879,outdoors,0,636143,[],户外
161,11429,pink_hair,0,826253,[],粉发
162,16442,purple_hair,0,749286,[],紫发
163,8526,red_eyes,0,1463800,[],红瞳
164,2025915,same-sex_bathing,0,13399,[],同性共浴
165,1262324,shared_bathing,0,21629,[],共浴
166,381629,side_ponytail,0,199956,[],侧马尾
167,12289,sitting,0,1085229,[],坐姿
168,1710,towel,0,64493,[],毛巾
169,1573,water,0,249596,[],水
170,4867,wet,0,167275,[],湿
171,261,yuri,0,258561,[],百合
172,1387418,back_bow,0,30364,[],背部蝴蝶结
173,674492,dress_bow,0,10726,[],连衣裙蝴蝶结
174,565513,floating_hair,0,154589,[],飘发
175,600250,hair_tubes,0,84886,[],发管
176,539367,hand_up,0,426129,[],举手
177,463115,pink_bow,0,90976,[],粉色蝴蝶结
178,166531,pink_dress,0,74240,[],粉色连衣裙
179,46079,robot_ears,0,7479,[],机器人耳朵
180,515193,white_background,0,1814403,[],白色背景
181,549629,ankle_lace-up,0,3509,[],脚踝系带
182,415839,armchair,0,7259,[],扶手椅
183,2904,chair,0,118076,[],椅子
184,535373,cross-laced_footwear,0,0,[],交叉系带鞋
185,486,doll,0,46401,[],人偶
186,8091,drill_hair,0,105360,[],钻头卷发
187,1575,food,0,511734,[],食物
188,1354469,foot_dangle,0,803,[],晃脚
189,13027,fork,0,28454,[],叉子
190,675346,frilled_ribbon,0,4398,[],荷叶边丝带
191,194013,frills,0,598850,[],荷叶边
192,5832,fruit,0,125280,[],水果
193,666921,holding_fork,0,13749,[],手持叉子
194,658682,knees_together_feet_apart,0,35698,[],双膝并拢双脚分开
195,452086,lolita_fashion,0,35029,[],洛丽塔时装
196,662950,name_connection,0,11745,[],名字关联
197,467863,neck_ribbon,0,166295,[],颈带
198,662265,object_namesake,0,4551,[],物体同名
199,933253,on_chair,0,29955,[],坐在椅子上
200,683385,red_footwear,0,0,[],红色鞋子
201,8672,shoes,0,669159,[],鞋子
202,464582,strawberry,0,28990,[],草莓
203,540830,1boy,0,1679376,[],1男孩
204,4333,bag,0,260638,[],包
205,13200,black_hair,0,1767308,[],黑发
206,11628,bowtie,0,370396,[],蝴蝶结领结
207,380329,briefcase,0,5554,[],公文包
208,476771,bush,0,22611,[],灌木
209,473703,car_interior,0,4578,[],车内
210,465619,closed_eyes,0,836520,[],闭眼
211,435324,day,0,388759,[],白天
212,511141,from_side,0,262423,[],侧面
213,669725,holding_bag,0,29178,[],手持包
214,457877,leaning_back,0,22186,[],向后靠
215,3478,mirror,0,32672,[],镜子
216,664375,parted_lips,0,586912,[],微张嘴唇
217,423074,photo_background,0,10690,[],照片背景
218,383282,pleated_skirt,0,578863,[],百褶裙
219,470807,red_bow,0,252471,[],红色蝴蝶结
220,1281370,red_bowtie,0,84882,[],红色蝴蝶结领结
221,503552,red_skirt,0,129297,[],红色裙子
222,374849,school_bag,0,36270,[],书包
223,374948,school_briefcase,0,1975,[],学校公文包
224,3875,sleeping,0,84346,[],睡觉
225,412080,sleeve_cuffs,0,21057,[],袖口
226,931006,solo_focus,0,408665,[],单人聚焦
227,440465,speech_bubble,0,347871,[],对话框
228,462974,squiggle,0,18568,[],波浪线
229,464586,tree,0,193953,[],树
230,14599,:o,0,212969,[],:o(表情)
231,379820,aircraft,0,22205,[],飞机
232,9114,antenna_hair,0,94137,[],触角呆毛
233,529447,arm_behind_head,0,41620,[],手臂枕在脑后
234,2508,blood,0,151866,[],血
235,490655,blue_sky,0,237452,[],蓝天
236,499624,blush_stickers,0,121216,[],脸红贴纸
237,464549,cloud,0,335848,[],云
238,507245,glint,0,30958,[],闪光
239,431755,head_tilt,0,151705,[],歪头
240,4964,nosebleed,0,14588,[],流鼻血
241,472154,short_sleeves,0,734139,[],短袖
242,406,sky,0,511169,[],天空
243,465265,small_breasts,0,574563,[],小胸部
244,465870,surprised,0,60964,[],惊讶
245,4381,ufo,0,3332,[],UFO
246,547463,upper_body,0,928195,[],上半身
247,376766,white_shirt,0,1059962,[],白衬衫
248,421188,against_wall,0,16706,[],靠墙
249,1388797,blue_neckerchief,0,21606,[],蓝色领巾
250,537684,blunt_bangs,0,345056,[],齐刘海
251,575322,clenched_hand,0,70427,[],握拳
252,572080,closed_mouth,0,1463789,[],闭唇
253,478849,collared_shirt,0,565746,[],立领衬衫
254,375372,dutch_angle,0,135317,[],荷兰角
255,419938,expressionless,0,145597,[],无表情
256,14946,eyeshadow,0,58937,[],眼影
257,374938,frown,0,125785,[],皱眉
258,1261156,green_vest,0,13768,[],绿色马甲
259,616524,grey_skirt,0,63007,[],灰色裙子
260,375171,indoors,0,435434,[],室内
261,652293,legs_together,0,32731,[],双腿并拢
262,9312,makeup,0,150547,[],化妆
263,9168,miniskirt,0,307292,[],迷你裙
264,438623,neckerchief,0,204894,[],领巾
265,508016,pocket,0,49073,[],口袋
266,13176,shadow,0,137356,[],阴影
267,421663,wavy_hair,0,122981,[],波浪发
268,7818,anal_beads,0,7948,[],肛门拉珠
269,475775,arms_behind_back,0,100267,[],背后双手
270,9354,bdsm,0,73679,[],BDSM
271,6441,beads,0,47805,[],珠子
272,2585,bed,0,118946,[],床
273,466779,belt_collar,0,13237,[],腰带项圈
274,537,bondage,0,62275,[],束缚
275,610495,bondage_outfit,0,3115,[],束缚装
276,466226,bound,0,89610,[],束缚
277,380303,bound_arms,0,16951,[],束缚手臂
278,570704,box_tie,0,692,[],箱缚
279,510254,breasts_out,0,72654,[],露乳
280,530616,checkered_floor,0,11697,[],棋盘格地板
281,4052,collar,0,224953,[],项圈
282,413725,crotch_zipper,0,1268,[],裆部拉链
283,1755,dildo,0,25554,[],假阳具
284,10440,door,0,25940,[],门
285,487219,doorknob,0,821,[],门把手
286,378543,egg_vibrator,0,6397,[],蛋形跳蛋
287,6541,enema,0,714,[],灌肠
288,2060,feet,0,230282,[],脚
289,663669,female_pubic_hair,0,99768,[],女性阴毛
290,622137,hetero,0,626018,[],异性恋
291,6230,latex,0,13214,[],乳胶
292,1802,leash,0,30785,[],牵绳
293,5857,leather,0,16904,[],皮革
294,5501,lips,0,152576,[],嘴唇
295,9294,navel,0,1325670,[],肚脐
296,8889,nipples,0,942867,[],乳头
297,658106,o-ring,0,58960,[],O形环
298,509379,on_floor,0,31140,[],在地板上
299,470269,on_one_knee,0,15257,[],单膝跪地
300,602223,out_of_frame,0,37731,[],出框
301,12552,pubic_hair,0,155397,[],阴毛
302,1332539,pubic_hair_peek,0,7072,[],阴毛微露
303,633878,pursed_lips,0,1623,[],噘嘴
304,552246,red_collar,0,13460,[],红色项圈
305,473213,red_thighhighs,0,23664,[],红色过膝袜
306,405311,sex_toy,0,59927,[],性玩具
307,1419007,stirrup_legwear,0,11057,[],脚蹬腿袜
308,4569,sweat,0,612437,[],汗水
309,613947,toeless_legwear,0,21823,[],露趾袜
310,2056,toenails,0,60883,[],脚趾甲
311,28200,toes,0,182610,[],脚趾
312,652354,too_many,0,6340,[],太多
313,3593,topless,0,0,[],露胸
314,2074,vibrator,0,25995,[],振动棒
315,9311,zipper,0,46947,[],拉链
316,607513,arms_around_waist,0,2319,[],手臂环腰
317,10959,blue_eyes,0,2029761,[],蓝瞳
318,1255562,folded_ponytail,0,23924,[],折叠马尾
319,656169,hand_on_own_chest,0,72353,[],手抚自己胸口
320,5126,hug,0,140634,[],拥抱
321,513807,hug_from_behind,0,31024,[],背后拥抱
322,377844,siblings,0,128395,[],兄弟姐妹
323,10707,sisters,0,74731,[],姐妹
324,457408,black_pantyhose,0,246460,[],黑色连裤袜
325,222208,eraser,0,3564,[],橡皮擦
326,718476,mini_person,0,35094,[],小人
327,1559,minigirl,0,28378,[],迷你女孩
328,516937,oversized_object,0,11769,[],超大物体
329,2363,pantyhose,0,617746,[],连裤袜
330,4429,pencil,0,13208,[],铅笔
331,390401,red_ribbon,0,214868,[],红色丝带
332,458482,short_twintails,0,71024,[],短双马尾
333,432529,sweater_vest,0,50261,[],毛衣背心
334,10701,animal,0,119902,[],动物
335,423613,animal_print,0,79979,[],动物纹
336,464534,bird,0,123576,[],鸟
337,5525,chimney,0,1998,[],烟囱
338,5569,coat,0,283640,[],大衣
339,1305785,front-print_panties,0,805,[],正面印花内裤
340,128,loli,0,173462,[],萝莉
341,11270,mittens,0,18236,[],连指手套
342,2770,pantyshot,0,71668,[],胖次视角
343,3288,penguin,0,8097,[],企鹅
344,391915,print_panties,0,9685,[],印花内裤
345,5980,rooftop,0,5468,[],屋顶
346,3198,scarf,0,238815,[],围巾
347,2102,snow,0,45888,[],雪
348,461117,snowing,0,30394,[],下雪
349,389402,upskirt,0,35510,[],裙底视角
350,1405660,white_mittens,0,1717,[],白色连指手套
351,6202,winter,0,14133,[],冬季
352,375285,winter_clothes,0,21561,[],冬装
353,452195,hair_bobbles,0,60528,[],发圈
354,600222,light_rays,0,29169,[],光线
355,15959,loose_socks,0,15966,[],松垮袜子
356,465871,rabbit,0,31865,[],兔子
357,1731,socks,0,468260,[],袜子
358,465810,squatting,0,101282,[],蹲姿
359,656624,star_(symbol),0,285134,[],星星(符号)
360,379915,stuffed_animal,0,79552,[],毛绒玩具
361,377169,stuffed_rabbit,0,18019,[],毛绒兔子
362,460404,stuffed_toy,0,98533,[],毛绒玩具
363,430765,sunbeam,0,11989,[],阳光光束
364,356542,sunlight,0,89661,[],阳光
365,451782,brushing_teeth,0,2409,[],刷牙
366,515329,covered_nipples,0,176793,[],遮住乳头
367,528555,flat_ass,0,3370,[],平臀
368,727102,hand_on_own_stomach,0,10162,[],手放在自己肚子上
369,93927,pink_panties,0,53521,[],粉色内裤
370,3917,toothbrush,0,4387,[],牙刷
371,502548,yellow_shirt,0,49128,[],黄色衬衫
372,544390,>:),0,14715,[],>:)(表情)
373,1747,chibi,0,288134,[],Q版
374,4526,cross,0,85558,[],十字架
375,9351,gothic_lolita,0,19391,[],哥特萝莉
376,16580,grey_hair,0,819368,[],灰发
377,375026,headdress,0,18835,[],头饰
378,585400,inverted_cross,0,3069,[],倒十字
379,492982,layered_dress,0,18119,[],分层连衣裙
380,390596,purple_dress,0,59496,[],紫色连衣裙
381,574501,ringed_eyes,0,26569,[],环状眼
382,1445905,v-shaped_eyebrows,0,209550,[],V形眉毛
383,394222,arm_support,0,104156,[],手臂支撑
384,8072,black_socks,0,122025,[],黑色袜子
385,395400,buttons,0,169237,[],纽扣
386,411323,capelet,0,138454,[],短披肩
387,615165,green_bow,0,49421,[],绿色蝴蝶结
388,665407,hand_to_own_mouth,0,18881,[],手捂嘴
389,3314,kneehighs,0,143701,[],过膝袜
390,430739,large_bow,0,8324,[],大蝴蝶结
391,301022,lying,0,512395,[],躺着
392,463179,no_shoes,0,106106,[],无鞋
393,420531,nose_blush,0,121013,[],鼻红
394,447393,on_side,0,102196,[],侧身
395,465277,plaid,0,11121,[],格子图案
396,695469,plaid_bow,0,10630,[],格纹蝴蝶结
397,391251,breast_rest,0,10635,[],胸部搁置
398,487161,breasts_on_head,0,2561,[],胸部顶头
399,513837,greyscale,0,563211,[],灰度
400,393579,mechanical_pencil,0,2397,[],自动铅笔
401,1681,monochrome,0,707002,[],黑白
402,1931,sketch,0,167330,[],草图
403,6010,tears,0,258617,[],眼泪
404,15689,:p,0,44981,[],:p(表情)
405,16721,blue_panties,0,27334,[],蓝色内裤
406,4075,cameltoe,0,108319,[],骆驼趾
407,16252,spread_legs,0,290053,[],分腿
408,377360,take_your_pick,0,8281,[],任君挑选
409,462594,bobby_socks,0,10973,[],泡泡袜
410,1303252,brown_footwear,0,0,[],棕色鞋子
411,444002,from_above,0,115892,[],俯视
412,401601,loafers,0,69366,[],乐福鞋
413,584749,pink_background,0,115305,[],粉色背景
414,593295,red_border,0,2390,[],红色边框
415,475720,short_ponytail,0,40631,[],短马尾
416,463397,white_socks,0,171183,[],白色袜子
417,1401801,black_capelet,0,15762,[],黑色短披肩
418,474500,black_ribbon,0,156592,[],黑色丝带
419,455880,black_thighhighs,0,425134,[],黑色过膝袜
420,378032,flat_chest,0,200541,[],贫乳
421,1396773,fur-trimmed_capelet,0,11834,[],毛边短披肩
422,539584,fur_trim,0,187587,[],毛皮镶边
423,534835,hair_intakes,0,160445,[],发鬓
424,688777,half-closed_eyes,0,111501,[],半闭眼
425,415974,looking_down,0,112554,[],俯视
426,668635,pom_pom_(clothes),0,56443,[],绒球(服装)
427,566461,anger_vein,0,62418,[],青筋
428,657955,artist_name,0,468508,[],画师名
429,635786,index_finger_raised,0,59473,[],食指竖起
430,391713,long_skirt,0,43278,[],长裙
431,648045,sideways_mouth,0,8218,[],侧嘴
432,6207,sportswear,0,27977,[],运动服
433,484666,transparent_background,0,121051,[],透明背景
434,273,apron,0,245587,[],围裙
435,412952,arm_garter,0,9726,[],臂环
436,464553,cup,0,213584,[],杯子
437,397117,curtains,0,77571,[],窗帘
438,59,maid,0,172114,[],女仆
439,463173,maid_headdress,0,168607,[],女仆头饰
440,1736,profile,0,150465,[],侧面
441,3209,table,0,98431,[],桌子
442,4648,teacup,0,36832,[],茶杯
443,9481,teapot,0,16660,[],茶壶
444,2813,window,0,152097,[],窗户
445,431446,alternate_costume,0,518286,[],换装
446,39127,black_dress,0,288880,[],黑色连衣裙
447,548722,enmaided,0,31780,[],女仆装
448,573016,hands_on_shoulders,0,0,[],手搭肩膀
449,611487,juliet_sleeves,0,81231,[],朱丽叶袖
450,529213,maid_apron,0,60909,[],女仆围裙
451,384774,necktie,0,523982,[],领带
452,1077303,underbust,0,23348,[],胸下
453,713203,crotch_seam,0,21665,[],裆部缝线
454,1276712,layered_sleeves,0,34049,[],多层袖
455,714474,thighhighs_over_pantyhose,0,1686,[],过膝袜套连裤袜
456,89189,yellow_eyes,0,820602,[],黄色眼睛
457,467285,crystal,0,29497,[],水晶
458,1793,fang,0,371923,[],虎牙
459,234192,from_behind,0,271171,[],背后视角
460,422340,full_moon,0,45933,[],满月
461,464588,hat_ribbon,0,72181,[],帽子缎带
462,1684874,laevatein_(touhou),0,4360,[],莱瓦汀(东方Project)
463,635112,light_particles,0,66872,[],光粒子
464,582201,mob_cap,0,84785,[], mob_cap
465,2726,moon,0,87411,[],月亮
466,653206,one_side_up,0,122201,[],单侧扎起
467,16750,pink_eyes,0,335517,[],粉色眼睛
468,501766,pink_hat,0,22611,[],粉色帽子
469,684639,puffy_short_sleeves,0,207541,[],蓬松短袖
470,621064,red_vest,0,27352,[],红色马甲
471,628293,skirt_set,0,52879,[],裙子套装
472,2866,wings,0,505312,[],翅膀
473,402217,^_^,0,127873,[],^_^(表情)
474,555246,black_border,0,19744,[],黑色边框
475,578948,closed_umbrella,0,6996,[],闭合伞
476,1575551,gap_(touhou),0,10141,[],间隙(东方)
477,4960,parasol,0,13921,[],阳伞
478,452112,tabard,0,27794,[],罩袍
479,690177,tress_ribbon,0,24394,[],发辫丝带
480,397136,trigram,0,1175,[],八卦
481,1915,umbrella,0,101644,[],伞
482,14620,white_dress,0,336917,[],白色连衣裙
483,394970,wide_sleeves,0,296755,[],宽袖
484,374979,all_fours,0,66314,[],四肢着地
485,492223,bar_censor,0,181654,[],条形码遮挡
486,9714,bent_over,0,69826,[],弯腰
487,4352,censored,0,529171,[],打码
488,10228,elbow_gloves,0,344927,[],肘套
489,469652,garter_straps,0,94617,[],吊带袜夹
490,5735,gloves,0,1576195,[],手套
491,9882,high_heels,0,234291,[],高跟鞋
492,509884,impossible_clothes,0,30791,[],不可能的衣服
493,478938,impossible_dress,0,3146,[],不可能连衣裙
494,10376,naughty_face,0,31505,[],坏笑表情
495,1595,no_panties,0,102515,[],无内裤
496,1515359,pink_theme,0,17251,[],粉色主题
497,4378,pussy,0,417963,[],阴部
498,436576,short_dress,0,106922,[],短裙
499,389553,skin_tight,0,45032,[],紧身
500,395448,thigh_boots,0,102717,[],过膝靴
501,89368,aqua_eyes,0,207614,[],水色眼睛
502,94007,aqua_hair,0,142133,[],水色头发
503,13804,earrings,0,677038,[],耳环
504,391128,gradient_hair,0,168796,[],渐变发
505,415000,impossible_shirt,0,6064,[],不可能衬衫
506,16613,jewelry,0,1272770,[],首饰
507,390728,multicolored_hair,0,867342,[],多色发
508,615907,pink_gloves,0,12955,[],粉色手套
509,593296,red_background,0,73314,[],红色背景
510,4311,legs,0,165502,[],腿
511,443395,thigh_strap,0,191830,[],大腿绑带
512,1288957,white_footwear,0,0,[],白色鞋子
513,464535,book,0,158847,[],书
514,388072,costume_switch,0,8736,[],换装
515,658950,holding_book,0,55857,[],手持书本
516,589477,argyle_background,0,6292,[],菱形纹背景
517,596866,blue_hat,0,47295,[],蓝色帽子
518,689532,low-tied_long_hair,0,49588,[],低扎长发
519,397215,outline,0,62253,[],轮廓线
520,477230,red_hat,0,54133,[],红色帽子
521,402062,!,0,45118,[],!(表情)
522,428173,blue_skirt,0,206305,[],蓝色裙子
523,469224,blue_thighhighs,0,21284,[],蓝色过膝袜
524,387884,detached_sleeves,0,482616,[],分离袖
525,2646,hairclip,0,385189,[],发夹
526,575982,light_smile,0,87347,[],浅笑
527,534168,v_arms,0,28993,[],V字手臂
528,541727,wariza,0,93407,[],鸭子坐
529,1337464,x_hair_ornament,0,89288,[],X形发饰
530,659098,black_footwear,0,0,[],黑色鞋子
531,374628,black_skirt,0,359780,[],黑裙
532,510962,character_name,0,239612,[],角色名
533,14442,walking,0,44301,[],行走
534,10802,bonnet,0,13106,[],软帽
535,4172,corset,0,52820,[],束腰
536,1936,crossover,0,72484,[],跨界
537,1257578,frilled_collar,0,10303,[],荷叶边领
538,2196955,ouji_fashion,0,3327,[],王子风
539,1723,parody,0,96738,[], parody
540,448292,porkpie_hat,0,3931,[],猪肉派帽
541,6425,scissors,0,11462,[],剪刀
542,516299,style_parody,0,29286,[],风格模仿
543,15770,top_hat,0,38134,[],高礼帽
544,1811,twins,0,37551,[],双胞胎
545,378821,watering_can,0,3192,[],喷壶
546,473292,blue_socks,0,11591,[],蓝色袜子
547,7486,fighting_stance,0,27370,[],格斗姿势
548,5831,katana,0,71516,[],日本刀
549,478077,ready_to_draw,0,1639,[],准备作画
550,11879,blouse,0,47892,[],女衬衫
551,13227,happy,0,112593,[],开心
552,1515355,black_theme,0,2448,[],黑色主题
553,506,dark,0,16990,[],黑暗
554,431528,gears,0,7149,[],齿轮
555,15187,machine,0,2005,[],机器
556,1434344,pencil_dress,0,3254,[],铅笔裙
557,2328,polearm,0,63700,[],长柄武器
558,4145,spear,0,26978,[],长矛
559,1512493,blue_tabard,0,2446,[],蓝色罩袍
560,405345,cherry_blossoms,0,62329,[],樱花
561,429369,finger_to_mouth,0,43950,[],手指抵唇
562,2335,fox_ears,0,172888,[],狐耳
563,51528,fox_tail,0,120668,[],狐狸尾巴
564,471498,multiple_tails,0,58153,[],多条尾巴
565,664258,no_headwear,0,41727,[],无头饰
566,1611664,oil-paper_umbrella,0,16012,[],油纸伞
567,13132,petals,0,145353,[],花瓣
568,844443,red_umbrella,0,4899,[],红伞
569,659059,breasts_apart,0,51584,[],双乳分开
570,1244676,one-piece_tan,0,11931,[],连体泳衣晒痕
571,4232,tan,0,66680,[],晒黑
572,465145,tanlines,0,35455,[],晒痕
573,314230,breast_press,0,56789,[],乳夹
574,396286,cockpit,0,2466,[],驾驶舱
575,10884,crotch_rub,0,2617,[],摩擦胯部
576,647551,flying_sweatdrops,0,102300,[],飞溅汗滴
577,462569,straddling,0,81597,[],跨坐
578,715714,voice_actor_connection,0,11922,[],声优关联
579,401481,on_back,0,292153,[],趴着
580,7926,saliva,0,128306,[],唾液
581,511571,zzz,0,12552,[],zzz(表情)
582,1347239,holding_wand,0,12166,[],手持魔杖
583,434799,0_0,0,10161,[],0_0(表情)
584,16700,>_<,0,76081,[],>_<(表情)
585,4607,cleavage,0,1152052,[],乳沟
586,63,comic,0,605259,[],漫画
587,144876,embarrassed,0,112659,[],尴尬
588,383173,train,0,5282,[],火车
589,407647,adjusting_hair,0,23418,[],整理头发
590,719573,doyagao,0,2797,[],得意脸
591,2806,exhibitionism,0,8580,[],暴露癖
592,709722,hand_on_own_hip,0,181638,[],手叉腰
593,695232,mismatched_pubic_hair,0,3121,[],阴毛颜色不一致
594,1318267,public_indecency,0,15324,[],公然猥亵
595,297241,smug,0,26783,[],得意
596,5032,uncensored,0,157676,[],无码
597,474820,black_gloves,0,529436,[],黑色手套
598,612641,black_shorts,0,150843,[],黑色短裤
599,560040,framed_breasts,0,5904,[],框住胸部
600,461492,green_jacket,0,48500,[],绿色夹克
601,3843,jacket,0,1148094,[],夹克
602,3472,night,0,137270,[],夜晚
603,375669,open_clothes,0,592033,[],敞开衣服
604,379615,open_jacket,0,295100,[],敞开外套
605,411263,signature,0,353041,[],签名
606,396065,green_panties,0,9787,[],绿色内裤
607,1881203,lillian_girls'_academy_school_uniform,0,911,[],莉莉安女子学院校服
608,658977,wooden_chair,0,2122,[],木椅
609,3796,bra,0,230331,[],胸罩
610,319,lingerie,0,60544,[],内衣
611,7577,open_shirt,0,130545,[],敞开衬衫
612,393840,purple_panties,0,15675,[],紫色内裤
613,3592,undressing,0,61960,[],脱衣
614,2006743,unworn_skirt,0,9404,[],未穿裙子
615,463127,white_bra,0,38186,[],白色胸罩
616,545704,blue_hairband,0,23409,[],蓝色发箍
617,1417085,double_horizontal_stripe,0,1244,[],双水平条纹
618,2376,hairband,0,557743,[],发箍
619,10231,mouth_hold,0,88352,[],嘴含
620,464572,pillow,0,167559,[],枕头
621,398959,trick_or_treat,0,3112,[],不给糖就捣蛋
622,9127,dango,0,8819,[],团子
623,1298573,sanshoku_dango,0,3081,[],三色团子
624,428808,wagashi,0,14573,[],和果子
625,427398,butt_crack,0,25955,[],臀沟
626,6188,dressing,0,7764,[],穿衣
627,7558,panty_pull,0,52362,[],扯内裤
628,6028,sideboob,0,133849,[],侧乳
629,8891,zoom_layer,0,28161,[],缩放图层
630,471020,covering_face,0,9099,[],遮脸
631,1874313,covering_own_eyes,0,4408,[],遮眼
632,464903,crying,0,91351,[],哭泣
633,674623,feathered_wings,0,79034,[],羽翼
634,507741,frilled_sleeves,0,93135,[],荷叶边袖
635,548895,frilled_socks,0,6229,[],荷叶边袜子
636,1508967,purple_theme,0,12834,[],紫色主题
637,1801537,single_hair_bun,0,79875,[],单发髻
638,547073,underwear_only,0,71427,[],仅穿内衣
639,468554,double_bun,0,146902,[],双丸子头
640,3234,erection,0,116373,[],勃起
641,8709,fellatio,0,77932,[],口交
642,682673,mosaic_censoring,0,235148,[],马赛克
643,1850,oral,0,94010,[],口腔
644,4190,penis,0,476549,[],阴茎
645,462454,small_penis,0,4970,[],小阴茎
646,1874884,breasts_squeezed_together,0,30403,[],胸部挤压
647,489904,arms_around_neck,0,8364,[],搂颈
648,401137,clenched_teeth,0,82029,[],咬紧牙关
649,5524,sunglasses,0,116082,[],太阳镜
650,6054,teeth,0,603227,[],牙齿
651,449676,ascot,0,163572,[],领巾
652,1376935,blue_ascot,0,8503,[],蓝色领巾
653,580545,blue_background,0,148508,[],蓝色背景
654,579793,frilled_apron,0,51232,[],荷叶边围裙
655,632214,grey_background,0,312917,[],灰色背景
656,1515353,grey_theme,0,2006,[],灰色主题
657,1258734,looking_ahead,0,41126,[],向前看
658,426781,medium_hair,0,473648,[],中长发
659,631529,white_apron,0,90064,[],白色围裙
660,16581,white_hair,0,834906,[],白发
661,95405,orange_eyes,0,204049,[],橙色眼睛
662,383851,twin_drills,0,57322,[],双钻卷
663,2447,camisole,0,52765,[],吊带背心
664,375176,crossed_arms,0,98736,[],双臂交叉
665,467811,knees_up,0,65638,[],屈膝
666,9843,midriff,0,339177,[],露腰
667,1393858,white_camisole,0,13036,[],白色吊带背心
668,456255,front-tie_top,0,46840,[],前系上衣
669,473283,purple_bra,0,8614,[],紫色胸罩
670,3918,4koma,0,105290,[],四格漫画
671,409425,bookshelf,0,22847,[],书架
672,2907,desk,0,46993,[],桌子
673,4930,doctor,0,2210,[],医生
674,9331,falling,0,13243,[],坠落
675,465469,lab_coat,0,31350,[],白大褂
676,441110,office_chair,0,7147,[],办公椅
677,381092,paper,0,35647,[],纸
678,558436,silent_comic,0,22748,[],无台词漫画
679,1256968,swivel_chair,0,9943,[],转椅
680,474819,brown_thighhighs,0,28315,[],棕色过膝袜
681,2755,lace,0,43122,[],蕾丝
682,614271,lace-trimmed_legwear,0,0,[],蕾丝边腿饰
683,556011,lace_trim,0,59290,[],蕾丝边
684,470314,pencil_skirt,0,45520,[],铅笔裙
685,396969,seiza,0,42685,[],正坐
686,473983,clothes_lift,0,234407,[],掀衣
687,375441,dress_lift,0,36784,[],掀裙
688,3284,forehead,0,52526,[],额头
689,10447,kneeling,0,133782,[],跪姿
690,2138714,lifting_own_clothes,0,74828,[],撩起自己的衣服
691,10402,bowl,0,36781,[],碗
692,4909,chopsticks,0,28463,[],筷子
693,1342976,rabbit_print,0,4383,[],兔子图案
694,5006,rice,0,10765,[],米饭
695,469020,rice_bowl,0,3662,[],饭碗
696,464579,sparkle,0,179734,[],闪光
697,1395622,green_ascot,0,1275,[],绿色阔领巾
698,498950,orange_skirt,0,12264,[],橙色裙子
699,3477,sweater,0,239311,[],毛衣
700,1501556,yellow_sweater_vest,0,3178,[],黄色毛衣背心
701,10902,close-up,0,52745,[],特写
702,1352777,eighth_note,0,23737,[],八分音符
703,4000,microphone,0,59357,[],麦克风
704,464568,musical_note,0,61284,[],音符
705,403577,pointing,0,75842,[],指
706,465583,rabbit_ears,0,264973,[],兔耳
707,1569656,arrow_(symbol),0,30153,[],箭头(符号)
708,516477,outstretched_arms,0,77136,[],双臂伸展
709,390662,foreshortening,0,59185,[],透视缩短
710,524399,hat_bow,0,65678,[],帽子蝴蝶结
711,1247162,purple_bow,0,47768,[],紫色蝴蝶结
712,1363594,red_hairband,0,30681,[],红色发带
713,520839,sound_effects,0,34069,[],音效文字
714,16170,television,0,12990,[],电视机
715,10422,witch_hat,0,113651,[],女巫帽
716,6539,bikini,0,580653,[],比基尼
717,395321,crop_top,0,230326,[],露脐上衣
718,379725,dual_persona,0,47813,[],双重人格
719,412037,open_fly,0,18418,[],拉链敞开
720,1231230,side-tie_bikini_bottom,0,107976,[],侧系带比基尼下装
721,382397,strapless,0,184580,[],无肩带
722,444,swimsuit,0,761998,[],泳装
723,461439,tube_top,0,22168,[],抹胸上衣
724,10713,unzipped,0,17088,[],拉链拉开
725,507378,yellow_bikini,0,18275,[],黄色比基尼
726,446622,hime_cut,0,25952,[],公主切
727,9044,leg_lift,0,18901,[],抬腿
728,8831,skirt_lift,0,81383,[],掀裙
729,1515361,white_theme,0,4131,[],白色主题
730,511594,arm_behind_back,0,44012,[],手臂背后
731,1515358,blue_theme,0,34406,[],蓝色主题
732,384884,grin,0,280572,[],咧嘴笑
733,4019,mole,0,306907,[],痣
734,1277433,mole_under_eye,0,191720,[],眼下痣
735,381455,shopping_bag,0,8857,[],购物袋
736,1441887,rimless_eyewear,0,10084,[],无框眼镜
737,1441883,round_eyewear,0,56206,[],圆形眼镜
738,593297,green_background,0,52180,[],绿色背景
739,1612103,milestone_celebration,0,5684,[],里程碑庆祝
740,467080,thank_you,0,8098,[],谢谢
741,399541,hair_over_one_eye,0,291977,[],遮眼刘海
742,686687,hatching_(texture),0,9690,[],排线纹理
743,1607304,linear_hatching,0,2881,[],线性排线
744,586765,low_ponytail,0,63237,[],低马尾
745,3474,portrait,0,101924,[],肖像
746,1041483,split_mouth,0,26656,[],裂口
747,466984,...,0,61573,[],...(表情)
748,2716,cat,0,94739,[],猫
749,1292999,spoken_ellipsis,0,42121,[],说话省略号
750,454379,=_=,0,29614,[],=_=(表情)
751,534982,^^^,0,58048,[],^^^(表情)
752,419379,bandage_over_one_eye,0,6579,[],单眼绷带
753,2091,bandages,0,107794,[],绷带
754,2270,eyepatch,0,87296,[],眼罩
755,398273,long_legs,0,24500,[],长腿
756,10923,torn_clothes,0,171057,[],撕裂的衣服
757,4009,turtleneck,0,143494,[],高领毛衣
758,610272,purple_skirt,0,42690,[],紫色裙子
759,442167,alternate_hairstyle,0,123963,[],换发型
760,399827,arms_up,0,216699,[],双臂举起
761,4474,fire,0,87252,[],火焰
762,531371,gradient_background,0,159352,[],渐变背景
763,408969,no_pussy,0,5670,[],无阴部
764,15737,bat_wings,0,65610,[],蝙蝠翅膀
765,16609,bloomers,0,24770,[],灯笼裤
766,400545,red_moon,0,5400,[],红月
767,420546,spear_the_gungnir,0,2261,[],永恒之枪
768,1411020,white_bloomers,0,9705,[],白色灯笼裤
769,412078,wrist_cuffs,0,175279,[],腕带
770,474995,brown_pantyhose,0,49313,[],棕色连裤袜
771,458232,flats,0,4922,[],平底鞋
772,52138,twin_braids,0,207158,[],双马尾
773,8830,shirt_lift,0,92320,[],掀衬衫
774,376528,:<,0,45590,[],:<(表情)
775,82326,?,0,82603,[],?(表情)
776,2863,broom,0,35544,[],扫帚
777,108765,broom_riding,0,10002,[],骑扫帚
778,467856,clothes_pull,0,90891,[],拉衣服
779,483830,imagining,0,6813,[],想象
780,376270,pantyhose_pull,0,12605,[],拉扯连裤袜
781,462209,thought_bubble,0,41967,[],思考气泡
782,403173,white_pantyhose,0,72625,[],白色连裤袜
783,4123,wind,0,59638,[],风
784,378454,wind_lift,0,16947,[],风吹起
785,398219,breast_lift,0,6290,[],胸部托举
786,1842,cum,0,281873,[],精液
787,461293,cum_on_body,0,106728,[],身体上的精液
788,400041,cum_on_breasts,0,45369,[],乳上精液
789,754200,oppai_loli,0,7393,[],巨乳萝莉
790,581,paizuri,0,47767,[],乳交
791,377998,petite,0,22965,[],娇小
792,4108,pov,0,151676,[],视角
793,1382794,black_choker,0,200839,[],黑色项圈
794,13199,black_eyes,0,272227,[],黑瞳
795,376923,black_wings,0,54925,[],黑色翅膀
796,4025,choker,0,488314,[],项圈
797,8068,demon_girl,0,99992,[],恶魔女孩
798,388067,demon_wings,0,52069,[],恶魔翅膀
799,1262298,off-shoulder_dress,0,33136,[],露肩连衣裙
800,375229,off_shoulder,0,279762,[],露肩
801,494744,shiny_skin,0,137924,[],光泽皮肤
802,473217,green_bra,0,4701,[],绿色胸罩
803,626,underboob,0,111056,[],下乳
804,1269639,covered_navel,0,158149,[],遮脐
805,494251,one-piece_swimsuit,0,155326,[],连体泳衣
806,1835746,pink_one-piece_swimsuit,0,2712,[],粉色连体泳衣
807,2276,pool,0,21592,[],泳池
808,631042,pool_ladder,0,3371,[],泳池梯子
809,221,school_swimsuit,0,68053,[],学校泳装
810,384552,wading,0,43384,[],涉水
811,472916,female_masturbation,0,30427,[],女性自慰
812,577,masturbation,0,41622,[],自慰
813,13853,pussy_juice,0,124482,[],淫液
814,585543,pussy_juice_puddle,0,2805,[],淫水洼
815,3748,slippers,0,18503,[],拖鞋
816,4528,bottomless,0,106267,[],无下装
817,108777,bra_lift,0,10661,[],胸罩上提
818,10549,clitoris,0,22139,[],阴蒂
819,465950,cum_in_pussy,0,117088,[],内射
820,633894,dark-skinned_female,0,205903,[],深色皮肤女性
821,71730,dark_skin,0,332211,[],深色皮肤
822,5875,doggystyle,0,34573,[],后入式
823,520820,female_orgasm,0,11307,[],女性高潮
824,297980,hanging_breasts,0,23190,[],垂乳
825,637714,holding_legs,0,1584,[],抱着腿
826,6158,orgasm,0,19159,[],高潮
827,2357,sex,0,311618,[],性行为
828,645320,sex_from_behind,0,77121,[],后入式
829,10484,vaginal,0,228250,[],阴道
830,2833,collage,0,5236,[],拼贴画
831,411759,cum_on_hair,0,24546,[],头发上的精液
832,2119,facial,0,51613,[],颜射
833,1304046,black_bodysuit,0,37819,[],黑色紧身衣
834,9344,bodysuit,0,144236,[],紧身连体衣
835,152,ninja,0,18898,[],忍者
836,390591,nipple_slip,0,19506,[],露点
837,528129,one_breast_out,0,16140,[],单乳露出
838,397411,restrained,0,53158,[],被束缚
839,2329,tentacles,0,47663,[],触手
840,1875867,upper_teeth_only,0,193768,[],露上齿
841,496244,emoticon,0,1090,[],表情符号
842,1733109,jaggy_lines,0,10030,[],锯齿线
843,489235,motion_lines,0,94173,[],动作线
844,375266,top-down_bottom-up,0,23599,[],俯视仰视
845,1249693,borrowed_character,0,28702,[],借用的角色
846,602295,hair_over_shoulder,0,63958,[],披肩发
847,389813,single_braid,0,149123,[],单辫
848,478565,bed_sheet,0,106596,[],床单
849,305065,saliva_trail,0,23223,[],唾液丝
850,8641,dress_shirt,0,142619,[],衬衫
851,252271,mug,0,32919,[],马克杯
852,390035,no_bra,0,110789,[],无胸罩
853,491861,sleeves_pushed_up,0,5321,[],推起袖子
854,8714,watermark,0,165163,[],水印
855,643253,web_address,0,56627,[],网址
856,488169,cleft_of_venus,0,38436,[],维纳斯裂谷
857,9535,icing,0,2369,[],糖霜
858,551767,pastry_bag,0,1258,[],裱花袋
859,1480026,red_wrist_cuffs,0,856,[],红色手腕束具
860,7581,garter_belt,0,32037,[],吊袜带
861,375986,empty_eyes,0,39075,[],空洞眼神
862,584911,shaded_face,0,66679,[],阴影脸
863,1672,tea,0,13885,[],茶
864,433752,yunomi,0,4063,[],汤饮杯
865,484456,back-to-back,0,19652,[],背靠背
866,389374,cat_teaser,0,2400,[],逗猫
867,464559,flower,0,722773,[],花
868,582801,flower_on_head,0,2091,[],头戴花
869,4244,leaf,0,119473,[],叶子
870,575514,leaf_background,0,917,[],叶子背景
871,590917,leaf_on_head,0,11747,[],头上叶子
872,4068,necklace,0,296593,[],项链
873,819964,pink_flower,0,73345,[],粉色花
874,1335609,cross_print,0,3118,[],十字印花
875,14452,feathers,0,87648,[],羽毛
876,2089095,goth_fashion,0,7177,[],哥特时尚
877,537093,lace-up_boots,0,32280,[],系带靴
878,717991,monochrome_background,0,1218,[],单色背景
879,1441862,purple_footwear,0,0,[],紫色鞋子
880,494337,purple_ribbon,0,29042,[],紫色丝带
881,492544,frilled_dress,0,114415,[],荷叶边连衣裙
882,1405608,holding_feather,0,914,[],手持羽毛
883,525747,lolita_hairband,0,14659,[],萝莉发箍
884,446647,pale_skin,0,60740,[],苍白皮肤
885,1320534,pink_bowtie,0,19094,[],粉色蝴蝶结领结
886,389777,red_dress,0,112001,[],红色连衣裙
887,404,christmas,0,49125,[],圣诞节
888,6295,leotard,0,246257,[],紧身连体衣
889,462578,merry_christmas,0,10012,[],圣诞快乐
890,1349338,red_leotard,0,17354,[],红色紧身衣
891,16149,sack,0,14511,[],麻袋
892,453340,santa_costume,0,37960,[],圣诞老人服装
893,455456,santa_hat,0,40238,[],圣诞帽
894,1307840,stud_earrings,0,33029,[],耳钉
895,474821,white_gloves,0,350917,[],白手套
896,464547,cherry,0,11813,[],樱桃
897,14927,dessert,0,4208,[],甜点
898,663579,holding_spoon,0,13695,[],手持勺子
899,8705,ice_cream,0,28907,[],冰淇淋
900,3759,parfait,0,5923,[],芭菲
901,2809,spoon,0,29187,[],勺子
902,16355,sundae,0,1945,[],圣代
903,1738,figure,0,4841,[],手办
904,511642,single_sock,0,10729,[],单只袜子
905,415668,single_thighhigh,0,67335,[],单边长筒袜
906,433182,!?,0,30300,[],!?(表情)
907,5565,:3,0,139265,[],:3(表情)
908,465444,antennae,0,23534,[],触角
909,410004,crescent,0,60177,[],新月
910,1619425,crescent_pin,0,5541,[],新月形别针
911,687728,hands_on_own_head,0,4637,[],双手抱头
912,375144,nurse_cap,0,27862,[],护士帽
913,1301494,spoken_interrobang,0,6050,[],说话时带问叹号
914,669033,triangle_mouth,0,18517,[],三角嘴
915,466990,;d,0,77484,[],;d(表情)
916,2062461,chibi_only,0,39282,[],仅Q版
917,55663,danmaku,0,6303,[],弹幕
918,567316,6+girls,0,93176,[],6名以上女孩
919,465152,china_dress,0,65318,[],旗袍
920,375404,chinese_clothes,0,131190,[],中国风服装
921,566923,hugging_object,0,27840,[],拥抱物体
922,1669227,hugging_own_legs,0,16204,[],抱膝
923,374845,mary_janes,0,47401,[],玛丽珍鞋
924,479018,mukyuu,0,616,[],姆Q
925,442232,scarlet_devil_mansion,0,2083,[],红魔馆
926,421662,5girls,0,65083,[],5女孩
927,431872,balancing,0,1892,[],平衡
928,3992,bucket,0,17886,[],水桶
929,1651,rain,0,40165,[],雨
930,412555,4girls,0,123885,[],4女孩
931,89228,grey_eyes,0,223582,[],灰色眼睛
932,553015,open_book,0,32263,[],打开的书
933,84427,reading,0,19871,[],阅读
934,612635,sidesaddle,0,2102,[],侧坐
935,537783,bamboo_broom,0,1864,[],竹扫帚
936,4188,crown,0,79411,[],王冠
937,4965,dagger,0,17527,[],匕首
938,464565,knife,0,74662,[],刀
939,452445,+_+,0,33489,[],+_+(表情)
940,753278,analog_clock,0,2143,[],模拟时钟
941,15395,clock,0,22952,[],时钟
942,11756,cup_ramen,0,2461,[],杯面
943,656166,hands_on_own_face,0,20543,[],手捂脸
944,626633,spoken_musical_note,0,10359,[],说话音符
945,461736,alternate_hair_color,0,15606,[],异色发
946,580738,black_hairband,0,113946,[],黑色发箍
947,609,fish,0,42521,[],鱼
948,408040,hitodama,0,17673,[],鬼火
949,684289,spoken_question_mark,0,24122,[],说话问号
950,626241,triangular_headpiece,0,17119,[],三角头饰
951,457857,tuna,0,698,[],金枪鱼
952,436870,:/,0,13858,[],:/(表情)
953,520850,bespectacled,0,26701,[],戴眼镜
954,9864,belt,0,407340,[],腰带
955,514260,left-handed,0,4879,[],左撇子
956,393879,alcohol,0,41825,[],酒精
957,473248,blue_bra,0,13911,[],蓝色胸罩
958,10833,bottle,0,82451,[],瓶子
959,473301,bow_bra,0,16484,[],蝴蝶结胸罩
960,382111,breast_hold,0,12523,[],抓胸
961,406419,bust_cup,0,1092,[],胸罩杯
962,419695,sakazuki,0,9955,[],酒杯
963,1708,sake,0,8226,[],清酒
964,717927,short_hair_with_long_locks,0,54394,[],短发留长鬓
965,396737,striped_bra,0,3934,[],条纹胸罩
966,662965,tokkuri,0,3604,[],德利瓶
967,2006744,unworn_panties,0,9918,[],未穿内裤
968,413830,wakamezake,0,884,[],若芽酒
969,2378,buruma,0,33924,[],布鲁马
970,320292,cloak,0,59631,[],斗篷
971,7450,gym_uniform,0,36511,[],体操服
972,513475,multiple_views,0,204412,[],多角度
973,375231,shirt_tug,0,4128,[],拉衬衫
974,6364,grass,0,89744,[],草
975,684956,frilled_bow,0,19835,[],荷叶边蝴蝶结
976,1396558,frilled_hair_tubes,0,12330,[],荷叶边发管
977,521477,half_updo,0,47314,[],半扎发
978,5705,ofuda,0,27224,[],符咒
979,1258089,ribbon-trimmed_sleeves,0,37959,[],缎带镶边袖子
980,1227044,ribbon_trim,0,62835,[],缎带镶边
981,1354790,yellow_ascot,0,28682,[],黄色领巾
982,542482,cowering,0,755,[],畏缩
983,563862,gameplay_mechanics,0,15318,[],游戏机制
984,8198,meme,0,65418,[],梗
985,1652,neta,0,870,[],梗
986,562826,slapping,0,2126,[],拍打
987,440458,xd,0,9192,[],XD(表情)
988,580277,green_tail,0,2350,[],绿色尾巴
989,464808,holding_hands,0,118719,[],牵手
990,23249,everyone,0,16278,[],所有人
991,425206,magical_girl,0,87698,[],魔法少女
992,465806,voice_actor,0,2664,[],声优
993,530657,high_heel_sandals,0,2711,[],高跟凉鞋
994,102962,nail_polish,0,280008,[],指甲油
995,1252645,orange_nails,0,6631,[],橙色指甲
996,3986,sandals,0,122230,[],凉鞋
997,519572,toenail_polish,0,31841,[],脚指甲油
998,378850,armband,0,66502,[],臂章
999,395929,bikini_pull,0,9684,[],比基尼拉扯
1000,457883,string_bikini,0,56054,[],细绳比基尼
1001,4039,dog,0,35231,[],狗
1002,166757,green_dress,0,45597,[],绿色连衣裙
1003,461153,headscarf,0,15206,[],头巾
1004,3449,heterochromia,0,136757,[],异色瞳
1005,647474,stuffed_dog,0,1125,[],填充狗玩具
1006,541716,yokozuwari,0,22286,[],横坐
1007,2834,69,0,2962,[],69式
1008,651956,clothed_male_nude_female,0,9583,[],男穿衣女裸体
1009,2998,cunnilingus,0,12911,[],舔阴
1010,718139,food_print,0,8966,[],食物印花
1011,381279,girl_on_top,0,74434,[],女上位
1012,578,lactation,0,22128,[],哺乳
1013,429161,paizuri_under_clothes,0,6261,[],衣下乳交
1014,10926,pants,0,531370,[],裤子
1015,544443,penis_out,0,2949,[],阴茎露出
1016,375723,puffy_nipples,0,38675,[],蓬松乳头
1017,6526,side-tie_panties,0,44438,[],侧系内裤
1018,9716,strawberry_panties,0,1200,[],草莓内裤
1019,548122,strawberry_print,0,2988,[],草莓图案
1020,438458,clenched_hands,0,48781,[],握紧双手
1021,5855,couch,0,61959,[],沙发
1022,603647,frilled_shirt,0,28490,[],荷叶边衬衫
1023,464573,plant,0,85581,[],植物
1024,411783,potted_plant,0,25708,[],盆栽植物
1025,1452471,hikarizaka_private_high_school_uniform,0,2655,[],光坂私立高中校服
1026,490999,on_bed,0,134118,[],在床上
1027,495002,skirt_around_one_leg,0,3032,[],裙子绕一条腿
1028,186201,skirt_pull,0,10228,[],拉裙子
1029,742715,adjusting_eyewear,0,25037,[],调整眼镜
1030,4357,chocolate,0,28403,[],巧克力
1031,670994,chocolate_on_body,0,2834,[],身上巧克力
1032,554092,food_on_body,0,6196,[],身上食物
1033,379164,messy,0,2173,[],凌乱
1034,7770,naked_ribbon,0,6914,[],裸体丝带
1035,589376,red_flower,0,88856,[],红花
1036,446472,red_rose,0,36046,[],红玫瑰
1037,460802,rose,0,121695,[],玫瑰
1038,2312,valentine,0,25271,[],情人节
1039,394368,bouncing_breasts,0,31265,[],乳摇
1040,2553,basketball,0,3269,[],篮球
1041,379970,bound_wrists,0,23230,[],绑手腕
1042,699830,see-through_clothes,0,176690,[],透明衣物
1043,450107,thick_eyebrows,0,115583,[],粗眉毛
1044,413179,trembling,0,88459,[],颤抖
1045,587679,vibrator_under_clothes,0,4177,[],衣服下跳蛋
1046,452581,vibrator_under_panties,0,2053,[],内裤下跳蛋
1047,374915,clothed_sex,0,43756,[],穿衣性交
1048,769705,holding_another's_arm,0,6926,[],挽着别人的手臂
1049,561394,reverse_cowgirl_position,0,10609,[],反向骑乘位
1050,433522,cheek_squash,0,2197,[],脸颊挤压
1051,390257,eye_contact,0,54469,[],眼神接触
1052,496894,face-to-face,0,16152,[],面对面
1053,656168,hands_on_another's_face,0,6733,[],手捧脸颊
1054,641577,looking_at_another,0,330552,[],看向他人
1055,508112,formal_clothes,0,72768,[],正装
1056,411198,leg_hold,0,2552,[],抱腿
1057,1793517,legwear_garter,0,4097,[],腿袜吊带
1058,1810,rape,0,35992,[],强奸
1059,410002,sheet_grab,0,10884,[],抓床单
1060,399003,skinny,0,8810,[],瘦削
1061,228096,spacesuit,0,6246,[],宇航服
1062,10229,suit,0,85911,[],西装
1063,1253523,\||/,0,6316,[],\||/(表情)
1064,551537,lying_on_person,0,6386,[],躺在人身上
1065,440369,multiple_persona,0,13831,[],多重人格
1066,454489,no_nose,0,26394,[],无鼻子
1067,427948,tying,0,1001,[],捆绑
1068,4572,candle,0,21634,[],蜡烛
1069,376002,genderswap,0,53080,[],性转
1070,1364406,genderswap_(mtf),0,40451,[],性转换(男变女)
1071,1836990,aged_down,0,74282,[],年龄变小
1072,4436,bench,0,18485,[],长凳
1073,62962,buruma_pull,0,1495,[],布鲁玛裤拉拽
1074,473284,frilled_bra,0,9828,[],荷叶边文胸
1075,427348,leaning_forward,0,133328,[],前倾
1076,2138939,pulling_own_clothes,0,19279,[],拉扯自己的衣服
1077,464539,bug,0,81160,[],虫子
1078,368,dog_ears,0,70555,[],狗耳朵
1079,464564,instrument,0,66874,[],乐器
1080,395015,monster_girl,0,68399,[],魔物娘
1081,453719,plant_girl,0,2854,[],植物娘
1082,15522,pointy_ears,0,465839,[],尖耳朵
1083,15200,robe,0,49661,[],长袍
1084,2586,witch,0,20521,[],魔女
1085,6536,bell,0,135433,[],铃铛
1086,6107,blurry,0,262321,[],模糊
1087,460262,depth_of_field,0,112930,[],景深
1088,478640,hair_bell,0,26155,[],发铃
1089,670088,hand_on_another's_head,0,40931,[],手放在别人头上
1090,1670660,animal_hands,0,38883,[],动物手
1091,1389122,black_collar,0,33564,[],黑色项圈
1092,469125,jingle_bell,0,50461,[],铃铛
1093,1452299,neck_bell,0,53603,[],颈铃
1094,1081137,imminent_penetration,0,16992,[],即将插入
1095,702916,imminent_vaginal,0,6626,[],即将插入阴道
1096,397574,panties_around_one_leg,0,22994,[],内裤挂在一腿上
1097,1394292,blue_serafuku,0,6212,[],蓝色水手服
1098,1396461,brown_hairband,0,3872,[],棕色发带
1099,6346,cape,0,249575,[],披风
1100,1483316,single_horizontal_stripe,0,2168,[],单横条纹
1101,1396724,white_sailor_collar,0,65988,[],白色水手领
1102,520398,white_skirt,0,107511,[],白色裙子
1103,487156,3boys,0,86195,[],3男孩
1104,1943,ad,0,1669,[],广告
1105,464540,building,0,70281,[],建筑
1106,3714,cannon,0,17887,[],大炮
1107,474715,crescent_moon,0,13617,[],新月
1108,9894,lap_pillow,0,9636,[],膝枕
1109,4948,mimikaki,0,2841,[],耳挖勺
1110,432696,on_stomach,0,75104,[],趴着
1111,478321,checkered_background,0,10644,[],格子背景
1112,596854,blue_scarf,0,17384,[],蓝色围巾
1113,609507,holding_food,0,117550,[],手持食物
1114,5948,hood,0,353355,[],兜帽
1115,428523,hooded_jacket,0,72020,[],连帽夹克
1116,614988,pink_jacket,0,35145,[],粉色夹克
1117,578856,pink_sweater,0,13305,[],粉色毛衣
1118,3197,takoyaki,0,2356,[],章鱼烧
1119,1302628,ace_(playing_card),0,3500,[],A牌(扑克牌)
1120,574393,ace_of_hearts,0,1871,[],红心A
1121,579036,ace_of_spades,0,1437,[],黑桃A
1122,560,card,0,31230,[],卡片
1123,464550,coin,0,14321,[],硬币
1124,3742,ferret,0,1283,[],雪貂
1125,651813,floating_card,0,1371,[],漂浮卡片
1126,2750,heart,0,695936,[],心形
1127,651810,holding_card,0,12292,[],手持卡片
1128,2292,magician,0,1005,[],魔术师
1129,392612,pentagram,0,6672,[],五角星
1130,493465,playing_card,0,13364,[],扑克牌
1131,1434382,spade_(shape),0,5336,[],黑桃(形状)
1132,2177,striped,0,23976,[],条纹
1133,375083,tuxedo,0,3680,[],燕尾服
1134,2684,fishing,0,2908,[],钓鱼
1135,376648,fishing_rod,0,6036,[],钓鱼竿
1136,4261,forest,0,41519,[],森林
1137,10056,grill,0,1505,[],烤架
1138,1269637,hands_on_headwear,0,2969,[],手放在头饰上
1139,381862,kebab,0,0,[],烤肉串
1140,5648,nature,0,56854,[],自然
1141,7508,straw_hat,0,27726,[],草帽
1142,1262158,holding_broom,0,8769,[],手持扫帚
1143,402204,holding_panties,0,3956,[],手持内裤
1144,1417279,holding_underwear,0,5232,[],手持内衣
1145,2185455,holding_unworn_clothes,0,32331,[],手持未穿衣物
1146,5746,box,0,64195,[],盒子
1147,421658,cardboard_box,0,10093,[],纸箱
1148,436054,highleg,0,136452,[],高叉
1149,472448,highleg_bikini,0,19011,[],高叉比基尼
1150,98920,starfish,0,7776,[],海星
1151,142348,wardrobe_malfunction,0,10113,[],衣柜故障
1152,426936,white_bikini,0,111886,[],白色比基尼
1153,613194,black_legwear,0,0,[],黑色腿部服饰
1154,9831,teddy_bear,0,30979,[],泰迪熊
1155,2562,camera,0,25989,[],相机
1156,670983,hand_on_another's_shoulder,0,32714,[],手搭他人肩膀
1157,466164,laughing,0,18411,[],大笑
1158,501706,card_(medium),0,24303,[],卡片(媒介)
1159,54102,noose,0,1941,[],绞索
1160,4241,rope,0,58332,[],绳索
1161,2880,scythe,0,17953,[],镰刀
1162,2232,tarot,0,3447,[],塔罗牌
1163,1974818,tarot_(medium),0,2264,[],塔罗牌(媒介)
1164,425236,pulling,0,3149,[],拉扯
1165,685432,two-tone_background,0,53073,[],双色背景
1166,435550,headpat,0,20018,[],摸头
1167,720760,holding_tray,0,23238,[],手持托盘
1168,488167,scrunchie,0,89818,[],发圈
1169,392024,tray,0,42422,[],托盘
1170,1408401,white_scrunchie,0,5722,[],白色发圈
1171,1356896,armpit_peek,0,7270,[],腋下微露
1172,103483,fishnets,0,73259,[],渔网袜
1173,381555,headband,0,113024,[],发带
1174,420598,highleg_panties,0,24128,[],高叉内裤
1175,393959,huge_breasts,0,256145,[],巨乳
1176,1707,japanese_clothes,0,443945,[],和服
1177,445,kimono,0,276608,[],和服
1178,418007,o3o,0,3795,[],o3o(表情)
1179,3920,obi,0,92609,[],腰带
1180,616593,purple_gloves,0,22670,[],紫色手套
1181,480027,purple_thighhighs,0,22963,[],紫色过膝袜
1182,379475,sash,0,164144,[],腰带
1183,427050,shiny_clothes,0,28598,[],闪亮衣服
1184,375526,short_kimono,0,15579,[],短和服
1185,455175,smiley_face,0,3626,[],笑脸
1186,526218,bandeau,0,22547,[],抹胸
1187,379595,breast_slip,0,3613,[],乳滑
1188,1851,fingering,0,37722,[],指交
1189,1701063,holding_another's_wrist,0,15685,[],握住对方手腕
1190,1466798,holding_money,0,1733,[],手持钱
1191,248665,money,0,7874,[],钱
1192,1898724,tucked_money,0,730,[],夹钱
1193,533054,waist_apron,0,57904,[],腰围裙
1194,1328533,ass_visible_through_thighs,0,101754,[],大腿间可见臀部
1195,1750606,azumanga_daioh's_school_uniform,0,1012,[],阿滋漫画大王校服
1196,408804,bad_proportions,0,2292,[],比例失调
1197,392008,chalkboard,0,11553,[],黑板
1198,3468,classroom,0,21286,[],教室
1199,3291,teacher,0,5601,[],教师
1200,394528,winter_uniform,0,48476,[],冬季制服
1201,5157,sad,0,14177,[],悲伤
1202,1393212,yellow_neckerchief,0,22377,[],黄色围巾
1203,579466,looking_to_the_side,0,217131,[],侧视
1204,414971,purple_shirt,0,39866,[],紫色衬衫
1205,443796,under_covers,0,17750,[],被窝中
1206,375461,belly,0,19043,[],腹部
1207,8104,angel,0,24264,[],天使
1208,104991,have_to_pee,0,3291,[],想上厕所
1209,522913,multiple_wings,0,8348,[],多翼
1210,399260,seraph,0,849,[],炽天使
1211,2559,incest,0,17991,[],近亲相奸
1212,13282,pose,0,12017,[],姿势
1213,11353,twincest,0,2914,[],双胞胎乱伦
1214,589,gun,0,163349,[],枪
1215,467493,handgun,0,43617,[],手枪
1216,1008243,holding_gun,0,79469,[],持枪
1217,558698,sig_sauer,0,2532,[],西格&绍尔
1218,524897,interlocked_fingers,0,55633,[],十指相扣
1219,666816,hand_on_own_head,0,19061,[],手放头顶
1220,416507,torn_shirt,0,13411,[],撕裂衬衫
1221,468460,torn_skirt,0,6702,[],撕裂裙子
1222,682128,hands_on_another's_shoulders,0,6936,[],手搭他人肩膀
1223,621654,pale_color,0,3337,[],淡色
1224,280408,salute,0,18048,[],敬礼
1225,2211833,kodomo_doushi,0,5131,[],孩子间互动
1226,1646953,shimaidon_(sex),0,2241,[],岛式(性行为)
1227,5563,comparison,0,1803,[],对比
1228,5776,brush,0,2451,[],刷子
1229,453886,cosmetics,0,5025,[],化妆品
1230,387213,handbag,0,29668,[],手提包
1231,538746,lipstick_tube,0,3333,[],口红管
1232,1328649,orange_flower,0,11746,[],橙色花
1233,384905,symmetrical_docking,0,11935,[],对称对接
1234,495137,tulip,0,4188,[],郁金香
1235,410734,carrying,0,53695,[],抱着
1236,7532,stairs,0,30277,[],楼梯
1237,2565,battle,0,18119,[],战斗
1238,468991,kicking,0,13204,[],踢
1239,397690,motion_blur,0,28695,[],动态模糊
1240,411896,no_nipples,0,6812,[],无乳头
1241,1053124,sideways_glance,0,34366,[],侧目
1242,563256,yellow_bow,0,55716,[],黄色蝴蝶结
1243,613885,brown_skirt,0,40474,[],棕色裙子
1244,479563,low_twintails,0,134419,[],低双马尾
1245,593298,yellow_background,0,78686,[],黄色背景
1246,515302,green_skirt,0,70167,[],绿色裙子
1247,1339640,midriff_peek,0,24372,[],露腰
1248,467104,stomach,0,323713,[],腹部
1249,392839,torn_panties,0,1715,[],撕裂的内裤
1250,484631,naked_shirt,0,17493,[],裸穿衬衫
1251,1446283,arm_on_table,0,892,[],手臂撑桌
1252,389904,cabinet,0,3367,[],柜子
1253,375460,ceiling,0,6691,[],天花板
1254,555432,head_down,0,2848,[],低头
1255,605773,head_on_hand,0,2212,[],手托头
1256,493843,head_rest,0,36591,[],头枕
1257,13126,lineart,0,13096,[],线稿
1258,420744,shelf,0,10737,[],架子
1259,535186,breast_pocket,0,24558,[],胸袋
1260,547289,drawstring,0,30268,[],拉绳
1261,4940,foreskin,0,11133,[],包皮
1262,669790,futa_with_female,0,18289,[],扶她与女性
1263,389,futanari,0,39798,[],扶她
1264,424974,no_testicles,0,1904,[],无睾丸
1265,2217,anus,0,134512,[],肛门
1266,648130,clothing_aside,0,51886,[],衣服拨开
1267,1656,handjob,0,42655,[],手交
1268,1862825,one-piece_swimsuit_pull,0,6309,[],连体泳衣拉扯
1269,483919,single_earring,0,54318,[],单耳环
1270,383907,swimsuit_aside,0,5910,[],泳装拨开
1271,427008,fingernails,0,213922,[],指甲
1272,4152,uniform,0,27088,[],制服
1273,1314750,white_hairband,0,44328,[],白色发箍
1274,2336,cigarette,0,39949,[],香烟
1275,1574,magic,0,19943,[],魔法
1276,200140,magic_circle,0,11637,[],魔法阵
1277,5621,smoking,0,27603,[],吸烟
1278,1233871,circle_name,0,2657,[],社团名
1279,6381,clover,0,6532,[],三叶草
1280,484394,four-leaf_clover,0,4646,[],四叶草
1281,2566,mushroom,0,13070,[],蘑菇
1282,1793515,video_game_cover,0,794,[],游戏封面
1283,701697,white_bow,0,109513,[],白色蝴蝶结
1284,1515356,green_theme,0,10184,[],绿色主题
1285,508748,horn_bow,0,4299,[],角弓
1286,1230896,horn_ornament,0,17865,[],角饰
1287,2785,horns,0,546513,[],角
1288,1320446,facing_another,0,15178,[],面对他人
1289,8243,flying,0,37027,[],飞行
1290,419429,frilled_skirt,0,89627,[],荷叶边裙
1291,420366,from_below,0,96001,[],仰视
1292,533391,open_hand,0,19787,[],张开手掌
1293,494669,spot_color,0,48611,[],局部色彩
1294,9335,5koma,0,4222,[],5格漫画
1295,5474,ball,0,46437,[],球
1296,1369553,blunt_ends,0,35098,[],钝端
1297,151645,evil_grin,0,7636,[],邪恶笑容
1298,500472,evil_smile,0,18075,[],邪恶微笑
1299,539837,high_ponytail,0,96877,[],高马尾
1300,1076628,holding_ball,0,10780,[],手持球
1301,679905,panicking,0,1637,[],惊慌
1302,1661430,shirt_bow,0,804,[],衬衫蝴蝶结
1303,482679,facing_away,0,26271,[],背对
1304,3880,light,0,15011,[],光线
1305,589932,negative_space,0,1324,[],负空间
1306,395993,energy_beam,0,1605,[],能量光束
1307,610074,platform_footwear,0,0,[],厚底鞋
1308,596557,casting_spell,0,1408,[],施法
1309,7994,fighting,0,6622,[],战斗
1310,382106,fisheye,0,5896,[],鱼眼镜头
1311,458933,facial_hair,0,141547,[],胡须
1312,16139,mustache,0,33781,[],胡子
1313,412048,ribbon_choker,0,14166,[],丝带项圈
1314,385780,high_contrast,0,3788,[],高对比度
1315,655303,fox_girl,0,99678,[],狐娘
1316,426587,yellow_panties,0,6221,[],黄色内裤
1317,1399041,yellow_tail,0,2500,[],黄色尾巴
1318,358992,bike_shorts,0,55561,[],自行车短裤
1319,1235204,bike_shorts_under_skirt,0,7144,[],裙下自行车短裤
1320,537886,shorts_under_skirt,0,11789,[],裙下短裤
1321,640820,spoken_anger_vein,0,5797,[],怒青筋
1322,546385,heart_earrings,0,14463,[],心形耳环
1323,431235,knee_boots,0,73098,[],过膝靴
1324,405504,apron_lift,0,1243,[],掀起围裙
1325,12464,brooch,0,73579,[],胸针
1326,643027,light_blue_hair,0,26971,[],浅蓝发
1327,1302741,red_ascot,0,19503,[],红色领巾
1328,1451190,white_wrist_cuffs,0,15144,[],白色腕套
1329,4308,pen,0,23826,[],笔
1330,445388,bob_cut,0,114021,[],波波头
1331,526340,letterboxed,0,61742,[],信箱式
1332,1260354,text_focus,0,18381,[],文字聚焦
1333,452549,!!,0,13421,[],!!(表情)
1334,418420,stuck,0,3511,[],卡住
1335,517832,outstretched_arm,0,76524,[],单臂伸展
1336,643561,eyes_visible_through_hair,0,85599,[],透过头发可见眼睛
1337,720163,partially_unbuttoned,0,19080,[],半解扣
1338,457597,swept_bangs,0,138256,[],侧扫刘海
1339,671227,tearing_up,0,54498,[],撕破
1340,1367435,falling_petals,0,31768,[],落花
1341,406340,oversized_clothes,0,14632,[],过大衣服
1342,479939,sleeves_past_wrists,0,190443,[],过腕袖
1343,464583,sunflower,0,24828,[],向日葵
1344,477288,white_ribbon,0,69947,[],白色丝带
1345,1226391,yellow_flower,0,40854,[],黄色花朵
1346,540767,abstract_background,0,7130,[],抽象背景
1347,1411717,medium_skirt,0,9367,[],中裙
1348,460642,spread_arms,0,23393,[],张开双臂
1349,466061,album_cover,0,7101,[],专辑封面
1350,1468296,beamed_eighth_notes,0,9830,[],八分音符
1351,458728,waving,0,31245,[],挥手
1352,1484630,see-through_sleeves,0,15436,[],透视袖
1353,533356,areola_slip,0,60821,[],乳晕露出
1354,460159,body_blush,0,7398,[],身体泛红
1355,651957,clothed_female_nude_male,0,45599,[],女穿衣男裸体
1356,1919723,handsfree_paizuri,0,1670,[],无手乳交
1357,550131,large_areolae,0,27259,[],大乳晕
1358,9474,licking,0,47996,[],舔
1359,676529,licking_penis,0,13522,[],舔阴茎
1360,490261,partially_colored,0,16916,[],部分上色
1361,2772,shiny,0,4849,[],闪亮
1362,584958,spoken_heart,0,56664,[],说出心声
1363,624352,strap_gap,0,15136,[],吊带间隙
1364,464538,bubble,0,38692,[],泡泡
1365,541729,rotational_symmetry,0,2716,[],旋转对称
1366,487562,wing_collar,0,71875,[],翅膀领
1367,388207,yin_yang,0,10767,[],阴阳
1368,646879,brown_background,0,51617,[],棕色背景
1369,4207,eating,0,97165,[],吃东西
1370,479466,fine_art_parody,0,3502,[],名画恶搞
1371,9745,hungry,0,1259,[],饥饿
1372,408437,checkered,0,4778,[],格子花纹
1373,4031,negligee,0,3346,[],薄纱睡衣
1374,406034,arm_grab,0,158,[],抓手臂
1375,6059,blazer,0,82003,[],西装外套
1376,577266,chain-link_fence,0,9610,[],链环围栏
1377,403904,french_kiss,0,17005,[],法式舌吻
1378,3046,kiss,0,73717,[],亲吻
1379,1456682,armpit_crease,0,27897,[],腋窝褶皱
1380,1374981,frilled_armband,0,1204,[],荷叶边臂环
1381,470562,spaghetti_strap,0,27712,[],细肩带
1382,429999,tiara,0,73892,[],小冠冕
1383,16918,tutu,0,2018,[],芭蕾舞裙
1384,202817,hoodie,0,158582,[],连帽衫
1385,2169,innertube,0,34096,[],游泳圈
1386,374782,sneakers,0,79053,[],运动鞋
1387,475004,swim_ring,0,41399,[],游泳圈
1388,3508,angry,0,50316,[],愤怒
1389,384087,angel_wings,0,45453,[],天使翅膀
1390,662240,mini_wings,0,7422,[],小翅膀
1391,16791,strap,0,13525,[],带子
1392,472867,arm_hug,0,6251,[],抱臂
1393,379387,t-shirt,0,79508,[],T恤
1394,219401,denim,0,84296,[],牛仔布
1395,416676,denim_shorts,0,39438,[],牛仔短裤
1396,1553182,grabbing_another's_hair,0,9294,[],抓他人头发
1397,11882,watch,0,34997,[],手表
1398,481383,wristwatch,0,23090,[],手表
1399,479955,4boys,0,38094,[],4男孩
1400,536,bukkake,0,14462,[],颜射
1401,4974,gangbang,0,20849,[],轮奸
1402,389882,group_sex,0,66846,[],群交
1403,486674,multiple_penises,0,20225,[],多个阴茎
1404,1577183,penis_to_breast,0,1077,[],阴茎触胸
1405,1467811,6+others,0,3267,[],6人以上
1406,10731,chainsaw,0,4490,[],电锯
1407,390,demon,0,7925,[],恶魔
1408,1393877,feet_out_of_frame,0,184637,[],脚部出框
1409,400296,gatling_gun,0,2648,[],加特林机枪
1410,2967,jeans,0,35805,[],牛仔裤
1411,1300281,male_focus,0,874465,[],男性聚焦
1412,3813,minigun,0,887,[],转轮机枪
1413,464566,monster,0,35478,[],怪物
1414,1468069,multiple_others,0,21570,[],多名其他角色
1415,5214,overalls,0,25733,[],背带裤
1416,404507,sharp_teeth,0,98365,[],尖牙
1417,723518,arms_between_legs,0,1873,[],手臂夹腿
1418,2898,basket,0,22368,[],篮子
1419,1359441,collared_dress,0,37697,[],立领连衣裙
1420,1814875,eyebrows_hidden_by_hair,0,30818,[],眉毛被发遮
1421,1276067,floppy_ears,0,11724,[],垂耳
1422,523488,flower_pot,0,5331,[],花盆
1423,1354736,green_flower,0,2993,[],绿色花
1424,1358749,grey_cat,0,1376,[],灰猫
1425,1343802,holding_basket,0,5844,[],提篮子
1426,375459,looking_up,0,82459,[],向上看
1427,1411720,medium_dress,0,10472,[],中长裙
1428,541609,open_door,0,7383,[],开着的门
1429,628115,open_window,0,2788,[],开窗
1430,1282902,solid_circle_pupils,0,1472,[],实心圆瞳孔
1431,613940,white_cat,0,6933,[],白猫
1432,605308,between_fingers,0,9932,[],指间
1433,466142,fishnet_thighhighs,0,20256,[],渔网过膝袜
1434,9799,kunai,0,5632,[],苦无
1435,418177,ripples,0,12649,[],涟漪
1436,376671,scroll,0,10605,[],卷轴
1437,6032,tabi,0,21580,[],足袋
1438,1353604,walking_on_liquid,0,1049,[],水上行走
1439,572,toilet,0,6589,[],马桶
1440,422720,uwabaki,0,8951,[],室内鞋
1441,411038,:>=,0,6055,[],:>=(表情)
1442,1420004,blur_censor,0,4289,[],模糊遮挡
1443,377078,cum_in_mouth,0,33500,[],口内射精
1444,11436,deepthroat,0,6099,[],深喉
1445,10748,elevator,0,1216,[],电梯
1446,1227460,hands_on_another's_head,0,3968,[],手放他人头上
1447,421506,head_grab,0,5332,[],抓头
1448,14859,pointless_censoring,0,15640,[],无意义遮挡
1449,549355,arms_at_sides,0,30968,[],手臂贴体
1450,464543,cable,0,23086,[],线缆
1451,578557,digital_media_player,0,5030,[],数字媒体播放器
1452,460555,hair_censor,0,11151,[],头发遮挡
1453,1932,ipod,0,1312,[],iPod
1454,1865,bandaid,0,74926,[],创可贴
1455,543339,bandaids_on_nipples,0,6101,[],乳头创可贴
1456,403785,lowleg,0,17883,[],低腰裤
1457,4547,lowleg_panties,0,7438,[],低腰内裤
1458,4318,pasties,0,28228,[],乳贴
1459,1916,cake,0,45427,[],蛋糕
1460,1330707,cake_slice,0,10213,[],蛋糕切片
1461,2252,candy,0,61320,[],糖果
1462,464551,cookie,0,12583,[],饼干
1463,404857,cupcake,0,5564,[],纸杯蛋糕
1464,473049,doily,0,1588,[],蕾丝垫
1465,471436,doughnut,0,0,[],甜甜圈
1466,13851,halftone,0,16100,[],半色调
1467,3603,lollipop,0,32359,[],棒棒糖
1468,429795,muffin,0,900,[],玛芬
1469,509,pocky,0,18074,[],百奇
1470,433150,senbei,0,823,[],仙贝
1471,388452,sweets,0,3871,[],甜食
1472,665452,facing_viewer,0,76486,[],面向观众
1473,593668,huge_ahoge,0,16705,[],巨大呆毛
1474,487236,long_dress,0,37975,[],长连衣裙
1475,393313,nervous,0,14318,[],紧张
1476,442898,skirt_hold,0,26541,[],提裙
1477,538475,asymmetrical_hair,0,33238,[],不对称发型
1478,451332,bun_cover,0,20754,[],发髻罩
1479,374357,yandere,0,7946,[],病娇
1480,379609,bra_pull,0,7844,[],拉胸罩
1481,473249,print_bra,0,2318,[],印花胸罩
1482,460502,dual_wielding,0,34582,[],双持
1483,279898,shell_casing,0,4265,[],弹壳
1484,1804525,bridal_garter,0,0,[],新娘吊带袜
1485,401289,yellow_ribbon,0,39708,[],黄色蝴蝶结
1486,377124,back,0,104044,[],背部
1487,473218,lace-trimmed_bra,0,14325,[],蕾丝边胸罩
1488,426594,lace-trimmed_panties,0,13407,[],蕾丝边内裤
1489,77257,strap_slip,0,43922,[],肩带滑落
1490,653176,circle_skirt,0,2821,[],圆裙
1491,558829,animal_on_head,0,15085,[],头顶动物
1492,391568,assault_rifle,0,19683,[],突击步枪
1493,442863,heckler_&_koch,0,1818,[],黑克勒-科赫
1494,522051,on_head,0,22276,[],顶在头上
1495,1291177,orange_bodysuit,0,4141,[],橙色紧身衣
1496,382270,rifle,0,46815,[],步枪
1497,1392012,white_bodysuit,0,14739,[],白色紧身衣
1498,1288118,hair_flaps,0,47921,[],发片
1499,1388933,light_blush,0,90422,[],淡红晕
1500,643274,partially_submerged,0,38743,[],半身浸水
1501,11135,rock,0,31511,[],岩石
1502,4275,steam,0,62474,[],蒸汽
1503,492359,towel_on_head,0,6435,[],头上毛巾
1504,149598,androgynous,0,52325,[],中性
1505,3334,kigurumi,0,2483,[],布偶装
1506,554980,motor_vehicle,0,51818,[],机动车
1507,3577,motorcycle,0,10680,[],摩托车
1508,1491182,vehicle_focus,0,13734,[],车辆聚焦
1509,540619,holding_hat,0,0,[],手持帽子
1510,383337,sailor_hat,0,20189,[],水手帽
1511,538901,white_hat,0,110052,[],白帽子
1512,1299138,back-print_panties,0,1298,[],背部印花内裤
1513,13408,bear_panties,0,830,[],小熊内裤
1514,480430,bear_print,0,2207,[],熊图案
1515,459290,snowflakes,0,15328,[],雪花
1516,474204,frilled_thighhighs,0,11644,[],荷叶边长筒袜
1517,1693074,own_hands_clasped,0,17286,[],双手合握
1518,900563,own_hands_together,0,92958,[],双手合握
1519,1901,orgy,0,6774,[],群交
1520,10543,spread_pussy,0,34338,[],掰开阴部
1521,524961,black_shirt,0,272986,[],黑色衬衫
1522,468534,light_brown_hair,0,849,[],浅棕色头发
1523,1389146,white_neckerchief,0,11268,[],白色领巾
1524,109159,nyan,0,1096,[],喵
1525,648056,paw_pose,0,30732,[],爪爪姿势
1526,469422,paw_print,0,17957,[],爪印
1527,549356,arm_at_side,0,51320,[],手臂垂于身侧
1528,1247160,black_bow,0,169778,[],黑色蝴蝶结
1529,1390441,black_headwear,0,25903,[],黑色头饰
1530,547860,black_jacket,0,295028,[],黑色夹克
1531,647129,black_necktie,0,80017,[],黑色领带
1532,2362,casual,0,55909,[],休闲装
1533,708792,checkered_necktie,0,3021,[],格纹领带
1534,439204,friends,0,2406,[],朋友们
1535,1360959,frilled_jacket,0,1854,[],荷叶边夹克
1536,656165,hand_on_own_face,0,57191,[],手抚自己脸
1537,455753,leg_warmers,0,15606,[],暖腿套
1538,605757,pant_suit,0,3657,[],裤套装
1539,1946752,plaid_clothes,0,155912,[],格纹衣服
1540,418899,plaid_skirt,0,106844,[],格子裙
1541,15764,striped_thighhighs,0,61538,[],条纹过膝袜
1542,10847,breath,0,55231,[],呼吸
1543,613197,brown_legwear,0,0,[],棕色腿袜
1544,652086,gathers,0,1337,[],褶裥
1545,561,mecha,0,47874,[],机甲
1546,3846,robot,0,75878,[],机器人
1547,520397,pink_skirt,0,50895,[],粉色裙子
1548,394305,curly_hair,0,39815,[],卷发
1549,600177,detached_collar,0,152656,[],分离式衣领
1550,524661,folding_fan,0,23111,[],折扇
1551,12284,gown,0,4451,[],长袍
1552,723773,hand_fan,0,50863,[],折扇
1553,1302826,mole_under_mouth,0,60854,[],嘴下痣
1554,383853,victorian,0,1027,[],维多利亚风格
1555,1233722,maid_bikini,0,5737,[],女仆比基尼
1556,1950723,unconventional_maid,0,9403,[],非传统女仆
1557,1505130,german_text,0,2091,[],德语文字
1558,1271759,ribbon-trimmed_thighhighs,0,5782,[],缎带装饰过膝袜
1559,487760,under_tree,0,1660,[],树下
1560,540428,arm_around_shoulder,0,7822,[],搂肩
1561,397923,group_hug,0,1466,[],群体拥抱
1562,656167,hand_on_another's_face,0,23997,[],手碰他人脸
1563,476134,black_hat,0,166659,[],黑帽子
1564,1343866,black_sleeves,0,45049,[],黑色袖子
1565,421198,center_opening,0,23177,[],中间开口
1566,302,elf,0,82777,[],精灵
1567,1335533,holding_staff,0,38182,[],手持法杖
1568,1256471,off-shoulder_shirt,0,28282,[],露肩衬衫
1569,427968,revealing_clothes,0,61173,[],暴露服装
1570,4027,staff,0,67218,[],法杖
1571,387991,abs,0,110435,[],腹肌
1572,14814,couple,0,81720,[],情侣
1573,538768,height_difference,0,36372,[],身高差
1574,465719,muscular,0,162229,[],肌肉
1575,1592077,topless_male,0,47462,[],男性赤裸上身
1576,442816,veins,0,49086,[],血管
1577,149791,drinking,0,22046,[],喝水
1578,469714,bare_legs,0,154871,[],裸露的腿
1579,617356,blue_shorts,0,53479,[],蓝色短裤
1580,394743,cushion,0,10141,[],坐垫
1581,2279,headphones,0,113495,[],耳机
1582,1397450,plantar_flexion,0,4587,[],跖屈
1583,1328010,fur-trimmed_jacket,0,31282,[],毛领夹克
1584,498413,jacket_on_shoulders,0,27904,[],披肩外套
1585,488864,red_jacket,0,72468,[],红色夹克
1586,902927,collared_jacket,0,19334,[],有领夹克
1587,1330462,double_exposure,0,826,[],双重曝光
1588,450779,emblem,0,20661,[],徽章
1589,387214,military_uniform,0,105072,[],军服
1590,670636,multicolored_clothes,0,5605,[],彩色服装
1591,1390702,multicolored_jacket,0,19205,[],多色夹克
1592,429442,patch,0,3823,[],补丁
1593,1437532,two-tone_jacket,0,11514,[],双色夹克
1594,519374,white_belt,0,19224,[],白色腰带
1595,477028,cleavage_cutout,0,99006,[],镂空剪裁
1596,1594634,clothing_cutout,0,206663,[],服装镂空
1597,456193,outstretched_hand,0,27689,[],伸出的手
1598,400587,reaching,0,37134,[],伸手
1599,7426,sign,0,29773,[],标志
1600,2489,sunset,0,33533,[],日落
1601,400123,hair_flower,0,325086,[],头花
1602,379945,hairpin,0,36408,[],发夹
1603,1270535,curtained_hair,0,16676,[],窗帘式刘海
1604,534968,mini_hat,0,30673,[],小帽子
1605,1070114,single_stripe,0,2507,[],单条纹
1606,482236,striped_skirt,0,8184,[],条纹裙子
1607,462808,tareme,0,45276,[],垂眼
1608,1205916,white_stripes,0,0,[],白色条纹
1609,8475,bicycle,0,7742,[],自行车
1610,16718,black_panties,0,153598,[],黑色内裤
1611,10692,sandwich,0,5897,[],三明治
1612,695937,white_outline,0,38940,[],白色轮廓
1613,4803,birthday,0,12652,[],生日
1614,656170,hands_on_own_chest,0,17533,[],手捂胸
1615,149799,happy_birthday,0,50362,[],生日快乐
1616,2223859,star_symbol_background,0,9243,[],星星符号背景
1617,389594,folder,0,1276,[],文件夹
1618,1373022,red-framed_eyewear,0,36991,[],红框眼镜
1619,11062,fox,0,9053,[],狐狸
1620,672705,pink_kimono,0,18165,[],粉色和服
1621,606732,soaking_feet,0,10965,[],泡脚
1622,417888,age_difference,0,41477,[],年龄差
1623,383117,breast_sucking,0,13906,[],吸乳
1624,1750248,onee-shota,0,13916,[],大姐姐×正太
1625,2614,shota,0,24674,[],正太
1626,11623,bad_end,0,1878,[],坏结局
1627,502047,blood_on_face,0,45790,[],脸上血迹
1628,2230,guro,0,5646,[],猎奇
1629,2799,beach,0,108360,[],海滩
1630,378767,bleeding,0,6246,[],流血
1631,1895,murder,0,1127,[],谋杀
1632,387050,sun,0,24623,[],太阳
1633,532943,covering_crotch,0,14399,[],遮裆
1634,613205,pink_legwear,0,0,[],粉色腿袜
1635,413908,spiked_hair,0,83757,[],刺猬头
1636,451370,upside-down,0,29543,[],倒立
1637,673956,falling_leaves,0,9664,[],落叶
1638,594664,green_shirt,0,42788,[],绿色衬衫
1639,1538197,square_4koma,0,3356,[],方形四格漫画
1640,480899,5boys,0,17688,[],5男孩
1641,2183637,bent_over_furniture,0,1001,[],俯身在家具上
1642,539090,imminent_rape,0,6424,[],即将被强暴
1643,10919,lineup,0,5074,[],队列
1644,601824,male_pubic_hair,0,54216,[],男性阴毛
1645,4855,school,0,7448,[],学校
1646,394881,school_desk,0,20299,[],课桌
1647,7646,slave,0,4669,[],奴隶
1648,1296346,stationary_restraints,0,3189,[],固定束缚
1649,435834,torso_grab,0,11140,[],抓躯干
1650,445092,wince,0,15801,[],皱眉
1651,471601,black_bra,0,71065,[],黑色胸罩
1652,556491,convenient_arm,0,3039,[],便利手臂
1653,643824,grabbing_from_behind,0,25499,[],背后抓取
1654,460204,hair_over_breasts,0,10445,[],遮胸发
1655,454128,head_wreath,0,17833,[],头环
1656,556841,sitting_on_stairs,0,3056,[],坐在楼梯上
1657,580379,aged_up,0,31506,[],年龄增长
1658,516432,imminent_kiss,0,14897,[],即将接吻
1659,407186,sleeveless_shirt,0,179950,[],无袖衬衫
1660,49941,lemon,0,6623,[],柠檬
1661,416486,photo_(object),0,15702,[],照片(物品)
1662,457892,dithering,0,1794,[],抖动
1663,421443,spinning,0,3357,[],旋转
1664,375033,bored,0,1790,[],无聊
1665,1681025,emotionless_sex,0,1767,[],无感情性交
1666,380289,missionary,0,36739,[],传教士体位
1667,268105,pants_pull,0,13181,[],拉裤子
1668,388908,raglan_sleeves,0,13311,[],插肩袖
1669,16978,writing,0,5152,[],写作
1670,404541,hexagram,0,3470,[],六芒星
1671,596449,pigeon-toed,0,12887,[],内八字
1672,613439,roman_numeral,0,3917,[],罗马数字
1673,394866,zodiac,0,1314,[],星座
1674,1569,condom,0,38459,[],避孕套
1675,483988,condom_wrapper,0,15537,[],安全套包装
1676,7455,tank_top,0,94811,[],背心
1677,692331,feet_on_chair,0,799,[],脚踩椅子
1678,569748,black_background,0,101251,[],黑色背景
1679,412202,:q,0,36545,[],:q(表情)
1680,414773,aiming,0,12574,[],瞄准
1681,392118,cork,0,1022,[],软木塞
1682,2281,festival,0,3161,[],节日
1683,468850,tall,0,0,[],高个子
1684,490118,pool_of_blood,0,1766,[],血泊
1685,401650,so_moe_i'm_gonna_die!,0,689,[],萌到我要死了！
1686,4365,tsundere,0,5604,[],傲娇
1687,1378370,black_buruma,0,3184,[],黑色布鲁玛裤
1688,1661326,content_rating,0,10289,[],内容分级
1689,1866372,braided_sidelock,0,2403,[],编辫侧发
1690,491367,cropped_jacket,0,61099,[],短外套
1691,446950,fangs,0,124245,[],虎牙
1692,1448325,hands_on_own_hips,0,35736,[],双手叉腰
1693,520991,pink_ribbon,0,51550,[],粉色丝带
1694,659868,covering_own_mouth,0,26855,[],捂嘴
1695,1113504,hair_behind_ear,0,30489,[],撩耳发
1696,828858,hand_over_own_mouth,0,5451,[],手捂自己嘴
1697,704500,holding_cup,0,84173,[],手持杯子
1698,394151,plate,0,53517,[],盘子
1699,109153,saucer,0,11114,[],碟子
1700,381750,thermos,0,1398,[],保温瓶
1701,15614,tube,0,2768,[],管子
1702,2246,wall,0,9834,[],墙壁
1703,522010,character_profile,0,5365,[],角色介绍
1704,608539,column_lineup,0,2900,[],列队
1705,588674,furrowed_brow,0,49421,[],皱眉
1706,494241,long_fingernails,0,40880,[],长指甲
1707,376018,ribs,0,12812,[],肋骨
1708,11745,breast_smother,0,2281,[],胸部窒息
1709,1401067,face_to_breasts,0,3021,[],脸贴胸
1710,491112,cowgirl_position,0,47666,[],女上位
1711,407744,happy_sex,0,18198,[],快乐性爱
1712,448007,drooling,0,61991,[],流口水
1713,2849,goggles,0,70601,[],护目镜
1714,590746,goggles_around_neck,0,5578,[],护目镜挂颈
1715,409720,scabbard,0,15592,[],刀鞘
1716,395533,sheath,0,58042,[],刀鞘
1717,477354,sheathed,0,30187,[],收鞘
1718,572753,6+boys,0,36052,[],6+男孩
1719,1797,mask,0,145104,[],面具
1720,1081309,mouth_mask,0,34871,[],口罩
1721,504063,ninja_mask,0,2211,[],忍者面罩
1722,498627,short_sword,0,3303,[],短剑
1723,12650,subtitled,0,5954,[],字幕
1724,1923,truth,0,1795,[],真相
1725,464546,chain,0,118711,[],链条
1726,1597364,chain_leash,0,4660,[],链式项圈
1727,380355,chained,0,4334,[],被锁链束缚
1728,6175,cuffs,0,37678,[],袖口
1729,3971,handcuffs,0,14444,[],手铐
1730,1344144,metal_collar,0,8133,[],金属项圈
1731,9983,dancing,0,18421,[],跳舞
1732,466441,sweet_potato,0,3018,[],红薯
1733,668886,animal_on_lap,0,2114,[],膝上动物
1734,464544,can,0,31289,[],罐子
1735,592037,cat_on_lap,0,949,[],腿上猫
1736,1950784,ginkgo_tree,0,683,[],银杏树
1737,486062,on_lap,0,4577,[],膝上坐
1738,401968,red_nails,0,69074,[],红色指甲
1739,500740,very_short_hair,0,27799,[],超短发
1740,1351963,ass_focus,0,34898,[],臀部聚焦
1741,547132,extra_ears,0,71600,[],额外耳朵
1742,492105,groin_tendon,0,2901,[],腹股沟肌腱
1743,396680,personification,0,40501,[],拟人化
1744,416506,torn_pants,0,11132,[],破裤子
1745,678477,shared_speech_bubble,0,1638,[],共享对话框
1746,1298471,blood_from_eyes,0,3822,[],血泪
1747,520939,wiping_tears,0,2632,[],擦泪
1748,4320,glowing,0,116748,[],发光
1749,389108,glowing_eyes,0,51889,[],发光眼睛
1750,504234,punching,0,9535,[],出拳
1751,657530,spoken_object,0,2604,[],被说出的物体
1752,492682,red_necktie,0,91338,[],红色领带
1753,576310,white_flower,0,114055,[],白色花朵
1754,550308,>:(,0,6271,[],>:(表情)
1755,413872,breast_envy,0,7262,[],羡慕胸部
1756,486613,extra,0,2609,[],额外
1757,572821,star_earrings,0,15774,[],星星耳环
1758,686939,wide_oval_eyes,0,1107,[],宽椭圆眼
1759,1313101,green_bowtie,0,11904,[],绿色蝴蝶结
1760,473206,grey_socks,0,8271,[],灰色袜子
1761,1416353,red_headwear,0,13819,[],红色头饰
1762,12667,child,0,64467,[],儿童
1763,380831,demon_tail,0,70165,[],恶魔尾巴
1764,375020,fingerless_gloves,0,304060,[],露指手套
1765,479729,gem,0,84595,[],宝石
1766,4010,halo,0,347557,[],光环
1767,374961,no_pupils,0,16718,[],无瞳孔
1768,2138702,traditional_halo,0,9990,[],传统光环
1769,1310938,white_one-piece_swimsuit,0,26244,[],白色连体泳衣
1770,576561,alternate_eye_color,0,17051,[],异色瞳
1771,258190,beret,0,119506,[],贝雷帽
1772,628898,meandros,0,2906,[],迷宫纹
1773,422957,come_hither,0,4433,[],勾引手势
1774,408359,bare_back,0,19546,[],露背
1775,395984,dress_pull,0,6340,[],拉裙子
1776,530083,kneepits,0,25476,[],膝窝
1777,379632,panties_aside,0,26611,[],内裤拨开
1778,381163,petticoat,0,20725,[],衬裙
1779,444539,skindentation,0,135190,[],皮肤凹陷
1780,1495160,mismatched_eyebrows,0,1959,[],不对称眉毛
1781,1372733,blue_leotard,0,26660,[],蓝色紧身连体衣
1782,635980,impossible_leotard,0,3125,[],不可能紧身衣
1783,709734,playboy_bunny,0,122274,[],花花公子兔女郎
1784,469701,rabbit_tail,0,72400,[],兔尾
1785,574407,wavy_mouth,0,88132,[],波浪嘴
1786,456585,pink_bra,0,22877,[],粉色胸罩
1787,412179,polka_dot_bra,0,2337,[],波点胸罩
1788,407260,polka_dot_panties,0,7388,[],波点内裤
1789,428330,brother_and_sister,0,32987,[],兄妹
1790,400,pajamas,0,32093,[],睡衣
1791,614048,striped_pajamas,0,924,[],条纹睡衣
1792,493584,striped_pants,0,5537,[],条纹裤
1793,417883,striped_shirt,0,38969,[],条纹衬衫
1794,392810,vertical_stripes,0,9172,[],竖条纹
1795,399308,walk-in,0,3731,[],走入
1796,2311,pregnant,0,10495,[],怀孕
1797,396063,asphyxiation,0,3638,[],窒息
1798,594129,head_out_of_frame,0,25141,[],头部出框
1799,466898,strangling,0,4799,[],勒颈
1800,418987,park_bench,0,3049,[],公园长椅
1801,1556,backpack,0,84641,[],背包
1802,513737,ero_guro,0,1175,[],色情猎奇
1803,375225,flaccid,0,6548,[],疲软
1804,423052,glory_hole,0,727,[],墙洞
1805,15124,pain,0,2942,[],痛苦
1806,463399,randoseru,0,16285,[],小学生书包
1807,611670,grey_shirt,0,80387,[],灰色衬衫
1808,656163,hand_on_another's_cheek,0,9897,[],手抚他人脸颊
1809,495048,lily_(flower),0,9779,[],百合花
1810,666125,holding_fruit,0,16031,[],手持水果
1811,699281,oversized_food,0,2722,[],超大食物
1812,1247633,narrowed_eyes,0,6651,[],眯眼
1813,16710,sepia,0,9003,[],深褐色
1814,433344,pussy_peek,0,7576,[],私处微露
1815,407056,unbuttoned,0,19160,[],解扣
1816,3949,ring,0,101687,[],戒指
1817,4925,thong,0,37024,[],丁字裤
1818,620577,brown_jacket,0,47266,[],棕色夹克
1819,397380,name_tag,0,22171,[],姓名牌
1820,1326581,brown_vest,0,12224,[],棕色马甲
1821,658678,hand_on_own_elbow,0,1846,[],手搭肘部
1822,450337,ankle_boots,0,20741,[],踝靴
1823,1293269,blue_footwear,0,0,[],蓝色鞋子
1824,1319348,holding_bucket,0,2419,[],提着桶
1825,3993,mop,0,3884,[],拖把
1826,465525,crossed_legs,0,88379,[],翘腿
1827,498828,adjusting_clothes,0,29039,[],整理衣服
1828,688664,adjusting_legwear,0,1566,[],调整腿部衣物
1829,9508,carousel,0,1184,[],旋转木马
1830,525108,hands_on_feet,0,1724,[],手放在脚上
1831,5011,horse,0,11263,[],马
1832,491230,horseback_riding,0,4051,[],骑马
1833,15131,riding,0,18896,[],骑乘
1834,414765,hair_over_eyes,0,25519,[],遮眼刘海
1835,1307533,carrot_hair_ornament,0,6582,[],胡萝卜发饰
1836,670638,clothes_writing,0,49458,[],衣服文字
1837,1374209,food-themed_hair_ornament,0,23623,[],食物主题发饰
1838,1319919,hands_on_own_knees,0,8108,[],手放自己膝盖上
1839,587202,shoelaces,0,3161,[],鞋带
1840,478305,striped_sleeves,0,4355,[],条纹袖子
1841,375185,doll_joints,0,11050,[],娃娃关节
1842,482857,joints,0,22312,[],关节
1843,714822,red_theme,0,12868,[],红色主题
1844,888554,cropped_shirt,0,28910,[],露脐上衣
1845,484924,heart_hands,0,28796,[],比心手势
1846,1600,beer,0,10481,[],啤酒
1847,1278062,hand_in_own_hair,0,39763,[],手抓自己头发
1848,459933,drinking_glass,0,47360,[],饮用玻璃杯
1849,578153,drinking_straw,0,35898,[],吸管
1850,459291,standing_on_one_leg,0,98698,[],单脚站立
1851,408254,tripping,0,3122,[],绊倒
1852,450266,wine_glass,0,18143,[],酒杯
1853,495857,arm_around_neck,0,5617,[],手臂搂颈
1854,1280102,single_hair_intake,0,7557,[],单束发丝
1855,408438,hair_up,0,14131,[],盘发
1856,476779,ice_cream_cone,0,9238,[],蛋筒冰淇淋
1857,1344665,yellow_vest,0,4568,[],黄色背心
1858,380572,dog_tail,0,38691,[],狗尾巴
1859,526025,pleated_dress,0,26252,[],褶裙
1860,1332478,shrug_(clothing),0,30867,[],耸肩外套
1861,7529,ringlets,0,7292,[],螺旋卷发
1862,595503,facial_tattoo,0,17838,[],面部纹身
1863,650433,invisible_chair,0,19105,[],隐形椅子
1864,464584,tattoo,0,166011,[],纹身
1865,1569753,teardrop_tattoo,0,1739,[],泪滴纹身
1866,376491,wet_clothes,0,54136,[],湿衣
1867,394722,wet_hair,0,17130,[],湿发
1868,211409,wet_shirt,0,18403,[],湿衬衫
1869,1226390,purple_flower,0,40413,[],紫色花
1870,589286,purple_rose,0,7336,[],紫玫瑰
1871,494712,gingham,0,1060,[],方格纹
1872,1277107,purple_border,0,1260,[],紫色边框
1873,465836,cutoffs,0,12234,[],毛边短裤
1874,461159,reference_sheet,0,18143,[],设定图
1875,622606,anime_coloring,0,39675,[],动漫上色
1876,431012,tangzhuang,0,3480,[],唐装
1877,1271922,black_vest,0,54478,[],黑色背心
1878,1622419,straight-on,0,38899,[],正面
1879,542830,chest_of_drawers,0,2190,[],五斗柜
1880,6477,prank,0,1167,[],恶作剧
1881,232297,gohei,0,18039,[],御币
1882,1255360,hand_on_own_forehead,0,2037,[],手贴自己额头
1883,471771,pumps,0,7803,[],高跟鞋
1884,1702658,travel_attendant,0,922,[],旅行陪同
1885,486327,faceless,0,53491,[],无脸
1886,10031,faceless_male,0,39488,[],无脸男
1887,2282,footjob,0,9560,[],足交
1888,592555,panties_under_pantyhose,0,31651,[],连裤袜下穿内裤
1889,556999,two-footed_footjob,0,6135,[],双脚足交
1890,2467,ghost,0,32113,[],幽灵
1891,480577,:|,0,11354,[],:|(表情)
1892,461699,blank_eyes,0,14062,[],空白眼
1893,1491014,blue_headwear,0,16488,[],蓝色头饰
1894,494842,braided_ponytail,0,38121,[],辫子马尾
1895,3444,computer,0,16855,[],电脑
1896,54490,monitor,0,14480,[],显示器
1897,3429,drink,0,29017,[],饮料
1898,16704,glass,0,21360,[],玻璃
1899,435433,red_gloves,0,52508,[],红色手套
1900,521420,slit_pupils,0,77052,[],竖瞳
1901,466881,sun_hat,0,34862,[],遮阳帽
1902,11173,sundress,0,18625,[],太阳裙
1903,1501454,tinted_eyewear,0,33010,[],有色眼镜
1904,668671,holding_knife,0,30997,[],持刀
1905,4536,tsurime,0,49464,[],吊梢眼
1906,403477,electric_guitar,0,13319,[],电吉他
1907,1764,guitar,0,23781,[],吉他
1908,1382120,holding_instrument,0,22992,[],手持乐器
1909,8565,sarashi,0,29326,[],晒衣
1910,14011,height_chart,0,1391,[],身高对比图
1911,452032,looking_away,0,53532,[],移开视线
1912,527256,green_ribbon,0,28103,[],绿色丝带
1913,1636694,sleeve_garter,0,3504,[],袖箍
1914,1437338,brown_cardigan,0,16498,[],棕色开衫
1915,526083,brown_socks,0,4479,[],棕色袜子
1916,6128,cardigan,0,96454,[],开衫
1917,672588,cardigan_vest,0,758,[],开襟背心
1918,464713,head_wings,0,74833,[],头翼
1919,398889,circlet,0,34064,[],头环
1920,472424,skull_and_crossbones,0,4273,[],骷髅与交叉骨
1921,16756,aquarium,0,1633,[],水族箱
1922,389577,manta_ray,0,898,[],蝠鲼
1923,568880,sleeveless_dress,0,181240,[],无袖连衣裙
1924,14665,tunnel,0,702,[],隧道
1925,1671,underwater,0,25815,[],水下
1926,25477,chemise,0,3271,[],衬裙
1927,15571,shawl,0,31377,[],披肩
1928,392034,dripping,0,11305,[],滴落
1929,2606,milk,0,6152,[],牛奶
1930,15057,nearly_naked_apron,0,1563,[],近乎裸体围裙
1931,15412,refrigerator,0,3387,[],冰箱
1932,4807,spill,0,4695,[],溢出
1933,1320204,black_bowtie,0,49922,[],黑色领结
1934,1373700,grid_background,0,9349,[],网格背景
1935,9586,habit,0,15091,[],修女服
1936,246,nun,0,27919,[],修女
1937,3778,amputee,0,8121,[],截肢者
1938,10801,android,0,25987,[],机器人
1939,646363,company_name,0,18717,[],公司名称
1940,491474,gym_shirt,0,14462,[],运动衫
1941,471090,hair_tie,0,27290,[],发绳
1942,501384,long_braid,0,11759,[],长辫子
1943,435472,measurements,0,717,[],三围
1944,379489,side_slit,0,49057,[],侧开衩
1945,458230,strapless_bra,0,3205,[],无肩带胸罩
1946,643257,white_leotard,0,34869,[],白色紧身衣
1947,466654,wristband,0,60964,[],腕带
1948,473239,yellow_bra,0,2985,[],黄色胸罩
1949,1304062,yellow_hairband,0,13075,[],黄色发带
1950,7820,military,0,104385,[],军事
1951,560677,arm_rest,0,7042,[],扶手
1952,617355,grey_jacket,0,48759,[],灰色夹克
1953,3569,sleepy,0,10879,[],困倦
1954,380213,sponge,0,1912,[],海绵
1955,499772,copyright_notice,0,35946,[],版权声明
1956,1702687,hashitsuki_nata,0,724,[],柱付鉈
1957,1579902,nata_(tool),0,1347,[],砍刀
1958,379306,public_nudity,0,4564,[],公共裸体
1959,383903,vending_machine,0,3739,[],自动售货机
1960,1303985,blue_buruma,0,8310,[],蓝色布鲁玛
1961,492465,grey_thighhighs,0,13767,[],灰色过膝袜
1962,684686,grabbing_another's_ass,0,25120,[],抓他人屁股
1963,175633,comb,0,3296,[],梳子
1964,541927,manga_(object),0,3226,[],漫画(物体)
1965,11019,scared,0,17226,[],害怕
1966,12733,thinking,0,6279,[],思考
1967,11285,@_@,0,42506,[],@_@(表情)
1968,398383,rolling,0,715,[],翻滚
1969,418395,after_sex,0,42822,[],事后
1970,414165,cum_on_pussy,0,1530,[],精液沾阴部
1971,572767,grabbing,0,3831,[],抓取
1972,606748,chibi_inset,0,21600,[],小插图
1973,2172377,homurabara_academy_school_uniform,0,1837,[],焰原学院校服
1974,603198,red_sweater,0,12581,[],红色毛衣
1975,399073,waistcoat,0,8375,[],马甲
1976,821623,female_pervert,0,7254,[],女变态
1977,391704,pervert,0,8241,[],变态
1978,1098217,drawing_tablet,0,3264,[],绘图板
1979,1972174,holding_removed_eyewear,0,9267,[],手持摘下的眼镜
1980,11325,ocean,0,118578,[],海洋
1981,2006742,unworn_eyewear,0,17652,[],未佩戴眼镜
1982,745997,holding_animal,0,19542,[],抱着动物
1983,702226,holding_cat,0,5505,[],抱猫
1984,1263229,hand_on_headwear,0,21918,[],手触头饰
1985,10322,albino,0,7848,[],白化
1986,558653,casual_one-piece_swimsuit,0,13947,[],休闲连体泳衣
1987,546821,halterneck,0,120412,[],挂脖式
1988,447310,green_nails,0,17760,[],绿色指甲
1989,451190,layered_skirt,0,17522,[],多层裙
1990,10905,pendant,0,40580,[],吊坠
1991,3417,anal,0,59933,[],肛交
1992,1320887,anal_object_insertion,0,15979,[],肛门异物插入
1993,411331,long_toenails,0,1018,[],长脚趾甲
1994,978099,nipple_stimulation,0,28916,[],乳头刺激
1995,466335,object_insertion,0,29473,[],物体插入
1996,419287,swim_cap,0,1483,[],泳帽
1997,451769,toe_scrunch,0,6224,[],脚趾蜷曲
1998,1335718,vibrator_cord,0,2262,[],跳蛋线
1999,690260,vibrator_on_nipple,0,1421,[],乳头用跳蛋
2000,1388799,blue_sailor_collar,0,72839,[],蓝色水手领
2001,1238881,yellow_necktie,0,16895,[],黄色领带
2002,390569,cat_paws,0,6470,[],猫爪
2003,499809,butterfly_net,0,1893,[],捕虫网
2004,8796,electric_fan,0,4995,[],电风扇
2005,524686,hand_net,0,2138,[],手网
2006,13099,hot,0,8399,[],热
2007,4864,lion,0,2992,[],狮子
2008,2298,watermelon,0,11219,[],西瓜
2009,553979,purple_hat,0,19133,[],紫帽子
2010,11904,bracelet,0,222796,[],手链
2011,1447595,foot_out_of_frame,0,31372,[],脚出框
2012,684644,gold_trim,0,55751,[],金色镶边
2013,1409470,multicolored_coat,0,3528,[],彩色外套
2014,538023,on_ground,0,19228,[],在地上
2015,423171,prayer_beads,0,3165,[],念珠
2016,379375,red_coat,0,18738,[],红色外套
2017,516350,white_coat,0,50613,[],白色外套
2018,1198458,chest_armor,0,0,[],胸甲
2019,1791441,couter,0,1244,[],肘甲
2020,1260880,fang_out,0,15185,[],露虎牙
2021,564233,hand_on_hilt,0,3666,[],手按刀柄
2022,2688,knight,0,9141,[],骑士
2023,9872,pauldrons,0,41420,[],肩甲
2024,1659038,rerebrace,0,994,[],上臂甲
2025,561547,shoulder_armor,0,80504,[],肩甲
2026,588702,vambraces,0,20177,[],护腕甲
2027,4555,ejaculation,0,58307,[],射精
2028,456370,hands_in_pockets,0,28254,[],手插口袋
2029,374409,bad_anatomy,0,16997,[],崩坏人体
2030,379713,bad_feet,0,3694,[],糟糕的脚
2031,8671,female_ejaculation,0,11636,[],女性潮吹
2032,10403,futon,0,10167,[],被褥
2033,1853,tribadism,0,3833,[],磨镜
2034,1435804,bisexual_female,0,3595,[],双性恋女性
2035,12391,double_penetration,0,11749,[],双重插入
2036,1379636,ffm_threesome,0,14453,[],女女男3P
2037,526914,licking_finger,0,3435,[],舔手指
2038,468923,screaming,0,4575,[],尖叫
2039,1822,threesome,0,34891,[],三人行
2040,1516549,pink_headwear,0,0,[],粉色头饰
2041,1713770,bisexual_male,0,768,[],双性恋男性
2042,10469,duck,0,5882,[],鸭子
2043,380540,legs_up,0,39722,[],双腿抬起
2044,602796,star_print,0,18521,[],星星图案
2045,10727,bib,0,1380,[],围兜
2046,2571,mochi,0,5269,[],麻糬
2047,1456945,mochi_trail,0,1535,[],麻薯痕迹
2048,496288,orange_(fruit),0,8256,[],橙子(水果)
2049,4768,sheep,0,5785,[],羊
2050,502301,tail_wagging,0,11149,[],摇尾巴
2051,9396,april_fools,0,2024,[],愚人节
2052,378306,movie_poster,0,1205,[],电影海报
2053,470441,plastic_bag,0,4893,[],塑料袋
2054,1610148,poster_(medium),0,1827,[],海报(媒介)
2055,538327,black_flower,0,10229,[],黑色花
2056,467696,black_rose,0,3929,[],黑玫瑰
2057,6203,vines,0,14796,[],藤蔓
2058,1420938,holding_polearm,0,25151,[],手持长柄武器
2059,1296314,single_gauntlet,0,3649,[],单臂护手
2060,75228,aura,0,15351,[],气场
2061,11813,lens_flare,0,43530,[],镜头光晕
2062,133767,swimsuit_under_clothes,0,18067,[],衣服下穿泳装
2063,419116,tied_shirt,0,17030,[],系结衬衫
2064,386870,trident,0,6551,[],三叉戟
2065,497607,blue_nails,0,58812,[],蓝色指甲
2066,666377,hair_spread_out,0,35377,[],头发散开
2067,576440,naked_cloak,0,997,[],裸体披风
2068,723472,stiletto_heels,0,3684,[],细高跟鞋
2069,1119509,high-waist_skirt,0,45558,[],高腰裙
2070,660413,rainbow_background,0,893,[],彩虹背景
2071,381372,cold,0,4193,[],寒冷
2072,461529,apple,0,25818,[],苹果
2073,11870,manly,0,10141,[],男子气概
2074,1451588,muscular_male,0,114223,[],肌肉男
2075,423438,racket,0,3291,[],球拍
2076,83990,tennis_racket,0,2743,[],网球拍
2077,1402579,green_neckwear,0,0,[],绿色颈饰
2078,11555,bathroom,0,13535,[],浴室
2079,399302,drying,0,2880,[],晾干
2080,576788,drying_hair,0,1951,[],吹干头发
2081,579607,towel_around_neck,0,7805,[],围巾绕颈
2082,628271,turning_head,0,8729,[],转头
2083,701116,weighing_scale,0,2453,[],天平
2084,1045681,white_shorts,0,42417,[],白色短裤
2085,393028,controller,0,20342,[],手柄
2086,411148,remote_control,0,5649,[],遥控器
2087,622988,swiss_roll,0,1532,[],瑞士卷
2088,1355714,crescent_hat_ornament,0,12065,[],新月形帽子装饰
2089,610698,hat_ornament,0,36544,[],帽子装饰
2090,1363856,star_hat_ornament,0,11603,[],星星帽子装饰
2091,482391,bad_food,0,1605,[],糟糕的食物
2092,7461,lizard,0,1480,[],蜥蜴
2093,5953,snake,0,26172,[],蛇
2094,619558,peeking_out,0,7274,[],探出头
2095,559601,cheering,0,2688,[],欢呼
2096,9260,blanket,0,23678,[],毯子
2097,582245,stomach_growling,0,787,[],肚子叫
2098,530792,trolling,0,720,[],恶搞
2099,450123,staring,0,5445,[],凝视
2100,2006740,unworn_hat,0,31223,[],未戴帽子
2101,2006735,unworn_headwear,0,41930,[],未穿戴头饰
2102,448882,|_|,0,23207,[],|_|(表情)
2103,191640,ak-47,0,852,[],AK-47
2104,416557,ammunition_belt,0,1851,[],弹药带
2105,464541,bullet,0,6335,[],子弹
2106,398573,cartridge,0,859,[],弹匣
2107,449464,casing_ejection,0,920,[],抛壳
2108,1392086,grey_bodysuit,0,2657,[],灰色紧身连体衣
2109,572094,h&k_ump,0,1217,[],H&K UMP
2110,3649,helmet,0,92167,[],头盔
2111,1675931,kalashnikov_rifle,0,3061,[],卡拉什尼科夫步枪
2112,618068,light_machine_gun,0,1624,[],轻机枪
2113,4850,lipstick,0,63587,[],口红
2114,504098,m1911,0,1702,[],M1911手枪
2115,392700,machine_gun,0,7557,[],机枪
2116,1436739,military_operator,0,853,[],军事操作员
2117,385431,submachine_gun,0,11221,[],冲锋枪
2118,429487,double_handjob,0,7205,[],双手手交
2119,392990,micro_bikini,0,49900,[],微比基尼
2120,3860,cooking,0,10270,[],烹饪
2121,1609053,twitching_penis,0,4356,[],阴茎抽动
2122,394759,hand_in_pocket,0,41139,[],手插口袋
2123,8433,thumbs_up,0,16108,[],竖大拇指
2124,541644,aqua_background,0,13937,[],水蓝色背景
2125,644684,chestnut_mouth,0,17067,[],栗子嘴
2126,2319,fantasy,0,17817,[],奇幻
2127,1726632,gold_crown,0,3076,[],金冠
2128,3102,greaves,0,11994,[],护胫
2129,504316,hands_on_hilt,0,1257,[],手握剑柄
2130,545992,high_heel_boots,0,46235,[],高跟鞋靴
2131,695377,planted,0,9989,[],插入地面
2132,661261,planted_sword,0,7078,[],插地剑
2133,2019425,pointed_crown,0,1826,[],尖顶冠
2134,376594,spikes,0,51154,[],尖刺
2135,1346561,holding_cigarette,0,13501,[],叼烟
2136,401836,messy_hair,0,73831,[],凌乱头发
2137,422821,safety_pin,0,3982,[],安全别针
2138,1335364,stomach_tattoo,0,7726,[],腹部纹身
2139,8807,city,0,29263,[],城市
2140,386432,leaning,0,5904,[],倚靠
2141,677008,school_chair,0,8985,[],学校椅子
2142,413672,leg_up,0,93129,[],抬腿
2143,613646,on_desk,0,8603,[],在桌上
2144,1441885,semi-rimless_eyewear,0,52961,[],半框眼镜
2145,375037,striped_socks,0,9478,[],条纹袜
2146,1441886,under-rim_eyewear,0,31957,[],下框眼镜
2147,477439,white_wings,0,45411,[],白色翅膀
2148,8318,nipple_tweak,0,19596,[],捏乳头
2149,1335534,hand_in_another's_panties,0,951,[],手伸入他人内裤中
2150,378452,hand_in_panties,0,3367,[],手伸进内裤
2151,514087,cross_necklace,0,16687,[],十字架项链
2152,660814,dot_nose,0,65596,[],点状鼻子
2153,1322674,latin_cross,0,5614,[],拉丁十字架
2154,1239921,pink_sky,0,2301,[],粉色天空
2155,415545,twilight,0,7861,[],黄昏
2156,1320207,white_bowtie,0,15882,[],白色蝴蝶结领结
2157,614277,frilled_legwear,0,0,[],荷叶边腿饰
2158,16792,golf_club,0,1224,[],高尔夫球杆
2159,634911,photo_inset,0,3323,[],照片插画
2160,410379,praying,0,4719,[],祈祷
2161,479146,sailor_dress,0,42293,[],水手连衣裙
2162,494375,shared_umbrella,0,2732,[],共伞
2163,719023,implied_kiss,0,1403,[],暗示之吻
2164,375476,soles,0,122364,[],脚底
2165,397156,presenting,0,17549,[],展示
2166,571873,checkered_clothes,0,22358,[],格子服装
2167,483081,high_collar,0,49521,[],高领
2168,2066191,highleg_one-piece_swimsuit,0,22181,[],高叉连体泳衣
2169,574719,multicolored_swimsuit,0,4705,[],彩色泳装
2170,419309,thick_thighs,0,121802,[],粗大腿
2171,1373024,white-framed_eyewear,0,4930,[],白框眼镜
2172,376117,wide_hips,0,45643,[],宽胯
2173,4787,axe,0,17091,[],斧头
2174,378993,energy_sword,0,7323,[],能量剑
2175,2263,otaku,0,1393,[],宅
2176,106450,shield,0,32281,[],盾牌
2177,4410,dragonfly,0,1167,[],蜻蜓
2178,387233,paper_fan,0,7771,[],纸扇
2179,551333,uchiwa,0,4809,[],团扇
2180,1373356,yellow_kimono,0,6124,[],黄色和服
2181,399,yukata,0,28208,[],浴衣
2182,1455296,sleeves_past_fingers,0,57835,[],过指袖
2183,664058,orange_ribbon,0,6834,[],橙色丝带
2184,1932851,presenting_removed_panties,0,876,[],展示脱下的内裤
2185,639323,skull_hair_ornament,0,9191,[],骷髅头饰
2186,432198,arched_back,0,21212,[],弓背
2187,1875949,lower_teeth_only,0,14310,[],露下齿
2188,2730,massage,0,1288,[],按摩
2189,2025918,mixed-sex_bathing,0,8169,[],混浴
2190,560881,soap_bubbles,0,6961,[],肥皂泡
2191,399923,washing,0,961,[],清洗
2192,626528,cropped_legs,0,57041,[],截腿
2193,1429562,two-tone_dress,0,25205,[],双色连衣裙
2194,1094664,colored_skin,0,163364,[],彩色皮肤
2195,406620,pouring,0,7255,[],倾倒
2196,391297,white_skin,0,51056,[],白皙皮肤
2197,465393,pee,0,11880,[],尿
2198,3356,peeing,0,12427,[],小便
2199,1290693,looking_at_breasts,0,2295,[],看胸部
2200,492380,jitome,0,39987,[],斜眼
2201,379189,floor,0,6195,[],地板
2202,392585,contemporary,0,27508,[],当代
2203,544514,wiping_mouth,0,940,[],擦嘴
2204,8696,bathtub,0,11103,[],浴缸
2205,2762,coffee,0,11040,[],咖啡
2206,476371,showering,0,5603,[],淋浴
2207,669436,streaming_tears,0,10124,[],流线泪
2208,599606,fuuin_no_tsue,0,1604,[],封印之杖
2209,1373025,blue-framed_eyewear,0,4887,[],蓝框眼镜
2210,416906,bangle,0,19255,[],手镯
2211,7444,dark_elf,0,7979,[],黑暗精灵
2212,462735,old,0,14753,[],老人
2213,390768,old_man,0,11988,[],老人
2214,390993,sigh,0,3883,[],叹气
2215,10279,hair_rings,0,50617,[],发环
2216,1334710,hand_on_railing,0,1155,[],手扶栏杆
2217,552818,parted_hair,0,6672,[],分叉发型
2218,416202,eyelashes,0,210799,[],睫毛
2219,501764,blinking,0,10354,[],眨眼
2220,716981,holding_own_arm,0,8538,[],握住自己手臂
2221,1916192,traditional_nun,0,3250,[],传统修女
2222,405124,smirk,0,30591,[],得意笑
2223,566918,adapted_costume,0,58104,[],改编服装
2224,2476,hose,0,6706,[],软管
2225,659417,mechanical_ears,0,2682,[],机械耳朵
2226,10428,wading_pool,0,1574,[],戏水池
2227,709908,fanning_self,0,1734,[],扇扇子
2228,571661,implied_pantyshot,0,662,[],暗示内裤镜头
2229,1781,car,0,23986,[],汽车
2230,416904,cat_on_head,0,2298,[],头顶猫
2231,10280,flag,0,19410,[],旗帜
2232,378782,hiding,0,4935,[],躲藏
2233,645001,assault_visor,0,6439,[],突击面罩
2234,1658197,holding_lightsaber,0,0,[],手持光剑
2235,2477,lightsaber,0,1657,[],光剑
2236,463490,spacecraft,0,5857,[],宇宙飞船
2237,1350232,orange_shorts,0,5270,[],橙色短裤
2238,1039471,prostration,0,1024,[],五体投地
2239,1008745,sanpaku,0,13300,[],三白眼
2240,388762,sleeveless_turtleneck,0,18951,[],无袖高领衫
2241,560167,character_doll,0,28515,[],角色玩偶
2242,525748,dakimakura_(object),0,1970,[],抱枕(物品)
2243,611089,implied_yuri,0,2659,[],暗示百合
2244,82088,sewing,0,1132,[],缝纫
2245,679252,solid_oval_eyes,0,11678,[],实心椭圆眼
2246,125420,bald,0,18386,[],秃头
2247,477228,drum,0,6030,[],鼓
2248,9921,panda,0,4021,[],熊猫
2249,459964,unsheathing,0,7294,[],拔刀
2250,394795,baggy_pants,0,9059,[],宽松裤子
2251,614744,red_pants,0,17780,[],红色裤子
2252,1444217,red_tank_top,0,2853,[],红色背心
2253,1315939,brown_belt,0,35237,[],棕色腰带
2254,3313,dragon,0,31778,[],龙
2255,501739,folded,0,13326,[],折叠
2256,515350,knees_to_chest,0,6468,[],抱膝
2257,594366,bat_(animal),0,14892,[],蝙蝠(动物)
2258,493576,feather_boa,0,5848,[],羽毛围巾
2259,146061,baseball_cap,0,59167,[],棒球帽
2260,1336138,red_belt,0,8547,[],红色腰带
2261,477993,bad_perspective,0,1694,[],透视错误
2262,433154,cargo_pants,0,1554,[],工装裤
2263,1416880,yellow_footwear,0,0,[],黄色鞋子
2264,1373026,green-framed_eyewear,0,2682,[],绿框眼镜
2265,347508,miniboy,0,6350,[],迷你男孩
2266,542357,red_cross,0,2907,[],红十字
2267,3988,scar,0,131643,[],伤疤
2268,464578,skull,0,30287,[],骷髅
2269,317,bus,0,1499,[],公交车
2270,467235,license_plate,0,1401,[],车牌
2271,542846,no_humans,0,178883,[],无人
2272,645655,wall_clock,0,1831,[],挂钟
2273,375519,armlet,0,49506,[],臂环
2274,488261,blue_cape,0,21195,[],蓝色披风
2275,1770616,blue_gemstone,0,17393,[],蓝色宝石
2276,409364,covering_breasts,0,23553,[],遮胸
2277,486179,naked_cape,0,2388,[],裸披风
2278,390314,nude_cover,0,5904,[],裸体遮盖
2279,430114,popped_collar,0,11654,[],立领
2280,408887,shoulder_pads,0,10550,[],肩垫
2281,410928,multiple_4koma,0,6265,[],多格四格漫画
2282,420299,whistling,0,732,[],吹口哨
2283,1328259,multiple_moles,0,8932,[],多颗痣
2284,631299,pillarboxed,0,7032,[],信箱式黑边
2285,639717,taut_clothes,0,17998,[],紧身衣物
2286,664546,taut_dress,0,2956,[],紧身连衣裙
2287,1576265,bra_visible_through_clothes,0,9557,[],内衣透出
2288,469668,raised_eyebrows,0,39315,[],挑眉
2289,464726,tight_clothes,0,20146,[],紧身衣物
2290,14637,tight_shirt,0,3197,[],紧身衬衫
2291,1388801,red_neckerchief,0,59582,[],红色领巾
2292,3767,laptop,0,9484,[],笔记本电脑
2293,485014,white_rose,0,16940,[],白玫瑰
2294,1476659,french_text,0,1713,[],法语文字
2295,1230827,dark_blue_hair,0,13327,[],深蓝发
2296,1515354,brown_theme,0,4359,[],棕色主题
2297,466731,ear_tag,0,6108,[],耳标
2298,1328011,fur-trimmed_sleeves,0,14614,[],毛绒袖口
2299,1483713,multiple_rings,0,14512,[],多枚戒指
2300,329,bestiality,0,9971,[],兽交
2301,418912,cum_string,0,10032,[],精液丝
2302,391942,long_tongue,0,7552,[],长舌头
2303,447189,spitroast,0,5409,[],串烤
2304,487850,tentacle_sex,0,10331,[],触手性交
2305,806415,assisted_rape,0,953,[],协助强奸
2306,375915,animal_hat,0,16602,[],动物帽子
2307,509739,burnt_clothes,0,1880,[],烧焦的衣服
2308,414957,confetti,0,23844,[],彩纸
2309,1481015,hands_in_opposite_sleeves,0,3945,[],双手互插袖
2310,634781,nontraditional_miko,0,32440,[],非传统巫女
2311,7952,suspenders,0,81729,[],吊带裤
2312,284608,tea_set,0,1104,[],茶具
2313,560134,u_u,0,5753,[],u_u(表情)
2314,684237,arm_around_back,0,1419,[],手臂环背
2315,689408,fake_halo,0,986,[],假光环
2316,632853,fake_wings,0,3764,[],假翅膀
2317,682862,hand_on_another's_hip,0,5319,[],手放在他人臀部
2318,457141,lace_panties,0,4962,[],蕾丝内裤
2319,2006747,unworn_clothes,0,8709,[],未穿衣物
2320,9618,library,0,6055,[],图书馆
2321,515552,striped_dress,0,14185,[],条纹连衣裙
2322,559442,red_buruma,0,7992,[],红色布鲁马
2323,892083,green_apron,0,3448,[],绿色围裙
2324,7834,naked_apron,0,11332,[],裸体围裙
2325,421520,no_eyes,0,10908,[],无眼
2326,643898,purple_background,0,51120,[],紫色背景
2327,1516550,purple_headwear,0,0,[],紫色头饰
2328,847095,sparkle_background,0,5354,[],闪光背景
2329,2268,popsicle,0,30910,[],冰棒
2330,652562,book_stack,0,10446,[],书堆
2331,798294,club_(shape),0,2429,[],梅花(形状)
2332,660963,diamond_(shape),0,15329,[],菱形
2333,598531,dropping,0,1985,[],掉落中
2334,1455373,v-shaped_eyes,0,2502,[],V形眼睛
2335,508932,side-by-side,0,12521,[],并排
2336,654772,knee_up,0,47851,[],抬膝
2337,409293,open_dress,0,4882,[],敞开连衣裙
2338,11320,action,0,1976,[],动作
2339,4470,duel,0,4268,[],决斗
2340,53988,fox_mask,0,15735,[],狐狸面具
2341,750849,holding_mask,0,7831,[],手持面具
2342,1383260,purple_kimono,0,16151,[],紫色和服
2343,216327,shy,0,11358,[],害羞
2344,2006753,unworn_mask,0,7330,[],未佩戴面具
2345,548910,chain_necklace,0,8366,[],链式项链
2346,390594,red_shirt,0,86515,[],红色衬衫
2347,723097,after_vaginal,0,20383,[],阴道后
2348,3354,cumdrip,0,35731,[],精液滴落
2349,2194682,spreading_own_pussy,0,14162,[],自己掰开阴部
2350,377888,torn_pantyhose,0,36691,[],破洞连裤袜
2351,576287,blood_on_clothes,0,27527,[],衣服上的血迹
2352,375882,cuts,0,5553,[],伤口
2353,464562,injury,0,32813,[],受伤
2354,598911,interior,0,0,[],室内
2355,529805,shamoji,0,904,[],饭勺
2356,2073,hairpods,0,6745,[],发荚
2357,1537333,interface_headset,0,0,[],界面耳机
2358,2210653,mecha_pilot_suit,0,23731,[],机甲驾驶员服
2359,4358,plugsuit,0,0,[],紧身驾驶服
2360,843399,double-breasted,0,31036,[],双排扣
2361,613198,green_legwear,0,0,[],绿色腿饰
2362,2367,blindfold,0,25437,[],眼罩
2363,2273051,breaker_gorgon,0,841,[],破坏者戈尔贡
2364,1394772,holding_chain,0,1485,[],手持锁链
2365,538298,strapless_dress,0,61978,[],无肩带连衣裙
2366,594859,backless_outfit,0,29703,[],露背装
2367,1242758,blue_flower,0,53577,[],蓝色花朵
2368,578430,floral_background,0,26219,[],花卉背景
2369,476621,floral_print,0,103511,[],花卉图案
2370,1231690,slim_legs,0,871,[],细腿
2371,165438,anklet,0,24501,[],脚链
2372,464556,dolphin,0,2608,[],海豚
2373,460324,red_bikini,0,38817,[],红色比基尼
2374,422427,sports_bikini,0,2854,[],运动比基尼
2375,7728,tankini,0,2375,[],坦克比基尼
2376,405548,tail_bell,0,3060,[],尾巴铃铛
2377,444095,tail_ornament,0,25383,[],尾巴装饰
2378,11883,cityscape,0,20030,[],城市景观
2379,690509,purple_sky,0,4736,[],紫色天空
2380,410885,skyscraper,0,9285,[],摩天大楼
2381,500376,war_hammer,0,1050,[],战锤
2382,570082,swirl_lollipop,0,3920,[],螺旋棒棒糖
2383,1233478,black_serafuku,0,34660,[],黑色水手服
2384,553142,blurry_background,0,153799,[],模糊背景
2385,1391097,grey_neckerchief,0,4512,[],灰色围巾
2386,1415656,grey_sailor_collar,0,8426,[],灰色水手领
2387,1333731,hands_on_own_thighs,0,3992,[],手放在自己大腿上
2388,675356,multicolored_background,0,14070,[],多彩背景
2389,569780,pink_rose,0,15350,[],粉色玫瑰
2390,1499507,sailor_collar_lift,0,685,[],水手领掀起
2391,11030,silhouette,0,19729,[],剪影
2392,378166,star_of_david,0,1559,[],大卫之星
2393,1472424,white_armband,0,1359,[],白色臂章
2394,453888,hand_mirror,0,1680,[],手镜
2395,468449,brown_dress,0,31054,[],棕色连衣裙
2396,438708,frilled_panties,0,9797,[],荷叶边内裤
2397,416448,yagasuri,0,2833,[],矢絣
2398,582827,adjusting_headwear,0,9691,[],调整头饰
2399,1636976,footwear_bow,0,9463,[],鞋饰蝴蝶结
2400,1253317,holding_briefcase,0,1458,[],手提公文包
2401,490606,afterimage,0,14331,[],残影
2402,3054,curry,0,3398,[],咖喱
2403,3010,kamaboko,0,1318,[],蒲鉾
2404,2083,meat,0,9475,[],肉
2405,1287517,narutomaki,0,908,[],鸣门卷
2406,9469,noodles,0,9033,[],面条
2407,350,ramen,0,4730,[],拉面
2408,85824,pole,0,7836,[],杆子
2409,472407,turtleneck_sweater,0,43878,[],高领毛衣
2410,595034,head_on_head,0,1245,[],头顶头
2411,470667,board_game,0,3042,[],桌游
2412,576406,folded_fan,0,6032,[],折扇
2413,4419,shogi,0,728,[],将棋
2414,13810,torii,0,14228,[],鸟居
2415,1258262,frilled_shirt_collar,0,45857,[],荷叶边衬衫领
2416,688711,white_sleeves,0,64853,[],白色袖子
2417,505313,torn_sleeves,0,5208,[],破袖
2418,2006779,unworn_hair_ornament,0,1146,[],未佩戴发饰
2419,684986,beige_background,0,0,[],米色背景
2420,565089,caustics,0,3302,[],焦散效果
2421,496756,grid,0,1157,[],网格
2422,517935,purple_bikini,0,19567,[],紫色比基尼
2423,378042,bear_ears,0,12417,[],熊耳
2424,1447826,notice_lines,0,38040,[],注意线
2425,1316316,pelvic_curtain,0,60519,[],骨盆帘
2426,1396655,white_capelet,0,24914,[],白色短披肩
2427,390242,variations,0,2864,[],变体
2428,381519,vibrator_in_thighhighs,0,1739,[],过膝袜里塞跳蛋
2429,609887,blue_gloves,0,30435,[],蓝色手套
2430,1229697,drop_shadow,0,11450,[],投影阴影
2431,570718,fur_collar,0,33158,[],毛领
2432,1371202,yellow_cape,0,2731,[],黄色披风
2433,616376,assisted_exposure,0,5637,[],辅助露出
2434,1303583,blue_necktie,0,58458,[],蓝色领带
2435,393062,skirt_flip,0,1236,[],掀裙
2436,619633,baozi,0,0,[],包子
2437,16929,barbed_wire,0,1758,[],铁丝网
2438,470389,out_of_character,0,1146,[],角色崩坏
2439,493064,over_shoulder,0,13958,[],回眸
2440,475366,trench_coat,0,6752,[],风衣
2441,506311,weapon_over_shoulder,0,9931,[],扛武器
2442,439130,anniversary,0,16035,[],周年纪念
2443,679578,brown_hat,0,34792,[],棕色帽子
2444,10246,wig,0,1883,[],假发
2445,5272,dice,0,4856,[],骰子
2446,1314077,dice_hair_ornament,0,2078,[],骰子发饰
2447,1512867,multiple_hair_bows,0,12141,[],多个发饰蝴蝶结
2448,1303436,red_choker,0,20474,[],红色项圈
2449,510943,orange_bikini,0,7904,[],橙色比基尼
2450,9511,spotlight,0,6965,[],聚光灯
2451,384906,asymmetrical_docking,0,12204,[],不对称对接
2452,1245131,bikini_tan,0,5416,[],比基尼晒痕
2453,1793456,cooperative_fellatio,0,4506,[],合作口交
2454,2201787,teamwork_(sexual),0,8626,[],性爱团队合作
2455,419387,testicles,0,107124,[],睾丸
2456,420279,sock_pull,0,831,[],拉袜子
2457,406727,against_tree,0,2724,[],靠树
2458,1632773,heart-shaped_chocolate,0,7670,[],心形巧克力
2459,1308030,heart-shaped_food,0,8821,[],心形食物
2460,15260,beard,0,57175,[],胡须
2461,711978,clothed_animal,0,5235,[],穿衣动物
2462,464560,frog,0,14925,[],青蛙
2463,185924,key,0,17960,[],钥匙
2464,4491,monocle,0,10900,[],单片眼镜
2465,12326,owl,0,4865,[],猫头鹰
2466,1361185,pipe_in_mouth,0,654,[],嘴里叼着烟斗
2467,581653,smoking_pipe,0,11462,[],烟斗
2468,484040,winding_key,0,2598,[],发条钥匙
2469,547698,sunburst,0,4224,[],旭日纹
2470,644051,aiming_at_viewer,0,5393,[],瞄准观众
2471,1433794,holding_saucer,0,2444,[],手持茶碟
2472,419890,rug,0,4371,[],地毯
2473,487745,sitting_on_lap,0,14276,[],坐膝上
2474,548703,sitting_on_person,0,27702,[],坐在人身上
2475,501583,in_container,0,14016,[],容器内
2476,552812,in_cup,0,1618,[],杯中
2477,638838,in_food,0,2453,[],食物中
2478,385305,soy_sauce,0,827,[],酱油
2479,543930,front-hook_bra,0,1003,[],前扣式胸罩
2480,380828,open_bra,0,2696,[],敞开胸罩
2481,381727,open_skirt,0,2997,[],敞开裙子
2482,15994,shirt_pull,0,9167,[],拉衬衫
2483,561087,covering_nipples,0,3300,[],遮住乳头
2484,4816,gakuran,0,23503,[],学兰
2485,414161,cum_on_ass,0,9019,[],射在屁股上
2486,591983,disembodied_penis,0,7876,[],分离阴茎
2487,466411,invisible_penis,0,2227,[],隐形阴茎
2488,390589,branch,0,27512,[],树枝
2489,3239,cellphone,0,110579,[],手机
2490,903375,flip_phone,0,8044,[],翻盖手机
2491,473475,orange_thighhighs,0,3560,[],橙色过膝袜
2492,2993,phone,0,118710,[],手机
2493,395164,napkin,0,1907,[],餐巾
2494,473818,tissue_box,0,6082,[],纸巾盒
2495,8255,dancer,0,6453,[],舞者
2496,1346997,holding_whip,0,3607,[],手持鞭子
2497,383468,lowleg_bikini,0,5631,[],低腰比基尼
2498,5086,whip,0,8026,[],鞭子
2499,487205,cloudy_sky,0,87922,[],多云天空
2500,16554,plump,0,37236,[],丰满
2501,382969,bow_(weapon),0,26771,[],弓
2502,1400511,fur-trimmed_hood,0,5408,[],毛边兜帽
2503,1415933,fur-trimmed_shorts,0,2774,[],毛边短裤
2504,698860,hand_on_own_knee,0,14445,[],手放在自己膝盖上
2505,498201,mini_crown,0,20087,[],小皇冠
2506,492648,yellow_socks,0,3142,[],黄色袜子
2507,606296,dappled_sunlight,0,12637,[],斑驳阳光
2508,1309652,holding_strap,0,7490,[],握带子
2509,5104,shade,0,17903,[],阴影
2510,631055,tree_shade,0,3488,[],树荫
2511,3045,alien,0,9407,[],外星人
2512,374533,creature,0,24987,[],生物
2513,8822,eyeball,0,19488,[],眼球
2514,400657,one-eyed,0,14082,[],独眼
2515,1631539,slime_(substance),0,8011,[],史莱姆
2516,378,cheese,0,5591,[],奶酪
2517,1134082,mouse_(animal),0,8754,[],老鼠
2518,2205,mouse_ears,0,28589,[],鼠耳
2519,531372,mouse_girl,0,13125,[],老鼠女孩
2520,400382,mouse_tail,0,17048,[],鼠尾
2521,9574,sick,0,1880,[],生病
2522,405984,snot,0,4808,[],鼻涕
2523,11990,spring_onion,0,7318,[],葱
2524,380,priest,0,2660,[],神父
2525,6527,cart,0,1162,[],手推车
2526,1344905,holding_dagger,0,7003,[],手持匕首
2527,550621,head_back,0,4743,[],仰头
2528,1657712,veiny_arms,0,4107,[],青筋手臂
2529,425258,naked_overalls,0,1450,[],裸穿背带裤
2530,727101,overall_shorts,0,2721,[],背带短裤
2531,12727,phonograph,0,2442,[],留声机
2532,480630,record,0,0,[],唱片
2533,2010507,three_quarter_view,0,0,[],四分之三侧面视角
2534,485574,cuff_links,0,1147,[],袖扣
2535,529256,fake_animal_ears,0,179258,[],假兽耳
2536,526026,multicolored_dress,0,12377,[],彩色连衣裙
2537,168390,bulge,0,39344,[],凸起
2538,688139,implied_futanari,0,2906,[],暗示扶她
2539,397487,pillow_hug,0,9314,[],抱枕
2540,569436,blood_on_hands,0,13803,[],手上的血
2541,379504,3d,0,21590,[],3D
2542,397327,blue_shirt,0,124561,[],蓝色衬衫
2543,451184,holographic_interface,0,2406,[],全息界面
2544,1238376,multicolored_shirt,0,3806,[],彩色衬衫
2545,781851,user_interface,0,4149,[],用户界面
2546,594938,window_blinds,0,3259,[],百叶窗
2547,701781,calendar_(medium),0,2841,[],日历(媒介)
2548,862221,club_(weapon),0,4333,[],棍棒(武器)
2549,1303251,grey_pants,0,30836,[],灰色裤子
2550,522405,kanabou,0,1914,[],金棒
2551,421056,spiked_club,0,2227,[],狼牙棒
2552,1637102,doughnut_hair_bun,0,0,[],甜甜圈发髻
2553,411560,sexually_suggestive,0,14973,[],性暗示
2554,10704,bamboo,0,12025,[],竹子
2555,487143,bamboo_forest,0,4118,[],竹林
2556,16738,geta,0,20830,[],木屐
2557,419280,between_thighs,0,2893,[],双腿之间
2558,458,nurse,0,18567,[],护士
2559,462583,between_legs,0,42121,[],双腿之间
2560,462546,hand_between_legs,0,30166,[],手夹腿间
2561,567734,shikishi,0,5041,[],色纸
2562,468477,arms_behind_head,0,59429,[],双手抱头
2563,15670,beach_umbrella,0,9985,[],沙滩伞
2564,611697,crosshatching,0,1078,[],交叉排线
2565,557780,alternate_wings,0,965,[],异色翅膀
2566,1387512,orange_ascot,0,1918,[],橙色领巾
2567,388611,warning_sign,0,1712,[],警告标志
2568,481812,teardrop,0,8921,[],泪滴
2569,11651,annoyed,0,15635,[],不耐烦
2570,477117,raised_eyebrow,0,9250,[],挑眉
2571,397948,road,0,20443,[],道路
2572,574271,science_fiction,0,48131,[],科幻
2573,1234394,see-through_shirt,0,14415,[],透视衬衫
2574,416493,red_sky,0,3831,[],红色天空
2575,542666,flipped_hair,0,30637,[],翻翘发
2576,604410,circle_formation,0,916,[],圆形阵型
2577,429439,fetal_position,0,4150,[],胎儿姿势
2578,463152,poking,0,6794,[],戳
2579,375424,the_pose,0,10052,[],经典姿势
2580,484752,clothes_grab,0,12231,[],抓衣服
2581,1764479,hiding_behind_another,0,746,[],藏在他人身后
2582,546978,two-finger_salute,0,1556,[],双指礼
2583,563478,dark-skinned_male,0,107714,[],深肤色男性
2584,1628091,kanshou_&_bakuya_(fate),0,978,[],干将·莫邪(Fate)
2585,641695,aerial_fireworks,0,10672,[],空中烟花
2586,613430,bagged_fish,0,1389,[],袋装鱼
2587,871328,black_kimono,0,23973,[],黑色和服
2588,2918,fireworks,0,14913,[],烟花
2589,705059,fish_print,0,2041,[],鱼形印花
2590,3237,goldfish,0,4595,[],金鱼
2591,1443965,green_sash,0,1382,[],绿色饰带
2592,1250483,holding_fan,0,23958,[],手持扇子
2593,396079,looking_afar,0,18521,[],远眺
2594,618151,pink_sash,0,1686,[],粉色腰带
2595,1257079,print_kimono,0,24223,[],印花和服
2596,10412,shaved_ice,0,4136,[],刨冰
2597,6312,femdom,0,18644,[],女性主导
2598,406711,strap-on,0,2994,[],假阳具
2599,16128,you_gonna_get_raped,0,4800,[],你等着被干
2600,406397,against_glass,0,7831,[],贴玻璃
2601,413866,breasts_on_glass,0,3504,[],玻璃压胸
2602,499998,sitting_backwards,0,1345,[],反向坐
2603,376636,confused,0,4437,[],困惑
2604,1260991,pink_pants,0,5243,[],粉色裤子
2605,447780,peeking,0,3990,[],偷看
2606,3493,voyeurism,0,2361,[],偷窥
2607,439891,d:,0,9651,[],d:(表情)
2608,545740,taut_shirt,0,7802,[],紧身衬衫
2609,2370,cactus,0,2408,[],仙人掌
2610,3516,river,0,9061,[],河流
2611,420128,upright_straddle,0,6054,[],直立跨坐
2612,403,chikan,0,1049,[],痴汉
2613,535,molestation,0,2849,[],猥亵
2614,409526,thigh_sex,0,4363,[],腿交
2615,475729,through_clothes,0,3012,[],透过衣服
2616,3438,japan,0,1080,[],日本
2617,658742,playing_sports,0,1485,[],做运动
2618,663521,shoe_soles,0,15386,[],鞋底
2619,405,soccer,0,1609,[],足球
2620,413035,soccer_ball,0,3844,[],足球
2621,565669,telstar,0,985,[],Telstar
2622,669624,contrapposto,0,33047,[],对立式平衡
2623,397935,ladder,0,4451,[],梯子
2624,3904,rainbow,0,11323,[],彩虹
2625,395223,scenery,0,62644,[],风景
2626,1450619,wide_shot,0,18925,[],广角镜头
2627,693118,absurdly_long_hair,0,25305,[],超长发
2628,166133,night_sky,0,65571,[],夜空
2629,1379635,mmf_threesome,0,15042,[],两男一女3P
2630,414233,cum_on_clothes,0,13949,[],衣服上的精液
2631,430139,single_vertical_stripe,0,2964,[],单竖条纹
2632,494832,faux_traditional_media,0,4297,[],仿传统媒介
2633,547348,extra_eyes,0,11193,[],额外眼睛
2634,631144,halftone_background,0,6770,[],半色调背景
2635,1424925,holding_needle,0,2133,[],手持针
2636,2709,needle,0,5060,[],针
2637,1757,music,0,29964,[],音乐
2638,4633,singing,0,13801,[],唱歌
2639,1255455,food_insertion,0,712,[],食物插入
2640,1478006,holding_vegetable,0,2580,[],手持蔬菜
2641,1517199,mature_female,0,40164,[],成熟女性
2642,447984,vegetable,0,5920,[],蔬菜
2643,385480,buruma_aside,0,1125,[],侧开布鲁马
2644,2576,fat,0,15386,[],肥胖
2645,427529,fat_man,0,9554,[],胖子
2646,9355,humiliation,0,4472,[],羞辱
2647,487512,nostrils,0,3824,[],鼻孔
2648,1507443,sidelighting,0,8667,[],侧光
2649,390893,water_bottle,0,13030,[],水瓶
2650,1551,drill,0,2432,[],钻头
2651,412879,playing_games,0,9006,[],玩游戏
2652,518157,peony_(flower),0,1541,[],牡丹花
2653,406406,shoe_dangle,0,4069,[],鞋尖悬空
2654,511640,single_shoe,0,9755,[],单只鞋
2655,472922,inset,0,2866,[],画中画
2656,589889,v_over_eye,0,7798,[],V形遮眼
2657,411709,hand_on_head,0,2335,[],手放在头上
2658,655903,fake_facial_hair,0,2940,[],假胡须
2659,457562,fake_mustache,0,2533,[],假胡子
2660,1204393,playing_with_another's_hair,0,914,[],玩弄他人头发
2661,668478,holding_pen,0,10842,[],手持钢笔
2662,1515536,official_alternate_costume,0,421942,[],官方换装
2663,9434,wedding_dress,0,25781,[],婚纱
2664,1490756,holding_skewer,0,1396,[],手持烤串
2665,1515357,orange_theme,0,5003,[],橙色主题
2666,461237,skewer,0,4024,[],串
2667,2618,jam,0,1144,[],果酱
2668,395583,mother_and_daughter,0,17524,[],母女
2669,416268,v-neck,0,12656,[],V领
2670,376460,fishnet_pantyhose,0,31397,[],渔网连裤袜
2671,1266323,mutual_hug,0,1514,[],互相拥抱
2672,449449,beretta_92,0,1416,[],伯莱塔92
2673,1169097,frilled_hairband,0,16423,[],荷叶边发箍
2674,1258088,ribbon-trimmed_clothes,0,2437,[],缎带镶边衣物
2675,572731,heart-shaped_pupils,0,99707,[],心形瞳孔
2676,537200,symbol-shaped_pupils,0,194062,[],符号形瞳孔
2677,1328598,holding_bowl,0,9009,[],手持碗
2678,1835748,striped_one-piece_swimsuit,0,1035,[],条纹连体泳衣
2679,626213,diagonal_stripes,0,3905,[],斜条纹
2680,499726,wet_floor,0,736,[],湿地板
2681,551141,arm_ribbon,0,10780,[],手臂丝带
2682,419288,cum_on_feet,0,2854,[],脚上精液
2683,550123,sitting_on_face,0,4296,[],坐脸
2684,2075856,pulling_another's_clothes,0,3792,[],拉扯他人衣服
2685,10736,spandex,0,3012,[],氨纶
2686,1277344,soap_censor,0,1704,[],肥皂遮挡
2687,450547,water_gun,0,8498,[],水枪
2688,49893,baking,0,917,[],烘焙
2689,9172,kitchen,0,7905,[],厨房
2690,1379633,fff_threesome,0,2176,[],FFF三人行
2691,456376,pince-nez,0,6279,[],夹鼻眼镜
2692,1426213,multiple_riders,0,1144,[],多名骑手
2693,1839475,chips_(food),0,5171,[],薯片
2694,599986,cutting_hair,0,1706,[],剪发
2695,377878,hairdressing,0,2792,[],美发
2696,574153,severed_hair,0,768,[],断发
2697,1232679,on_car,0,1853,[],在车上
2698,374967,power_lines,0,11987,[],电线
2699,494456,utility_pole,0,10063,[],电线杆
2700,491144,blue_bikini,0,49795,[],蓝色比基尼
2701,528496,holding_shoes,0,3620,[],手持鞋子
2702,8806,train_station,0,2846,[],火车站
2703,2780,beachball,0,18520,[],沙滩球
2704,1429073,holding_beachball,0,2382,[],抱着沙滩球
2705,487943,railroad_crossing,0,973,[],铁路道口
2706,484880,architecture,0,17582,[],建筑
2707,1569657,arrow_(projectile),0,21518,[],箭矢
2708,448279,cabbie_hat,0,0,[],出租车司机帽
2709,543207,east_asian_architecture,0,13992,[],东亚建筑
2710,3540,hakama,0,56625,[],袴
2711,531068,hakama_skirt,0,41987,[],袴裙
2712,1582,miko,0,20582,[],巫女
2713,1413412,obijime,0,9390,[],腰带绳
2714,416825,omikuji,0,1371,[],御神签
2715,1308012,red_hakama,0,16228,[],红色袴
2716,654961,shippou_(pattern),0,982,[],七宝纹
2717,467264,yawning,0,11240,[],打哈欠
2718,468817,flower_wreath,0,7095,[],花环
2719,1308608,bag_charm,0,5327,[],包挂
2720,619736,blue_jacket,0,120172,[],蓝色夹克
2721,562882,blue_pants,0,43742,[],蓝色裤子
2722,464536,bouquet,0,33440,[],花束
2723,425624,charm_(object),0,14510,[],护身符
2724,1915726,choppy_bangs,0,3553,[],参差刘海
2725,1454132,hand_grip,0,1185,[],握力器
2726,1262142,holding_bouquet,0,19157,[],手持花束
2727,1405351,mountainous_horizon,0,12353,[],山峦天际线
2728,1414514,purple_sailor_collar,0,4399,[],紫色水手领
2729,1422612,purple_serafuku,0,1976,[],紫色水手服
2730,383172,train_interior,0,8988,[],列车内部
2731,1242015,vanishing_point,0,1363,[],消失点
2732,472727,wooden_floor,0,33556,[],木地板
2733,712723,striped_bow,0,36617,[],条纹蝴蝶结
2734,1515362,yellow_theme,0,7627,[],黄色主题
2735,466325,autumn_leaves,0,16437,[],秋叶
2736,465707,biting,0,13549,[],咬
2737,710095,striped_bowtie,0,12940,[],条纹领结
2738,656172,hands_on_another's_chest,0,1228,[],手放在他人胸口
2739,376473,mallet,0,3792,[],木槌
2740,5001,squid,0,2419,[],鱿鱼
2741,485638,blood_splatter,0,9806,[],血迹飞溅
2742,1349206,cropped_torso,0,54747,[],截断躯干
2743,1524489,looking_at_object,0,12629,[],注视物体
2744,532949,trigger_discipline,0,11107,[],扳机纪律
2745,578091,kagura_suzu,0,756,[],神乐铃
2746,434547,oonusa,0,790,[],大麻
2747,443901,shide,0,5732,[],神乐铃
2748,1090981,tantou,0,1365,[],短刀
2749,472201,baguette,0,3406,[],法棍面包
2750,3138,bread,0,17389,[],面包
2751,14860,chef,0,2678,[],厨师
2752,644571,flock,0,2233,[],群鸟
2753,454425,juice_box,0,3435,[],果汁盒
2754,464576,seagull,0,5916,[],海鸥
2755,461530,balloon,0,21844,[],气球
2756,405636,locker,0,7493,[],储物柜
2757,13958,locker_room,0,4444,[],更衣室
2758,379208,smelling,0,5627,[],闻
2759,1557609,smelling_clothes,0,1101,[],闻衣服
2760,538586,hat_feather,0,16412,[],帽子羽毛
2761,477184,large_hat,0,5403,[],大帽子
2762,1975569,sway_back,0,898,[],凹背
2763,1256690,suspender_skirt,0,24377,[],吊带裙
2764,10326,archery,0,1666,[],射箭
2765,1343930,black_hakama,0,4496,[],黑色袴
2766,679286,faux_figurine,0,2027,[],仿制手办
2767,465272,kyuudou,0,868,[],弓道
2768,659072,muneate,0,13278,[],胸当
2769,1256698,partially_fingerless_gloves,0,33670,[],半露指手套
2770,479374,single_glove,0,47971,[],单只手套
2771,1695986,tied_up_(nonsexual),0,3732,[],被绑(非色情)
2772,618149,yugake,0,3204,[],弓悬
2773,1287696,yumi_(bow),0,859,[],弓(武器)
2774,582353,lace-trimmed_gloves,0,1863,[],蕾丝边手套
2775,448477,buckle,0,57068,[],扣环
2776,1431798,seishou_elementary_school_uniform,0,740,[],青翔小学制服
2777,1319452,hand_on_another's_arm,0,7528,[],手搭在别人手臂上
2778,685091,hand_on_another's_back,0,7817,[],手放在他人背上
2779,419998,:x,0,0,[],:x(表情)
2780,451767,food_on_face,0,23694,[],脸上有食物
2781,1302924,yellow_shorts,0,8135,[],黄色短裤
2782,400555,business_suit,0,6774,[],西装
2783,605759,skirt_suit,0,4706,[],裙式西装
2784,548668,excalibur_(fate/stay_night),0,4184,[],誓约胜利之剑(Fate/stay night)
2785,417809,denim_skirt,0,4527,[],牛仔裙
2786,4022,maebari,0,9615,[],前贴
2787,3419,shinai,0,1549,[],竹剑
2788,515909,asymmetrical_clothes,0,13838,[],不对称服装
2789,724764,hand_on_own_thigh,0,16609,[],手放在自己大腿上
2790,189096,anal_fingering,0,3724,[],肛门指交
2791,695265,clitoral_stimulation,0,4533,[],阴蒂刺激
2792,1222476,crescent_hair_ornament,0,14003,[],月牙发饰
2793,588534,in_box,0,4944,[],在盒子里
2794,1328688,moon_(ornament),0,2269,[],月亮(装饰)
2795,1345229,white_headwear,0,25762,[],白色头饰
2796,1277599,ribbon-trimmed_skirt,0,4165,[],缎带镶边裙子
2797,447287,high_kick,0,2221,[],高踢腿
2798,464580,split,0,13166,[],劈叉
2799,1428556,standing_split,0,10874,[],站立劈叉
2800,391475,fireflies,0,2383,[],萤火虫
2801,592316,colored_pubic_hair,0,6783,[],彩色阴毛
2802,380805,flashing,0,6409,[],闪露
2803,464674,stretching,0,18661,[],伸展
2804,1396796,green_neckerchief,0,4518,[],绿色围巾
2805,1409115,green_sailor_collar,0,8021,[],绿色水手领
2806,470159,jealous,0,4494,[],嫉妒
2807,472,monkey,0,2848,[],猴子
2808,594766,star_(sky),0,69379,[],星星(天空)
2809,523327,starry_sky,0,43591,[],星空
2810,442865,headgear,0,90729,[],头饰
2811,684620,puffy_long_sleeves,0,75637,[],蓬松长袖
2812,1356361,grey_vest,0,10122,[],灰色马甲
2813,1266309,print_ribbon,0,783,[],印花缎带
2814,1312163,purple_necktie,0,11647,[],紫色领带
2815,1358345,pink_footwear,0,0,[],粉色鞋子
2816,526090,checkered_skirt,0,5432,[],格子裙
2817,1505313,romaji_text,0,7378,[],罗马字文本
2818,394992,shoulder_bag,0,38132,[],单肩包
2819,711562,striped_tail,0,4999,[],条纹尾巴
2820,548331,bamboo_steamer,0,1866,[],竹蒸笼
2821,647108,flying_teardrops,0,1040,[],飞溅泪珠
2822,411657,torn_thighhighs,0,19741,[],破损过膝袜
2823,1321301,purple_shorts,0,5941,[],紫色短裤
2824,411546,computer_keyboard,0,7515,[],电脑键盘
2825,666749,sitting_sideways,0,982,[],侧坐
2826,384435,onmyouji,0,1557,[],阴阳师
2827,416331,animal_costume,0,17891,[],动物服装
2828,409820,cat_costume,0,1350,[],猫装
2829,471357,treble_clef,0,5184,[],高音谱号
2830,397693,shikigami,0,1991,[],式神
2831,455038,capri_pants,0,4451,[],七分裤
2832,15020,hibiscus,0,14244,[],木槿
2833,442474,competition_swimsuit,0,33836,[],竞速泳装
2834,492703,long_neck,0,1496,[],长颈
2835,460323,pink_bikini,0,24738,[],粉色比基尼
2836,583299,goggles_on_head,0,40850,[],护目镜戴在头上
2837,2685,kickboard,0,892,[],踢水板
2838,1835743,black_one-piece_swimsuit,0,27735,[],黑色连体泳衣
2839,399455,poolside,0,10649,[],池畔
2840,1835738,blue_one-piece_swimsuit,0,35885,[],蓝色连体泳装
2841,10049,crotch,0,6985,[],胯部
2842,1322968,old_school_swimsuit,0,7976,[],复古泳装
2843,464570,peach,0,12460,[],桃子
2844,565478,skirt_basket,0,1196,[],裙篮
2845,461531,banana,0,5533,[],香蕉
2846,2194677,half-spread_pussy,0,1793,[],半张开小穴
2847,1574663,two-sided_fabric,0,24980,[],双面布料
2848,378810,grinding,0,4902,[],研磨
2849,512206,reverse_spitroast,0,989,[],反向串烧
2850,8235,shuriken,0,3381,[],手里剑
2851,479141,raised_fist,0,2413,[],举拳
2852,386389,bracer,0,16289,[],护腕
2853,549705,red_bodysuit,0,12593,[],红色紧身衣
2854,380384,accident,0,1033,[],意外
2855,1418952,colored_tips,0,19195,[],染发尾
2856,11231,feeding,0,10437,[],喂食
2857,348318,glass_table,0,822,[],玻璃桌
2858,5871,restaurant,0,4418,[],餐厅
2859,508272,belt_buckle,0,41323,[],皮带扣
2860,1466153,brown_sash,0,1519,[],棕色腰带
2861,451182,grimoire,0,1722,[],魔法书
2862,649072,grimoire_of_alice,0,994,[],爱丽丝的魔法书
2863,648455,window_shadow,0,3407,[],窗户阴影
2864,16507,lion_ears,0,12610,[],狮子耳
2865,607070,caressing_testicles,0,2544,[],抚摸睾丸
2866,575592,glowing_wings,0,1676,[],发光翅膀
2867,7702,hairjob,0,1507,[],发交
2868,677819,testicle_sucking,0,1456,[],吸睾丸
2869,402726,spanked,0,4930,[],打屁股
2870,465754,spanking,0,2901,[],打屁股
2871,1474354,holding_ladle,0,3050,[],手持汤勺
2872,8594,ladle,0,7427,[],长柄勺
2873,15261,freckles,0,49162,[],雀斑
2874,11243,shower_head,0,4228,[],淋浴喷头
2875,8803,cleaning,0,2297,[],打扫
2876,1581461,bread_slice,0,4387,[],面包片
2877,493887,food_in_mouth,0,22927,[],嘴里含食物
2878,500,fundoshi,0,10875,[],兜裆布
2879,499,toast,0,3598,[],吐司
2880,416845,toast_in_mouth,0,1512,[],叼着吐司
2881,1312862,blue_bowtie,0,40466,[],蓝色蝴蝶结
2882,1375839,holding_chopsticks,0,13898,[],手持筷子
2883,3955,udon,0,843,[],乌冬面
2884,472496,raspberry,0,1076,[],覆盆子
2885,416892,;o,0,11024,[],;o(表情)
2886,379432,lights,0,2833,[],灯光
2887,376168,puddle,0,6710,[],水洼
2888,11527,reflection,0,46572,[],倒影
2889,1448374,reflective_water,0,5910,[],倒映水面
2890,6439,running,0,36264,[],奔跑
2891,302968,wet_panties,0,6934,[],湿内裤
2892,1475838,blue_overalls,0,7856,[],蓝色工装裤
2893,374955,ruins,0,12748,[],废墟
2894,1504221,purple_tail,0,5996,[],紫色尾巴
2895,521817,black_feathers,0,5438,[],黑色羽毛
2896,2065694,vertical-striped_clothes,0,46125,[],竖条纹衣服
2897,565438,vertical-striped_socks,0,1324,[],竖条纹袜子
2898,493573,handprint,0,1464,[],手印
2899,550405,holding_flower,0,32260,[],手持花
2900,645791,patterned_background,0,4277,[],图案背景
2901,660422,leaning_on_person,0,8366,[],倚靠他人
2902,712510,bare_hips,0,4142,[],裸露胯部
2903,443238,wardrobe_error,0,807,[],衣柜失误
2904,443220,you're_doing_it_wrong,0,2517,[],你搞错了
2905,457725,traffic_cone,0,2096,[],交通锥
2906,471821,debris,0,6130,[],碎片
2907,593165,out-of-frame_censoring,0,12809,[],出框遮挡
2908,558703,cheek_pinching,0,3460,[],捏脸颊
2909,398497,mouth_pull,0,1898,[],拉嘴
2910,558702,pinching,0,4604,[],捏
2911,482172,contrail,0,5358,[],航迹云
2912,380423,goatee,0,26818,[],山羊胡
2913,2431,missile,0,2686,[],导弹
2914,481508,facial_mark,0,116958,[],面部印记
2915,15222,alley,0,3595,[],小巷
2916,10861,town,0,3915,[],城镇
2917,637282,pants_rolled_up,0,2340,[],卷起裤腿
2918,427758,kiseru,0,5221,[],烟管
2919,1441875,broken_eyewear,0,922,[],破损眼镜
2920,1384065,orange-framed_eyewear,0,722,[],橙色框眼镜
2921,410131,perky_breasts,0,4815,[],挺拔胸部
2922,482051,drum_set,0,2472,[],架子鼓
2923,297185,drumsticks,0,4647,[],鼓槌
2924,530877,lace_bra,0,3797,[],蕾丝胸罩
2925,1444529,linea_alba,0,10092,[],腹白线
2926,1782786,median_furrow,0,9840,[],乳沟
2927,473421,pink_socks,0,5068,[],粉色袜子
2928,566804,single_sleeve,0,7664,[],单袖
2929,378561,blue_skin,0,31353,[],蓝色皮肤
2930,5254,thermometer,0,1578,[],温度计
2931,444545,pocky_kiss,0,2424,[],百奇吻
2932,538158,shared_food,0,2130,[],共享食物
2933,660726,rabbit_girl,0,39266,[],兔女郎
2934,684745,short_tail,0,2230,[],短尾巴
2935,3661,oni,0,40623,[],鬼
2936,404578,head,0,0,[],头
2937,647581,look-alike,0,3433,[],相似者
2938,392495,tiptoes,0,14889,[],踮脚尖
2939,417741,bridal_gauntlets,0,57344,[],新娘手套
2940,636788,frilled_pillow,0,5570,[],荷叶边枕头
2941,384248,trefoil,0,3880,[],三叶草
2942,490692,shading_eyes,0,3687,[],遮眼
2943,1551197,1990s_(style),0,10851,[],1990年代风格
2944,8404,pixel_art,0,24131,[],像素画
2945,1601823,retro_artstyle,0,20748,[],复古画风
2946,1260411,holding_plate,0,17594,[],手持盘子
2947,9032,attack,0,4547,[],攻击
2948,440147,crawling,0,1268,[],爬行
2949,1052255,drawing_(object),0,6695,[],画作
2950,449699,grand_piano,0,2747,[],三角钢琴
2951,2377,piano,0,5104,[],钢琴
2952,534497,piano_bench,0,708,[],钢琴凳
2953,708885,tile_ceiling,0,1082,[],瓷砖天花板
2954,460911,tiles,0,30014,[],瓷砖
2955,118590,rosary,0,825,[],念珠
2956,47999,crucifixion,0,726,[],钉十字架
2957,822828,reverse_suspended_congress,0,6697,[],反向悬空式
2958,1735396,flower_focus,0,767,[],花卉焦点
2959,607439,glowing_flower,0,1109,[],发光花
2960,3997,landscape,0,8177,[],风景
2961,15996,moonlight,0,4162,[],月光
2962,464567,mountain,0,27543,[],山
2963,1355655,grey_coat,0,10317,[],灰色外套
2964,375373,long_coat,0,10203,[],长外套
2965,726943,pink_coat,0,4100,[],粉色外套
2966,572684,white_scarf,0,26828,[],白色围巾
2967,1347654,on_box,0,802,[],在箱子上
2968,483981,american_flag,0,9792,[],美国国旗
2969,563949,french_flag,0,1198,[],法国国旗
2970,565279,german_flag,0,1588,[],德国国旗
2971,563716,italian_flag,0,1838,[],意大利国旗
2972,467745,japanese_flag,0,2428,[],日本国旗
2973,499279,russian_flag,0,722,[],俄罗斯国旗
2974,1321704,string_of_flags,0,4390,[],旗帜串
2975,16006,union_jack,0,2548,[],英国国旗
2976,1429613,tomoeda_elementary_school_uniform,0,2009,[],友枝小学校服
2977,546810,orange_sky,0,7283,[],橙色天空
2978,3531,bridge,0,11312,[],桥
2979,1373029,black-framed_eyewear,0,44649,[],黑框眼镜
2980,473251,print_thighhighs,0,12837,[],印花过膝袜
2981,279773,body_writing,0,12590,[],身体涂写
2982,547199,bikini_skirt,0,15529,[],比基尼裙
2983,10495,cowboy_hat,0,9951,[],牛仔帽
2984,1696268,cowboy_western,0,2365,[],牛仔西部
2985,1490428,fringe_trim,0,10944,[],流苏饰边
2986,473214,red_bra,0,9172,[],红色胸罩
2987,2490,pirate,0,3885,[],海盗
2988,1396368,frilled_ascot,0,2137,[],荷叶边领巾
2989,5814,autumn,0,8042,[],秋季
2990,1593160,unusually_open_eyes,0,3750,[],异常睁大的眼睛
2991,1631677,mature_male,0,40020,[],成熟男性
2992,458932,sideburns,0,32468,[],鬓角
2993,426621,grey_panties,0,5882,[],灰色内裤
2994,463031,anal_hair,0,2033,[],肛毛
2995,1373313,excessive_pubic_hair,0,2916,[],过多阴毛
2996,380173,seashell,0,4559,[],贝壳
2997,417892,shell,0,13329,[],贝壳
2998,1256688,bandaged_leg,0,17477,[],缠绷带的腿
2999,7580,mecha_musume,0,13902,[],机甲少女
3000,1769934,finger_in_own_mouth,0,3273,[],手指放入自己口中
3001,728008,thighband_pantyhose,0,31869,[],大腿带连裤袜
3002,1282122,green_footwear,0,0,[],绿色鞋子
3003,499526,green_socks,0,3933,[],绿色袜子
3004,1898,hammer,0,11957,[],锤子
3005,1386147,holding_hammer,0,5645,[],手持锤子
3006,583212,fingering_through_clothes,0,2385,[],隔着衣服抚摸
3007,662026,fingering_through_panties,0,1079,[],隔内裤指交
3008,1363719,cum_on_eyewear,0,1051,[],眼镜上精液
3009,418911,cum_on_floor,0,756,[],精液在地板上
3010,7526,crotch_rope,0,4304,[],股绳
3011,687681,partially_undressed,0,7324,[],半脱衣
3012,1862786,reaching_towards_viewer,0,27512,[],伸向观众
3013,16550,stream,0,2082,[],溪流
3014,11125,asian,0,2848,[],亚洲人
3015,1590229,presenting_breasts,0,1480,[],展示乳房
3016,710372,orange_shirt,0,16119,[],橙色衬衫
3017,394047,circle_cut,0,2531,[],圆形裁剪
3018,1928414,high_side_ponytail,0,5100,[],高侧马尾
3019,15224,sand,0,29595,[],沙子
3020,588956,untied_bikini,0,9700,[],解开比基尼
3021,475794,column,0,2884,[],柱子
3022,464571,pillar,0,10368,[],柱子
3023,724241,holding_camera,0,11075,[],手持相机
3024,1406196,blue_outline,0,1590,[],蓝色轮廓
3025,7469,revolver,0,7789,[],左轮手枪
3026,412357,lounge_chair,0,2310,[],躺椅
3027,524801,hakurei_shrine,0,1036,[],博丽神社
3028,8180,drunk,0,16875,[],醉酒
3029,467674,sake_bottle,0,4756,[],清酒瓶
3030,530963,arms_under_breasts,0,9971,[],手臂托胸
3031,158473,string_panties,0,14597,[],丁字裤
3032,880368,humanoid_robot,0,6541,[],人形机器人
3033,12336,costume,0,4618,[],戏服
3034,4596,halloween,0,37116,[],万圣节
3035,529493,jack-o'-lantern,0,19175,[],南瓜灯
3036,440347,leopard_print,0,8002,[],豹纹
3037,4026,pumpkin,0,14098,[],南瓜
3038,2414,vampire,0,16185,[],吸血鬼
3039,595244,hamaya,0,1788,[],破魔矢
3040,1443349,blue_cardigan,0,5878,[],蓝色开衫
3041,481427,steepled_fingers,0,8871,[],指尖相触
3042,405981,breast_suppress,0,6532,[],压胸
3043,467585,highleg_leotard,0,64093,[],高叉紧身衣
3044,1378403,purple_leotard,0,8763,[],紫色紧身衣
3045,677856,star_hair_ornament,0,41423,[],星星发饰
3046,418811,acoustic_guitar,0,2565,[],原声吉他
3047,464542,butterfly,0,63218,[],蝴蝶
3048,1400047,holding_guitar,0,4311,[],手持吉他
3049,1523358,red_butterfly,0,984,[],红蝴蝶
3050,462124,large_penis,0,34484,[],大阴茎
3051,663895,hand_on_own_neck,0,2593,[],手掐自己脖子
3052,484616,maple_leaf,0,12352,[],枫叶
3053,670635,cross-laced_clothes,0,25170,[],交叉系带服装
3054,1598258,cross-laced_sleeves,0,2390,[],交叉系带袖子
3055,1667368,footwear_flower,0,1182,[],鞋花
3056,1713083,neck_flower,0,1826,[],颈花
3057,592445,venus_symbol,0,2512,[],金星符号
3058,560670,narrow_waist,0,12912,[],细腰
3059,406964,floating,0,49109,[],漂浮
3060,662225,floating_book,0,1291,[],漂浮的书
3061,587579,floating_object,0,10869,[],漂浮物
3062,1289945,orange_jacket,0,10219,[],橙色夹克
3063,483853,bulletin_board,0,1568,[],公告板
3064,576693,tile_floor,0,19461,[],瓷砖地板
3065,389804,quad_tails,0,6025,[],四马尾
3066,7495,sarong,0,16755,[],纱笼
3067,1392344,white_sarong,0,1564,[],白色纱笼
3068,11381,frogtie,0,4867,[],蛙缚
3069,6182,shibari,0,18232,[],绳缚
3070,481728,face_in_ass,0,781,[],脸部埋进臀部
3071,458486,mother_and_son,0,7306,[],母子
3072,407322,smell,0,4761,[],气味
3073,3943,smoke,0,48477,[],烟雾
3074,11828,flexible,0,6254,[],柔韧
3075,375004,binary,0,817,[],二进制
3076,616023,aqua_dress,0,6170,[],水色连衣裙
3077,2125211,arched_crown,0,1815,[],拱形王冠
3078,501057,breastless_clothes,0,4085,[],露胸装
3079,8591,bustier,0,5807,[],紧身胸衣
3080,8354,reclining,0,9500,[],斜倚
3081,675353,frilled_gloves,0,8235,[],荷叶边手套
3082,481511,red_lips,0,30356,[],红唇
3083,700119,cropped_vest,0,3630,[],短款背心
3084,721724,gold_bracelet,0,6805,[],金手镯
3085,467008,hoop_earrings,0,35694,[],圈状耳环
3086,2786,loincloth,0,8498,[],兜裆布
3087,415106,neck_ring,0,13802,[],颈环
3088,614881,open_vest,0,11719,[],敞开马甲
3089,498156,panty_peek,0,8799,[],内裤微露
3090,1445402,white_bandeau,0,1472,[],白色抹胸
3091,3297,comiket,0,768,[],Comiket
3092,375076,crowd,0,7314,[],人群
3093,644284,holding_sign,0,4791,[],手持标牌
3094,398229,people,0,6508,[],人群
3095,388326,swastika,0,1079,[],卍字
3096,1354471,on_railing,0,1462,[],在栏杆上
3097,397045,railing,0,28340,[],栏杆
3098,464569,palm_tree,0,26775,[],棕榈树
3099,6453,death,0,6698,[],死亡
3100,383694,jar,0,7122,[],罐子
3101,525386,too_literal,0,815,[],过于字面
3102,166945,yellow_dress,0,19778,[],黄色连衣裙
3103,599873,air_bubble,0,16624,[],气泡
3104,406885,thong_bikini,0,8243,[],丁字裤比基尼
3105,1604448,duel_academy_uniform_(yu-gi-oh!_gx),0,1593,[],决斗学院校服(游戏王GX)
3106,1327365,holding_own_hair,0,15828,[],握住自己头发
3107,1986334,doodle_inset,0,1471,[],嵌入涂鸦
3108,664061,grey_ribbon,0,2736,[],灰色丝带
3109,1238293,grey_wings,0,2224,[],灰色翅膀
3110,684687,grabbing_own_ass,0,7871,[],抓自己屁股
3111,621745,brand_name_imitation,0,5930,[],仿冒品牌名
3112,471586,breast_milk,0,0,[],母乳
3113,510802,french_braid,0,19156,[],法式辫
3114,397148,huge_nipples,0,6077,[],巨大乳头
3115,405415,milking_machine,0,2032,[],挤奶机
3116,1350193,musical_note_hair_ornament,0,7844,[],音符发饰
3117,15578,eagle,0,2330,[],鹰
3118,667237,oversized_animal,0,3872,[],超大型动物
3119,1361016,riding_animal,0,865,[],骑乘动物
3120,686531,undone_necktie,0,2790,[],松开的领带
3121,1243463,orange_bow,0,24316,[],橙色蝴蝶结
3122,1320211,orange_bowtie,0,6840,[],橙色蝴蝶结
3123,570549,long_shirt,0,4034,[],长衬衫
3124,413564,two-tone_hair,0,302169,[],双色发
3125,558384,on_grass,0,10208,[],在草地上
3126,1388990,two-tone_legwear,0,1828,[],双色腿袜
3127,1730,what,0,4109,[],什么
3128,1235097,blood_on_weapon,0,8576,[],武器上沾血
3129,464558,egg,0,10682,[],鸡蛋
3130,421577,egg_laying,0,905,[],产卵
3131,330372,sausage,0,2279,[],香肠
3132,1320888,vaginal_object_insertion,0,13303,[],阴道异物插入
3133,46843,shaking,0,1962,[],摇晃
3134,12457,tatami,0,18516,[],榻榻米
3135,1363208,blue_bag,0,4763,[],蓝色包包
3136,2006849,unworn_bag,0,2590,[],未穿戴的包
3137,1636371,reverse_fellatio,0,1287,[],逆口交
3138,1388800,black_sailor_collar,0,50133,[],黑色水手领
3139,593473,coke-bottle_glasses,0,1811,[],瓶底眼镜
3140,681606,dotted_background,0,1312,[],圆点背景
3141,497007,backlighting,0,38403,[],逆光
3142,408582,expressions,0,0,[],表情
3143,656161,hand_on_own_cheek,0,29386,[],手托脸颊
3144,417866,serious,0,32367,[],严肃
3145,398297,shouting,0,10879,[],大喊
3146,376826,tantrum,0,763,[],发脾气
3147,572346,wide-eyed,0,39450,[],睁大眼睛
3148,456565,flying_kick,0,1611,[],飞踢
3149,663918,holding_fishing_rod,0,2679,[],手持钓竿
3150,458223,horse_tail,0,85097,[],马尾
3151,421031,huge_weapon,0,11739,[],巨型武器
3152,1275600,bright_pupils,0,107055,[],亮瞳
3153,452907,chewing,0,2794,[],咀嚼
3154,585,taiyaki,0,3065,[],鲷鱼烧
3155,560247,white_pupils,0,85521,[],白色瞳孔
3156,473427,green_thighhighs,0,6751,[],绿色大腿袜
3157,374921,sports_bra,0,38589,[],运动内衣
3158,1480168,white_sports_bra,0,5078,[],白色运动文胸
3159,548543,arm_hair,0,7383,[],手臂汗毛
3160,633092,arm_held_back,0,4532,[],手臂后拉
3161,501689,body_hair,0,2263,[],体毛
3162,423348,chest_hair,0,12410,[],胸毛
3163,488003,leg_hair,0,6140,[],腿毛
3164,492671,moaning,0,12899,[],呻吟
3165,1315142,pink_scrunchie,0,4965,[],粉色发圈
3166,389814,side_braid,0,64421,[],侧辫
3167,505613,thigh_grab,0,6749,[],抓大腿
3168,4664,toddlercon,0,1019,[],幼童控
3169,1408307,black_blindfold,0,0,[],黑色眼罩
3170,529429,covered_eyes,0,21553,[],遮眼
3171,389705,between_breasts,0,54914,[],乳沟
3172,509903,tying_hair,0,10772,[],扎头发
3173,488,flute,0,5441,[],长笛
3174,1541223,holding_flute,0,1643,[],手持长笛
3175,2430,recorder,0,1540,[],竖笛
3176,486611,brown_gloves,0,53459,[],棕色手套
3177,515648,coattails,0,7450,[],燕尾
3178,427674,epaulettes,0,37286,[],肩章
3179,6328,chick,0,7297,[],小鸡
3180,391175,stove,0,2420,[],炉子
3181,646549,red_cape,0,32862,[],红色披风
3182,3874,sink,0,4543,[],水槽
3183,469235,amplifier,0,1681,[],放大器
3184,425654,beak,0,6584,[],喙
3185,1734,karaoke,0,1360,[],卡拉OK
3186,513996,lyrics,0,2311,[],歌词
3187,717047,page_number,0,25207,[],页码
3188,1285261,pink_necktie,0,9343,[],粉色领带
3189,491802,standing_sex,0,17221,[],站立式爱
3190,656171,hand_on_another's_chest,0,6725,[],手放在别人胸口
3191,1827637,inseki,0,953,[],姻戚
3192,621367,step-siblings,0,1235,[],继兄妹
3193,501344,fallen_down,0,2582,[],跌倒
3194,1425321,hogwarts_school_uniform,0,1422,[],霍格沃茨校服
3195,393891,no_shirt,0,12318,[],无上衣
3196,506510,military_hat,0,28246,[],军帽
3197,667460,real_life_insert,0,3490,[],真人插入
3198,554588,suit_jacket,0,13006,[],西装外套
3199,420749,turban,0,3569,[],头巾
3200,2006756,unworn_shirt,0,5420,[],未穿衬衫
3201,1959261,mecha_focus,0,7023,[],机甲聚焦
3202,527607,magazine_(object),0,3603,[],杂志(物品)
3203,1605926,see-through_legwear,0,3282,[],透肉腿袜
3204,469042,2koma,0,35961,[],2格漫画
3205,488880,fourth_wall,0,3381,[],打破第四面墙
3206,2231,fairy,0,19150,[],妖精
3207,1396770,animal_on_arm,0,1497,[],手臂上的动物
3208,575981,bird_on_arm,0,992,[],鸟在手臂上
3209,411511,adjusting_swimsuit,0,4907,[],调整泳装
3210,562075,plaid_bikini,0,3271,[],格子比基尼
3211,571473,bandaid_on_knee,0,9099,[],膝盖创可贴
3212,1152618,bandaid_on_leg,0,16275,[],腿上创可贴
3213,854287,ribbed_legwear,0,0,[],罗纹袜
3214,623242,light_censor,0,2051,[],光线遮挡
3215,544688,bunching_hair,0,1365,[],束发
3216,589398,hood_down,0,112900,[],兜帽放下
3217,642231,white_lily,0,2650,[],白百合
3218,609657,animal_hug,0,2730,[],动物拥抱
3219,438748,breast_poke,0,0,[],戳胸
3220,399479,fog,0,6335,[],雾
3221,1219136,hand_on_own_arm,0,8432,[],手扶自己手臂
3222,12858,bone,0,8215,[],骨头
3223,1349592,blue_kimono,0,30099,[],蓝色和服
3224,722842,frilled_kimono,0,5808,[],荷叶边和服
3225,570253,flower_in_mouth,0,1410,[],衔花
3226,516211,tassel,0,80694,[],流苏
3227,423207,stomping,0,917,[],跺脚
3228,380533,bound_torso,0,1210,[],捆绑躯干
3229,8721,breast_bondage,0,3602,[],胸部束缚
3230,1312340,red_rope,0,6576,[],红绳
3231,1338640,yellow_scrunchie,0,4516,[],黄色发圈
3232,453979,gusset,0,2451,[],裆部衬垫
3233,1622516,earth_(planet),0,6105,[],地球
3234,413865,planet,0,11595,[],行星
3235,6318,space,0,19181,[],太空
3236,4861,lighter,0,2365,[],打火机
3237,542449,furigana,0,2025,[],振假名
3238,1477193,lightning_bolt_symbol,0,8100,[],闪电符号
3239,638293,novel_cover,0,2494,[],小说封面
3240,559022,shirt_tucked_in,0,39202,[],衬衫塞入
3241,584250,summer_uniform,0,31100,[],夏装
3242,1262171,holding_bottle,0,25146,[],手持瓶子
3243,460511,hand_puppet,0,2737,[],手偶
3244,4773,puppet,0,4894,[],木偶
3245,494896,hydrangea,0,7001,[],绣球花
3246,9347,puppy,0,1323,[],小狗
3247,437001,living_clothes,0,1643,[],活体衣服
3248,495149,throwing_knife,0,1082,[],飞刀
3249,384441,alternate_color,0,27586,[],异色
3250,634270,bat_print,0,5802,[],蝙蝠图案
3251,1537058,diamond_cutout,0,3391,[],菱形镂空
3252,530749,orange_pantyhose,0,2509,[],橙色连裤袜
3253,564680,print_pantyhose,0,7990,[],印花连裤袜
3254,642272,above_clouds,0,1525,[],云层之上
3255,1401831,purple_ascot,0,2648,[],紫色领巾
3256,613209,white_legwear,0,0,[],白色腿饰
3257,6280,waterfall,0,6653,[],瀑布
3258,687202,pussy_juice_stain,0,5589,[],淫液渍
3259,399594,urethra,0,3708,[],尿道
3260,464554,dandelion,0,1944,[],蒲公英
3261,13859,perspective,0,8690,[],透视
3262,1353065,falling_feathers,0,4073,[],飘落的羽毛
3263,2648,nightgown,0,9969,[],睡裙
3264,479792,circle,0,6521,[],圆形
3265,460435,ivy,0,1305,[],常春藤
3266,1257558,round_image,0,2536,[],圆形图像
3267,665259,multicolored_ribbon,0,927,[],多色丝带
3268,562074,plaid_ribbon,0,1219,[],格子丝带
3269,518001,red_star,0,1067,[],红星
3270,378743,curvy,0,56683,[],曲线丰满
3271,1262168,front-seamed_legwear,0,732,[],前缝腿饰
3272,613200,grey_legwear,0,0,[],灰色腿饰
3273,397155,huge_ass,0,24871,[],巨臀
3274,1262166,seamed_legwear,0,3206,[],缝线袜
3275,613195,blue_legwear,0,0,[],蓝色腿饰
3276,436891,combat_boots,0,1820,[],战斗靴
3277,648389,spread_fingers,0,4165,[],张开手指
3278,1372775,pinafore_dress,0,26874,[],背心裙
3279,514890,black_pants,0,187504,[],黑色裤子
3280,4065,explosion,0,12886,[],爆炸
3281,493130,plaid_shirt,0,9962,[],格子衬衫
3282,666509,>o<,0,0,[],>o<(表情)
3283,573617,food-themed_clothes,0,1963,[],食物主题服装
3284,480256,one-piece_thong,0,1011,[],连体丁字裤
3285,455932,size_difference,0,25330,[],体型差
3286,506307,thong_leotard,0,5999,[],丁字裤连体衣
3287,553797,sharp_fingernails,0,29033,[],尖指甲
3288,547391,winged_footwear,0,0,[],带翼鞋
3289,458132,winged_hat,0,4374,[],翅膀帽
3290,582261,unmoving_pattern,0,7694,[],静止图案
3291,643811,micro_shorts,0,14702,[],超短裤
3292,4119,suitcase,0,9798,[],手提箱
3293,463235,training_bra,0,1776,[],训练文胸
3294,473417,yellow_thighhighs,0,4419,[],黄色过膝袜
3295,409818,polka_dot_bikini,0,5538,[],波点比基尼
3296,641589,pantyhose_under_swimsuit,0,956,[],泳装内穿连裤袜
3297,411754,armpit_sex,0,1089,[],腋交
3298,466467,burger,0,12436,[],汉堡
3299,11960,tanabata,0,2537,[],七夕
3300,538953,zouri,0,12149,[],草履
3301,1320208,grey_necktie,0,4100,[],灰色领带
3302,557508,loose_belt,0,4319,[],松垮的腰带
3303,1605030,text-only_page,0,3140,[],纯文字页
3304,572906,crying_with_eyes_open,0,43567,[],睁眼哭泣
3305,378768,dreaming,0,3291,[],做梦
3306,11410,claws,0,63836,[],爪子
3307,466986,horn_ribbon,0,8173,[],角状发饰
3308,8301,black_cat,0,16369,[],黑猫
3309,683424,cat_hair_ornament,0,7817,[],猫发饰
3310,1732443,pet_food,0,966,[],宠物食品
3311,480444,shouji,0,5834,[],障子
3312,420828,sliding_doors,0,12878,[],推拉门
3313,435549,veranda,0,2727,[],阳台
3314,1253894,holding_microphone,0,23661,[],手持麦克风
3315,1613133,assertive_female,0,13912,[],强势女性
3316,663896,hand_on_another's_neck,0,4421,[],手搭脖子
3317,1786594,tokyo-3_middle_school_uniform,0,1946,[],东京第三中学制服
3318,714422,sports_car,0,3125,[],跑车
3319,408186,frottage,0,2085,[],磨蹭
3320,1684797,grabbing_another's_chin,0,2531,[],捏住他人下巴
3321,667200,hand_on_another's_chin,0,8955,[],手托下巴
3322,622973,chicken_(food),0,3259,[],鸡肉
3323,533100,sitting_on_object,0,2403,[],坐在物体上
3324,1964717,holding_with_feet,0,1281,[],用脚拿着
3325,605892,pov_hands,0,32721,[],视角手部
3326,1560,mascot,0,2740,[],吉祥物
3327,441419,:>,0,16504,[],:>(表情)
3328,1269638,handheld_game_console,0,12802,[],掌上游戏机
3329,7877,nintendo_ds,0,1389,[],任天堂DS
3330,1639310,arthropod_girl,0,8369,[],节肢动物女孩
3331,10671,cockroach,0,904,[],蟑螂
3332,1441860,grey_footwear,0,0,[],灰色鞋子
3333,15987,logo,0,59710,[],标志
3334,10415,railroad_tracks,0,3065,[],铁轨
3335,380490,alarm_clock,0,3242,[],闹钟
3336,619345,digital_clock,0,980,[],数字时钟
3337,482510,plaid_panties,0,1563,[],格子内裤
3338,488487,ankle_socks,0,8219,[],脚踝袜
3339,1257811,on_couch,0,25424,[],在沙发上
3340,4051,duster,0,2047,[],掸子
3341,10978,scanlines,0,789,[],扫描线
3342,493515,game_console,0,5244,[],游戏机
3343,482376,game_controller,0,12923,[],游戏手柄
3344,547893,indian_style,0,17593,[],印度风格
3345,485203,video_game,0,2086,[],电子游戏
3346,477241,birthday_cake,0,5041,[],生日蛋糕
3347,1428530,animal_ear_hairband,0,14825,[],动物耳发箍
3348,472197,white_pants,0,53206,[],白色裤子
3349,653262,back_tattoo,0,4636,[],背部纹身
3350,375919,demon_boy,0,9622,[],恶魔男孩
3351,1510188,dildo_riding,0,2062,[],骑假阳具
3352,474812,finger_sucking,0,926,[],吮指
3353,1841743,male_penetrated,0,14397,[],男性被插入
3354,569544,condom_on_penis,0,4377,[],阴茎上套安全套
3355,411966,used_condom,0,16103,[],用过的避孕套
3356,1661800,used_condom_on_penis,0,1207,[],阴茎上使用过的避孕套
3357,617541,brown_pants,0,26235,[],棕色裤子
3358,403779,navel_piercing,0,14810,[],肚脐穿刺
3359,4831,piercing,0,134861,[],穿刺
3360,1410709,ejaculating_while_penetrated,0,4907,[],被插入时射精
3361,642312,handsfree_ejaculation,0,3373,[],免手射精
3362,1690099,lop_rabbit_ears,0,1545,[],垂耳兔耳朵
3363,2839,lube,0,2299,[],润滑液
3364,419496,male_masturbation,0,7188,[],男性自慰
3365,487559,lamppost,0,11647,[],路灯
3366,375862,butler,0,3533,[],管家
3367,10983,shotgun,0,6308,[],霰弹枪
3368,1509633,frilled_headwear,0,2562,[],荷叶边头饰
3369,1385410,on_rock,0,2395,[],岩石上
3370,1892220,pitcher_(container),0,1049,[],水壶
3371,671804,stuffed_frog,0,746,[],青蛙玩偶
3372,483333,pavement,0,2640,[],人行道
3373,535323,art_brush,0,1481,[],画笔
3374,8577,paintbrush,0,15336,[],画笔
3375,1791857,painting_(action),0,2722,[],绘画(动作)
3376,1678267,palette_(object),0,0,[],调色板(物品)
3377,1956240,braided_hair_rings,0,9322,[],编发环
3378,571690,hair_scrunchie,0,45662,[],发圈
3379,1770615,red_gemstone,0,11873,[],红色宝石
3380,712121,trait_connection,0,10979,[],特质关联
3381,376034,white_eyes,0,20510,[],白色眼睛
3382,396872,ribbon_bondage,0,2627,[],丝带束缚
3383,374620,black_bikini,0,135291,[],黑色比基尼
3384,1441877,eyewear_on_head,0,76913,[],头上眼镜
3385,496346,impossible_swimsuit,0,1916,[],不可能泳装
3386,610013,pink_lips,0,36162,[],粉色嘴唇
3387,1360081,purple_scrunchie,0,2392,[],紫色发圈
3388,582680,unaligned_breasts,0,5761,[],不对称胸部
3389,447824,doorway,0,7197,[],门口
3390,723185,stone_floor,0,2652,[],石地板
3391,490068,disembodied_hand,0,17954,[],无身之手
3392,466449,spider_lily,0,7033,[],蜘蛛百合
3393,375456,zombie,0,7866,[],僵尸
3394,8874,pudding,0,4711,[],布丁
3395,522500,dark_green_hair,0,0,[],深绿色头发
3396,714848,rectangular_mouth,0,2581,[],矩形嘴
3397,494245,red_scarf,0,38855,[],红色围巾
3398,378899,bride,0,9319,[],新娘
3399,433619,dreadlocks,0,4298,[],脏辫
3400,400837,crazy_eyes,0,7354,[],疯狂眼神
3401,643286,full-face_blush,0,26526,[],满脸通红
3402,400527,skirt_tug,0,3834,[],拉裙子
3403,2075860,lifting_another's_clothes,0,4558,[],掀起他人衣服
3404,449465,firing,0,8671,[],开火
3405,491818,muzzle_flash,0,1229,[],枪口闪光
3406,562575,green_bikini,0,16155,[],绿色比基尼
3407,1397149,hair_over_one_breast,0,899,[],头发遮住一侧胸部
3408,476416,biker_clothes,0,3322,[],骑手服
3409,68505,bikesuit,0,2493,[],骑行服
3410,1237688,open_bodysuit,0,1480,[],敞开连体衣
3411,1544416,clothes_between_thighs,0,1705,[],大腿间衣物
3412,1303553,black_trim,0,1370,[],黑色镶边
3413,1707265,cross-laced_dress,0,3582,[],交叉系带连衣裙
3414,1322677,greek_cross,0,759,[],希腊十字
3415,531754,long_bangs,0,37394,[],长刘海
3416,483367,pornography,0,2018,[],色情内容
3417,1392007,pink_bodysuit,0,4126,[],粉色连体衣
3418,423161,object_on_head,0,10210,[],头顶物品
3419,1568,yaoi,0,87408,[],BL
3420,13207,bandana,0,27848,[],头巾
3421,1427616,purple_sash,0,4700,[],紫色腰带
3422,614827,tachi-e,0,42661,[],立绘
3423,1601,clapping,0,2038,[],鼓掌
3424,449709,uneven_twintails,0,1411,[],不对称双马尾
3425,1627271,black_keys_(type-moon),0,805,[],黑键(型月)
3426,521714,cursive,0,1734,[],草书
3427,649117,multiple_swords,0,2577,[],多把剑
3428,486934,no_mouth,0,16556,[],无嘴
3429,661899,glowing_sword,0,3517,[],发光剑
3430,623390,glowing_weapon,0,5999,[],发光武器
3431,376830,untied,0,3672,[],未系
3432,640898,alternate_hair_length,0,23881,[],交替发长
3433,617594,alternate_weapon,0,1788,[],备用武器
3434,557675,no_wings,0,2531,[],无翅膀
3435,1442899,green_cardigan,0,1514,[],绿色开衫
3436,474091,downblouse,0,8814,[],俯视乳沟
3437,681331,heart_hair_ornament,0,31965,[],心形发饰
3438,11754,neck,0,2803,[],脖子
3439,4651,dominatrix,0,2726,[],女王
3440,614707,no_legwear,0,5184,[],无腿饰
3441,544306,colored_eyelashes,0,40981,[],彩色睫毛
3442,3946,faucet,0,3213,[],水龙头
3443,821048,pink_hairband,0,12257,[],粉色发箍
3444,1383010,purple_choker,0,6569,[],紫色项圈
3445,547384,tail_raised,0,15278,[],尾巴翘起
3446,1201168,undressing_another,0,2685,[],为他人脱衣
3447,1299132,holding_box,0,8216,[],手持盒子
3448,1372846,pink_pajamas,0,3934,[],粉色睡衣
3449,676087,sharing_food,0,783,[],分享食物
3450,1394528,single_sidelock,0,13890,[],单侧鬓发
3451,1975377,loose_hair_strand,0,7097,[],松散发丝
3452,43263,anchor,0,14462,[],锚
3453,75230,orca,0,953,[],虎鲸
3454,431532,fake_screenshot,0,11941,[],伪截图
3455,416449,dualshock,0,724,[],DualShock手柄
3456,414107,gamepad,0,2217,[],游戏手柄
3457,458682,multitasking,0,1060,[],多任务处理
3458,564677,playstation_controller,0,1953,[],PlayStation手柄
3459,421313,product_placement,0,3110,[],产品植入
3460,465048,dog_girl,0,36089,[],犬娘
3461,596238,bird_print,0,1555,[],鸟类印花
3462,1349908,chihaya_(clothing),0,1143,[],千早(巫女装束)
3463,571097,crane_(animal),0,1281,[],鹤
3464,600284,cheek_poking,0,3366,[],戳脸颊
3465,1616,kotatsu,0,7836,[],被炉
3466,473300,mandarin_orange,0,6244,[],柑橘
3467,615525,blue_tail,0,3024,[],蓝色尾巴
3468,1258390,holding_leash,0,6801,[],手持牵引绳
3469,503705,paw_shoes,0,4767,[],爪鞋
3470,471805,pastel_colors,0,3425,[],柔和色彩
3471,416114,symmetry,0,2833,[],对称
3472,4530,gift,0,45387,[],礼物
3473,665739,holding_gift,0,14431,[],手持礼物
3474,562229,food_stand,0,1939,[],小吃摊
3475,4033,lantern,0,32028,[],灯笼
3476,468509,paper_lantern,0,9505,[],纸灯笼
3477,536553,yatai,0,654,[],屋台
3478,530962,arm_under_breasts,0,24777,[],手臂托胸
3479,1364672,cleaning_rag,0,883,[],抹布
3480,2006760,unworn_socks,0,2582,[],未穿袜子
3481,430138,double_vertical_stripe,0,1648,[],双竖条纹
3482,8808,hallway,0,5175,[],走廊
3483,1431068,holding_stuffed_toy,0,18244,[],抱着毛绒玩具
3484,423600,bit_gag,0,3712,[],口球
3485,5160,gag,0,25084,[],口塞
3486,390064,gagged,0,22091,[],堵嘴
3487,15749,furry,0,101427,[],兽人
3488,1681089,furry_male,0,46798,[],兽人男性
3489,600460,group_picture,0,3777,[],合影
3490,376102,realistic,0,26338,[],写实
3491,439147,cum_on_tongue,0,8285,[],舌上精液
3492,497966,penis_grab,0,5545,[],抓阴茎
3493,476548,pinky_out,0,8611,[],翘小指
3494,4939,precum,0,18470,[],前列腺液
3495,421492,veiny_penis,0,31146,[],青筋阴茎
3496,384969,intravenous_drip,0,2691,[],静脉滴注
3497,682686,spoken_exclamation_mark,0,16088,[],说话感叹号
3498,474306,headphones_around_neck,0,15878,[],耳机挂颈
3499,8173,bokken,0,1175,[],木刀
3500,423915,wooden_sword,0,2400,[],木刀
3501,148527,stool,0,12653,[],凳子
3502,1484444,yellow_butterfly,0,2138,[],黄色蝴蝶
3503,1637638,heart_brooch,0,10506,[],心形胸针
3504,626324,fingers_together,0,0,[],手指并拢
3505,1602480,index_fingers_together,0,3139,[],食指并拢
3506,593715,bird_on_hand,0,3729,[],手上站鸟
3507,526532,oversized_shirt,0,4555,[],超大衬衫
3508,1335474,sleeves_past_elbows,0,0,[],过肘袖
3509,381861,\o/,0,1789,[],\o/(表情)
3510,662424,frog_hair_ornament,0,19645,[],青蛙发饰
3511,423823,ship,0,7439,[],船
3512,1369967,watercraft,0,15726,[],船只
3513,5632,laser,0,2408,[],激光
3514,568920,+++,0,22069,[],+++
3515,618480,sitting_on_shoulder,0,1149,[],坐在肩上
3516,10014,washing_machine,0,1949,[],洗衣机
3517,620731,combat_knife,0,1138,[],战斗刀
3518,1314823,black_sweater,0,27097,[],黑色毛衣
3519,1470700,black_undershirt,0,0,[],黑色打底衫
3520,418677,gate,0,2848,[],大门
3521,1793464,cheating_(relationship),0,4178,[],出轨(关系)
3522,1637,failure,0,2790,[],失败
3523,500976,netorare,0,8572,[],寝取
3524,428847,ugly_man,0,0,[],丑男
3525,154194,spork,0,695,[],叉勺
3526,543958,bags_under_eyes,0,33435,[],眼袋
3527,1241714,korean_text,0,31546,[],韩文
3528,519626,on_table,0,4837,[],在桌子上
3529,77315,worried,0,4536,[],担心
3530,6352,elephant,0,1196,[],大象
3531,508193,novelty_censor,0,5749,[],趣味遮挡
3532,1301010,orange_sweater,0,2242,[],橙色毛衣
3533,160066,driving,0,5093,[],驾驶
3534,1344492,on_motorcycle,0,2322,[],骑摩托车
3535,3152,lance,0,5512,[],长枪
3536,379427,skeleton,0,10831,[],骷髅
3537,1344462,blue_apron,0,4891,[],蓝色围裙
3538,9510,cream,0,5379,[],奶油
3539,524684,food_on_breasts,0,1378,[],胸部上的食物
3540,1600173,kobeya_uniform,0,679,[],Kobeya制服
3541,521684,pleated_shirt,0,695,[],压褶衬衫
3542,640153,muted_color,0,7463,[],柔和色调
3543,527651,naked_sheet,0,2718,[],裸身裹被单
3544,4898,baby,0,7281,[],婴儿
3545,465140,breastfeeding,0,1619,[],母乳喂养
3546,433424,if_they_mated,0,3080,[],如果它们交配
3547,543093,motherly,0,1429,[],母性
3548,469612,high_five,0,923,[],击掌
3549,638358,large_syringe,0,867,[],大型注射器
3550,3509,syringe,0,11840,[],注射器
3551,399543,flip-flops,0,6875,[],人字拖
3552,1781486,hat_tassel,0,1323,[],帽子流苏
3553,378206,joystick,0,1070,[],摇杆
3554,5171,map,0,5411,[],地图
3555,374386,orange_hat,0,5934,[],橙色帽子
3556,164246,teruterubouzu,0,1682,[],晴天娃娃
3557,400905,talisman,0,4147,[],符咒
3558,1404519,purple_cloak,0,1258,[],紫色斗篷
3559,701042,bandaged_arm,0,36435,[],绷带手臂
3560,399829,magazine_cover,0,4918,[],杂志封面
3561,596219,sagging_breasts,0,7824,[],下垂乳房
3562,390681,headset,0,41691,[],头戴式耳机
3563,464577,shooting_star,0,6896,[],流星
3564,3242,airplane,0,15676,[],飞机
3565,12857,wedgie,0,6875,[],内裤上提
3566,470025,open_pants,0,3012,[],开裆裤
3567,1332796,round_teeth,0,18936,[],圆形牙齿
3568,685413,tucking_hair,0,5254,[],掖头发
3569,1008938,clothes_theft,0,919,[],偷衣服
3570,493245,theft,0,1535,[],偷窃
3571,2006752,unworn_bra,0,5562,[],未穿胸罩
3572,477517,chinese_zodiac,0,18942,[],十二生肖
3573,559163,emphasis_lines,0,37870,[],强调线
3574,502136,whisker_markings,0,16672,[],胡须纹
3575,513340,glowing_hand,0,1027,[],发光的手
3576,461235,ear_wiggle,0,2259,[],耳朵抖动
3577,614243,plaid_background,0,3115,[],格子背景
3578,442883,city_lights,0,5352,[],城市灯光
3579,698475,showgirl_skirt,0,11630,[],歌舞女郎裙
3580,1258067,hands_on_own_stomach,0,2122,[],双手捂腹
3581,513625,asymmetrical_bangs,0,37879,[],不对称刘海
3582,490010,extra_arms,0,12231,[],额外手臂
3583,4517,gymnastics,0,1184,[],体操
3584,8664,hoop,0,1424,[],呼啦圈
3585,1310301,kuji-in,0,1619,[],九字印
3586,592444,mars_symbol,0,3132,[],火星符号
3587,378151,megaphone,0,5322,[],扩音器
3588,1667541,pom_pom_(cheerleading),0,20446,[],啦啦队花球
3589,10364,rhythmic_gymnastics,0,655,[],艺术体操
3590,408248,transparent,0,13007,[],透明
3591,2181,cheerleader,0,20536,[],啦啦队员
3592,442124,orange_panties,0,1817,[],橙色内裤
3593,663171,sun_symbol,0,4363,[],太阳符号
3594,1585295,athletic_leotard,0,1888,[],运动紧身衣
3595,1238711,pink_shorts,0,7558,[],粉色短裤
3596,11912,wrench,0,5534,[],扳手
3597,1316394,hip_vent,0,16869,[],臀部开衩
3598,550765,wrist_ribbon,0,6525,[],腕部丝带
3599,526300,green_hat,0,24846,[],绿色帽子
3600,1438393,green_robe,0,1096,[],绿色长袍
3601,399655,striped_bikini,0,29487,[],条纹比基尼
3602,507655,freediving,0,1969,[],自由潜水
3603,544230,asymmetrical_wings,0,12535,[],不对称翅膀
3604,1447277,holding_plectrum,0,5498,[],手持拨片
3605,428250,plectrum,0,6241,[],拨片
3606,723547,red_pubic_hair,0,942,[],红色阴毛
3607,444411,licking_lips,0,25224,[],舔唇
3608,448621,arm_warmers,0,21886,[],臂套
3609,484561,arm_cuffs,0,1530,[],臂环
3610,630542,butterfly_sitting,0,1293,[],蝴蝶坐
3611,380573,quill,0,4465,[],羽毛笔
3612,1274842,two-handed,0,4637,[],双手持
3613,2364,onigiri,0,8229,[],饭团
3614,1496708,hitodama_print,0,1559,[],鬼火图案
3615,1353605,standing_on_liquid,0,3142,[],站在液体上
3616,435855,messy_room,0,1507,[],凌乱的房间
3617,11620,spread_anus,0,6688,[],肛门扩张
3618,1304069,yellow_bowtie,0,14025,[],黄色蝴蝶结
3619,1283885,crossed_bangs,0,76119,[],交叉刘海
3620,381183,brick,0,1563,[],砖块
3621,470701,cube,0,3608,[],立方体
3622,409251,stacking,0,805,[],堆叠
3623,468165,mixing_bowl,0,2258,[],搅拌碗
3624,1398298,fur-trimmed_dress,0,11851,[],毛边连衣裙
3625,685854,fur_cuffs,0,994,[],毛皮袖口
3626,383146,panties_on_head,0,1500,[],内裤套头
3627,2025868,cellphone_photo,0,4282,[],手机拍照
3628,818365,selfie,0,25363,[],自拍
3629,1314744,yellow_choker,0,3522,[],黄色项圈
3630,560473,partially_visible_vulva,0,23138,[],部分可见外阴
3631,619281,blue_border,0,3146,[],蓝色边框
3632,594236,expressive_clothes,0,1633,[],表情丰富的衣服
3633,656330,hands_on_own_cheeks,0,10988,[],双手捧脸
3634,439517,nose_bubble,0,3755,[],鼻涕泡
3635,4695,spiral,0,972,[],螺旋
3636,5656,lonely,0,677,[],寂寞
3637,383197,toilet_paper,0,1652,[],卫生纸
3638,711344,hand_on_own_shoulder,0,2655,[],手搭自己肩膀
3639,547756,bare_tree,0,11305,[],光秃秃的树
3640,610726,shared_clothes,0,3843,[],共享衣物
3641,410605,shared_scarf,0,3041,[],共享围巾
3642,517481,winter_coat,0,7255,[],冬季外套
3643,396001,pocket_watch,0,6951,[],怀表
3644,547795,breaking,0,1333,[],破坏
3645,493037,drawer,0,3519,[],抽屉
3646,407400,riverbank,0,728,[],河岸
3647,507697,purple_pantyhose,0,10041,[],紫色连裤袜
3648,669791,futa_with_futa,0,2706,[],扶她×扶她
3649,1076157,futanari_masturbation,0,2946,[],扶她自慰
3650,9215,mutual_masturbation,0,1124,[],相互手淫
3651,586561,penises_touching,0,1606,[],阴茎相触
3652,1397563,fur-trimmed_skirt,0,3079,[],毛边裙子
3653,1414486,red_mittens,0,1609,[],红色连指手套
3654,524281,belt_skirt,0,850,[],腰带裙
3655,401680,sweater_dress,0,10674,[],毛衣连衣裙
3656,1641895,gloved_handjob,0,5758,[],戴手套手交
3657,452532,two-handed_handjob,0,1489,[],双手手交
3658,5707,chaps,0,3106,[],皮裤
3659,1274212,green_cape,0,7795,[],绿色披风
3660,612000,constricted_pupils,0,15565,[],缩瞳
3661,1376753,crescent_print,0,2832,[],新月图案
3662,1531697,mismatched_pupils,0,11180,[],异色瞳孔
3663,1866251,roasted_sweet_potato,0,1152,[],烤红薯
3664,486797,unsheathed,0,5660,[],出鞘
3665,374852,wakizashi,0,1550,[],胁差
3666,9348,wheelchair,0,2869,[],轮椅
3667,1397511,dorsiflexion,0,1781,[],足背屈
3668,500820,stone_lantern,0,2157,[],石灯笼
3669,838605,animal_focus,0,32644,[],动物焦点
3670,386212,diving,0,936,[],潜水
3671,10538,ice,0,30245,[],冰
3672,510068,splashing,0,11286,[],泼溅
3673,1304979,balance_scale,0,959,[],天平
3674,490573,choke_hold,0,978,[],锁喉
3675,238935,track_suit,0,11692,[],运动服
3676,1396985,holding_sheath,0,4899,[],手持刀鞘
3677,464876,bento,0,4283,[],便当
3678,876691,cum_in_container,0,1435,[],射入容器
3679,691681,cum_in_cup,0,741,[],杯中精液
3680,584126,pointing_up,0,7353,[],指向上方
3681,1246561,brown_scarf,0,6824,[],棕色围巾
3682,12724,field,0,17217,[],田野
3683,485597,grey_dress,0,24544,[],灰色连衣裙
3684,488260,purple_cape,0,6395,[],紫色披风
3685,4478,bodypaint,0,6110,[],身体彩绘
3686,429170,markings,0,698,[],斑纹
3687,468109,tengu_mask,0,985,[],天狗面具
3688,597877,pointing_down,0,733,[],向下指
3689,16279,air_conditioner,0,2790,[],空调
3690,396795,menu,0,3036,[],菜单
3691,1650217,untied_footwear,0,0,[],未系鞋带
3692,1506800,diamond_(gemstone),0,1809,[],钻石(宝石)
3693,582333,ojou-sama_pose,0,1694,[],大小姐姿势
3694,242,princess,0,4767,[],公主
3695,468789,paw_gloves,0,18438,[],爪子手套
3696,474210,leg_ribbon,0,14600,[],腿饰丝带
3697,1926,chart,0,2206,[],图表
3698,453768,fairy_wings,0,21654,[],妖精翅膀
3699,705211,fake_horns,0,29190,[],假角
3700,599839,horned_helmet,0,5361,[],角盔
3701,87501,wire,0,3753,[],铁丝
3702,382573,akanbe,0,2025,[],阿卡贝拉(吐舌下眼睑手势)
3703,502348,eyelid_pull,0,2193,[],拉眼皮
3704,380477,whiskers,0,10707,[],胡须
3705,493288,chasing,0,2969,[],追逐
3706,16601,overcoat,0,1937,[],大衣
3707,387570,measuring,0,1102,[],测量
3708,1354336,grey_shorts,0,16393,[],灰色短裤
3709,2180362,4-finger_heart_hands,0,0,[],四指比心手势
3710,1492981,bikini_bottom_aside,0,7655,[],比基尼下摆拨开
3711,413660,worm,0,916,[],蠕虫
3712,465180,ball_gag,0,10645,[],口球
3713,658767,bound_together,0,1506,[],绑在一起
3714,1636673,wiffle_gag,0,5893,[],口球
3715,588173,sex_machine,0,2392,[],性爱机器
3716,442316,pouch,0,42615,[],小袋
3717,9706,snail,0,1991,[],蜗牛
3718,637674,slingshot_swimsuit,0,12709,[],弹弓式泳装
3719,10168,suspension,0,4426,[],悬吊
3720,1740,mermaid,0,13006,[],美人鱼
3721,1739,shrimp,0,4201,[],虾
3722,393506,shrimp_tempura,0,1647,[],炸虾天妇罗
3723,13916,tempura,0,2372,[],天妇罗
3724,163224,fins,0,38824,[],鳍
3725,491645,head_fins,0,14847,[],头部鳍状物
3726,378541,gills,0,1758,[],鳃
3727,1743,baseball,0,3370,[],棒球
3728,375606,open_coat,0,56735,[],敞开外套
3729,426470,silk,0,6610,[],丝绸
3730,539585,sleeping_upright,0,3665,[],坐着睡
3731,460863,spider_web,0,6228,[],蜘蛛网
3732,1282702,wooden_bucket,0,3144,[],木桶
3733,1638312,footwear_ribbon,0,1852,[],鞋子蝴蝶结
3734,478170,anti-materiel_rifle,0,2847,[],反器材步枪
3735,1353702,hands_on_own_ass,0,2387,[],双手摸自己屁股
3736,8988,sniper_rifle,0,10162,[],狙击步枪
3737,1312469,purple_hakama,0,1330,[],紫色袴
3738,7827,whisk,0,3473,[],拂尘
3739,495147,hair_slicked_back,0,16608,[],背头发型
3740,459009,penis_on_face,0,6708,[],阴茎贴脸
3741,2182,police,0,13387,[],警察
3742,15117,police_uniform,0,12007,[],警服
3743,11366,policewoman,0,7993,[],女警
3744,616844,blood_from_mouth,0,9075,[],嘴角流血
3745,478262,double_v,0,33129,[],双V手势
3746,642887,wiping_sweat,0,2307,[],擦汗
3747,458711,hand_under_clothes,0,5778,[],手伸入衣内
3748,10638,boxers,0,3509,[],平角内裤
3749,449502,dimples_of_venus,0,7480,[],腰窝
3750,421507,leg_grab,0,14426,[],抓腿
3751,498546,male_underwear,0,18844,[],男性内衣
3752,415277,recording,0,10358,[],录音
3753,412915,pet_bowl,0,1714,[],宠物碗
3754,522720,naked_towel,0,14861,[],裸身裹浴巾
3755,434844,folding_chair,0,2495,[],折叠椅
3756,656250,arm_between_breasts,0,2218,[],手臂夹胸
3757,492763,face_between_breasts,0,1272,[],脸埋胸间
3758,582361,head_between_breasts,0,3361,[],头埋胸间
3759,457678,animal_slippers,0,1829,[],动物拖鞋
3760,667171,holding_umbrella,0,40498,[],持伞
3761,1597014,purple_tabard,0,1362,[],紫色无袖罩袍
3762,1470859,black_garter_straps,0,4383,[],黑色吊带袜夹
3763,1385010,kissing_cheek,0,7933,[],亲吻脸颊
3764,1399079,holding_drink,0,7626,[],手持饮料
3765,405409,tail_ribbon,0,7538,[],尾巴蝴蝶结
3766,594404,hat_flower,0,28864,[],帽子上的花
3767,2100,summer,0,12884,[],夏季
3768,1310698,curled_horns,0,20936,[],卷曲角
3769,360746,waking_up,0,7880,[],醒来
3770,559585,playing_instrument,0,16216,[],演奏乐器
3771,456933,microphone_stand,0,8243,[],麦克风架
3772,474988,speaker,0,4806,[],扬声器
3773,15667,riding_crop,0,4539,[],马鞭
3774,1765,cello,0,1013,[],大提琴
3775,41161,street,0,9757,[],街道
3776,1493682,holding_drumsticks,0,2226,[],手持鼓槌
3777,449624,bass_guitar,0,5487,[],贝斯吉他
3778,1267204,electric_bass_guitar,0,0,[],电贝斯
3779,424699,closet,0,996,[],壁橱
3780,1385535,grey_sweater,0,15203,[],灰色毛衣
3781,1333943,holding_shower_head,0,804,[],手持淋浴喷头
3782,1410489,shower_(place),0,3254,[],淋浴间
3783,1263595,soap_bottle,0,1194,[],肥皂瓶
3784,546229,black_belt,0,75655,[],黑色腰带
3785,707150,finger_on_trigger,0,5309,[],手指扣扳机
3786,410838,m16,0,946,[],M16步枪
3787,546285,twirling_hair,0,4830,[],捻玩头发
3788,1516826,drinking_straw_in_mouth,0,3437,[],叼吸管
3789,1457427,looking_at_food,0,2921,[],看着食物
3790,1453261,low_twin_braids,0,15559,[],低双麻花辫
3791,1416877,two-tone_footwear,0,0,[],双色鞋履
3792,1301111,white_sweater,0,29764,[],白色毛衣
3793,11998,open_robe,0,3265,[],敞开的长袍
3794,5473,tape,0,10529,[],胶带
3795,431758,locked_arms,0,6866,[],手臂相扣
3796,426689,typing,0,769,[],打字
3797,1778,urinal,0,1001,[],小便池
3798,572579,cooking_pot,0,3646,[],烹饪锅
3799,2660,lettuce,0,2903,[],生菜
3800,450205,prehensile_hair,0,2885,[],可操控头发
3801,664057,neck_garter,0,856,[],颈带
3802,1314596,black_leotard,0,83225,[],黑色紧身衣
3803,1295582,strapless_leotard,0,72753,[],无肩带紧身连体衣
3804,1251890,suggestive_fluid,0,8026,[],暗示性液体
3805,482936,long_pointy_ears,0,6633,[],长尖耳
3806,5252,cow_ears,0,22061,[],牛耳
3807,467794,cow_girl,0,12220,[],奶牛女孩
3808,455615,cow_print,0,21966,[],奶牛纹
3809,422021,cow_tail,0,9390,[],牛尾
3810,459097,cowbell,0,14080,[],牛铃
3811,435555,heavy_breathing,0,42853,[],粗重喘息
3812,627099,armored_gloves,0,3236,[],盔甲手套
3813,1246083,cuirass,0,1232,[],胸甲
3814,406895,tunic,0,13221,[],束腰外衣
3815,1276335,fur-trimmed_legwear,0,2883,[],毛边腿饰
3816,594978,naked_tabard,0,1017,[],裸穿罩袍
3817,434704,string,0,15684,[],绳子
3818,1243442,competition_school_swimsuit,0,8786,[],竞技泳装
3819,383707,pun,0,8144,[],双关语
3820,1457953,sparse_pubic_hair,0,4060,[],稀疏阴毛
3821,562990,bath_stool,0,1121,[],浴凳
3822,520227,cowlick,0,8297,[],翘发
3823,1434292,on_stool,0,2078,[],坐在凳子上
3824,461788,scowl,0,5340,[],皱眉
3825,473022,side_braids,0,13983,[],侧编发
3826,1593554,light_purple_hair,0,3996,[],浅紫色头发
3827,1270632,huge_moon,0,1802,[],巨大月亮
3828,384589,lyre,0,1669,[],里拉琴
3829,617590,wa_maid,0,5536,[],和风女仆
3830,448202,peaked_cap,0,52327,[],尖顶帽
3831,469396,role_reversal,0,2348,[],角色反转
3832,647130,white_necktie,0,10863,[],白色领带
3833,1312164,green_necktie,0,17960,[],绿色领带
3834,1441888,over-rim_eyewear,0,4189,[],镜框上方眼镜
3835,567329,limited_palette,0,21267,[],有限色调
3836,15004,toy,0,5204,[],玩具
3837,578084,black_tail,0,13918,[],黑色尾巴
3838,724478,pink_wings,0,3082,[],粉色翅膀
3839,491150,^o^,0,0,[],^o^(表情)
3840,5094,snowman,0,6908,[],雪人
3841,464548,clone,0,7717,[],克隆
3842,494869,black_coat,0,70320,[],黑色外套
3843,578713,giving,0,4133,[],给予
3844,1610073,toilet_stall,0,1319,[],厕所隔间
3845,418781,pet_play,0,2991,[],宠物扮演
3846,613216,multicolored_legwear,0,0,[],多色腿饰
3847,382729,striped_pantyhose,0,10591,[],条纹连裤袜
3848,179157,tent,0,2407,[],帐篷
3849,707075,tile_wall,0,10188,[],瓷砖墙
3850,462213,peeing_self,0,4493,[],尿裤子
3851,1394090,see-through_skirt,0,4659,[],透视裙
3852,534254,brick_wall,0,13217,[],砖墙
3853,577070,hand_on_wall,0,1745,[],手撑墙
3854,514538,hands_on_ass,0,0,[],手放在屁股上
3855,404134,spread_ass,0,6357,[],掰开臀部
3856,414700,buttjob,0,2560,[],股间摩擦
3857,1436508,penis_on_ass,0,1405,[],阴茎贴臀
3858,2909,cyclops,0,3171,[],独眼巨人
3859,381114,red_skin,0,15706,[],红色皮肤
3860,508103,tentacles_under_clothes,0,1711,[],衣服下触手
3861,525152,white_fur,0,26144,[],白色毛皮
3862,881062,grabbing_own_breast,0,16813,[],抓自己胸部
3863,498466,implied_sex,0,11853,[],暗示性行为
3864,480812,steam_censor,0,3502,[],蒸汽遮挡
3865,1302909,brown_shorts,0,16158,[],棕色短裤
3866,661553,grey_belt,0,3755,[],灰色腰带
3867,648669,lowleg_skirt,0,1062,[],低腿裙
3868,524779,microskirt,0,22511,[],超短裙
3869,1713829,mithra_(ff11),0,1564,[],米斯拉(最终幻想11)
3870,376451,inverted_nipples,0,18414,[],内陷乳头
3871,403286,toned,0,47172,[],肌肉线条
3872,1507788,toned_female,0,13136,[],健美女性
3873,649700,full-package_futanari,0,2103,[],完整包覆扶她
3874,700189,finger_in_another's_mouth,0,4923,[],手指伸入他人口中
3875,708682,hand_on_another's_hand,0,2157,[],手搭在另一人的手上
3876,394999,spooning,0,2522,[],抱勺式体位
3877,5494,harem,0,3644,[],后宫
3878,459174,dress_tug,0,2400,[],拉裙子
3879,585862,reach-around,0,3194,[],环抱
3880,1306104,orange_scarf,0,3736,[],橙色围巾
3881,1827024,licking_another's_neck,0,1106,[],舔他人脖子
3882,374334,open_shorts,0,4260,[],敞开短裤
3883,424961,remote_control_vibrator,0,4889,[],遥控跳蛋
3884,512126,shushing,0,9060,[],嘘声
3885,374936,lamp,0,19441,[],灯
3886,1634686,cigarette_pack,0,1255,[],香烟盒
3887,2089747,argyle_clothes,0,11717,[],菱形纹服装
3888,613923,argyle_legwear,0,0,[],菱形纹腿饰
3889,583009,arm_around_waist,0,6059,[],手臂搂腰
3890,666041,multiple_torii,0,1226,[],多个鸟居
3891,330159,green_tea,0,1399,[],绿茶
3892,438516,zabuton,0,1743,[],坐垫
3893,1249520,drawing_bow,0,2447,[],拉弓
3894,1394264,holding_bow_(weapon),0,12376,[],手持弓
3895,1515352,aqua_theme,0,2872,[],水色主题
3896,503126,ribbon_in_mouth,0,2268,[],叼丝带
3897,1378073,ears_visible_through_hair,0,1386,[],透发见耳
3898,664440,lace-trimmed_dress,0,4714,[],蕾丝边连衣裙
3899,16992,see-through_dress,0,6879,[],透视连衣裙
3900,11858,forehead_mark,0,30507,[],额饰
3901,400230,akeome,0,2209,[],明けおめ
3902,14528,bathrobe,0,1327,[],浴袍
3903,461639,happy_new_year,0,18465,[],新年快乐
3904,7585,new_year,0,28170,[],新年
3905,456688,multicolored_eyes,0,49254,[],异色瞳
3906,1393855,holding_flag,0,5868,[],持旗
3907,2068712,hugging_book,0,1112,[],抱书
3908,580937,visual_novel,0,874,[],视觉小说
3909,675901,frilled_hat,0,9149,[],荷叶边帽子
3910,665766,carrying_under_arm,0,2499,[],腋下夹持
3911,2316,carpet,0,4456,[],地毯
3912,659834,spoken_squiggle,0,6399,[],波浪形对话气泡
3913,468827,pushing,0,1584,[],推
3914,457115,when_you_see_it,0,2952,[],当你看到它
3915,4313,pointer,0,2664,[],指示器
3916,585602,jeweled_branch_of_hourai,0,1222,[],蓬莱玉枝
3917,483898,frilled_bikini,0,44556,[],荷叶边比基尼
3918,433011,polka_dot_swimsuit,0,1578,[],圆点泳装
3919,589292,slashing,0,1741,[],劈砍
3920,331704,bodystocking,0,22404,[],连体袜
3921,615718,green_gloves,0,11569,[],绿色手套
3922,633965,hands_on_headphones,0,704,[],双手放在耳机上
3923,583869,character_censor,0,1797,[],角色遮挡
3924,11458,baseball_bat,0,11121,[],棒球棒
3925,598410,ceiling_light,0,5091,[],吊灯
3926,1291568,pink_apron,0,5481,[],粉色围裙
3927,251194,gym,0,2610,[],健身房
3928,2626,volleyball,0,3444,[],排球
3929,1925772,volleyball_(object),0,2373,[],排球
3930,568318,bokeh,0,9248,[],散景
3931,670641,clothes_between_breasts,0,1597,[],乳间衣物
3932,623327,creator_connection,0,3624,[],创作者关联
3933,1345684,holding_syringe,0,4891,[],手持注射器
3934,9101,cigar,0,4495,[],雪茄
3935,374909,whispering,0,2785,[],耳语
3936,713253,cross_hair_ornament,0,13805,[],十字准星装饰
3937,640801,clothes_in_mouth,0,5124,[],嘴里叼着衣服
3938,1392360,black_camisole,0,7352,[],黑色吊带背心
3939,1795966,cone_hair_bun,0,17367,[],锥形发髻
3940,468583,melon_bread,0,1281,[],蜜瓜包
3941,1205954,looking_at_penis,0,8344,[],看阴茎
3942,481604,penis_awe,0,6359,[],对阴茎的敬畏
3943,622943,cover_image,0,3479,[],封面图
3944,565136,projected_inset,0,2830,[],投影插画
3945,480182,keyboard_(instrument),0,3424,[],键盘乐器
3946,9534,trumpet,0,3240,[],小号
3947,4434,violin,0,6195,[],小提琴
3948,494932,hickey,0,4245,[],吻痕
3949,440361,lipstick_mark,0,5782,[],口红印
3950,1749119,pov_across_bed,0,767,[],床对面视角
3951,667663,elbow_rest,0,8919,[],肘托
3952,1835975,projectile_lactation,0,2531,[],喷射乳汁
3953,1380647,drink_can,0,14274,[],饮料罐
3954,405671,soda_can,0,5373,[],易拉罐汽水
3955,728807,animification,0,19887,[],动画化
3956,12286,badge,0,12873,[],徽章
3957,475209,button_badge,0,5500,[],徽章
3958,490924,computer_mouse,0,4509,[],鼠标
3959,438177,father_and_daughter,0,9070,[],父女
3960,555276,surprise_kiss,0,2769,[],惊喜之吻
3961,507308,voile,0,1017,[],薄纱
3962,491758,sleeves_rolled_up,0,47453,[],卷起袖子
3963,379743,saw,0,2021,[],锯子
3964,13976,frying_pan,0,5299,[],平底锅
3965,16335,spatula,0,3997,[],锅铲
3966,457574,horizon,0,25273,[],地平线
3967,677167,sitting_on_water,0,784,[],坐在水上
3968,418178,waves,0,8724,[],波浪
3969,461563,poster_(object),0,8556,[],海报(物品)
3970,485953,puffy_pants,0,3265,[],蓬松裤子
3971,819855,puffy_shorts,0,3696,[],蓬松短裤
3972,456823,small_nipples,0,794,[],小乳头
3973,442577,ahegao,0,22803,[],阿黑颜
3974,18013,ass_grab,0,0,[],抓臀
3975,650139,clothed_female_nude_female,0,3854,[],穿衣女与裸体女
3976,508726,cum_overflow,0,30489,[],精液溢出
3977,399604,fucked_silly,0,9143,[],干到失智
3978,659364,licking_armpit,0,1506,[],舔腋窝
3979,288161,office_lady,0,18641,[],办公室女郎
3980,643426,reverse_upright_straddle,0,4888,[],反向正立跨坐
3981,822829,suspended_congress,0,2501,[],悬空式
3982,476158,traffic_light,0,3213,[],红绿灯
3983,329959,zenra,0,821,[],全裸
3984,1283223,shibari_over_clothes,0,5456,[],衣服上的绳缚
3985,11435,spreader_bar,0,1466,[],分腿棒
3986,523961,hair_between_breasts,0,966,[],胸前发丝
3987,408039,crystal_ball,0,1575,[],水晶球
3988,1494963,orange-tinted_eyewear,0,5987,[],橙色眼镜
3989,604394,pointing_at_viewer,0,13539,[],指向观众
3990,6327,afro,0,3693,[],爆炸头
3991,511515,grimace,0,4067,[],龇牙咧嘴
3992,635050,pointing_forward,0,1437,[],指向前方
3993,456272,dog_tags,0,9737,[],狗牌
3994,604468,eye_mask,0,8182,[],眼罩
3995,13273,stained_glass,0,5033,[],彩色玻璃
3996,469760,oven_mitts,0,2023,[],烤箱手套
3997,376147,hanging,0,2404,[],悬挂
3998,572583,radiation_symbol,0,1290,[],辐射标志
3999,10497,rocket,0,1592,[],火箭
4000,397397,cum_pool,0,5649,[],精液滩
4001,835764,untied_panties,0,3156,[],解开的内裤
4002,1538677,holding_gohei,0,4027,[],手持御币
4003,488124,face_punch,0,761,[],打脸
4004,549281,in_the_face,0,2286,[],脸上
4005,1303914,pink_choker,0,10893,[],粉色项圈
4006,511662,arm_guards,0,11439,[],护臂
4007,457698,comforting,0,2051,[],安慰
4008,538432,full_armor,0,9009,[],全身铠甲
4009,705927,frilled_leotard,0,2376,[],荷叶边紧身连体衣
4010,1441884,rectangular_eyewear,0,7722,[],矩形眼镜
4011,394136,red_panties,0,16459,[],红色内裤
4012,385637,earbuds,0,4728,[],入耳式耳机
4013,385088,earphones,0,12265,[],耳机
4014,1928,tiger,0,5780,[],老虎
4015,724189,detached_ahoge,0,1604,[],分离呆毛
4016,8781,bomb,0,2986,[],炸弹
4017,474502,explosive,0,8794,[],爆炸物
4018,493832,military_vehicle,0,20104,[],军用车辆
4019,721466,pointy_nose,0,4460,[],尖鼻子
4020,3898,tank,0,9819,[],坦克
4021,251010,tiger_ears,0,19353,[],虎耳
4022,663228,implied_masturbation,0,1144,[],暗示自慰
4023,7801,lamia,0,5617,[],拉米亚
4024,42918,scales,0,21899,[],鳞片
4025,11486,jellyfish,0,4933,[],水母
4026,480578,hagoromo,0,5734,[],羽衣
4027,485269,clothes_hanger,0,4373,[],衣架
4028,7641,piggyback,0,5690,[],背人
4029,1471843,waist_bow,0,9647,[],腰部蝴蝶结
4030,1324059,holding_jewelry,0,2028,[],手持首饰
4031,718647,holding_necklace,0,1278,[],手持项链
4032,1304996,orange_border,0,928,[],橙色边框
4033,559209,broad_shoulders,0,925,[],宽肩
4034,105306,condom_in_mouth,0,6444,[],口中含安全套
4035,613208,red_legwear,0,0,[],红色腿部服饰
4036,490389,souryuu_asuka_langley_(cosplay),0,784,[],惣流·明日香·兰格雷(角色扮演)
4037,1303383,blue_scrunchie,0,6585,[],蓝色发圈
4038,1247424,brick_floor,0,1928,[],砖地板
4039,1329246,center_frills,0,29090,[],中央褶皱
4040,6235,harness,0,19762,[],束具
4041,1316159,leaning_to_the_side,0,12166,[],侧身倾斜
4042,1246198,mechanical_halo,0,18121,[],机械光环
4043,393428,vaulting_horse,0,2221,[],鞍马
4044,1174365,glutton,0,2309,[],贪食者
4045,398888,vase,0,9531,[],花瓶
4046,411566,nightcap,0,4733,[],睡帽
4047,385968,player_2,0,1276,[],2P玩家
4048,1949476,art_program_in_frame,0,4250,[],画面中的绘图软件
4049,668887,shallow_water,0,2640,[],浅水
4050,9476,minotaur,0,1309,[],米诺陶洛斯
4051,400313,beam_rifle,0,3343,[],光束步枪
4052,585211,energy_gun,0,5719,[],能量枪
4053,535048,humanization,0,11251,[],拟人化
4054,435180,bad_hands,0,3070,[],画崩的手
4055,380157,shovel,0,4872,[],铲子
4056,1329452,green_bandana,0,1223,[],绿色头巾
4057,2006763,unworn_backpack,0,1462,[],未穿背包
4058,1682855,hand_focus,0,2108,[],手部特写
4059,461768,handshake,0,1049,[],握手
4060,457946,stone_wall,0,2671,[],石墙
4061,1234828,character_age,0,2060,[],角色年龄
4062,650514,wet_swimsuit,0,4799,[],湿泳衣
4063,1641552,weapon_behind_back,0,0,[],背在背后的武器
4064,507586,yellow_skirt,0,16141,[],黄色裙子
4065,463464,pee_stain,0,971,[],尿渍
4066,464545,carrot,0,15879,[],胡萝卜
4067,392867,melon,0,1468,[],哈密瓜
4068,1102042,strawberry_hair_ornament,0,2333,[],草莓发饰
4069,464585,tomato,0,6545,[],番茄
4070,1598810,nontraditional_playboy_bunny,0,5363,[],非传统兔女郎
4071,15771,raccoon_ears,0,16524,[],浣熊耳
4072,512488,crotch_plate,0,3040,[],胯部护甲
4073,548066,blending,0,2210,[],混合
4074,1485687,letter_hair_ornament,0,1889,[],字母发饰
4075,1578455,cumulonimbus_cloud,0,4659,[],积雨云
4076,396696,evening,0,9889,[],傍晚
4077,622003,;(,0,810,[],;(表情)
4078,1887573,penis_tentacle,0,810,[],触手阴茎
4079,607626,hair_stick,0,20272,[],发簪
4080,4550,grenade,0,4670,[],手榴弹
4081,576093,hands_on_lap,0,3760,[],手放膝上
4082,1835737,green_one-piece_swimsuit,0,1429,[],绿色连体泳衣
4083,1793460,cooperative_paizuri,0,2338,[],合作乳交
4084,472896,naizuri,0,714,[],乳交
4085,1373027,brown-framed_eyewear,0,3112,[],棕色框眼镜
4086,1469045,grey_camisole,0,985,[],灰色吊带背心
4087,514889,polo_shirt,0,2975,[],Polo衫
4088,2570,idol,0,15869,[],偶像
4089,1506325,at_computer,0,974,[],在电脑前
4090,697213,averting_eyes,0,11990,[],移开视线
4091,4947,groceries,0,915,[],杂货
4092,1489785,holding_watermelon,0,1395,[],拿着西瓜
4093,578777,outstretched_leg,0,1923,[],伸直的腿
4094,526470,thighhighs_pull,0,1997,[],过膝袜拉起
4095,681743,playing_piano,0,1226,[],弹钢琴
4096,8411,sheet_music,0,2391,[],乐谱
4097,404956,dissolving_clothes,0,916,[],溶解衣物
4098,603240,vertical-striped_panties,0,971,[],竖条纹内裤
4099,495530,bikini_under_clothes,0,21863,[],衣服下穿比基尼
4100,492468,plaid_dress,0,7158,[],格子连衣裙
4101,461372,mobile_suit,0,9385,[],机动战士
4102,381467,credits,0,1230,[],制作人员名单
4103,565064,framed,0,4110,[],有边框
4104,656155,mutual_orgasm,0,731,[],同时高潮
4105,1441861,orange_footwear,0,0,[],橙色鞋子
4106,1361745,holding_fish,0,1379,[],手持鱼
4107,1805482,non-humanoid_robot,0,6872,[],非人形机器人
4108,1301231,robot_animal,0,2190,[],机器动物
4109,482927,belt_pouch,0,15067,[],腰带包
4110,1285391,turtleneck_dress,0,5059,[],高领连衣裙
4111,380747,speed_lines,0,11686,[],速度线
4112,378487,telescope,0,1755,[],望远镜
4113,613128,embellished_costume,0,2053,[],装饰服装
4114,441477,defeat,0,9835,[],败北
4115,553763,unbuttoned_shirt,0,6569,[],解开纽扣的衬衫
4116,454517,unconscious,0,2831,[],昏迷
4117,1464685,collared_cape,0,3776,[],立领披风
4118,1608327,mixed-language_text,0,6573,[],混合语言文字
4119,392935,tree_stump,0,2547,[],树桩
4120,462342,after_rape,0,2131,[],强奸后
4121,541903,purple_nails,0,31837,[],紫色指甲
4122,663613,anal_fluid,0,1458,[],肛液
4123,509961,battle_rifle,0,1941,[],战斗步枪
4124,6160,cocktail,0,1820,[],鸡尾酒
4125,415735,sideways,0,4087,[],侧身
4126,2215,house,0,13885,[],房子
4127,8697,porch,0,1366,[],门廊
4128,1326378,black_umbrella,0,2160,[],黑色雨伞
4129,1936394,umbrella_over_shoulder,0,1390,[],伞搭在肩上
4130,2008674,artistic_error,0,8602,[],艺术性错误
4131,3093,bear,0,6731,[],熊
4132,430376,bear_costume,0,1489,[],熊玩偶服
4133,420964,hip_bones,0,4255,[],髋骨
4134,4924,camouflage,0,12104,[],迷彩
4135,624464,crt,0,2402,[],CRT显示器
4136,619992,world_war_ii,0,3708,[],第二次世界大战
4137,664838,green_wings,0,2365,[],绿色翅膀
4138,521712,ear_piercing,0,85974,[],耳洞
4139,499324,red_shorts,0,18323,[],红色短裤
4140,663412,holding_own_foot,0,956,[],握着自己的脚
4141,407913,bursting_breasts,0,7538,[],爆乳
4142,1305007,chest_belt,0,6223,[],胸部束带
4143,726555,inconvenient_breasts,0,889,[],不便的胸部
4144,611884,uneven_eyes,0,7871,[],大小眼
4145,1318429,pendant_watch,0,900,[],吊坠表
4146,835846,white_collar,0,20402,[],白色衣领
4147,1462380,disposable_cup,0,19689,[],一次性杯子
4148,1396020,food_wrapper,0,1176,[],食品包装纸
4149,564894,united_states,0,1250,[],美国
4150,553771,cheek-to-cheek,0,5890,[],脸颊贴脸颊
4151,1684829,heads_together,0,12298,[],头靠头
4152,1336227,red_bag,0,5198,[],红色包包
4153,390579,colorful,0,6622,[],多彩
4154,652002,no_lineart,0,4065,[],无线稿
4155,711922,crocodilian,0,1412,[],鳄目动物
4156,525997,print_dress,0,11103,[],印花连衣裙
4157,1749079,sample_watermark,0,22625,[],样本水印
4158,516012,clothed_masturbation,0,2424,[],穿着衣服自慰
4159,691329,hand_in_own_panties,0,1202,[],手在自己的内裤里
4160,596179,anal_tail,0,6678,[],肛尾
4161,9275,butt_plug,0,5929,[],肛塞
4162,645579,fake_tail,0,41553,[],假尾巴
4163,493164,forehead_jewel,0,20379,[],额饰
4164,1327007,holding_axe,0,8085,[],手持斧头
4165,1394304,honeycomb_(pattern),0,1975,[],蜂窝图案
4166,662803,honeycomb_background,0,1084,[],蜂巢背景
4167,556112,red_tail,0,2656,[],红色尾巴
4168,577161,in_tree,0,4439,[],在树上
4169,550124,sitting_in_tree,0,2671,[],坐在树上
4170,376585,stick,0,7340,[],棍棒
4171,8279,church,0,4220,[],教堂
4172,10205,notebook,0,8663,[],笔记本
4173,483264,yellow_rose,0,6301,[],黄玫瑰
4174,600401,wooden_fence,0,3040,[],木栅栏
4175,1847732,clothed_robot,0,891,[],穿着衣服的机器人
4176,585336,ankle_garter,0,821,[],脚踝袜带
4177,615041,finger_to_cheek,0,5514,[],手指戳脸颊
4178,2081,hospital,0,1301,[],医院
4179,437409,hospital_bed,0,2078,[],病床
4180,437614,boned_meat,0,2376,[],带骨肉
4181,432947,no_socks,0,7569,[],无袜子
4182,392453,butterfly_wings,0,7161,[],蝴蝶翅膀
4183,392117,insect_wings,0,11800,[],昆虫翅膀
4184,415091,water_yoyo,0,723,[],水悠悠球
4185,423620,:t,0,30510,[],:t(表情)
4186,522466,persimmon,0,801,[],柿子
4187,436889,stomach_bulge,0,11915,[],腹部隆起
4188,498946,turnaround,0,3918,[],转身展示
4189,477740,expression_chart,0,854,[],表情表
4190,471577,red_socks,0,7462,[],红色袜子
4191,464537,bruise,0,10584,[],瘀伤
4192,413758,ammunition,0,1976,[],弹药
4193,460720,wind_chime,0,3104,[],风铃
4194,405861,rose_petals,0,7817,[],玫瑰花瓣
4195,1512592,white_bridal_gauntlets,0,1203,[],白色新娘长手套
4196,385639,wolf_ears,0,93433,[],狼耳
4197,1706652,brown_ascot,0,1042,[],棕色阿斯科特领巾
4198,1328025,fur-trimmed_coat,0,18985,[],毛领大衣
4199,394619,furisode,0,6882,[],振袖
4200,434965,studded_belt,0,3895,[],铆钉腰带
4201,395305,wizard_hat,0,6016,[],巫师帽
4202,1861756,straddling_paizuri,0,4148,[],骑乘位乳交
4203,662701,brown_ribbon,0,4891,[],棕色丝带
4204,1247470,chocolate_on_breasts,0,2024,[],胸上巧克力
4205,4011,blade,0,1539,[],刀刃
4206,1543640,inverted_bob,0,6789,[],内卷波波头
4207,404436,ribbed_shirt,0,6334,[],罗纹衬衫
4208,665184,ribbed_sweater,0,40844,[],罗纹毛衣
4209,1559079,light_areolae,0,2070,[],浅色乳晕
4210,10278,visor,0,2315,[],面罩
4211,394852,hair_flip,0,1418,[],甩头发
4212,401324,chakram,0,891,[],环刃
4213,409832,robot_joints,0,10388,[],机器人关节
4214,1455730,raccoon_girl,0,7688,[],浣熊娘
4215,443371,raccoon_tail,0,12525,[],浣熊尾巴
4216,2130,tanuki,0,3021,[],狸猫
4217,475076,cat_hat,0,4975,[],猫帽子
4218,514196,cat_print,0,4305,[],猫图案
4219,615659,blue_vest,0,21097,[],蓝色马甲
4220,725441,black_headband,0,6595,[],黑色发带
4221,1286826,cloud_print,0,3308,[],云纹
4222,1258091,ribbon-trimmed_collar,0,2870,[],缎带镶边领
4223,383675,bus_stop,0,1787,[],公交车站
4224,1258905,holding_can,0,13511,[],手持罐子
4225,1644111,official_alternate_hairstyle,0,61419,[],官方换发型
4226,601148,huge_bow,0,2268,[],巨大蝴蝶结
4227,1494889,lion_boy,0,2971,[],狮子男孩
4228,460022,bus_interior,0,816,[],公交车内部
4229,378043,shopping_cart,0,1240,[],购物车
4230,413382,adjusting_buruma,0,809,[],调整布鲁马
4231,1436828,obiage,0,5826,[],腰带
4232,480563,fast_food,0,2235,[],快餐
4233,571429,fiery_wings,0,1055,[],火焰翅膀
4234,719985,streaked_hair,0,309305,[],挑染
4235,470798,pink_nails,0,57213,[],粉色指甲
4236,4177,lotion,0,4440,[],乳液
4237,443587,sunscreen,0,2210,[],防晒霜
4238,1344259,butterfly_earrings,0,1071,[],蝴蝶耳环
4239,450208,chocolate_bar,0,2784,[],巧克力棒
4240,400119,melting,0,3985,[],融化
4241,1695426,popsicle_in_mouth,0,2588,[],口中冰棒
4242,1802738,a_(phrase),0,687,[],a(短语)
4243,538324,manga_cover,0,2126,[],漫画封面
4244,386133,morrigan_aensland_(cosplay),0,783,[],莫莉卡·安斯兰(角色扮演)
4245,707535,school_emblem,0,3498,[],校徽
4246,580232,white_jacket,0,144020,[],白色夹克
4247,34553,dirty,0,11748,[],脏污
4248,9295,jungle,0,1160,[],丛林
4249,1463605,1other,0,93310,[],1其他
4250,455722,curtain_grab,0,2972,[],抓窗帘
4251,399418,shore,0,6961,[],海岸
4252,6376,lake,0,6685,[],湖泊
4253,1321158,brown_necktie,0,4063,[],棕色领带
4254,389456,holster,0,17920,[],枪套
4255,394083,knee_pads,0,15493,[],护膝
4256,424779,thigh_holster,0,8709,[],大腿枪套
4257,633528,alternate_breast_size,0,29741,[],不对称胸部大小
4258,444507,deep_skin,0,13543,[],深色皮肤
4259,1441859,aqua_footwear,0,0,[],水色鞋履
4260,1374290,covered_collarbone,0,9469,[],遮锁骨
4261,1272545,orange_leotard,0,1193,[],橙色紧身连体衣
4262,1392011,purple_bodysuit,0,5267,[],紫色紧身衣
4263,570942,front-tie_bikini_top,0,28237,[],前系式比基尼上衣
4264,390096,hill,0,4706,[],山丘
4265,638337,multicolored_stripes,0,769,[],彩色条纹
4266,547394,o-ring_bikini,0,14148,[],O环比基尼
4267,574178,o-ring_top,0,13041,[],O环上衣
4268,683789,wooden_table,0,3804,[],木桌
4269,572582,masturbation_through_clothes,0,2030,[],隔着衣服自慰
4270,390918,elbow_pads,0,7624,[],护肘
4271,1227744,multiple_crossover,0,5354,[],多重跨界
4272,1167959,biting_ear,0,1579,[],咬耳朵
4273,706995,erection_under_clothes,0,12494,[],衣下勃起
4274,1275190,twisted_torso,0,8693,[],扭转躯干
4275,971148,underbutt,0,2027,[],臀下视角
4276,4440,wolf,0,8564,[],狼
4277,1303018,blue_coat,0,16392,[],蓝色外套
4278,493298,police_hat,0,5114,[],警帽
4279,423144,toggles,0,1050,[],拨动开关
4280,2183,tennis,0,796,[],网球
4281,401614,tennis_uniform,0,3041,[],网球服
4282,540095,bilingual,0,0,[],双语
4283,2022435,cone_horns,0,4718,[],锥形角
4284,1421703,small_horns,0,5795,[],小角
4285,1241321,striped_horns,0,3714,[],条纹角
4286,456515,tiger_print,0,13030,[],虎纹
4287,1490146,yellow_horns,0,5327,[],黄色角
4288,568650,grey_pantyhose,0,11579,[],灰色连裤袜
4289,633519,american_flag_bikini,0,4130,[],美国国旗比基尼
4290,1283338,american_flag_print,0,6406,[],美国国旗图案
4291,461556,bloodshot_eyes,0,1443,[],血丝眼
4292,14861,chef_hat,0,5683,[],厨师帽
4293,548829,chewing_gum,0,6608,[],口香糖
4294,634063,flag_print,0,10307,[],国旗印花
4295,526607,print_bikini,0,26797,[],印花比基尼
4296,608019,blowing_bubbles,0,1734,[],吹泡泡
4297,398803,cowboy_boots,0,1721,[],牛仔靴
4298,396962,sweatband,0,3076,[],吸汗头带
4299,385733,baseball_uniform,0,3915,[],棒球服
4300,1329446,green_shorts,0,13752,[],绿色短裤
4301,1312614,blue_hakama,0,4857,[],蓝色袴
4302,1311981,meiji_schoolgirl_uniform,0,3610,[],明治女学生制服
4303,456270,tasuki,0,12480,[],襻
4304,512713,aqua_bow,0,12512,[],水色蝴蝶结
4305,1318935,aqua_necktie,0,15504,[],水蓝色领带
4306,1770613,purple_gemstone,0,5576,[],紫色宝石
4307,469978,glowing_eye,0,13520,[],发光眼
4308,416380,gokkun,0,1390,[],饮精
4309,461053,swallowing,0,735,[],吞咽
4310,9857,throne,0,7195,[],王座
4311,403478,suppressor,0,2988,[],消音器
4312,381887,caught,0,4043,[],被抓住
4313,1472418,multiple_hairpins,0,2609,[],多个发夹
4314,1001710,shell_necklace,0,1740,[],贝壳项链
4315,634694,shrugging,0,1131,[],耸肩
4316,1958420,sideburns_stubble,0,3626,[],鬓角胡茬
4317,435262,stubble,0,35302,[],胡茬
4318,1342157,fur-trimmed_boots,0,9848,[],毛边靴子
4319,1330221,fur-trimmed_gloves,0,14059,[],毛边手套
4320,1397005,fur-trimmed_shirt,0,1660,[],毛边衬衫
4321,839099,green_lips,0,3869,[],绿色嘴唇
4322,1392010,blue_bodysuit,0,10578,[],蓝色紧身衣
4323,1659471,morning_glory_print,0,659,[],牵牛花图案
4324,646311,polka_dot_shirt,0,1569,[],波点衬衫
4325,509953,holding_paper,0,11955,[],手持纸张
4326,494464,uvula,0,1916,[],小舌
4327,382343,adjusting_panties,0,1031,[],调整内裤
4328,1230150,leg_between_thighs,0,2083,[],腿夹大腿间
4329,10023,toilet_use,0,1693,[],使用厕所
4330,547020,fidgeting,0,1224,[],坐立不安
4331,1809900,holding_flower_pot,0,877,[],拿着花盆
4332,432914,flat_color,0,10470,[],平涂
4333,668848,multiple_monochrome,0,1679,[],多格单色
4334,524875,nail_art,0,2701,[],美甲
4335,1393881,green_bag,0,2742,[],绿色包
4336,497915,refraction,0,986,[],折射
4337,550212,torn_wings,0,1199,[],破损翅膀
4338,1492155,eyewear_hang,0,2057,[],眼镜挂饰
4339,8775,mahjong,0,2338,[],麻将
4340,2044689,bandages_over_clothes,0,917,[],衣服上缠绷带
4341,1396676,dressing_another,0,1204,[],为他人穿衣
4342,1747766,lapels,0,26753,[],翻领
4343,643102,loose_necktie,0,7839,[],松散领带
4344,1305912,notched_lapels,0,13649,[],V形翻领
4345,446993,open_collar,0,9851,[],开领
4346,1313798,blue_sweater,0,14064,[],蓝色毛衣
4347,546453,cat_boy,0,13805,[],猫男孩
4348,1304117,yellow_sweater,0,10770,[],黄色毛衣
4349,378581,brothers,0,15573,[],兄弟
4350,1341593,bandaged_hand,0,9248,[],缠绷带的手
4351,460907,one_eye_covered,0,51079,[],遮住一只眼
4352,667849,bandaid_on_face,0,30936,[],脸上创可贴
4353,1438722,plunging_neckline,0,5969,[],深V领口
4354,1835765,evangelion_(mecha),0,1524,[],EVA(机甲)
4355,222856,good_end,0,1363,[],好结局
4356,615735,asymmetrical_legwear,0,43846,[],不对称腿饰
4357,10309,fashion,0,8718,[],时尚
4358,613998,mismatched_legwear,0,17261,[],不对称腿饰
4359,564515,vertical-striped_thighhighs,0,9440,[],竖条纹过膝袜
4360,411223,father_and_son,0,6141,[],父子
4361,396034,propeller,0,1762,[],螺旋桨
4362,408390,fish_tank,0,951,[],鱼缸
4363,5983,briefs,0,3066,[],三角内裤
4364,663513,brown_bag,0,9755,[],棕色袋子
4365,1248463,brown_coat,0,20188,[],棕色外套
4366,412162,bucket_hat,0,2605,[],水桶帽
4367,570005,green_pants,0,13736,[],绿色裤子
4368,1409396,long_scarf,0,1063,[],长围巾
4369,449907,topknot,0,11736,[],顶髻
4370,457726,track_jacket,0,45633,[],运动夹克
4371,69696,undershirt,0,20494,[],内衬上衣
4372,479397,white_headband,0,7566,[],白色发带
4373,10369,bedroom,0,16995,[],卧室
4374,30851,3koma,0,20288,[],3格漫画
4375,418106,dark_penis,0,2162,[],深色阴茎
4376,456884,brown_panties,0,1770,[],棕色内裤
4377,1012946,breasts_on_table,0,1808,[],胸部搁桌上
4378,1324009,lactation_through_clothes,0,1701,[],透过衣服泌乳
4379,1298744,frilled_choker,0,12273,[],荷叶边项圈
4380,413870,:c,0,895,[],:c(表情)
4381,1283735,grey_nails,0,2560,[],灰色指甲
4382,1411175,bikini_top_only,0,40553,[],仅比基尼上衣
4383,660778,knees_apart_feet_together,0,3433,[],膝分足并
4384,407968,lime_(fruit),0,1211,[],青柠(水果)
4385,565797,tropical_drink,0,1864,[],热带饮料
4386,1835736,yellow_one-piece_swimsuit,0,1067,[],黄色连体泳衣
4387,617471,female_pov,0,6190,[],女性视角
4388,1480073,brushing_another's_hair,0,1971,[],为他人梳头
4389,477329,brushing_hair,0,3224,[],梳头
4390,409034,bite_mark,0,6862,[],咬痕
4391,546417,girl_sandwich,0,8237,[],女孩三明治
4392,665137,sandwiched,0,10558,[],夹在中间
4393,398110,diving_suit,0,2432,[],潜水服
4394,180296,wetsuit,0,1890,[],潜水服
4395,613207,purple_legwear,0,0,[],紫色腿部服饰
4396,1371098,purple_umbrella,0,4514,[],紫色伞
4397,383664,pier,0,1394,[],码头
4398,424076,dark_labia,0,882,[],深色阴唇
4399,1781801,long_labia,0,1854,[],长阴唇
4400,246395,thumbs_down,0,956,[],拇指向下
4401,1414520,yellow_sailor_collar,0,998,[],黄色水手领
4402,1617412,bare_pectorals,0,16926,[],裸露胸肌
4403,10359,middle_finger,0,6545,[],竖中指
4404,634316,pectorals,0,107984,[],胸肌
4405,1400566,toned_male,0,20265,[],肌肉男
4406,487783,leather_pants,0,1748,[],皮裤
4407,529177,ootachi,0,1861,[],大太刀
4408,1627141,gae_bolg_(fate),0,3808,[],刺穿死棘之枪(Fate)
4409,180889,morning,0,3346,[],早晨
4410,460940,lily_pad,0,5398,[],睡莲叶
4411,1714873,chest_sarashi,0,10544,[],胸部绷带
4412,1400488,pink_neckerchief,0,9061,[],粉色围巾
4413,1345660,leaning_on_object,0,3468,[],倚靠物体
4414,10399,x,0,0,[],X(表情)
4415,638426,arm_belt,0,9417,[],臂环
4416,440374,leg_belt,0,3176,[],腿环
4417,4144,mace,0,2697,[],狼牙棒
4418,1338623,purple_hairband,0,8374,[],紫色发带
4419,413290,hand_under_shirt,0,1677,[],手伸进衣服
4420,567557,chili_pepper,0,1019,[],辣椒
4421,543351,crossed_bandaids,0,4410,[],交叉创可贴
4422,540105,fleeing,0,3634,[],逃跑
4423,544274,backwards_hat,0,7199,[],反戴帽子
4424,121795,inline_skates,0,1644,[],直排轮滑鞋
4425,432388,leather_jacket,0,8399,[],皮夹克
4426,391066,roller_skates,0,3626,[],轮滑鞋
4427,380265,skates,0,5621,[],溜冰鞋
4428,616555,uchikake,0,1596,[],打挂
4429,1822470,wataboushi,0,1001,[],绵帽子
4430,1499947,looking_over_eyewear,0,5139,[],从眼镜上方看
4431,481778,stage_lights,0,5244,[],舞台灯光
4432,422830,paper_bag,0,5932,[],纸袋
4433,12011,potato,0,1782,[],土豆
4434,449458,bullpup,0,4658,[],无托式枪械
4435,1339995,green_headwear,0,8229,[],绿色头饰
4436,3912,p90,0,1154,[],P90冲锋枪
4437,15201,soldier,0,4858,[],士兵
4438,723519,chin_strap,0,1961,[],下巴带
4439,530881,spilling,0,3621,[],洒出
4440,1383769,dot_mouth,0,7547,[],点状嘴
4441,1533850,sleeve_bow,0,4297,[],袖口蝴蝶结
4442,389703,ema,0,1937,[],绘马
4443,1793356,floral_print_kimono,0,6940,[],印花和服
4444,1392009,green_bodysuit,0,2822,[],绿色紧身衣
4445,521350,color_guide,0,5855,[],配色指南
4446,400245,opaque_glasses,0,6544,[],不透明眼镜
4447,1409106,head_on_pillow,0,6289,[],头枕枕头
4448,558230,ice_wings,0,15083,[],冰翼
4449,2288,octopus,0,5937,[],章鱼
4450,714122,ball_and_chain_restraint,0,1175,[],脚镣球
4451,1488134,brown_horns,0,6752,[],棕色角
4452,1359855,frilled_umbrella,0,1252,[],荷叶边伞
4453,504750,princess_carry,0,15700,[],公主抱
4454,658791,necktie_between_breasts,0,13011,[],领带夹胸
4455,1422110,ears_through_headwear,0,13172,[],耳朵穿过头饰
4456,466015,kitsune,0,13540,[],狐
4457,11981,kyuubi,0,6402,[],九尾
4458,571951,flaming_sword,0,1616,[],火焰剑
4459,1382643,flaming_weapon,0,2080,[],火焰武器
4460,510646,blue_pupils,0,6042,[],蓝色瞳孔
4461,379975,bound_legs,0,9933,[],绑腿
4462,406083,cumdump,0,976,[],精液便器
4463,1816229,facing_ahead,0,1213,[],面向前方
4464,1554924,m_legs,0,13795,[],M字腿
4465,462190,public_use,0,1350,[],公共使用
4466,383875,restroom,0,0,[],洗手间
4467,420607,delinquent,0,2642,[],不良
4468,484182,nose_piercing,0,4193,[],鼻环
4469,380328,pompadour,0,5306,[],飞机头
4470,533114,turn_pale,0,8903,[],脸色发白
4471,410525,typo,0,3760,[],错字
4472,1427258,holding_sack,0,4433,[],抱着袋子
4473,1326379,red_capelet,0,14217,[],红色短披风
4474,491714,santa_dress,0,5978,[],圣诞连衣裙
4475,695921,white_sash,0,5307,[],白色腰带
4476,287085,boxing_gloves,0,3433,[],拳击手套
4477,399061,camcorder,0,1803,[],摄像机
4478,465814,video_camera,0,3057,[],摄像机
4479,1770614,green_gemstone,0,8645,[],绿色宝石
4480,666710,widow's_peak,0,999,[],美人尖
4481,670773,happy_valentine,0,4948,[],快乐情人节
4482,379182,energy,0,8071,[],能量
4483,732590,interspecies,0,17417,[],跨种族
4484,15294,lightning,0,7878,[],闪电
4485,445428,guard_rail,0,1271,[],护栏
4486,1437301,black_bag,0,10939,[],黑色包包
4487,1334561,loose_bowtie,0,3389,[],松散的蝴蝶结领结
4488,1400049,on_bench,0,6070,[],在长椅上
4489,401340,nose,0,25461,[],鼻子
4490,1343573,holding_arrow,0,4842,[],手持箭
4491,566116,scar_on_face,0,81052,[],脸上疤痕
4492,2321,phoenix,0,937,[],凤凰
4493,1486982,pink_butterfly,0,974,[],粉色蝴蝶
4494,11067,jumpsuit,0,12005,[],连体衣
4495,462614,zero_gravity,0,1097,[],零重力
4496,1376851,camouflage_shirt,0,866,[],迷彩衬衫
4497,678345,maneki-neko,0,1473,[],招财猫
4498,1345143,multicolored_flower,0,1224,[],多色花
4499,1281052,brown_bow,0,9845,[],棕色蝴蝶结
4500,451262,notepad,0,2756,[],记事本
4501,1039733,licking_nipple,0,3609,[],舔乳头
4502,1761435,onee-loli,0,4463,[],御姐萝莉
4503,1364407,genderswap_(ftm),0,10962,[],性转(男转女)
4504,484121,leg_lock,0,4826,[],腿锁
4505,1488130,holding_club,0,894,[],拿着棍棒
4506,449257,laser_sight,0,745,[],激光瞄准器
4507,449943,stab,0,2817,[],刺伤
4508,1233477,crop_top_overhang,0,12982,[],短上衣下摆
4509,383854,native_american,0,1819,[],美洲原住民
4510,2168912,bun_with_braided_base,0,3675,[],底部编发的丸子头
4511,164255,nudist,0,1113,[],裸体主义者
4512,11028,swimming,0,5765,[],游泳
4513,411775,clothesline,0,1233,[],晾衣绳
4514,434471,angel_and_devil,0,2221,[],天使与恶魔
4515,659578,black_vs_white,0,964,[],黑与白
4516,518422,covered_mouth,0,25033,[],遮嘴
4517,843857,red_kimono,0,20806,[],红色和服
4518,1336894,arms_on_table,0,847,[],手臂放在桌上
4519,16114,chalk,0,1894,[],粉笔
4520,398955,flower_field,0,10706,[],花田
4521,541137,kanzashi,0,5268,[],簪子
4522,547166,tsumami_kanzashi,0,886,[],捏花簪
4523,1445049,grey_serafuku,0,1888,[],灰色水手服
4524,1488071,orange_tail,0,1983,[],橙色尾巴
4525,460475,naked_sweater,0,3861,[],裸穿毛衣
4526,1373030,pink-framed_eyewear,0,4205,[],粉色框眼镜
4527,506895,ankle_cuffs,0,3559,[],脚踝铐
4528,2191,shop,0,6856,[],商店
4529,549346,blue_pantyhose,0,6902,[],蓝色连裤袜
4530,489147,diploma,0,707,[],毕业证书
4531,622860,spring_(season),0,3252,[],春季
4532,15272,bridal_veil,0,17915,[],新娘头纱
4533,15672,veil,0,72075,[],面纱
4534,563545,braiding_hair,0,1225,[],编发
4535,438208,throwing,0,5570,[],投掷
4536,1461059,white_headdress,0,4785,[],白色头饰
4537,602690,stuffed_cat,0,4921,[],猫玩偶
4538,420884,countdown,0,2989,[],倒计时
4539,4219,henshin,0,1771,[],变身
4540,1231015,character_print,0,4429,[],角色印花
4541,15916,hair_down,0,34859,[],散发
4542,513303,afloat,0,5403,[],漂浮
4543,490599,lane_line,0,932,[],泳道线
4544,1363270,pickup_truck,0,858,[],皮卡车
4545,10562,truck,0,2773,[],卡车
4546,2261155,unused_tire,0,1129,[],未使用的轮胎
4547,1293918,bicycle_basket,0,1164,[],自行车篮
4548,6339,dusk,0,4935,[],黄昏
4549,434522,gym_storeroom,0,2889,[],体育馆储藏室
4550,408474,flashlight,0,2316,[],手电筒
4551,480324,staff_(music),0,0,[],五线谱
4552,494162,monkey_ears,0,1917,[],猴耳
4553,419192,monkey_tail,0,4919,[],猴子尾巴
4554,546044,sleeveless_hoodie,0,2573,[],无袖连帽衫
4555,626479,orange_slice,0,3106,[],橙子片
4556,393361,seductive_smile,0,12508,[],魅惑微笑
4557,516894,tokusatsu,0,4769,[],特摄
4558,400231,kotoyoro,0,1164,[],琴叶
4559,1389873,orange_kimono,0,4511,[],橙色和服
4560,527713,arm_over_head,0,1048,[],手臂举过头顶
4561,10332,crow,0,7653,[],乌鸦
4562,1810603,back_focus,0,2389,[],后景聚焦
4563,593433,rice_on_face,0,1306,[],脸上有饭粒
4564,1227348,back-seamed_legwear,0,1664,[],后缝袜
4565,614276,bow_legwear,0,3431,[],蝴蝶结腿饰
4566,1315008,glove_bow,0,1075,[],手套蝴蝶结
4567,1835909,frilled_one-piece_swimsuit,0,6055,[],荷叶边连体泳衣
4568,14461,open_kimono,0,15687,[],敞开和服
4569,600421,after_fellatio,0,6394,[],口交后
4570,414232,cum_on_hands,0,2806,[],手上精液
4571,1318703,lace-trimmed_choker,0,1991,[],蕾丝边项圈
4572,5402,crowbar,0,1387,[],撬棍
4573,1686486,holding_crowbar,0,1003,[],拿着撬棍
4574,617315,pantyhose_under_shorts,0,15358,[],裤袜穿在短裤下
4575,479932,strap_pull,0,7409,[],拉肩带
4576,6259,park,0,2425,[],公园
4577,1559799,vibrator_in_thigh_strap,0,963,[],大腿绑带中的震动棒
4578,2374,shopping,0,1744,[],购物
4579,534500,fish_bone,0,0,[],鱼骨
4580,430066,id_card,0,20769,[],身份证
4581,478228,title,0,3768,[],标题
4582,1609981,uneven_legwear,0,16635,[],不对称腿饰
4583,177781,cane,0,8896,[],手杖
4584,604813,long_beard,0,2988,[],长胡须
4585,1364404,male_swimwear,0,11095,[],男性泳装
4586,1714871,midriff_sarashi,0,1080,[],露脐绷带
4587,483091,missing_tooth,0,1038,[],缺牙
4588,1389116,red_scrunchie,0,7124,[],红色发圈
4589,1240137,swim_briefs,0,2979,[],泳裤
4590,510576,swim_trunks,0,5331,[],泳裤
4591,1403984,brown_capelet,0,5180,[],棕色短披肩
4592,1606642,white_male_underwear,0,3575,[],白色男式内裤
4593,1945860,drill_sidelocks,0,6174,[],钻头侧鬓
4594,73004,materia,0,1234,[],魔晶石
4595,1397428,white_tank_top,0,19197,[],白色背心
4596,438648,stand_(jojo),0,7035,[],替身(JOJO的奇妙冒险)
4597,461552,time_stop,0,791,[],时间停止
4598,1453283,amestris_military_uniform,0,825,[],亚美斯特利斯军装
4599,629378,ruffling_hair,0,1610,[],揉头发
4600,405008,pants_around_one_leg,0,818,[],裤子褪到一条腿上
4601,1307725,green_scarf,0,6863,[],绿色围巾
4602,1251593,holding_phone,0,77160,[],手持手机
4603,1261917,looking_at_phone,0,6572,[],看手机
4604,580402,plaid_scarf,0,8667,[],格子围巾
4605,578012,talking_on_phone,0,3259,[],打电话
4606,1448342,two-tone_gloves,0,8352,[],双色手套
4607,1484368,white_bag,0,4867,[],白色包包
4608,675084,holding_toy,0,1545,[],手持玩具
4609,1448822,brown_hoodie,0,2527,[],棕色连帽衫
4610,539907,calico,0,0,[],三花猫
4611,527131,canvas_(object),0,2033,[],画布
4612,526671,child's_drawing,0,2005,[],儿童涂鸦
4613,482205,crayon,0,1777,[],蜡笔
4614,407500,easel,0,1847,[],画架
4615,419685,invisible_man,0,1290,[],隐形人
4616,516932,changpao,0,1378,[],长袍
4617,14533,incense,0,712,[],香
4618,455047,green_sky,0,946,[],绿色天空
4619,465851,defloration,0,5346,[],破处
4620,2013939,thick_beard,0,2482,[],浓密胡须
4621,684621,puffy_detached_sleeves,0,5388,[],蓬松分离袖
4622,542338,snake_hair,0,2091,[],蛇发
4623,759865,accidental_exposure,0,2183,[],意外走光
4624,526364,heart_panties,0,890,[],心形内裤
4625,603226,heart_print,0,10227,[],心形印花
4626,533035,undersized_clothes,0,4539,[],过小衣服
4627,1578413,square_neckline,0,2164,[],方领
4628,1925724,basketball_(object),0,4991,[],篮球(物体)
4629,439288,basketball_uniform,0,2088,[],篮球服
4630,581992,coffee_pot,0,1002,[],咖啡壶
4631,1671243,bandaged_chest,0,2059,[],胸部缠绷带
4632,396968,reverse_trap,0,7389,[],伪郎
4633,533033,covering_ass,0,1366,[],遮臀
4634,554447,dark_aura,0,2602,[],黑暗气场
4635,446690,gloom_(expression),0,6049,[],阴郁(表情)
4636,27649,phallic_symbol,0,2376,[],阴茎象征
4637,12083,graveyard,0,2381,[],墓地
4638,473285,lace-trimmed_thighhighs,0,14379,[],蕾丝边过膝袜
4639,394091,medieval,0,1157,[],中世纪
4640,574527,surcoat,0,1225,[],罩袍
4641,549266,grocery_bag,0,1747,[],购物袋
4642,3533,laundry,0,1743,[],洗衣
4643,5323,kettle,0,2685,[],水壶
4644,2060120,holding_swim_ring,0,4587,[],手持游泳圈
4645,482315,breast_padding,0,1437,[],胸垫
4646,6076,suikawari,0,769,[],打西瓜
4647,730919,lolidom,0,997,[],萝莉控
4648,641554,tomoe_(symbol),0,6640,[],巴纹
4649,412890,tissue,0,2587,[],纸巾
4650,567636,painting_(object),0,7674,[],画作
4651,1251054,okobo,0,6451,[],下馱
4652,641494,senkou_hanabi,0,738,[],线香烟火
4653,468159,sparkler,0,3124,[],仙女棒
4654,483045,kinchaku,0,1295,[],巾着袋
4655,14297,cyborg,0,10589,[],改造人
4656,15202,nipple_piercing,0,18127,[],乳头穿刺
4657,11433,nipple_rings,0,5050,[],乳头环
4658,882518,blue_butterfly,0,11114,[],蓝色蝴蝶
4659,1257056,holding_towel,0,7843,[],手持毛巾
4660,1288040,incoming_food,0,2947,[],食物递来
4661,5004,usb,0,747,[],USB
4662,626910,head_only,0,2883,[],仅头部
4663,381678,broken,0,8931,[],破损
4664,549225,single_horn,0,43271,[],单角
4665,12254,tribal,0,2080,[],部落风格
4666,1059619,kissing_penis,0,1557,[],亲吻阴茎
4667,5907,room,0,0,[],房间
4668,683207,carried_breast_rest,0,806,[],携带式胸托
4669,1691759,censored_nipples,0,3686,[],打码乳头
4670,516468,fake_cover,0,1851,[],假封面
4671,1355541,lattice,0,1753,[],格子
4672,500653,mahjong_tile,0,2262,[],麻将牌
4673,617956,brown_shirt,0,29033,[],棕色衬衫
4674,728040,flat_chest_grab,0,814,[],抓平胸
4675,391631,gradient,0,4388,[],渐变
4676,543900,hat_over_one_eye,0,1794,[],帽子遮住一只眼
4677,1444169,yellow_headwear,0,0,[],黄色头饰
4678,461542,red_sash,0,10989,[],红色腰带
4679,15619,sand_castle,0,1366,[],沙堡
4680,510057,sand_sculpture,0,1749,[],沙雕
4681,471598,tail_bow,0,10595,[],尾巴蝴蝶结
4682,2135596,square-end_necktie,0,2651,[],方头领带
4683,3473,giant,0,15073,[],巨大
4684,374606,giantess,0,9981,[],女巨人
4685,664894,aqua_gloves,0,2018,[],水蓝色手套
4686,1375534,aqua_leotard,0,1277,[],水色紧身衣
4687,669466,aqua_thighhighs,0,1237,[],水色过膝袜
4688,618610,yellow_gloves,0,11683,[],黄色手套
4689,1409572,yellow_leotard,0,2196,[],黄色紧身连体衣
4690,1450650,adjusting_footwear,0,722,[],调整鞋袜
4691,5547,pet,0,1502,[],宠物
4692,403915,wheel,0,2779,[],轮子
4693,543243,chrysanthemum,0,1244,[],菊花
4694,692799,choko_(cup),0,3002,[],巧克力杯
4695,1609513,elbow_carry,0,3052,[],肘部托举
4696,482734,bicorne,0,1795,[],双角帽
4697,580906,low_wings,0,32440,[],低垂翅膀
4698,463449,sugar_cube,0,1410,[],方糖
4699,646772,solid_circle_eyes,0,9661,[],实心圆眼
4700,1183480,blue_belt,0,8592,[],蓝色腰带
4701,502421,glaring,0,10186,[],瞪视
4702,657475,back_cutout,0,7962,[],露背剪裁
4703,1827216,cube_hair_ornament,0,12334,[],方块发饰
4704,638540,multicolored_bikini,0,8771,[],彩色比基尼
4705,653480,yellow_jacket,0,28886,[],黄色夹克
4706,637971,heart_tattoo,0,5523,[],心形纹身
4707,2186928,y2k_fashion,0,1551,[],Y2K时尚
4708,1259256,censored_identity,0,3228,[],身份审查
4709,533771,kitchen_knife,0,2483,[],厨房刀
4710,1490269,pink_sports_bra,0,999,[],粉色运动内衣
4711,1361077,mole_above_mouth,0,1951,[],嘴上方的痣
4712,414159,x-ray,0,13466,[],X光
4713,3249,wine,0,10207,[],葡萄酒
4714,382271,destruction,0,2783,[],破坏
4715,477355,chainmail,0,3256,[],锁子甲
4716,531186,gold_armor,0,3794,[],金色盔甲
4717,405026,large_insertion,0,2460,[],大型插入
4718,1430735,black_garter_belt,0,2846,[],黑色吊袜带
4719,465518,snow_rabbit,0,1200,[],雪兔
4720,473312,camellia,0,2939,[],山茶花
4721,505317,lily_of_the_valley,0,2355,[],铃兰
4722,672073,brown_fur,0,11917,[],棕色皮毛
4723,379758,cave,0,3484,[],洞穴
4724,1481440,horse_boy,0,907,[],马少年
4725,400958,mane,0,1073,[],鬃毛
4726,7783,pout,0,30292,[],噘嘴
4727,456535,spit_take,0,1374,[],喷溅
4728,13185,spitting,0,2484,[],吐口水
4729,1269471,leg_tattoo,0,11563,[],腿部纹身
4730,380931,pirate_hat,0,6991,[],海盗帽
4731,1754051,western_comics_(style),0,1255,[],美漫风格
4732,1252945,scar_across_eye,0,32450,[],眼上伤疤
4733,395226,shoulder_carry,0,3803,[],肩扛
4734,449552,desert_eagle,0,909,[],沙漠之鹰
4735,1516101,holding_ice_cream_cone,0,1854,[],手持冰淇淋甜筒
4736,528408,soft_serve,0,1172,[],冰淇淋
4737,1404865,brown_sailor_collar,0,4710,[],棕色水手领
4738,690043,hand_on_table,0,1576,[],手放桌上
4739,1553320,two-tone_headwear,0,2396,[],双色头饰
4740,1349919,brown_bowtie,0,2942,[],棕色蝴蝶结
4741,1924272,buttoned_cuffs,0,3141,[],纽扣袖口
4742,1256300,multicolored_skirt,0,6712,[],彩色裙子
4743,1262479,plaid_bowtie,0,5217,[],格子领结
4744,1394330,red_camisole,0,1025,[],红色吊带衫
4745,14074,raincoat,0,5462,[],雨衣
4746,409789,rubber_boots,0,4511,[],橡胶靴
4747,1529528,yellow_raincoat,0,1876,[],黄色雨衣
4748,14582,cowboy,0,902,[],牛仔
4749,500621,fist_pump,0,925,[],握拳振臂
4750,586284,heart_background,0,7355,[],爱心背景
4751,1330708,purple_sweater,0,4837,[],紫色毛衣
4752,656916,animal_penis,0,5916,[],动物阴茎
4753,472069,cross-section,0,14178,[],横截面
4754,1257023,dog_penis,0,1407,[],狗阴茎
4755,1253834,knotted_penis,0,1808,[],打结的阴茎
4756,1463294,holding_controller,0,5945,[],手持控制器
4757,1509564,holding_game_controller,0,4455,[],手持游戏手柄
4758,375110,haori,0,20903,[],羽织
4759,475709,bandaid_on_pussy,0,3849,[],私处创可贴
4760,502731,hachimaki,0,9478,[],头巾
4761,2069331,mizu_happi,0,971,[],水法被
4762,1327704,nejiri_hachimaki,0,1265,[],捻式头巾
4763,449872,walther,0,1078,[],瓦尔特
4764,531189,foliage,0,2782,[], foliage
4765,378695,statue,0,7632,[],雕像
4766,374542,daisy,0,0,[],雏菊
4767,592643,navel_cutout,0,16466,[],露脐
4768,506562,tri_tails,0,2689,[],三尾
4769,677487,brown_wings,0,2879,[],棕色翅膀
4770,8309,straitjacket,0,1828,[],束缚衣
4771,726933,clothes_around_waist,0,17379,[],腰间衣物
4772,506137,jacket_around_waist,0,6998,[],外套系腰
4773,551570,shirt_around_waist,0,1064,[],衬衫系腰
4774,444621,squeezing,0,932,[],挤压
4775,389048,donation_box,0,1816,[],捐款箱
4776,4910,corn,0,1692,[],玉米
4777,1322421,bandaid_on_cheek,0,8114,[],脸颊创可贴
4778,2067896,through_medium,0,1807,[],透过介质
4779,505385,through_screen,0,1209,[],透过屏幕
4780,16147,meadow,0,1051,[],草地
4781,1342945,behind_another,0,4105,[],在他人身后
4782,1397752,two-tone_shirt,0,13552,[],双色衬衫
4783,9002,stethoscope,0,4544,[],听诊器
4784,684190,gradient_sky,0,7988,[],渐变天空
4785,743282,layered_clothes,0,7303,[],多层衣物
4786,652093,white_sky,0,1545,[],白色天空
4787,2560,wrestling,0,2888,[],摔跤
4788,775308,cropped_head,0,1628,[],头部裁剪
4789,383898,bullying,0,1155,[],欺凌
4790,593299,pink_border,0,3279,[],粉色边框
4791,507625,calligraphy_brush,0,5339,[],毛笔
4792,1279653,holding_brush,0,3302,[],手持画笔
4793,566734,tanzaku,0,2090,[],短册
4794,872616,white_kimono,0,41662,[],白色和服
4795,1360843,neckwear_grab,0,3848,[],抓领饰
4796,485241,exercising,0,5044,[],锻炼
4797,390550,heavy,0,782,[],沉重
4798,720478,lifting_person,0,7500,[],举起人
4799,823799,mechabare,0,4247,[],机甲露出
4800,1374594,grey-framed_eyewear,0,4296,[],灰色框眼镜
4801,460870,spell_card,0,1590,[],符卡
4802,1371311,aqua_bowtie,0,6950,[],水蓝色蝴蝶结
4803,1397927,puff_of_air,0,14670,[],呼出气息
4804,539990,tail_between_legs,0,1996,[],尾巴夹腿间
4805,389995,red_wings,0,9469,[],红色翅膀
4806,1279772,yellow_wings,0,3392,[],黄色翅膀
4807,109323,cliff,0,4095,[],悬崖
4808,633809,eastern_dragon,0,5701,[],东方龙
4809,508957,health_bar,0,3176,[],生命条
4810,387935,spirit,0,2703,[],灵体
4811,393283,orb,0,9375,[],球体
4812,1582095,bow_hairband,0,15930,[],蝴蝶结发箍
4813,1675516,toon_(style),0,3909,[],卡通风格
4814,412201,rubbing,0,696,[],摩擦
4815,539894,bamboo_shoot,0,943,[],竹笋
4816,647907,dragon_print,0,6782,[],龙图案
4817,1496184,tassel_earrings,0,13338,[],流苏耳环
4818,551641,thigh_ribbon,0,3434,[],大腿丝带
4819,1365001,black_robe,0,8236,[],黑色长袍
4820,400542,road_sign,0,7449,[],路标
4821,399438,toe-point,0,0,[],脚尖点地
4822,378072,huge_penis,0,12494,[],巨大阴茎
4823,665892,cross-laced_legwear,0,1262,[],交叉系带腿饰
4824,1672012,lone_nape_hair,0,1910,[],单缕后颈发
4825,395433,traditional_clothes,0,1541,[],传统服饰
4826,1416797,pink_cardigan,0,9830,[],粉色开衫
4827,2006746,unworn_shoes,0,15943,[],未穿的鞋子
4828,10368,crutch,0,823,[],拐杖
4829,558756,taut_swimsuit,0,947,[],紧绷泳装
4830,513153,magazine_(weapon),0,5345,[],弹匣(武器)
4831,449450,vertical_foregrip,0,870,[],垂直握把
4832,1938736,object_focus,0,2116,[],物体聚焦
4833,1113314,thick_lips,0,2965,[],厚嘴唇
4834,1303976,print_sarong,0,967,[],印花纱笼
4835,75796,studying,0,768,[],学习
4836,559145,school_hat,0,3494,[],学校帽子
4837,509088,penis_in_panties,0,1019,[],阴茎在内裤中
4838,2593,magnet,0,854,[],磁铁
4839,700361,watermelon_bar,0,1854,[],西瓜棒冰
4840,1349438,animal_bag,0,3274,[],动物包
4841,500191,rabbit_costume,0,1195,[],兔子服装
4842,664350,tail_censor,0,2471,[],尾巴遮挡
4843,686725,sunflower_field,0,2366,[],向日葵田
4844,5099,pegasus,0,1251,[],天马
4845,1390886,brown_kimono,0,4011,[],棕色和服
4846,663528,wooden_wall,0,3164,[],木墙
4847,667463,visor_cap,0,29473,[],遮阳帽
4848,514768,grey_sky,0,6027,[],灰色天空
4849,421692,game_boy,0,1308,[],Game Boy
4850,1733104,game_boy_(original),0,706,[],Game Boy(初代)
4851,1940092,biting_own_lip,0,6029,[],咬唇
4852,1185237,hair_in_own_mouth,0,2433,[],头发含嘴
4853,1609998,after_ejaculation,0,4052,[],射精后
4854,620885,latex_legwear,0,1532,[],乳胶腿饰
4855,682963,claw_pose,0,22146,[],爪形手势
4856,640194,bag_over_head,0,773,[],头上套袋
4857,1407477,black_scrunchie,0,5528,[],黑色发圈
4858,1468298,beamed_sixteenth_notes,0,3212,[],连符尾十六分音符
4859,546293,happy_tears,0,3395,[],喜极而泣
4860,619145,orange_gloves,0,5707,[],橙色手套
4861,405444,helicopter,0,2312,[],直升机
4862,648057,rabbit_hat,0,1367,[],兔子帽子
4863,1298903,half-closed_eye,0,8366,[],半闭眼
4864,400658,missing_eye,0,833,[],眼睛缺失
4865,1835734,red_one-piece_swimsuit,0,3743,[],红色连体泳衣
4866,1422860,two-tone_swimsuit,0,5343,[],双色泳装
4867,419919,diving_mask,0,2985,[],潜水镜
4868,446224,clothes_on_floor,0,889,[],地上衣物
4869,684169,ambiguous_gender,0,7770,[],性别不明
4870,394179,crotchless,0,7937,[],开裆
4871,3532,ink,0,2960,[],墨水
4872,603398,lace-trimmed_skirt,0,2228,[],蕾丝边裙子
4873,668383,lace-trimmed_sleeves,0,3760,[],蕾丝袖口
4874,16144,rubber_duck,0,6043,[],橡皮鸭
4875,661191,aqua_skirt,0,6267,[],水色裙子
4876,436977,baseball_helmet,0,705,[],棒球头盔
4877,1438305,holding_baseball_bat,0,5293,[],手持棒球棍
4878,1415843,white_ascot,0,20209,[],白色领巾
4879,457418,fighter_jet,0,3065,[],战斗机
4880,375625,model_kit,0,1077,[],模型套件
4881,15147,concert,0,2449,[],演唱会
4882,381954,untying,0,1871,[],解开
4883,1404665,aqua_neckerchief,0,5684,[],水色围巾
4884,2641,paint,0,4519,[],颜料
4885,448185,garrison_cap,0,13435,[],驻军帽
4886,3462,nazi,0,1020,[],纳粹
4887,317438,war,0,1508,[],战争
4888,1530508,scar_on_nose,0,7037,[],鼻部疤痕
4889,678558,hand_on_own_chin,0,22466,[],手托下巴
4890,1035339,red_headband,0,8021,[],红色发带
4891,1427833,holding_popsicle,0,6060,[],手持冰棒
4892,379794,cafe,0,3566,[],咖啡馆
4893,379744,counter,0,3783,[],柜台
4894,1383226,ofuda_on_clothes,0,3665,[],衣服上的符咒
4895,487992,inkwell,0,1805,[],墨水瓶
4896,1373278,black_ascot,0,9934,[],黑色领巾
4897,202427,3:,0,8469,[],3:(表情)
4898,469551,facepaint,0,15971,[],面部彩绘
4899,10383,cabbage,0,1113,[],卷心菜
4900,1409157,flower_tattoo,0,3431,[],花朵纹身
4901,6284,torture,0,1291,[],拷问
4902,1468959,horror_(theme),0,7403,[],恐怖(主题)
4903,15731,clothes,0,1489,[],衣服
4904,1342770,strappy_heels,0,5059,[],绑带高跟鞋
4905,1522400,tented_shirt,0,1906,[],帐篷状衬衫
4906,411498,tearing_clothes,0,1535,[],撕衣服
4907,1528677,holding_test_tube,0,1614,[],手持试管
4908,417929,tennis_ball,0,1671,[],网球
4909,395198,test_tube,0,6607,[],试管
4910,1174935,hand_on_own_leg,0,4768,[],手放在自己腿上
4911,1472423,sleeve_ribbon,0,2422,[],袖子丝带
4912,2145838,see-through_one-piece_swimsuit,0,890,[],透明连体泳衣
4913,1353525,from_outside,0,1793,[],从外部
4914,504393,looking_outside,0,2032,[],看向外面
4915,679802,pocky_in_mouth,0,2178,[],叼着百奇
4916,468016,;q,0,5369,[],;q(表情)
4917,7737,soap,0,2487,[],肥皂
4918,405424,whip_sword,0,882,[],鞭剑
4919,1368680,purple_apron,0,953,[],紫色围裙
4920,394989,hexagon,0,2111,[],六边形
4921,2006749,unworn_jacket,0,9147,[],未穿外套
4922,1393886,multicolored_kimono,0,1997,[],彩色和服
4923,547746,patterned,0,1084,[],花纹
4924,188179,letter,0,6877,[],信件
4925,8234,radio,0,1879,[],收音机
4926,374518,how_to,0,1480,[],教程
4927,433244,first_aid_kit,0,1229,[],急救箱
4928,1835740,purple_one-piece_swimsuit,0,2041,[],紫色连体泳衣
4929,379597,shorts_pull,0,8464,[],拉短裤
4930,524807,unfastened,0,917,[],解开
4931,636243,cherry_print,0,821,[],樱桃印花
4932,705858,partially_underwater_shot,0,2453,[],半水下视角
4933,1344288,pink_outline,0,1419,[],粉色描边
4934,1375840,rabbit_hair_ornament,0,17564,[],兔子发饰
4935,629659,food_on_head,0,4740,[],头上食物
4936,1262645,yellow_apron,0,2639,[],黄色围裙
4937,635016,broken_chain,0,2154,[],断裂锁链
4938,13164,bud,0,2692,[],花蕾
4939,639592,heart_necklace,0,7864,[],心形项链
4940,608443,green_rose,0,1032,[],绿色玫瑰
4941,1338775,patterned_clothing,0,4865,[],花纹服装
4942,2219844,nail_(hardware),0,3369,[],钉子(五金)
4943,172018,nail_bat,0,1255,[],钉棒球棍
4944,4568,crab,0,7355,[],螃蟹
4945,1449427,brown_mittens,0,1150,[],棕色连指手套
4946,470859,purple_socks,0,3054,[],紫色袜子
4947,387742,gourd,0,6618,[],葫芦
4948,1989805,inset_border,0,3241,[],内嵌边框
4949,1411229,orange_neckerchief,0,4824,[],橙色领巾
4950,1413926,orange_sailor_collar,0,2265,[],橙色水手领
4951,520473,beard_stubble,0,8555,[],胡茬
4952,1950169,sparse_stubble,0,1458,[],稀疏胡茬
4953,222138,shrine,0,5478,[],神社
4954,1273311,vertical-striped_dress,0,6728,[],竖条纹连衣裙
4955,1223536,banknote,0,3228,[],纸币
4956,4047,pickaxe,0,1754,[],镐
4957,1402473,blue_sash,0,6303,[],蓝色腰带
4958,1403936,bodysuit_under_clothes,0,4786,[],衣服下的紧身衣
4959,1460120,fur-trimmed_footwear,0,0,[],毛边鞋履
4960,378288,blob,0,912,[],团块
4961,389909,potato_chips,0,3605,[],薯片
4962,462605,snack,0,1676,[],零食
4963,542882,against_railing,0,3441,[],倚靠栏杆
4964,4510,crepe,0,3416,[],可丽饼
4965,543408,real_world_location,0,3222,[],现实地点
4966,395496,cloth,0,974,[],布料
4967,586471,rounded_corners,0,1335,[],圆角
4968,1317359,floating_clothes,0,9973,[],漂浮衣物
4969,1268086,pink_bag,0,5325,[],粉色包包
4970,562151,short_over_long_sleeves,0,17941,[],短袖套长袖
4971,567592,untucked_shirt,0,3892,[],衬衫下摆外露
4972,1297657,zipper_pull_tab,0,23625,[],拉链头
4973,1427470,yellow_capelet,0,926,[],黄色小披肩
4974,3499,kappa,0,936,[],河童
4975,379983,under_table,0,3466,[],桌下
4976,10340,shark,0,4443,[],鲨鱼
4977,473618,clitoris_piercing,0,1897,[],阴蒂穿刺
4978,392841,nipple_pull,0,1351,[],拉扯乳头
4979,712801,pussy_piercing,0,2338,[],阴部穿刺
4980,394157,papers,0,1543,[],文件
4981,1280405,sleeveless_kimono,0,7595,[],无袖和服
4982,5873,confession,0,2157,[],告白
4983,388012,legs_folded,0,2016,[],盘腿
4984,411770,cum_in_ass,0,17310,[],射精在肛门内
4985,389066,castle,0,8813,[],城堡
4986,629455,striped_necktie,0,12840,[],条纹领带
4987,681480,light_frown,0,18391,[],轻皱眉
4988,413107,puffy_cheeks,0,2006,[],鼓起的脸颊
4989,388210,gold,0,12814,[],金色
4990,574655,grilling,0,871,[],烧烤
4991,377994,playing,0,1509,[],玩耍
4992,536575,cheek_press,0,2582,[],脸颊相贴
4993,460050,sleep_molestation,0,3642,[],睡奸
4994,1413210,blue_collar,0,3689,[],蓝色衣领
4995,724150,lace-trimmed_collar,0,896,[],蕾丝饰边领口
4996,518430,hand_on_shoulder,0,0,[],手搭肩
4997,549921,swinging,0,565,[],荡秋千
4998,1304246,tactile_paving,0,854,[],盲道
4999,419682,bra_strap,0,9950,[],胸罩肩带
5000,387069,sweet_lolita,0,2088,[],甜系洛丽塔
5001,799867,futasub,0,1147,[],扶她
5002,324075,ballerina,0,2574,[],芭蕾舞者
5003,11835,ballet,0,2067,[],芭蕾
5004,441185,ballet_slippers,0,2278,[],芭蕾舞鞋
5005,413721,latex_gloves,0,2891,[],乳胶手套
5006,1193485,dudou,0,1438,[],肚兜
5007,32298,duffel_bag,0,3922,[],行李袋
5008,1835741,grey_one-piece_swimsuit,0,878,[],灰色连体泳衣
5009,490349,head_bump,0,2718,[],头撞
5010,1155903,licking_breast,0,954,[],舔胸
5011,1468295,quarter_note,0,4222,[],四分音符
5012,1239986,shakujou,0,740,[],锡杖
5013,3707,maracas,0,868,[],沙锤
5014,1227710,tail_through_clothes,0,6388,[],尾巴穿过衣服
5015,12456,dvd_cover,0,1230,[],DVD封面
5016,634638,text_background,0,6157,[],文字背景
5017,585249,faceless_female,0,11090,[],无脸女性
5018,702958,holding_ribbon,0,2187,[],手持丝带
5019,1984282,cum_on_male,0,3564,[],精液在男性身上
5020,2795,picnic,0,1951,[],野餐
5021,460270,sparrow,0,1345,[],麻雀
5022,15126,interracial,0,27832,[],跨种族
5023,466940,fitting_room,0,1162,[],试衣间
5024,421497,housewife,0,751,[],家庭主妇
5025,1303975,blue_sarong,0,1500,[],蓝色纱笼
5026,595751,ass_cutout,0,2138,[],臀部镂空
5027,667190,plate_armor,0,2947,[],板甲
5028,859661,red_cloak,0,5510,[],红色斗篷
5029,4654,flustered,0,4790,[],慌乱
5030,633053,hooded_sweater,0,2524,[],连帽衫
5031,1456704,holding_mop,0,1633,[],手持拖把
5032,2802,earmuffs,0,15323,[],耳罩
5033,509654,forced_orgasm,0,1661,[],强制高潮
5034,657414,panties_under_buruma,0,1371,[],内裤外穿运动裤
5035,883683,white_feathers,0,7709,[],白色羽毛
5036,619150,announcement_celebration,0,879,[],公告庆祝
5037,1516547,brown_headwear,0,0,[],棕色头饰
5038,530091,corruption,0,5996,[],腐化
5039,491943,dark_persona,0,12915,[],黑暗人格
5040,1627136,excalibur_morgan_(fate),0,1653,[],誓约胜利之剑·摩根(Fate)
5041,1407354,brown_neckerchief,0,1223,[],棕色围巾
5042,1402835,scene_reference,0,8794,[],场景参考
5043,461078,squinting,0,1990,[],眯眼
5044,1345874,weapon_on_back,0,12797,[],背挂武器
5045,2812,ramune,0,2410,[],弹珠汽水
5046,387840,too_many_cats,0,724,[],过多猫咪
5047,375963,bathhouse,0,1031,[],澡堂
5048,399607,hair_dryer,0,1607,[],吹风机
5049,1404704,yellow_outline,0,1504,[],黄色描边
5050,1237065,sunflower_hair_ornament,0,2505,[],向日葵发饰
5051,1641903,eye_focus,0,3295,[],眼部聚焦
5052,144057,harem_outfit,0,5136,[],后宫装
5053,1301235,pubic_tattoo,0,14955,[],阴部纹身
5054,587435,side_cutout,0,6957,[],侧边镂空
5055,1370713,pink_umbrella,0,1515,[],粉色雨伞
5056,551169,transparent_umbrella,0,3962,[],透明伞
5057,9628,scooter,0,2044,[],踏板车
5058,399131,barcode,0,8381,[],条形码
5059,1333530,grey_fur,0,6126,[],灰色毛发
5060,1569136,striped_fur,0,1287,[],条纹毛皮
5061,98701,buried,0,777,[],被埋
5062,5497,fountain,0,2126,[],喷泉
5063,682863,hand_on_another's_leg,0,2572,[],手放在他人腿上
5064,457376,milk_bottle,0,3991,[],牛奶瓶
5065,54471,midair,0,8391,[],空中
5066,8079,warrior,0,1043,[],战士
5067,500990,torn_dress,0,8135,[],撕裂连衣裙
5068,478821,teasing,0,3513,[],挑逗
5069,1441880,hand_on_eyewear,0,3363,[],手扶眼镜
5070,498585,cute_&_girly_(idolmaster),0,999,[],可爱少女风(偶像大师)
5071,1440630,pink_capelet,0,2346,[],粉色短披风
5072,392360,stage,0,7299,[],舞台
5073,573757,beach_towel,0,4295,[],沙滩巾
5074,1370047,white_choker,0,21296,[],白色项圈
5075,1299125,elbows_on_table,0,1877,[],手肘撑桌
5076,729551,kiwi_(fruit),0,1573,[],猕猴桃
5077,399999,whipped_cream,0,3831,[],鲜奶油
5078,388093,hakurei_reimu_(cosplay),0,1884,[],博丽灵梦(cosplay)
5079,413878,electricity,0,22271,[],电流
5080,1794320,bow-shaped_hair,0,9425,[],蝴蝶结状头发
5081,1432417,brown_tail,0,5220,[],棕色尾巴
5082,575181,o-ring_bottom,0,4792,[],O形环下装
5083,646372,asa_no_ha_(pattern),0,1971,[],麻叶纹
5084,392133,heart_censor,0,20869,[],爱心遮挡
5085,15227,screentones,0,3757,[],网点点阵
5086,1492179,sleeveless_bodysuit,0,1547,[],无袖紧身衣
5087,516577,groom,0,1406,[],新郎
5088,2848,wedding,0,4282,[],婚礼
5089,394155,instrument_case,0,4325,[],乐器盒
5090,395568,cyberpunk,0,3688,[],赛博朋克
5091,600430,table_humping,0,982,[],桌震
5092,537720,track_pants,0,8004,[],运动裤
5093,483292,gradient_eyes,0,9965,[],渐变瞳
5094,394720,afterglow,0,1000,[],余晖
5095,576346,adjusting_necktie,0,1815,[],调整领带
5096,1723479,gaijin_4koma_(meme),0,744,[],外国人四格漫画(梗)
5097,394089,lock,0,6720,[],锁
5098,414783,padlock,0,3764,[],挂锁
5099,1779993,pink_gemstone,0,2397,[],粉色宝石
5100,695119,blood_in_hair,0,3167,[],头发上有血
5101,520461,white_flag,0,783,[],白旗
5102,2136331,smoking_barrel,0,1656,[],冒烟枪管
5103,459215,finger_gun,0,6193,[],手指枪
5104,420283,leotard_aside,0,6792,[],紧身衣侧掀
5105,13606,cervix,0,3723,[],子宫颈
5106,498646,crack,0,10087,[],裂缝
5107,1791862,industrial_pipe,0,3508,[],工业管道
5108,1252120,roundel,0,1650,[],圆形徽章
5109,1322401,black_horns,0,40634,[],黑色角
5110,659487,black_tank_top,0,19572,[],黑色背心
5111,1762595,hugging_another's_leg,0,731,[],抱他人腿
5112,709831,fanning_face,0,800,[],扇脸
5113,1510994,sweaty_clothes,0,2326,[],汗湿衣物
5114,1943362,very_sweaty,0,7393,[],大汗淋漓
5115,497015,wringing_clothes,0,1318,[],拧衣服
5116,1274419,spoken_character,0,4392,[],口述角色
5117,891436,food_focus,0,13479,[],食物聚焦
5118,375883,dragon_girl,0,47089,[],龙娘
5119,457114,dragon_tail,0,35303,[],龙尾
5120,473410,dragon_wings,0,9441,[],龙翼
5121,553905,pink_tail,0,3610,[],粉色尾巴
5122,655036,ankle_bow,0,1275,[],脚踝蝴蝶结
5123,572410,ankle_ribbon,0,4135,[],脚踝丝带
5124,497917,thrusters,0,3630,[],推进器
5125,651505,animal_on_hand,0,1040,[],手上动物
5126,535691,butterfly_hair_ornament,0,28756,[],蝴蝶发饰
5127,4854,cast,0,967,[],石膏
5128,1886396,lance_of_longinus_(evangelion),0,900,[],朗基努斯之枪(EVA)
5129,376272,whiteboard,0,1336,[],白板
5130,1248465,knives_between_fingers,0,1071,[],指间刀
5131,384086,jet,0,0,[],喷气机
5132,151042,envelope,0,6457,[],信封
5133,590941,santa_boots,0,0,[],圣诞靴
5134,16095,glomp,0,1756,[],飞扑
5135,594313,shoulder_holster,0,1893,[],肩挂枪套
5136,423281,mini-hakkero,0,2726,[],迷你八卦炉
5137,448225,tokin_hat,0,40237,[],头巾帽
5138,1389143,brown_serafuku,0,876,[],棕色水手服
5139,2003882,biting_own_finger,0,760,[],咬自己手指
5140,1088598,cum_on_legwear,0,1225,[],腿部衣着上精液
5141,1422082,digimon_(creature),0,12933,[],数码兽(数码宝贝)
5142,839892,no_mole,0,1273,[],无痣
5143,660754,aqua_shirt,0,7346,[],水色衬衫
5144,1373163,yellow_umbrella,0,820,[],黄色雨伞
5145,665350,microdress,0,5332,[],超短连衣裙
5146,612542,bow_bikini,0,4333,[],蝴蝶结比基尼
5147,472943,black_sclera,0,28178,[],黑色巩膜
5148,623300,bubble_skirt,0,7862,[],泡泡裙
5149,536573,colored_sclera,0,55800,[],彩色巩膜
5150,16135,cotton_candy,0,2493,[],棉花糖
5151,2099956,holding_cotton_candy,0,2074,[],手持棉花糖
5152,49867,summer_festival,0,2112,[],夏日祭
5153,492769,picture_frame,0,14208,[],相框
5154,640297,pump_action,0,1504,[],泵动式
5155,1534653,holding_ice_cream,0,3845,[],手持冰淇淋
5156,9656,crazy,0,1692,[],疯狂
5157,1445368,blue_innertube,0,1019,[],蓝色游泳圈
5158,7867,orc,0,4335,[],兽人
5159,399166,cursor,0,2292,[],光标
5160,1410867,window_(computing),0,2081,[],窗口(计算机)
5161,390347,flask,0,4834,[],烧瓶
5162,8617,potion,0,2841,[],药水
5163,720344,round-bottom_flask,0,2125,[],圆底烧瓶
5164,419431,bull,0,859,[],公牛
5165,1670357,furry_with_non-furry,0,7562,[],兽人与非兽人
5166,14111,candy_cane,0,4517,[],拐杖糖
5167,10157,honey,0,1776,[],蜂蜜
5168,395900,deformed,0,7414,[],变形
5169,545481,hand_on_leg,0,992,[],手放在腿上
5170,399930,highleg_swimsuit,0,0,[],高叉泳装
5171,550074,in_water,0,2388,[],在水中
5172,1535711,cross_tie,0,2449,[],十字领带
5173,1248639,grey_gloves,0,13559,[],灰色手套
5174,54531,blood_bag,0,1506,[],血袋
5175,2944,airship,0,1305,[],飞艇
5176,4858,chocobo,0,1419,[],陆行鸟(最终幻想)
5177,15305,steampunk,0,1781,[],蒸汽朋克
5178,8989,viera,0,2836,[],维埃拉族
5179,2145,juice,0,2572,[],果汁
5180,1392820,black_neckerchief,0,14936,[],黑色领巾
5181,849024,bikini_top_lift,0,5873,[],比基尼上掀
5182,785234,shoulder_cutout,0,26920,[],露肩剪裁
5183,1677790,blood_on_knife,0,2645,[],刀上血迹
5184,481420,blood_stain,0,3317,[],血迹
5185,413859,footprints,0,3676,[],脚印
5186,5248,snowball,0,1743,[],雪球
5187,1327458,steaming_body,0,31562,[],冒热气
5188,80452,unzipping,0,1636,[],拉开拉链
5189,473040,tombstone,0,4081,[],墓碑
5190,5114,turtle,0,3265,[],乌龟
5191,394919,2006,0,761,[],2006年
5192,662799,animal_hood,0,28414,[],动物兜帽
5193,560091,cat_hood,0,6442,[],猫兜帽
5194,2006764,unworn_sandals,0,2494,[],未穿凉鞋
5195,717296,hand_in_another's_hair,0,6653,[],手插在他人头发里
5196,403486,party_popper,0,2472,[],派对拉炮
5197,10159,toothpick,0,817,[],牙签
5198,879036,false_smile,0,3986,[],假笑
5199,572679,rubbing_eyes,0,4417,[],揉眼睛
5200,599607,hoshi_no_tsue,0,646,[],星之杖
5201,511736,heart_in_mouth,0,4466,[],口中爱心
5202,449393,tiger_costume,0,656,[],老虎装
5203,488001,tape_measure,0,1397,[],卷尺
5204,1261355,bead_bracelet,0,13528,[],珠串手链
5205,607130,hidden_face,0,766,[],隐藏脸部
5206,1384370,two-tone_hairband,0,2306,[],双色发箍
5207,680569,foot_focus,0,29543,[],足部特写
5208,1512126,black_sweater_vest,0,4190,[],黑色毛衣背心
5209,1873934,european_architecture,0,852,[],欧洲建筑
5210,561421,striped_ribbon,0,7313,[],条纹丝带
5211,1440529,two-tone_ribbon,0,3263,[],双色缎带
5212,633808,western_dragon,0,2312,[],西方龙
5213,610123,forehead-to-forehead,0,2354,[],额头相贴
5214,514359,naked_scarf,0,1249,[],裸体围巾
5215,589024,arm_strap,0,19758,[],臂带
5216,551584,updo,0,7995,[],盘发
5217,1248516,dilation_tape,0,1159,[],扩张胶带
5218,475330,hunched_over,0,1414,[],弯腰驼背
5219,509238,dialogue_box,0,2819,[],对话框
5220,1693745,weapon_focus,0,1109,[],武器聚焦
5221,1217551,black_armor,0,8444,[],黑色盔甲
5222,1477135,clawed_gauntlets,0,2268,[],爪刃手套
5223,1168235,halter_dress,0,11243,[],挂脖连衣裙
5224,664405,plaid_necktie,0,4445,[],格子领带
5225,406023,projectile_cum,0,9044,[],喷射精液
5226,1869216,surrounded_by_penises,0,10415,[],被阴茎包围
5227,583983,black_cape,0,30499,[],黑色披风
5228,459473,hand_over_face,0,774,[],手遮脸
5229,666648,mitsudomoe_(shape),0,5622,[],三巴纹
5230,3139,samurai,0,3402,[],武士
5231,381159,crotch_grab,0,1075,[],抓裆
5232,715118,ear_covers,0,26433,[],耳罩
5233,1518947,simulated_fellatio,0,1334,[],模拟口交
5234,720358,drain_(object),0,735,[],排水口(物品)
5235,511643,single_elbow_glove,0,8717,[],单肘手套
5236,422654,gigantic_breasts,0,12102,[],巨乳
5237,1344459,orange_apron,0,1004,[],橙色围裙
5238,2006757,unworn_bikini_top,0,2547,[],未穿比基尼上衣
5239,1076064,covering_one_breast,0,1091,[],遮住一侧乳房
5240,489621,corded_phone,0,3815,[],有线电话
5241,638006,thighlet,0,17889,[],大腿环
5242,1536006,drill_ponytail,0,1930,[],钻头马尾
5243,1344657,cat_bag,0,1494,[],猫包
5244,1590430,squatting_cowgirl_position,0,8575,[],蹲坐骑乘位
5245,613210,yellow_legwear,0,0,[],黄色腿部衣着
5246,537668,poke_ball,0,32457,[],精灵球
5247,1571375,poke_ball_(basic),0,23202,[],精灵球(基础)
5248,10945,toothpaste,0,716,[],牙膏
5249,452157,hagoita,0,2299,[],羽子板
5250,13242,hanetsuki,0,1419,[],羽子板
5251,10631,paddle,0,3949,[],桨
5252,1428698,holding_baby,0,0,[],抱婴儿
5253,3628,decapitation,0,1246,[],斩首
5254,393602,severed_head,0,2645,[],断头
5255,12520,suicide,0,1131,[],自杀
5256,9429,merchandise,0,1539,[],周边商品
5257,470016,incoming_kiss,0,897,[],即将亲吻
5258,489413,popsicle_stick,0,871,[],冰棒棍
5259,1251292,fur-trimmed_cape,0,13357,[],毛边披风
5260,475249,large_wings,0,0,[],大翅膀
5261,1506804,pearl_(gemstone),0,3486,[],珍珠
5262,1379634,mmm_threesome,0,1267,[],男男男3P
5263,513195,bird_on_head,0,5154,[],鸟在头上
5264,548294,nib_pen_(object),0,1445,[],笔尖(物品)
5265,9176,boat,0,7538,[],船
5266,1890159,hand_on_own_ear,0,1487,[],手摸自己耳朵
5267,599737,energy_weapon,0,709,[],能量武器
5268,1515727,strap_between_breasts,0,4916,[],胸间绑带
5269,1434267,yellow_headband,0,1471,[],黄色头带
5270,381796,satchel,0,3206,[],挎包
5271,514658,holding_bra,0,1133,[],手持胸罩
5272,14258,nekomata,0,9484,[],猫又
5273,473742,two_tails,0,15419,[],双尾
5274,486022,vacuum_cleaner,0,1030,[],吸尘器
5275,481088,constellation,0,5859,[],星座
5276,1383442,purple_pupils,0,2176,[],紫色瞳孔
5277,1892221,jug_(bottle),0,1010,[],壶(瓶子)
5278,1962075,see-through_veil,0,1937,[],透明面纱
5279,1335455,watson_cross,0,4538,[],沃森十字
5280,492202,flat_cap,0,14586,[],平顶帽
5281,511333,super_mushroom,0,739,[],超级蘑菇
5282,388245,cum_in_nose,0,1415,[],鼻内射精
5283,415025,convenience_store,0,1709,[],便利店
5284,1327681,red_sleeves,0,9849,[],红色袖子
5285,395355,fusion,0,6383,[],融合
5286,399269,tablecloth,0,2707,[],桌布
5287,1490333,yellow_sleeves,0,3193,[],黄色袖子
5288,588209,irrumatio,0,6073,[],口交
5289,9414,whip_marks,0,932,[],鞭痕
5290,547034,guided_breast_grab,0,2049,[],引导抓胸
5291,1845182,guiding_hand,0,2341,[],引导之手
5292,1328442,green_belt,0,2151,[],绿色腰带
5293,1465584,holding_watering_can,0,1015,[],拿着洒水壶
5294,626243,aiguillette,0,8972,[],肩饰
5295,1315557,grey_bow,0,4983,[],灰色蝴蝶结
5296,1119065,heart-shaped_pillow,0,4445,[],心形抱枕
5297,1344680,holding_doll,0,6058,[],抱玩偶
5298,1291748,print_bow,0,4930,[],印花蝴蝶结
5299,1391806,two-tone_bow,0,5662,[],双色蝴蝶结
5300,1289190,vertical-striped_skirt,0,3589,[],竖条纹裙子
5301,467618,belt_bra,0,2468,[],腰带式胸罩
5302,426384,clitoral_hood,0,6057,[],阴蒂包皮
5303,1243501,gibson_les_paul,0,2929,[],吉普森莱斯保罗
5304,609352,themed_object,0,1117,[],主题物品
5305,472623,hammer_and_sickle,0,2417,[],锤子与镰刀
5306,375353,soviet,0,1163,[],苏联
5307,1446284,looking_at_animal,0,7001,[],看向动物
5308,439983,knees,0,11816,[],膝盖
5309,1465655,mailbox_(incoming_mail),0,740,[],收件邮箱
5310,381166,mannequin,0,1445,[],人体模型
5311,5626,antlers,0,24334,[],鹿角
5312,1555383,fur-trimmed_headwear,0,9196,[],毛绒镶边头饰
5313,399391,spiked_bracelet,0,13293,[],尖刺手镯
5314,568063,cobblestone,0,1256,[],鹅卵石
5315,704492,armored_boots,0,20507,[],装甲靴
5316,550434,side_slit_shorts,0,1706,[],侧开衩短裤
5317,1392029,multicolored_bodysuit,0,3818,[],彩色紧身衣
5318,8236,hawk,0,895,[],鹰
5319,572672,japanese_armor,0,21298,[],日本盔甲
5320,476448,kote,0,8794,[],护手
5321,476447,kurokote,0,5125,[],黑子
5322,1341736,hanten_(clothes),0,1669,[],半缠(服装)
5323,512928,white_tail,0,5199,[],白色尾巴
5324,1384365,orange_hairband,0,5324,[],橙色发带
5325,1841287,asymmetrical_sidelocks,0,2398,[],不对称侧刘海
5326,679014,greatsword,0,3931,[],巨剑
5327,721674,purple_scarf,0,5134,[],紫色围巾
5328,709923,yellow_hat,0,9798,[],黄色帽子
5329,541224,heart_hands_duo,0,4242,[],双人比心
5330,362945,garden,0,2526,[],花园
5331,638022,see-through_silhouette,0,6460,[],透视剪影
5332,1312162,short_necktie,0,10847,[],短领带
5333,670532,holding_pencil,0,4227,[],手持铅笔
5334,458210,bikini_armor,0,20240,[],比基尼铠甲
5335,708149,blue_armor,0,3996,[],蓝色盔甲
5336,1337534,boobplate,0,2263,[],胸甲
5337,1545039,low-braided_long_hair,0,8909,[],低马尾长辫
5338,239,valkyrie,0,1230,[],女武神
5339,521377,winged_helmet,0,3722,[],翼盔
5340,492418,orange_dress,0,9438,[],橙色连衣裙
5341,1483518,orange_sleeves,0,1950,[],橙色袖子
5342,198450,raccoon,0,1523,[],浣熊
5343,1230168,naked_capelet,0,730,[],裸身披肩
5344,49858,touching,0,646,[],触摸
5345,601085,right-to-left_comic,0,950,[],右至左漫画
5346,390026,chalice,0,1689,[],圣杯
5347,1421763,blue_capelet,0,9145,[],蓝色短披风
5348,1314745,blue_choker,0,13932,[],蓝色项圈
5349,1259665,bow_choker,0,4181,[],蝴蝶结项圈
5350,547349,heart_ahoge,0,11353,[],心形呆毛
5351,470790,demon_horns,0,105251,[],恶魔角
5352,1781886,stroking_own_chin,0,2530,[],抚摸自己下巴
5353,8722,detective,0,1935,[],侦探
5354,16695,magnifying_glass,0,2969,[],放大镜
5355,11935,whistle,0,10822,[],哨子
5356,1417853,heart_collar,0,2256,[],心形项圈
5357,1410975,blue_camisole,0,1885,[],蓝色吊带衫
5358,1476164,holding_frying_pan,0,1733,[],手持平底锅
5359,1849377,anal_only,0,923,[],仅肛交
5360,675012,elbow_on_knee,0,1186,[],肘撑膝
5361,1337689,blood_on_ground,0,1961,[],地面血迹
5362,416356,corpse,0,4236,[],尸体
5363,4069,sailor,0,5794,[],水手
5364,380154,squirrel,0,3356,[],松鼠
5365,578891,shoulder_blades,0,16272,[],肩胛骨
5366,403432,hooves,0,4052,[],蹄子
5367,1958223,just_shoes,0,0,[],只穿鞋
5368,689738,swimsuit_skirt,0,670,[],泳装裙
5369,3114,thread,0,2162,[],线
5370,655244,cross_earrings,0,10490,[],十字耳环
5371,541507,bad_leg,0,714,[],伤腿
5372,1983649,black_slingshot_swimsuit,0,1510,[],黑色弹弓泳装
5373,1886311,in-franchise_crossover,0,6565,[],同系列跨界
5374,1305030,green_leotard,0,5391,[],绿色紧身衣
5375,537572,teeth_hold,0,1295,[],牙齿咬住
5376,1435395,grey_tank_top,0,2289,[],灰色背心
5377,1403859,3d_background,0,2741,[],3D背景
5378,1424746,multicolored_leotard,0,3699,[],彩色紧身衣
5379,519346,short_bangs,0,5689,[],短刘海
5380,649248,red_pupils,0,15483,[],红色瞳孔
5381,3375,chicken,0,5472,[],鸡
5382,478028,rooster,0,743,[],公鸡
5383,1423578,brown_collar,0,1678,[],棕色衣领
5384,10673,vore,0,1607,[],吞食
5385,608993,uncommon_stimulation,0,1563,[],非常规刺激
5386,1401249,grey_leotard,0,1592,[],灰色紧身衣
5387,1542756,turtleneck_leotard,0,3879,[],高领紧身衣
5388,1433301,two-tone_leotard,0,2698,[],双色紧身衣
5389,471574,over-kneehighs,0,8743,[],过膝袜
5390,1438860,black_sash,0,7236,[],黑色腰带
5391,5058,surfboard,0,3736,[],冲浪板
5392,379359,surfing,0,1138,[],冲浪
5393,1427966,yellow_cardigan,0,6944,[],黄色开衫
5394,673911,hood_up,0,60799,[],兜帽戴上
5395,5302,elvaan,0,1036,[],精灵
5396,1326377,black_corset,0,8633,[],黑色束腰
5397,592457,nippleless_clothes,0,1568,[],无乳头凸起衣物
5398,486149,military_jacket,0,10047,[],军装夹克
5399,521120,backless_dress,0,17096,[],露背连衣裙
5400,447315,glock,0,1530,[],格洛克手枪
5401,401696,hook,0,1019,[],钩子
5402,710509,antique_firearm,0,1743,[],古董火器
5403,397500,electric_plug,0,1942,[],电源插头
5404,639779,mechanical_tail,0,5064,[],机械尾巴
5405,1398744,ribbed_socks,0,3115,[],罗纹袜
5406,547742,open_hands,0,9005,[],张开手掌
5407,680577,color_trace,0,952,[],色彩描边
5408,4400,party,0,899,[],派对
5409,384615,infirmary,0,1344,[],医务室
5410,1411208,purple_neckerchief,0,2884,[],紫色围巾
5411,1421495,purple_collar,0,1838,[],紫色项圈
5412,377197,desert,0,4355,[],沙漠
5413,1445390,aria_company_uniform,0,1520,[],ARIA公司制服
5414,1059551,night_vision_device,0,1110,[],夜视仪
5415,2176009,food_packaging,0,948,[],食品包装
5416,469082,milk_carton,0,3702,[],牛奶盒
5417,375377,boar,0,1616,[],野猪
5418,389021,deer,0,2659,[],鹿
5419,450649,shin_guards,0,2285,[],护胫
5420,1317361,multicolored_bow,0,3024,[],彩色蝴蝶结
5421,1981666,gun_sling,0,2384,[],枪背带
5422,463475,iron_cross,0,9916,[],铁十字
5423,1617321,red_trim,0,5669,[],红色镶边
5424,412950,rubble,0,3367,[],瓦砾
5425,1445710,shoulder_boards,0,3763,[],肩章
5426,1447118,vehicle_name,0,820,[],车辆名称
5427,10263,russia,0,726,[],俄罗斯
5428,553367,turret,0,1177,[],炮塔
5429,1424344,sling_bikini_top,0,1212,[],吊带比基尼上衣
5430,1504889,rudder_footwear,0,4747,[],舵形鞋
5431,525461,smokestack,0,5041,[],烟囱
5432,637281,mechanical_legs,0,5576,[],机械腿
5433,460085,mechanical_wings,0,6699,[],机械翅膀
5434,469368,striped_gloves,0,2521,[],条纹手套
5435,402799,tiger_tail,0,12528,[],老虎尾巴
5436,374636,unicorn,0,2126,[],独角兽
5437,1434058,holding_mallet,0,800,[],拿着木槌
5438,458295,rising_sun_flag,0,1319,[],旭日旗
5439,450236,bipod,0,932,[],两脚架
5440,3184,mg42,0,1042,[],MG42
5441,479250,tricorne,0,3425,[],三角帽
5442,846739,japan_self-defense_force,0,797,[],日本自卫队
5443,15258,torpedo,0,9393,[],鱼雷
5444,666658,grey_bikini,0,2628,[],灰色比基尼
5445,539771,incoming_gift,0,3159,[],收到礼物
5446,472362,intestines,0,1452,[],肠子
5447,471653,clinging,0,763,[],紧贴
5448,593826,waving_arms,0,1037,[],挥舞手臂
5449,1290625,single_bare_shoulder,0,25145,[],单肩裸露
5450,1491130,winking_(animated),0,790,[],眨眼(动态)
5451,585582,awning,0,923,[],遮阳篷
5452,419818,fading,0,925,[],渐隐
5453,1287296,diving_mask_on_head,0,1656,[],头上戴潜水镜
5454,4577,snorkel,0,1955,[],呼吸管
5455,522637,crushing,0,1034,[],压碎
5456,657555,different_shadow,0,1025,[],异影
5457,1845191,glaive_(polearm),0,1508,[],长柄刀
5458,1694223,undone_neck_ribbon,0,1131,[],松开的颈带
5459,657500,fish_hair_ornament,0,4058,[],鱼形发饰
5460,1446422,wooden_bench,0,859,[],木长椅
5461,1369802,blurry_foreground,0,34740,[],模糊前景
5462,465450,trash_can,0,5346,[],垃圾桶
5463,629486,used_tissue,0,2726,[],用过的纸巾
5464,238471,babydoll,0,11951,[],娃娃裙
5465,1409097,holding_whisk,0,1237,[],拿着打蛋器
5466,380988,goblin,0,3217,[],哥布林
5467,694174,torogao,0,10204,[],失神脸
5468,1282993,grey_hat,0,12067,[],灰色帽子
5469,12438,grapes,0,8030,[],葡萄
5470,2072350,breath_weapon,0,2888,[],吐息武器
5471,500152,breathing_fire,0,2652,[],喷火
5472,3489,dinosaur,0,3060,[],恐龙
5473,568978,shoulder_blush,0,1578,[],肩部红晕
5474,1326209,yellow_sash,0,4663,[],黄色腰带
5475,410111,bowing,0,2489,[],鞠躬
5476,1620077,holding_fireworks,0,2988,[],手持烟花
5477,1274924,hand_on_another's_ass,0,4555,[],手放在别人屁股上
5478,515769,black_nails,0,93100,[],黑色指甲
5479,1382349,goggles_on_headwear,0,6391,[],头戴护目镜
5480,474917,peace_symbol,0,1426,[],和平手势
5481,1283900,single_fingerless_glove,0,4619,[],单只无指手套
5482,502180,blue_wings,0,8188,[],蓝色翅膀
5483,677406,multiple_earrings,0,7148,[],多耳环
5484,1406604,latex_leotard,0,1042,[],乳胶连体衣
5485,1450050,pink_headband,0,951,[],粉色头带
5486,1387105,pink_leotard,0,6796,[],粉色紧身连体衣
5487,1408089,star_choker,0,3818,[],星星项圈
5488,481054,grey_bra,0,2629,[],灰色胸罩
5489,10179,dawn,0,1308,[],黎明
5490,1076830,hat_on_back,0,1608,[],背后帽子
5491,579943,hair_pulled_back,0,9799,[],后梳发
5492,688904,overskirt,0,5054,[],外裙
5493,552306,criss-cross_halter,0,28391,[],交叉挂脖
5494,399265,fat_mons,0,7281,[],胖丁
5495,615409,bag_of_chips,0,1679,[],薯片袋
5496,1349485,clover_hair_ornament,0,4450,[],三叶草发饰
5497,1325576,four-leaf_clover_hair_ornament,0,1582,[],四叶草发饰
5498,4209,cauldron,0,1197,[],大锅
5499,475500,kissing_hand,0,2030,[],吻手
5500,1626927,ball_and_chain_(weapon),0,1065,[],链球(武器)
5501,375275,climbing,0,1855,[],攀爬
5502,43623,scepter,0,3307,[],权杖
5503,385882,third_eye,0,51294,[],第三只眼
5504,580001,print_swimsuit,0,882,[],印花泳装
5505,496004,zebra_print,0,833,[],斑马纹
5506,1672630,baton_(weapon),0,1089,[],警棍(武器)
5507,1732562,bikini_bottom_only,0,10238,[],仅穿比基尼下装
5508,408052,gym_shorts,0,6603,[],运动短裤
5509,676007,running_track,0,1374,[],跑道
5510,560409,streamers,0,2593,[],彩带
5511,447030,candy_apple,0,5720,[],糖苹果
5512,172313,time_paradox,0,8056,[],时间悖论
5513,648630,boy_on_top,0,8626,[],男上位
5514,666137,aqua_bikini,0,4188,[],水色比基尼
5515,1396242,asahi_breweries,0,830,[],朝日啤酒
5516,467500,beer_can,0,5968,[],啤酒罐
5517,1314748,pink_collar,0,3373,[],粉色衣领
5518,453756,;3,0,3913,[],;3(表情)
5519,686321,half_gloves,0,22728,[],半指手套
5520,376977,parrot,0,1356,[],鹦鹉
5521,466395,ao_dai,0,1468,[],奥黛
5522,448268,rice_hat,0,1220,[],斗笠
5523,516029,shimenawa,0,14429,[],注连绳
5524,465523,race_queen,0,10253,[],赛车女郎
5525,8787,cd,0,1628,[],光盘
5526,594785,blowing_kiss,0,3922,[],飞吻
5527,527949,troll_face,0,1104,[],Troll脸(表情)
5528,688960,holding_pillow,0,3458,[],抱着枕头
5529,1665347,full-body_tattoo,0,2296,[],全身纹身
5530,568513,animal_on_shoulder,0,8798,[],肩上有动物
5531,568512,bird_on_shoulder,0,2840,[],肩上有鸟
5532,665809,hugging_doll,0,4579,[],抱玩偶
5533,387248,banner,0,5374,[],横幅
5534,472408,sneezing,0,1238,[],打喷嚏
5535,514239,holding_condom,0,4664,[],手持避孕套
5536,1611666,dakimakura_(medium),0,24962,[],抱枕(中)
5537,581500,plaid_vest,0,9714,[],格子马甲
5538,665405,white_umbrella,0,2806,[],白色雨伞
5539,665044,holding_own_tail,0,2275,[],握着自己的尾巴
5540,673610,green_choker,0,4092,[],绿色项圈
5541,619249,intertwined_tails,0,738,[],交缠尾巴
5542,29555,office,0,3331,[],办公室
5543,1323958,pink_vest,0,3694,[],粉色马甲
5544,492858,lemon_slice,0,4159,[],柠檬片
5545,390867,soda,0,2181,[],汽水
5546,410544,handkerchief,0,2600,[],手帕
5547,2075818,nike_(company),0,2608,[],耐克(公司)
5548,1478742,holding_sex_toy,0,3477,[],手持情趣玩具
5549,550954,drawing_sword,0,2029,[],拔剑
5550,587390,hand_on_headphones,0,1396,[],手按耳机
5551,516930,hanfu,0,17971,[],汉服
5552,3327,graduation,0,1043,[],毕业
5553,541599,mechanical_arms,0,19021,[],机械臂
5554,10367,prosthesis,0,10760,[],假肢
5555,1631734,single_mechanical_arm,0,9042,[],单只机械臂
5556,1690512,black_tube_top,0,2486,[],黑色抹胸上衣
5557,1438293,holding_wrench,0,1782,[],手持扳手
5558,415942,jester_cap,0,9810,[],小丑帽
5559,419074,hitting,0,2001,[],击打
5560,1424479,holding_lighter,0,1082,[],拿着打火机
5561,682638,flower_earrings,0,6438,[],花朵耳环
5562,16739,clipboard,0,10508,[],写字板
5563,1426454,holding_clipboard,0,5105,[],手持写字板
5564,1327736,purple_coat,0,7101,[],紫色外套
5565,1423707,holding_scythe,0,7794,[],手持镰刀
5566,2065896,diagonal-striped_clothes,0,10778,[],斜条纹衣服
5567,541262,disgust,0,3038,[],厌恶
5568,456305,pink_pantyhose,0,3732,[],粉色连裤袜
5569,1326150,purple_vest,0,7065,[],紫色马甲
5570,657534,spoken_food,0,1473,[],口述食物
5571,1769952,aqua_gemstone,0,1966,[],水色宝石
5572,1315028,lower_body,0,6560,[],下半身
5573,431361,baseball_mitt,0,2862,[],棒球手套
5574,1270497,pearl_bracelet,0,2511,[],珍珠手链
5575,407041,profanity,0,4818,[],脏话
5576,439406,shiba_inu,0,2398,[],柴犬
5577,618462,traffic_baton,0,725,[],交通指挥棒
5578,724584,hooded_cloak,0,14177,[],连帽斗篷
5579,641133,aqua_bra,0,1304,[],水色胸罩
5580,724856,low_neckline,0,2837,[],低领口
5581,1689641,saliva_on_penis,0,1219,[],阴茎上有唾液
5582,1331430,bandaid_on_arm,0,4634,[],手臂创可贴
5583,1682857,holding_with_tail,0,1145,[],尾巴持物
5584,490687,prehensile_tail,0,2358,[],可卷缠的尾巴
5585,1245140,shorts_tan,0,895,[],短裤晒痕
5586,610305,hand_to_head,0,1372,[],手触头
5587,1312757,bra_peek,0,5889,[],内衣微露
5588,1333109,heart_belt,0,831,[],心形腰带
5589,661864,pink_belt,0,4534,[],粉色腰带
5590,656283,hanging_scroll,0,819,[],挂轴
5591,723993,bird_tail,0,8204,[],鸟尾
5592,1397372,year_of_the_rooster,0,727,[],鸡年
5593,403072,rocket_launcher,0,3416,[],火箭筒
5594,660644,heart_cutout,0,11741,[],心形镂空
5595,673216,toeless_footwear,0,0,[],露趾鞋
5596,399834,forehead_protector,0,9365,[],护额
5597,662440,konohagakure_symbol,0,2353,[],木叶隐村标志
5598,622480,food_art,0,1392,[],食物艺术
5599,660019,color_connection,0,3005,[],色彩连接
5600,403588,pink_skin,0,10145,[],粉色皮肤
5601,665502,saiyan_armor,0,1700,[],赛亚人战斗服
5602,3430,diagram,0,663,[],示意图
5603,1432832,green_tank_top,0,1880,[],绿色背心
5604,382125,rapier,0,5839,[],西洋剑
5605,1791866,holding_smoking_pipe,0,5521,[],手持烟斗
5606,585009,sword_over_shoulder,0,2584,[],扛剑
5607,713394,hand_on_another's_thigh,0,6626,[],手放他人大腿
5608,471181,eyeliner,0,33744,[],眼线
5609,653049,red_eyeliner,0,13289,[],红色眼线
5610,1489840,white_horns,0,7994,[],白色角
5611,586859,beckoning,0,3096,[],招手
5612,375030,wyvern,0,1156,[],飞龙
5613,498369,naked_bandage,0,3113,[],裸身绷带
5614,458795,suction_cups,0,6491,[],吸盘
5615,570043,pine_tree,0,2517,[],松树
5616,526806,tengu-geta,0,6739,[],天狗木屐
5617,1248643,lapel_pin,0,2652,[],领针
5618,410474,picnic_basket,0,2513,[],野餐篮
5619,1622891,holding_gem,0,1110,[],拿着宝石
5620,572545,wall_of_text,0,1436,[],文字墙
5621,593015,finger_to_face,0,1976,[],手指触脸
5622,549531,cum_on_fingers,0,771,[],手指上有精液
5623,1023384,white_serafuku,0,3355,[],白色水手服
5624,2036698,sitting_on_throne,0,6305,[],坐在王座上
5625,1399017,grey_tail,0,2626,[],灰色尾巴
5626,1410771,artist_logo,0,27889,[],作者标志
5627,1835605,halter_shirt,0,3261,[],挂脖上衣
5628,652468,brown_bikini,0,2407,[],棕色比基尼
5629,394402,wheat,0,1971,[],小麦
5630,402497,lotus,0,5109,[],莲花
5631,1446585,holding_pocky,0,1106,[],拿着百奇
5632,1886895,prototype_design,0,1734,[],原型设计
5633,473259,artificial_vagina,0,3032,[],人工阴道
5634,389926,panty_lift,0,1145,[],提内裤
5635,646220,single_tear,0,1366,[],单行泪
5636,394150,blue_rose,0,19676,[],蓝玫瑰
5637,1340790,holding_branch,0,1908,[],手持树枝
5638,474252,path,0,4758,[],小径
5639,545758,wisteria,0,2810,[],紫藤
5640,1411123,green_pajamas,0,798,[],绿色睡衣
5641,1415037,white_pajamas,0,1203,[],白色睡衣
5642,1201870,prone_bone,0,5260,[],俯卧骨
5643,446984,gun_to_head,0,1344,[],枪指头
5644,1438791,holding_pom_poms,0,7653,[],手持彩球
5645,536594,determined,0,2212,[],坚定
5646,712047,belly_grab,0,2062,[],抓肚子
5647,723350,weight_conscious,0,2046,[],在意体重
5648,386503,binoculars,0,4466,[],双筒望远镜
5649,1365956,holding_binoculars,0,949,[],拿着双筒望远镜
5650,11414,nipple_clamps,0,1432,[],乳头夹
5651,1282899,improvised_gag,0,8021,[],临时口塞
5652,408365,tape_gag,0,3671,[],胶带封口
5653,464557,eel,0,1037,[],鳗鱼
5654,650560,fishnet_legwear,0,0,[],渔网袜
5655,1345218,holding_behind_back,0,5424,[],背后手持
5656,1360271,grey_cape,0,2021,[],灰色披风
5657,590943,neck_ruff,0,4515,[],颈饰褶边
5658,511431,locomotive,0,1000,[],火车头
5659,415310,overgrown,0,2916,[],杂草丛生
5660,420799,pear,0,797,[],梨
5661,1441865,black_neckwear,0,0,[],黑色颈饰
5662,376049,wiping,0,881,[],擦拭
5663,1279634,mating_press,0,4590,[],交配姿势
5664,476893,torn_swimsuit,0,1339,[],撕裂的泳装
5665,433234,erect_clitoris,0,1320,[],勃起的阴蒂
5666,499750,dome,0,665,[],穹顶
5667,74341,floating_island,0,1507,[],浮空岛
5668,1428380,blood_on_leg,0,1587,[],腿上血迹
5669,444634,torn,0,2251,[],破损
5670,662500,caterpillar_tracks,0,3305,[],履带
5671,539390,insignia,0,3514,[],徽章
5672,2216158,military_dress_uniform,0,1260,[],军礼服
5673,2203943,on_tank,0,807,[],在坦克上
5674,412376,stitches,0,15475,[],缝线
5675,714136,hand_on_another's_stomach,0,3735,[],手放在他人腹部
5676,389771,syrup,0,1397,[],糖浆
5677,485999,coffee_mug,0,8554,[],咖啡杯
5678,702627,ass-to-ass,0,1204,[],臀对臀
5679,10079,double_dildo,0,1240,[],双头假阳具
5680,1323325,shared_object_insertion,0,1011,[],共享物体插入
5681,456715,cow_costume,0,843,[],奶牛装
5682,1854325,yellow_halo,0,25147,[],黄色光环
5683,466613,slime_girl,0,4744,[],史莱姆女孩
5684,502186,broken_window,0,1279,[],破窗
5685,601423,yellow_scarf,0,7376,[],黄色围巾
5686,1708577,food_on_hand,0,870,[],手上有食物
5687,1243775,colored_shadow,0,2512,[],彩色阴影
5688,505450,gift_box,0,23885,[],礼物盒
5689,1551196,1980s_(style),0,6115,[],1980年代风格
5690,467514,embroidery,0,1779,[],刺绣
5691,423080,hat_with_ears,0,1386,[],带耳朵的帽子
5692,551039,claw_foot_bathtub,0,784,[],爪足浴缸
5693,1443338,holding_shovel,0,1391,[],手持铲子
5694,423051,film_strip,0,852,[],胶片条
5695,473592,rape_face,0,721,[],强暴表情
5696,1351853,champagne_bottle,0,779,[],香槟酒瓶
5697,468977,split_screen,0,2229,[],分屏
5698,410102,yes,0,2251,[],是
5699,439167,urethral_insertion,0,1377,[],尿道插入
5700,1229455,vest_lift,0,652,[],撩起背心
5701,1505129,chinese_text,0,37629,[],中文文字
5702,1295644,vertical-striped_shirt,0,10432,[],竖条纹衬衫
5703,561624,water_drop,0,30030,[],水滴
5704,677936,torn_bike_shorts,0,916,[],撕裂的骑行短裤
5705,514943,torn_shorts,0,4592,[],破洞短裤
5706,643402,shorts_under_dress,0,2483,[],裙下短裤
5707,646445,mask_on_head,0,22780,[],面具戴头上
5708,2006781,unworn_hairband,0,709,[],未戴发带
5709,1442004,eyewear_on_headwear,0,3170,[],头饰上戴眼镜
5710,1373023,purple-framed_eyewear,0,1560,[],紫色框眼镜
5711,1347278,ketchup_bottle,0,1242,[],番茄酱瓶
5712,1397883,white_bandana,0,1041,[],白色头巾
5713,3513,goat,0,1514,[],山羊
5714,1314965,horizontal_pupils,0,5717,[],水平瞳孔
5715,1390882,blue_sleeves,0,11917,[],蓝色袖子
5716,1326641,purple_bowtie,0,14773,[],紫色蝴蝶结
5717,1289575,<|>_<|>,0,1828,[],<|>_<|>(表情)
5718,1100029,hands_on_own_breasts,0,1420,[],双手捂胸
5719,4760,campfire,0,2176,[],篝火
5720,14457,wet_skirt,0,916,[],湿裙子
5721,471850,cum_in_clothes,0,1912,[],射在衣服里
5722,626701,bird_ears,0,7771,[],鸟耳
5723,502177,bird_girl,0,5458,[],鸟女孩
5724,479176,bird_wings,0,19272,[],鸟翼
5725,626084,bangs_pinned_back,0,5689,[],刘海后别
5726,477060,hair_lift,0,3151,[],头发翘起
5727,727812,loaded_interior,0,1895,[],满载内饰
5728,664066,aqua_ribbon,0,4833,[],水蓝色缎带
5729,1403674,pink_camisole,0,2616,[],粉色吊带背心
5730,1293722,bandaged_neck,0,4829,[],绷带脖子
5731,691041,yellow_sky,0,2279,[],黄色天空
5732,6368,calligraphy,0,1146,[],书法
5733,1514953,cropped_shoulders,0,5691,[],露肩剪裁
5734,500518,clothes_pin,0,1019,[],衣夹
5735,1603815,food_bite,0,1419,[],咬食物
5736,1286651,heart-shaped_box,0,8500,[],心形盒子
5737,1475873,water_lily_flower,0,1034,[],睡莲花
5738,138127,art_nouveau,0,1652,[],新艺术风格
5739,665797,hand_on_own_ass,0,8935,[],手摸自己屁股
5740,488078,purple_jacket,0,23888,[],紫色夹克
5741,570382,hands_in_hair,0,1115,[],手插头发
5742,488560,mortarboard,0,854,[],学位帽
5743,1674643,two-tone_wings,0,1105,[],双色翅膀
5744,494868,black_cloak,0,10056,[],黑色斗篷
5745,9839,dungeon,0,1027,[],地牢
5746,1412416,black_bustier,0,828,[],黑色紧身胸衣
5747,1400702,orange_belt,0,2449,[],橙色腰带
5748,670355,headphones_removed,0,731,[],耳机已取下
5749,5199,leggings,0,19245,[],紧身裤
5750,1333955,side-tie_leotard,0,3170,[],侧系带紧身连体衣
5751,1300390,bandaged_head,0,6089,[],绷带头
5752,688374,holding_cross,0,1334,[],手持十字架
5753,618153,pink_scarf,0,7410,[],粉色围巾
5754,492677,bolo_tie,0,2762,[],波洛领带
5755,436459,acorn,0,1456,[],橡子
5756,1369969,ground_vehicle,0,614,[],地面车辆
5757,525750,blood_on_breasts,0,1115,[],胸部血迹
5758,1605157,colored_nipples,0,1947,[],彩色乳头
5759,543193,spread_wings,0,3117,[],展开翅膀
5760,974780,stomach_cutout,0,5916,[],腹部镂空
5761,1378645,constellation_print,0,3464,[],星座图案
5762,1249322,hauchiwa,0,1796,[],团扇
5763,393568,amulet,0,1661,[],护身符
5764,631824,canned_coffee,0,1049,[],罐装咖啡
5765,1323483,fangs_out,0,3122,[],露虎牙
5766,428269,hard_hat,0,1716,[],安全帽
5767,389161,french_fries,0,5081,[],薯条
5768,1429063,purple_bag,0,1085,[],紫色包
5769,1474867,grey_bag,0,1252,[],灰色包
5770,459940,beer_mug,0,8327,[],啤酒杯
5771,587611,burnt,0,807,[],烧焦
5772,1533601,sideless_outfit,0,6068,[],无侧边服装
5773,468075,jiangshi,0,9337,[],僵尸
5774,539536,blue_headband,0,3470,[],蓝色发带
5775,621930,mandarin_collar,0,12556,[],中式立领
5776,1305509,box_of_chocolates,0,2178,[],盒装巧克力
5777,10045,family,0,8187,[],家庭
5778,481999,motorcycle_helmet,0,2032,[],摩托车头盔
5779,399246,stadium,0,2529,[],体育场
5780,9554,g-string,0,3688,[],丁字裤
5781,492944,see-through_panties,0,1057,[],透视内裤
5782,1086828,bow_(music),0,3466,[],琴弓
5783,1795066,holding_bow_(music),0,1715,[],持琴弓
5784,82386,absolutely_everyone,0,1080,[],全员集合
5785,474982,white_robe,0,10591,[],白色长袍
5786,540545,rod_of_remorse,0,3862,[],悔恨之杖
5787,1362227,holding_stick,0,3944,[],手持棍棒
5788,376621,wa_lolita,0,1204,[],和风萝莉塔
5789,456589,leather_boots,0,2069,[],皮靴
5790,255403,cleaver,0,1682,[],菜刀
5791,464552,cucumber,0,2451,[],黄瓜
5792,11395,swing,0,3536,[],秋千
5793,1613886,animal_ear_headwear,0,5409,[],兽耳头饰
5794,570969,red_armor,0,5490,[],红色盔甲
5795,1622471,floating_earring,0,0,[],悬浮耳环
5796,1039289,gold_necklace,0,7140,[],金项链
5797,5946,boxcutter,0,1550,[],美工刀
5798,501887,levitation,0,1747,[],漂浮
5799,524012,pinstripe_pattern,0,12941,[],细条纹图案
5800,1539213,flower_over_eye,0,1947,[],遮眼花
5801,1421046,holding_cane,0,3798,[],手持手杖
5802,3614,stain,0,1482,[],污渍
5803,1412354,stained_sheets,0,1027,[],污渍床单
5804,440354,yo-yo,0,1866,[],溜溜球
5805,1254363,twitter_username,0,330480,[],推特用户名
5806,390530,grey_skin,0,17738,[],灰色皮肤
5807,421120,shell_bikini,0,1831,[],贝壳比基尼
5808,522628,upshorts,0,1619,[],上提短裤
5809,665765,animal_collar,0,14159,[],动物项圈
5810,1504031,white_butterfly,0,2602,[],白蝴蝶
5811,484578,disembodied_head,0,3974,[],分离的头
5812,707514,stone_stairs,0,1536,[],石阶
5813,1581033,see-through_sarong,0,1156,[],透视纱笼
5814,463167,hand_on_thigh,0,0,[],手放大腿
5815,424682,horse_penis,0,2714,[],马阴茎
5816,475528,ankle_grab,0,1381,[],抓脚踝
5817,13597,triple_penetration,0,1427,[],三穴插入
5818,473988,cooler,0,2111,[],冷却器
5819,1302681,orange_pants,0,3693,[],橙色裤子
5820,5597,newspaper,0,4837,[],报纸
5821,405207,arch,0,4451,[],拱门
5822,583857,oni_horns,0,11113,[],鬼角
5823,1342820,pussy_focus,0,809,[],阴道特写
5824,377993,petting,0,5012,[],抚摸
5825,410328,hands,0,0,[],手
5826,714975,animal_helmet,0,990,[],动物头盔
5827,7929,shackles,0,12837,[],脚镣
5828,561625,forced_smile,0,1068,[],强颜欢笑
5829,458819,talking,0,20116,[],说话
5830,1447648,sailor_senshi_uniform,0,8913,[],水手战士制服
5831,703219,multicolored_wings,0,6776,[],彩色翅膀
5832,657469,rainbow_order,0,2630,[],彩虹顺序
5833,1416333,cherry_blossom_print,0,3387,[],樱花印花
5834,645771,seigaiha,0,3197,[],青海波
5835,1396963,holding_hose,0,2551,[],手持水管
5836,496893,checkered_dress,0,1093,[],格子连衣裙
5837,522364,tart_(food),0,996,[],果馅饼
5838,1686123,black_armband,0,3011,[],黑色臂章
5839,1375293,white_dog,0,857,[],白狗
5840,1257988,holding_photo,0,1470,[],手持照片
5841,484041,wind_turbine,0,970,[],风力发电机
5842,1327283,cracked_floor,0,1298,[],破裂地板
5843,489647,strong,0,958,[],强壮
5844,396687,hourglass,0,1826,[],沙漏
5845,406035,legs_over_head,0,1621,[],腿举过头
5846,519892,naked_coat,0,3234,[],裸体外套
5847,1416387,kita_high_school_uniform,0,12866,[],北高制服
5848,511246,blank_speech_bubble,0,2689,[],空白对话框
5849,682286,title_parody,0,1606,[],标题恶搞
5850,1513950,holding_sketchbook,0,859,[],持素描本
5851,381083,sketchbook,0,3419,[],速写本
5852,399273,adidas,0,1461,[],阿迪达斯
5853,382030,beetle,0,1248,[],甲虫
5854,444567,tail_wrap,0,3389,[],尾巴缠绕
5855,459289,blue_lips,0,5887,[],蓝色嘴唇
5856,9781,pacifier,0,2851,[],奶嘴
5857,616149,blue_suit,0,1565,[],蓝色西装
5858,2006755,unworn_helmet,0,6495,[],未戴头盔
5859,394721,varia_suit,0,1128,[],瓦里亚服
5860,1228145,holding_swimsuit,0,1327,[],手持泳装
5861,1295452,female_service_cap,0,1167,[],女式服务帽
5862,431374,curtsey,0,2245,[],屈膝礼
5863,1399022,no_sclera,0,3066,[],无眼白
5864,1886232,on_scooter,0,960,[],骑踏板车
5865,531475,aviator_cap,0,1083,[],飞行员帽
5866,504744,load_bearing_vest,0,2304,[],承重背心
5867,487949,arm_above_head,0,1541,[],手臂举过头
5868,649327,wide_ponytail,0,4420,[],宽马尾
5869,554098,mole_on_breast,0,44474,[],胸部痣
5870,1556706,holding_creature,0,1963,[],手持生物
5871,437278,masu,0,966,[],枡
5872,1427943,yellow_tank_top,0,1731,[],黄色背心
5873,1614785,finger_to_own_chin,0,4030,[],手指抵下巴
5874,1268355,carrot_necklace,0,3417,[],胡萝卜项链
5875,671484,stuffed_shark,0,2753,[],鲨鱼玩偶
5876,475375,chocolate_cake,0,1433,[],巧克力蛋糕
5877,620901,ice_cream_float,0,1569,[],冰淇淋漂浮
5878,12396,ice_cube,0,4610,[],冰块
5879,470690,pancake,0,5637,[],煎饼
5880,398742,pastry,0,3551,[],糕点
5881,330013,pie,0,2827,[],派
5882,701994,pov_across_table,0,2621,[],隔桌视角
5883,705659,full_mouth,0,661,[],满嘴
5884,376452,bee_girl,0,930,[],蜜蜂娘
5885,1378838,fur-trimmed_leotard,0,1036,[],毛边紧身连衣裤
5886,494260,purple_wings,0,6639,[],紫色翅膀
5887,2025977,qingdai_guanmao,0,4669,[],清代官帽
5888,1384374,grey_hairband,0,2306,[],灰色发带
5889,563153,plaid_shorts,0,972,[],格子短裤
5890,608070,boxer_briefs,0,1871,[],平角内裤
5891,582411,cum_through_clothes,0,892,[],衣物透精
5892,8918,inflation,0,2776,[],膨胀
5893,12570,armpit_hair,0,8065,[],腋毛
5894,389933,harem_pants,0,2507,[],哈伦裤
5895,618005,pennant,0,1831,[],三角旗
5896,397320,quadruple_amputee,0,1015,[],四肢截肢者
5897,546133,ghost_tail,0,4258,[],幽灵尾巴
5898,1582181,string_of_fate,0,5331,[],命运红线
5899,495234,inflatable_toy,0,3649,[],充气玩具
5900,1489518,frilled_wrist_cuffs,0,3319,[],褶边腕套
5901,420298,big_hair,0,11091,[],大发型
5902,521852,pussy_juice_trail,0,5780,[],淫液痕迹
5903,461401,treasure_chest,0,2747,[],宝箱
5904,453104,cameo,0,3278,[],客串
5905,1257075,number_tattoo,0,9437,[],数字纹身
5906,1920354,strapless_one-piece_swimsuit,0,1356,[],无肩带连体泳衣
5907,427771,omelet,0,4806,[],煎蛋卷
5908,523847,omurice,0,3244,[],蛋包饭
5909,1379954,diffraction_spikes,0,5375,[],衍射星芒
5910,1428905,holding_surfboard,0,1068,[],手持冲浪板
5911,647958,ankleband,0,772,[],脚链
5912,619121,hair_beads,0,7109,[],发珠
5913,534340,calendar_(object),0,3838,[],日历(物品)
5914,68500,ruler,0,1846,[],尺子
5915,440482,leg_wrap,0,1776,[],腿缠绕
5916,1428052,watermelon_slice,0,2136,[],西瓜片
5917,463089,oven,0,963,[],烤箱
5918,11347,army,0,1326,[],军队
5919,391029,fusuma,0,882,[],襖
5920,487378,face_down,0,1100,[],面朝下
5921,498775,orange_skin,0,2739,[],橙色皮肤
5922,1390670,breast_tattoo,0,6501,[],胸部纹身
5923,471755,machinery,0,29990,[],机械装置
5924,377200,balcony,0,3876,[],阳台
5925,1472811,holding_newspaper,0,1280,[],手持报纸
5926,605380,vertical-striped_bikini,0,1445,[],竖条纹比基尼
5927,406042,exhausted,0,2560,[],筋疲力尽
5928,1258092,ribbon-trimmed_legwear,0,0,[],丝带镶边腿饰
5929,433212,bookmark,0,2111,[],书签
5930,486210,tie_clip,0,6936,[],领带夹
5931,413459,inflatable_raft,0,1204,[],充气筏
5932,1414615,mole_on_stomach,0,1976,[],腹部痣
5933,470625,torn_gloves,0,1945,[],破洞手套
5934,1314693,grey_scarf,0,3725,[],灰色围巾
5935,1501540,skin_fang,0,76157,[],皮肤虎牙
5936,1413219,covering_another's_mouth,0,1584,[],捂住他人嘴
5937,442051,dust,0,3481,[],灰尘
5938,9504,magatama,0,13189,[],勾玉
5939,434827,soccer_uniform,0,5365,[],足球服
5940,384700,dock,0,1199,[],码头
5941,381280,lighthouse,0,1589,[],灯塔
5942,390436,birdcage,0,3298,[],鸟笼
5943,6424,cage,0,5872,[],笼子
5944,1235654,gradient_clothes,0,8031,[],渐变服装
5945,1235655,gradient_dress,0,3206,[],渐变连衣裙
5946,699142,diamond-shaped_pupils,0,7736,[],菱形瞳孔
5947,1470365,flying_button,0,824,[],飞扣
5948,534139,popped_button,0,1302,[],崩开的纽扣
5949,1733638,race_bib,0,921,[],比赛号码布
5950,441997,track_and_field,0,1239,[],田径
5951,445826,phimosis,0,3615,[],包茎
5952,1339894,fishnet_top,0,3958,[],渔网上衣
5953,1557673,pendant_choker,0,5262,[],吊坠项圈
5954,1255173,shoujo_kitou-chuu,0,792,[],少女祈祷中
5955,458796,sheep_horns,0,10731,[],羊角
5956,1315295,holding_another's_hair,0,12708,[],手持他人头发
5957,432913,penguin_costume,0,815,[],企鹅装
5958,1447858,feather_hair_ornament,0,21760,[],羽毛发饰
5959,547081,incoming_attack,0,3813,[],来袭攻击
5960,559450,incoming_punch,0,871,[],迎面拳击
5961,380602,byakugan,0,654,[],白眼
5962,446404,cheek_pull,0,1562,[],拉脸颊
5963,401136,kimono_lift,0,1326,[],掀和服
5964,543455,bolt_action,0,6153,[],栓动式
5965,397871,mauser_98,0,853,[],毛瑟98
5966,1367101,holding_scissors,0,3633,[],手持剪刀
5967,15074,arcade,0,872,[],街机
5968,467030,mosin-nagant,0,831,[],莫辛-纳甘
5969,622688,muscular_female,0,29460,[],肌肉女性
5970,1268348,pawpads,0,7130,[],肉垫
5971,1721304,dyed_bangs,0,0,[],染刘海
5972,13070,shinigami,0,894,[],死神
5973,646459,striped_shorts,0,3210,[],条纹短裤
5974,1320443,vertical-striped_shorts,0,1539,[],竖条纹短裤
5975,2198024,multiple_unit_train,0,753,[],多编组列车
5976,291535,pearl_necklace,0,11660,[],珍珠项链
5977,627994,bruce_lee's_jumpsuit,0,635,[],李小龙连身衣
5978,1392006,yellow_bodysuit,0,2554,[],黄色紧身连体衣
5979,448399,dougi,0,10046,[],道服
5980,687873,...?,0,1415,[],...?(表情)
5981,701998,overall_skirt,0,1224,[],背带裙
5982,16833,sidewalk,0,2306,[],人行道
5983,393166,bloom,0,4533,[],开花
5984,3927,gao,0,1091,[],嘎哦
5985,433742,frozen,0,1188,[],冰冻
5986,452530,ok_sign,0,4592,[],OK手势
5987,1468297,sixteenth_note,0,1021,[],十六分音符
5988,496226,multiple_legs,0,1391,[],多条腿
5989,669792,futa_with_male,0,3782,[],扶她与男性
5990,692860,alternate_legwear,0,3566,[],不对称腿饰
5991,561756,male_on_futa,0,1066,[],男攻扶她
5992,1639311,arthropod_boy,0,1415,[],节肢动物男孩
5993,586735,carapace,0,1098,[],甲壳
5994,507242,monster_boy,0,11135,[],怪物男孩
5995,1351869,mesugaki,0,2900,[],雌小鬼
5996,466439,sparks,0,3369,[],火花
5997,1394755,green_outline,0,912,[],绿色轮廓
5998,645622,sleeveless_coat,0,2629,[],无袖外套
5999,1290473,arrow_in_body,0,757,[],身中箭
6000,1874891,object_through_head,0,2640,[],物体穿过头部
6001,395851,log,0,2366,[],原木
6002,1280149,crescent_earrings,0,5054,[],新月耳环
6003,1349072,mismatched_earrings,0,1399,[],不配对耳环
6004,1248217,orange_coat,0,1088,[],橙色外套
6005,431724,cheekbones,0,1661,[],颧骨
6006,1780,cow,0,1957,[],牛
6007,473830,flirting,0,947,[],调情
6008,390154,left-to-right_manga,0,2835,[],从左到右阅读漫画
6009,642323,teacher_and_student,0,2209,[],师生
6010,388868,m4_carbine,0,2666,[],M4卡宾枪
6011,547292,reflective_floor,0,4092,[],反光地板
6012,1337096,white_vest,0,9338,[],白色背心
6013,1681088,furry_female,0,47277,[],兽娘女性
6014,449248,scope,0,5920,[],瞄准镜
6015,471621,stop_sign,0,766,[],停车标志
6016,619775,dollar_sign,0,989,[],美元符号
6017,506669,egg_yolk,0,745,[],蛋黄
6018,405417,price_tag,0,915,[],价签
6019,641002,arcade_cabinet,0,1028,[],街机机柜
6020,433080,koi,0,1549,[],锦鲤
6021,393832,impregnation,0,4189,[],受孕
6022,9449,internal_cumshot,0,9853,[],内射
6023,6413,uterus,0,9171,[],子宫
6024,1228172,asymmetrical_gloves,0,17957,[],不对称手套
6025,644564,butterfly_print,0,3782,[],蝴蝶印花
6026,1317604,panty_straps,0,5204,[],内裤吊带
6027,549590,uneven_gloves,0,4681,[],不对称手套
6028,1373018,striped_kimono,0,2839,[],条纹和服
6029,1337967,hands_on_floor,0,777,[],手撑地
6030,489491,platform_boots,0,4516,[],厚底靴
6031,4640,hanbok,0,2252,[],韩服
6032,447322,korean_clothes,0,3921,[],韩服
6033,606828,bead_necklace,0,15546,[],珠子项链
6034,148824,dove,0,4088,[],鸽子
6035,1514232,breast_focus,0,2916,[],胸部聚焦
6036,488502,hands_in_pocket,0,1101,[],手插口袋
6037,460488,feet_up,0,9969,[],抬脚
6038,505302,bar_stool,0,2131,[],吧台凳
6039,1799827,brushing_own_hair,0,697,[],梳头
6040,10769,transformation,0,6765,[],变身
6041,424585,viewfinder,0,7804,[],取景器
6042,493711,finger_frame,0,1735,[],手指框
6043,556987,sparkling_eyes,0,14625,[],闪闪发光的眼睛
6044,412400,coif,0,2877,[],兜帽
6045,1535289,lace-trimmed_headwear,0,766,[],蕾丝边头饰
6046,1393295,orange_choker,0,3176,[],橙色项圈
6047,400507,sailor_senshi,0,1243,[],水手战士
6048,1791550,green_armband,0,1847,[],绿色臂章
6049,1948371,nervous_sweating,0,17188,[],紧张冒汗
6050,1360724,brown_cape,0,4872,[],棕色披风
6051,483418,mini_top_hat,0,11387,[],迷你高顶礼帽
6052,395436,reindeer_costume,0,2284,[],驯鹿装
6053,395151,sleigh,0,753,[],雪橇
6054,422775,dark_nipples,0,7340,[],深色乳头
6055,1454971,screen_light,0,923,[],屏幕光
6056,529223,cellphone_charm,0,1356,[],手机挂饰
6057,662846,listening_to_music,0,1082,[],听音乐
6058,1344208,aqua_shorts,0,1176,[],水色短裤
6059,5119,pinwheel,0,1632,[],风车
6060,841221,very_dark_skin,0,11829,[],极深肤色
6061,1400382,barbell_piercing,0,9006,[],杠铃穿刺
6062,701996,nipple_bar,0,4441,[],乳头环
6063,516011,playstation_portable,0,1631,[],PSP
6064,658981,open_belt,0,2545,[],敞开腰带
6065,533819,glands_of_montgomery,0,751,[],蒙哥马利腺
6066,382440,pantylines,0,4731,[],内裤线
6067,652399,araki_hirohiko_(style),0,1312,[],荒木飞吕彦(风格)
6068,1480497,fur_choker,0,895,[],毛皮项圈
6069,1543883,josou_seme,0,1126,[],女装攻
6070,549142,yes-no_pillow,0,2323,[],是-否枕头
6071,428710,buster_sword,0,1965,[],巨剑
6072,494837,hat_over_eyes,0,970,[],帽子遮眼
6073,4079,isometric,0,1207,[],等轴视图
6074,1339258,logo_parody,0,1630,[],标志恶搞
6075,1971318,holding_mahjong_tile,0,772,[],持麻将牌
6076,467668,cue_stick,0,847,[],台球杆
6077,643516,pyrokinesis,0,3652,[],控火术
6078,1345473,ribbon-trimmed_dress,0,2224,[],缎带镶边连衣裙
6079,456655,broken_glass,0,4948,[],碎玻璃
6080,1428577,ryouou_school_uniform,0,5069,[],凌央学园制服
6081,507338,fishnet_gloves,0,2950,[],渔网手套
6082,1768472,borrowed_clothes,0,4911,[],借来的衣服
6083,2006776,unworn_shorts,0,1130,[],未穿短裤
6084,586758,penis_measuring,0,852,[],阴茎测量
6085,450248,sickle,0,1188,[],镰刀
6086,1304845,hands_on_own_chin,0,965,[],手托下巴
6087,536429,cupping_hands,0,2354,[],捧手
6088,550626,convertible,0,860,[],敞篷车
6089,1257074,hand_on_floor,0,1385,[],手撑地面
6090,631542,pointing_at_self,0,8213,[],指向自己
6091,1853211,single_hair_ring,0,5579,[],单发环
6092,1467148,holding_spring_onion,0,990,[],持葱
6093,499060,ainu_clothes,0,3307,[],阿伊努服饰
6094,417908,white_tiger,0,1424,[],白虎
6095,466947,volleyball_net,0,1128,[],排球网
6096,663848,naked_kimono,0,2188,[],裸穿和服
6097,555866,pillow_grab,0,3862,[],抓枕头
6098,634813,hugging_tail,0,1360,[],抱尾巴
6099,4174,tomboy,0,10788,[],假小子
6100,529455,tight_dress,0,2159,[],紧身连衣裙
6101,471929,cum_on_stomach,0,5190,[],腹部精液
6102,4182,interview,0,739,[],采访
6103,1265662,lace-trimmed_hairband,0,1422,[],蕾丝发箍
6104,1253562,black_hood,0,2859,[],黑色兜帽
6105,1204400,playing_with_own_hair,0,3951,[],玩自己头发
6106,1533721,fish_(food),0,3223,[],鱼(食物)
6107,4191,sushi,0,5569,[],寿司
6108,365028,stealth_sex,0,1968,[],偷情
6109,404254,beaker,0,850,[],烧杯
6110,599652,spoken_blush,0,8407,[],言语脸红
6111,4239,catsuit,0,872,[],紧身连衣裤
6112,464635,cattail,0,776,[],香蒲
6113,492764,heart_tail,0,2539,[],心形尾巴
6114,635361,body_switch,0,1145,[],身体交换
6115,592592,personality_switch,0,1564,[],人格切换
6116,577080,hand_on_lap,0,2162,[],手放膝上
6117,1226408,lace_background,0,741,[],蕾丝背景
6118,426382,bear_tail,0,1418,[],熊尾巴
6119,465863,cum_on_legs,0,4613,[],腿上精液
6120,593552,plaid_pants,0,3443,[],格子裤
6121,1455114,hair_tie_in_mouth,0,5618,[],发绳含在嘴里
6122,1076181,flower_(symbol),0,0,[],花(符号)
6123,1983653,white_slingshot_swimsuit,0,826,[],白色弹弓泳装
6124,4374,meta,0,1219,[],元
6125,399875,beach_chair,0,3343,[],沙滩椅
6126,494838,soda_bottle,0,2001,[],汽水瓶
6127,664177,holding_footwear,0,0,[],手持鞋子
6128,1442516,paw_print_pattern,0,1046,[],爪印图案
6129,586174,neon_trim,0,4621,[],霓虹镶边
6130,1374287,ribbed_bodysuit,0,1682,[],罗纹连体衣
6131,481294,detached_wings,0,11571,[],分离翅膀
6132,1321346,padlocked_collar,0,844,[],挂锁项圈
6133,1262238,hand_on_ground,0,2060,[],手撑地面
6134,594013,orange_rose,0,2066,[],橙色玫瑰
6135,598269,kissing_forehead,0,2623,[],吻额头
6136,495047,bellflower,0,787,[],桔梗
6137,475381,striped_scarf,0,7625,[],条纹围巾
6138,1490497,green-tinted_eyewear,0,1859,[],绿色墨镜
6139,658254,holding_helmet,0,0,[],手持头盔
6140,207834,mascara,0,4907,[],睫毛膏
6141,1379926,black_hoodie,0,22840,[],黑色连帽衫
6142,1726780,egg_(food),0,3677,[],蛋(食物)
6143,523897,fried_egg,0,3700,[],煎蛋
6144,632009,blonde_pubic_hair,0,2366,[],金色阴毛
6145,663385,crossed_ankles,0,6339,[],交叉脚踝
6146,673175,offering_hand,0,1692,[],给予之手
6147,4262,surreal,0,5591,[],超现实
6148,661340,holding_poke_ball,0,19877,[],手持精灵球
6149,1128907,pokemon_(creature),0,177814,[],宝可梦
6150,1381675,holding_stylus,0,2517,[],手持触控笔
6151,147971,stylus,0,5245,[],触控笔
6152,11880,familiar,0,901,[],使魔
6153,407678,wolf_tail,0,49435,[],狼尾
6154,695246,hakama_pants,0,3318,[],袴裤
6155,1685196,hakama_short_skirt,0,13504,[],短裙袴
6156,516605,captured,0,1202,[],被捕获
6157,409759,cleave_gag,0,1910,[],开口器口球
6158,1282898,cloth_gag,0,3741,[],布质口塞
6159,1277869,horned_headwear,0,4920,[],角状头饰
6160,374339,foot_worship,0,994,[],足崇拜
6161,790375,licking_foot,0,1432,[],舔脚
6162,6389,tickling,0,3259,[],挠痒
6163,1399268,tickling_feet,0,1072,[],挠脚
6164,378038,pentacle,0,1833,[],五芒星
6165,669693,stalk_in_mouth,0,1743,[],叼茎
6166,4281,hole,0,1336,[],洞
6167,599713,after_masturbation,0,1083,[],自慰后
6168,511645,single_kneehigh,0,5143,[],单只过膝袜
6169,564002,guided_penetration,0,1473,[],引导插入
6170,1403814,blue_neckwear,0,0,[],蓝色颈饰
6171,414749,helm,0,3665,[],头盔
6172,489724,breast_pillow,0,710,[],乳枕
6173,511691,sweater_lift,0,8993,[],毛衣掀起
6174,709609,wrong_foot,0,955,[],穿错脚
6175,386334,kirisame_marisa_(cosplay),0,782,[],雾雨魔理沙(cosplay)
6176,478965,light_bulb,0,4106,[],灯泡
6177,398574,reloading,0,899,[],装弹
6178,1345564,partially_unzipped,0,9729,[],半拉链
6179,1404688,pink_tank_top,0,1271,[],粉色吊带背心
6180,897891,wedge_heels,0,995,[],坡跟鞋
6181,698204,multiple_piercings,0,3042,[],多处穿孔
6182,2239121,band_(music),0,860,[],乐队
6183,14739,hammock,0,1486,[],吊床
6184,1344687,holding_letter,0,2007,[],手持信件
6185,9587,love_letter,0,2582,[],情书
6186,622607,official_style,0,12479,[],官方风格
6187,496392,depressed,0,1002,[],沮丧
6188,10938,reindeer,0,1550,[],驯鹿
6189,695365,bubble_background,0,668,[],泡泡背景
6190,556519,electrical_outlet,0,1517,[],电源插座
6191,1423058,facing_to_the_side,0,6143,[],侧身
6192,440780,sailor_shirt,0,25926,[],水手衫
6193,726190,breast_conscious,0,1993,[],在意胸部
6194,393578,beanie,0,27892,[],针织帽
6195,656303,shirt_in_mouth,0,2198,[],咬衣角
6196,374998,abuse,0,1394,[],虐待
6197,1267378,panties_over_garter_belt,0,750,[],内裤外穿吊袜带
6198,1356833,frilled_capelet,0,4598,[],荷叶边短披肩
6199,542208,blank_stare,0,2012,[],呆滞的眼神
6200,396195,billboard,0,1129,[],广告牌
6201,1427920,polearm_behind_back,0,0,[],背后长柄武器
6202,488375,rainbow_gradient,0,2439,[],彩虹渐变
6203,10389,drugged,0,1076,[],被下药
6204,4638,drugs,0,1765,[],毒品
6205,10639,yarn,0,1912,[],毛线
6206,688378,multi-tied_hair,0,7868,[],多束扎发
6207,1304847,green_border,0,1390,[],绿色边框
6208,491661,hat_tip,0,1836,[],脱帽致意
6209,1410099,purple_sleeves,0,8039,[],紫色袖子
6210,671147,licking_ear,0,1257,[],舔耳朵
6211,447307,stone,0,1654,[],石头
6212,551086,protecting,0,1200,[],保护
6213,1440492,green_capelet,0,2783,[],绿色短披风
6214,1384369,green_hairband,0,6110,[],绿色发带
6215,586819,energy_wings,0,5046,[],能量翅膀
6216,406557,eggshell,0,773,[],蛋壳
6217,661926,ankle_strap,0,2739,[],脚踝带
6218,1940741,goatee_stubble,0,3741,[],山羊胡茬
6219,461218,selfcest,0,3213,[],自我配对
6220,445622,leopard_ears,0,2352,[],豹耳
6221,1485633,leopard_girl,0,741,[],豹女
6222,629694,leopard_tail,0,1633,[],豹尾
6223,677066,finger_to_another's_mouth,0,1334,[],手指入他人嘴
6224,1271756,black_scarf,0,14560,[],黑色围巾
6225,483695,carton,0,1045,[],纸箱
6226,506989,hedge,0,740,[],树篱
6227,1232969,transmission_tower,0,857,[],输电塔
6228,428664,embers,0,5405,[],余烬
6229,1729301,see-through_body,0,1591,[],透明身体
6230,524545,box_art,0,1127,[],盒装艺术
6231,675626,in_palm,0,1546,[],掌中
6232,952856,blood_drip,0,1608,[],滴血
6233,2122362,green_visor,0,1537,[],绿色面罩
6234,394046,power_armor,0,7284,[],动力装甲
6235,1681107,in-universe_location,0,2914,[],剧中地点
6236,393452,leaf_umbrella,0,1171,[],叶伞
6237,5861,bishounen,0,24196,[],美少年
6238,540308,baggy_clothes,0,1881,[],宽松衣服
6239,520624,baseball_jersey,0,887,[],棒球衫
6240,9590,jersey,0,3413,[],运动衫
6241,1479613,spiked_footwear,0,0,[],带钉鞋
6242,1650061,low_poly,0,890,[],低多边形
6243,675942,zun_(style),0,1640,[],ZUN风
6244,391985,ashtray,0,1211,[],烟灰缸
6245,648872,sitting_on_animal,0,716,[],坐在动物上
6246,528148,ray_gun,0,937,[],射线枪
6247,429978,between_toes,0,1539,[],脚趾间
6248,497027,pointy_breasts,0,1843,[],尖乳
6249,1574672,two-sided_cape,0,7143,[],双面披风
6250,1618015,slime_(creature),0,4546,[],史莱姆(生物)
6251,634879,fume,0,642,[],烟雾
6252,1240337,yellow_border,0,2254,[],黄色边框
6253,468635,coral,0,3542,[],珊瑚
6254,716956,puff_and_slash_sleeves,0,1477,[],泡泡袖与开衩袖
6255,393203,handstand,0,1533,[],倒立
6256,1307800,skull_earrings,0,2996,[],骷髅耳环
6257,634874,o-ring_swimsuit,0,1084,[],O形环泳装
6258,5364,ganguro,0,1191,[],辣妹黑皮
6259,492645,gyaru,0,22113,[],辣妹
6260,439779,hay,0,720,[],干草
6261,1691576,two-tone_bodysuit,0,4385,[],双色紧身衣
6262,422468,satin,0,1454,[],缎面
6263,377255,bindi,0,1502,[],眉心痣
6264,7945,oar,0,1027,[],船桨
6265,590039,animal_feet,0,7191,[],动物脚
6266,409592,argyle,0,1894,[],菱形花纹
6267,1979011,antique_phone,0,2322,[],古董电话
6268,543782,rotary_phone,0,1897,[],转盘电话
6269,1440480,holding_water_gun,0,3415,[],手持水枪
6270,1444212,black_bandeau,0,1758,[],黑色抹胸
6271,618406,yellow_pants,0,3510,[],黄色裤子
6272,1291577,black_outline,0,1836,[],黑色轮廓
6273,1285325,wrist_scrunchie,0,23456,[],手腕发圈
6274,1837805,traditional_youkai,0,2398,[],传统妖怪
6275,1823311,white_leg_warmers,0,3624,[],白色腿套
6276,675868,bident,0,692,[],双叉矛
6277,1017580,playing_guitar,0,1700,[],弹吉他
6278,1563687,lotus_leaf,0,946,[],荷叶
6279,571640,jacket_over_swimsuit,0,1888,[],泳装外搭夹克
6280,410619,toe_ring,0,1891,[],脚趾环
6281,504035,film_grain,0,19195,[],胶片颗粒
6282,228097,astronaut,0,1793,[],宇航员
6283,440796,triangle,0,7269,[],三角形
6284,613840,happy_halloween,0,5228,[],万圣节快乐
6285,1539221,bandaged_wrist,0,2067,[],绷带手腕
6286,533029,dragging,0,1400,[],拖拽
6287,589659,in_bucket,0,2310,[],在桶里
6288,501095,berry,0,2703,[],浆果
6289,1234797,foot_up,0,5975,[],抬脚
6290,452130,neon_lights,0,3047,[],霓虹灯
6291,1433477,floating_cape,0,2893,[],飘浮的披风
6292,1336500,pointing_at_another,0,3258,[],指向他人
6293,517255,plum_blossoms,0,4276,[],梅花
6294,560724,belly_chain,0,4440,[],腹部链饰
6295,1335363,arm_tattoo,0,30474,[],手臂纹身
6296,1336997,green_coat,0,6809,[],绿色外套
6297,1476243,netnavi,0,1405,[],网络领航员
6298,443221,living_room,0,1070,[],客厅
6299,563425,waist_cape,0,10211,[],腰披风
6300,1502082,brown_sweater_vest,0,6154,[],棕色毛衣背心
6301,425142,submerged,0,4372,[],浸没
6302,710257,odd_one_out,0,1538,[],格格不入
6303,618953,dirigible,0,792,[],飞艇
6304,11478,stocks,0,782,[],枷锁
6305,374515,hawaiian_shirt,0,3266,[],夏威夷衬衫
6306,585021,spoken_sweatdrop,0,3189,[],说话汗滴
6307,1267456,holding_leaf,0,3036,[],手持叶子
6308,1407341,holding_notebook,0,2341,[],手持笔记本
6309,382047,sunrise,0,4172,[],日出
6310,252960,tengu,0,1676,[],天狗
6311,515468,head-mounted_display,0,4948,[],头戴式显示器
6312,1055373,leaning_on_table,0,1037,[],靠在桌子上
6313,396470,arm_cannon,0,12482,[],臂炮
6314,570296,giving_up_the_ghost,0,2069,[],魂归西天
6315,374989,quiver,0,6999,[],箭筒
6316,462045,cash_register,0,1035,[],收银机
6317,1438761,high-waist_pants,0,7825,[],高腰裤
6318,1425383,blue_pajamas,0,2365,[],蓝色睡衣
6319,601821,nape,0,3788,[],后颈
6320,608024,arm_between_legs,0,1792,[],手臂夹腿
6321,393237,bandolier,0,1790,[],弹药带
6322,651680,stuffed_panda,0,1068,[],熊猫玩偶
6323,5958,kitten,0,1024,[],小猫
6324,478328,rolling_eyes,0,15872,[],翻白眼
6325,168887,age_comparison,0,1558,[],年龄对比
6326,1404921,pink_ascot,0,2051,[],粉色领巾
6327,2006775,unworn_goggles,0,902,[],未佩戴护目镜
6328,1386603,orange_cape,0,1537,[],橙色披风
6329,404958,pilot_suit,0,1156,[],飞行员服
6330,398857,mind_control,0,10927,[],精神控制
6331,533490,adjusting_gloves,0,3572,[],调整手套
6332,1781449,biting_glove,0,1311,[],咬手套
6333,662488,palms_together,0,2905,[],合掌
6334,1414361,red_outline,0,1812,[],红色轮廓
6335,1141250,black_fur,0,10794,[],黑色毛发
6336,1618371,body_fur,0,27386,[],体毛
6337,1318253,purple_fur,0,3251,[],紫色毛皮
6338,1365638,bandaid_on_hand,0,2956,[],手上创可贴
6339,665045,holding_another's_tail,0,836,[],握着别人的尾巴
6340,61654,tail_grab,0,2118,[],抓尾巴
6341,559663,unamused,0,2592,[],不悦
6342,406437,urban,0,1108,[],都市
6343,440583,welsh_corgi,0,742,[],威尔士柯基犬
6344,11665,seatbelt,0,1350,[],安全带
6345,546085,brown_bra,0,1320,[],棕色胸罩
6346,1334708,holding_paintbrush,0,5750,[],手持画笔
6347,524796,age_progression,0,3261,[],年龄增长
6348,8648,jump_rope,0,873,[],跳绳
6349,520554,blue_fire,0,9760,[],蓝色火焰
6350,498823,burning,0,3938,[],燃烧
6351,406767,super_robot,0,2860,[],超级机器人
6352,5723,fedora,0,7960,[],软呢帽
6353,4740,disguise,0,968,[],伪装
6354,1551195,1970s_(style),0,990,[],1970年代风格
6355,395658,christmas_tree,0,12450,[],圣诞树
6356,495851,open_hoodie,0,8984,[],敞开连帽衫
6357,10293,marker,0,3038,[],马克笔
6358,705129,holding_jacket,0,2543,[],手持外套
6359,1499340,sphere_earrings,0,6578,[],球形耳环
6360,599594,prosthetic_arm,0,7329,[],义肢
6361,480571,mechanization,0,2048,[],机械化
6362,287045,hanami,0,1024,[],赏花
6363,408976,bat_ears,0,3667,[],蝙蝠耳
6364,547300,misunderstanding,0,1404,[],误解
6365,8921,white_day,0,1324,[],白色情人节
6366,582033,clothes_tug,0,1260,[],拉扯衣服
6367,695792,chained_wrists,0,1290,[],锁链手腕
6368,644588,long_eyelashes,0,10393,[],长睫毛
6369,492558,orange_bra,0,929,[],橙色胸罩
6370,691979,high_tops,0,1605,[],高帮鞋
6371,544204,bowl_cut,0,3566,[],娃娃头
6372,612699,dirty_clothes,0,4034,[],脏衣服
6373,389647,clock_tower,0,1908,[],钟楼
6374,374503,strawberry_shortcake,0,3959,[],草莓奶油蛋糕
6375,356574,tower,0,6885,[],塔
6376,648546,belt_boots,0,1832,[],腰带靴
6377,630404,pumpkin_hat,0,1024,[],南瓜帽
6378,379311,chandelier,0,3387,[],吊灯
6379,1324088,wall_lamp,0,833,[],壁灯
6380,380148,kaleidostick,0,1246,[],万华镜手杖
6381,529750,glowing_hair,0,1961,[],发光头发
6382,460438,damaged,0,7657,[],破损
6383,1328754,brown_border,0,2002,[],棕色边框
6384,10911,pond,0,3209,[],池塘
6385,687850,holding_shirt,0,1285,[],抓着衬衫
6386,420311,\m/,0,8593,[],\m/(表情)
6387,393321,scratches,0,4521,[],抓痕
6388,1252918,sitting_on_table,0,1511,[],坐桌子
6389,475951,ornament,0,686,[],装饰品
6390,540293,vampire_costume,0,1860,[],吸血鬼服装
6391,639869,white_cape,0,21260,[],白色披风
6392,16658,nissan,0,1120,[],日产
6393,459931,prostitution,0,3234,[],卖淫
6394,593696,leather_gloves,0,2429,[],皮手套
6395,1263012,studded_gloves,0,761,[],铆钉手套
6396,468068,spread_toes,0,6004,[],张开脚趾
6397,417078,bayonet,0,1603,[],刺刀
6398,1248044,tooth_necklace,0,2666,[],牙齿项链
6399,1484224,pearl_hair_ornament,0,1725,[],珍珠发饰
6400,525804,self_hug,0,1171,[],自我拥抱
6401,1976321,animal_ear_piercing,0,12020,[],动物耳穿孔
6402,211997,battle_axe,0,2887,[],战斧
6403,375272,evening_gown,0,5102,[],晚礼服
6404,1336362,futanari_pov,0,957,[],扶她视角
6405,640872,pov_crotch,0,19017,[],视角裆部
6406,473735,watching,0,1160,[],观看
6407,474159,coin_purse,0,902,[],零钱包
6408,1261550,weapon_bag,0,885,[],武器包
6409,375792,kogal,0,9107,[],辣妹
6410,491621,cheek_bulge,0,2143,[],脸颊鼓起
6411,1291900,yellow_fur,0,9845,[],黄色毛发
6412,424698,moth,0,1708,[],蛾
6413,501554,sweater_around_waist,0,3218,[],腰间系毛衣
6414,1181961,multiple_weapons,0,2838,[],多种武器
6415,418135,wok,0,930,[],炒锅
6416,521411,husband_and_wife,0,9376,[],夫妻
6417,14376,brain,0,1470,[],大脑
6418,13822,ai_ai_gasa,0,883,[],相合伞
6419,401422,screen,0,2866,[],屏幕
6420,4899,stats,0,1227,[],统计数据
6421,2006759,unworn_gloves,0,2575,[],未戴手套
6422,660817,opening_door,0,2872,[],开门
6423,1242915,rose_print,0,6819,[],玫瑰印花
6424,4905,submarine,0,698,[],潜艇
6425,1393856,hooded_coat,0,12308,[],连帽外套
6426,537098,watching_television,0,1425,[],看电视
6427,1429011,holding_candy,0,13029,[],手持糖果
6428,1408536,holding_lollipop,0,10402,[],手持棒棒糖
6429,1483533,hat_bell,0,844,[],帽子铃铛
6430,375886,sheep_girl,0,5404,[],绵羊女孩
6431,648521,baseball_(object),0,1407,[],棒球
6432,694148,candlelight,0,1111,[],烛光
6433,496190,kabuto_(helmet),0,1519,[],兜
6434,1258093,ribbon-trimmed_headwear,0,1473,[],缎带边头饰
6435,720637,chromatic_aberration,0,30320,[],色差
6436,1245350,implied_fellatio,0,1473,[],暗示口交
6437,609122,multiple_belts,0,9160,[],多条腰带
6438,724440,magical_boy,0,1191,[],魔法少年
6439,632045,no_jacket,0,3054,[],无外套
6440,1890194,grabbing_another's_ear,0,952,[],抓他人耳朵
6441,1351262,hand_on_another's_ear,0,1447,[],手摸另一人的耳朵
6442,683211,carrying_over_shoulder,0,3691,[],扛在肩上
6443,1782390,traditional_bowtie,0,12079,[],传统蝴蝶结
6444,1853327,bar_(place),0,5584,[],酒吧
6445,487630,eye_reflection,0,1292,[],眼中倒影
6446,647761,hanging_plant,0,1709,[],悬挂植物
6447,699336,sharp_toenails,0,2023,[],尖锐脚趾甲
6448,403466,medallion,0,1628,[],奖章
6449,12086,globe,0,2190,[],地球仪
6450,448692,saddle,0,1677,[],马鞍
6451,534114,cocktail_dress,0,2295,[],鸡尾酒裙
6452,482913,black_suit,0,14418,[],黑色西装
6453,650140,clothed_male_nude_male,0,1199,[],穿衣男与裸男
6454,653053,strapless_shirt,0,5320,[],无肩带上衣
6455,383835,runes,0,2094,[],符文
6456,413068,sequential,0,1654,[],连续
6457,111243,cock_ring,0,928,[],阴茎环
6458,1657724,just_the_tip,0,2057,[],只差一点
6459,462556,cuddling,0,4117,[],拥抱
6460,427020,stepped_on,0,2267,[],被踩
6461,119610,triplets,0,1382,[],三胞胎
6462,1385403,holding_reins,0,981,[],握着缰绳
6463,533783,reins,0,2287,[],缰绳
6464,706041,cross-shaped_pupils,0,13901,[],十字瞳孔
6465,523781,sewing_needle,0,991,[],缝纫针
6466,661337,aqua_nails,0,16304,[],水蓝色指甲
6467,565406,argyle_thighhighs,0,2680,[],菱形花纹过膝袜
6468,1019493,reptile_girl,0,1711,[],爬行类女孩
6469,426146,fur_coat,0,4243,[],毛皮大衣
6470,645682,heart-shaped_eyes,0,1335,[],心形眼
6471,1259682,ribbed_dress,0,4166,[],罗纹连衣裙
6472,2006762,unworn_footwear,0,0,[],未穿鞋
6473,242084,trophy,0,1230,[],奖杯
6474,108850,trash,0,1060,[],垃圾
6475,1344701,grey_border,0,4452,[],灰色边框
6476,120759,mat,0,1777,[],垫子
6477,457140,bouncing,0,835,[],弹跳
6478,474653,cutting_board,0,2088,[],砧板
6479,1505135,italian_text,0,965,[],意大利语文字
6480,379603,hair_brush,0,2992,[],发刷
6481,1384372,aqua_hairband,0,1637,[],水蓝色发带
6482,390685,darkness,0,4129,[],黑暗
6483,10268,net,0,1248,[],网
6484,1401251,leotard_peek,0,1404,[],紧身衣露出
6485,521422,skull_print,0,3944,[],骷髅印花
6486,1266012,pink_sclera,0,936,[],粉色巩膜
6487,555919,crystal_wings,0,4475,[],水晶翅膀
6488,1252969,white_nails,0,4948,[],白色指甲
6489,516128,backboob,0,8840,[],背乳
6490,1607841,holding_riding_crop,0,1921,[],手持马鞭
6491,1650790,cable_tail,0,2043,[],线缆尾巴
6492,14936,bee,0,1325,[],蜜蜂
6493,393640,aurora,0,1615,[],极光
6494,1188743,knit_hat,0,687,[],针织帽
6495,15450,onion,0,1364,[],洋葱
6496,515008,cum_on_self,0,2056,[],自射
6497,615253,applying_makeup,0,2365,[],化妆中
6498,204274,upshirt,0,1502,[],掀衣
6499,5231,tonfa,0,1215,[],拐棍
6500,381298,caramelldansen,0,654,[],焦糖舞
6501,1663751,cuisses,0,758,[],腿甲
6502,578544,leg_armor,0,2920,[],腿部护甲
6503,1561326,poleyn,0,1023,[],膝甲
6504,1421071,white_corset,0,2437,[],白色束腰
6505,1430698,white_garter_belt,0,1298,[],白色吊带袜
6506,584478,leaf_print,0,6923,[],叶子图案
6507,1307462,maple_leaf_print,0,1294,[],枫叶印花
6508,547983,rope_belt,0,2144,[],绳腰带
6509,1474967,grey_headwear,0,0,[],灰色头饰
6510,701295,boutonniere,0,846,[],襟花
6511,519098,yarn_ball,0,1622,[],毛线球
6512,376486,skyline,0,3150,[],天际线
6513,1334547,elbow_on_table,0,1195,[],肘部放在桌上
6514,1300235,purple_pants,0,7330,[],紫色裤子
6515,271102,ladybug,0,1428,[],瓢虫
6516,419800,compass,0,1009,[],指南针
6517,51587,cassock,0,990,[],法衣
6518,489578,whiskey,0,1275,[],威士忌
6519,454988,glitter,0,1221,[],闪光
6520,423802,amusement_park,0,1032,[],游乐园
6521,8260,ferris_wheel,0,2343,[],摩天轮
6522,521072,cupboard,0,1010,[],橱柜
6523,1582503,scar_on_chest,0,9066,[],胸部疤痕
6524,1367825,green_kimono,0,12001,[],绿色和服
6525,1399795,no_eyewear,0,3848,[],无眼镜
6526,391741,fingersmile,0,1019,[],手指微笑
6527,533944,body_horror,0,1342,[],身体恐怖
6528,531424,multiple_heads,0,1902,[],多头
6529,1508355,white_undershirt,0,0,[],白色汗衫
6530,499376,wrinkled_skin,0,3643,[],皱皮
6531,540139,different_reflection,0,3977,[],不同倒影
6532,570588,indian_clothes,0,970,[],印度服装
6533,535299,red_sclera,0,7216,[],红色巩膜
6534,646377,kikumon,0,1416,[],菊花纹
6535,397922,scalpel,0,1060,[],手术刀
6536,675922,on_roof,0,1431,[],屋顶上
6537,421282,pasta,0,2131,[],意面
6538,8409,spaghetti,0,1578,[],意大利面
6539,622030,recurring_image,0,869,[],重复图像
6540,381749,tamagoyaki,0,1206,[],玉子烧
6541,716813,sword_behind_back,0,0,[],背后持剑
6542,712902,pumpkin_hair_ornament,0,1038,[],南瓜发饰
6543,11370,island,0,1928,[],岛屿
6544,2391,square,0,1848,[],方形
6545,2006777,unworn_pants,0,879,[],未穿裤子
6546,426661,flapping,0,980,[],拍动
6547,442513,laundry_basket,0,1119,[],洗衣篮
6548,547495,morning_glory,0,2025,[],牵牛花
6549,607798,arm_wrap,0,3310,[],手臂缠绕
6550,462553,mansion,0,830,[],豪宅
6551,596588,jacket_pull,0,1513,[],拉外套
6552,379555,graffiti,0,4658,[],涂鸦
6553,564940,paint_can,0,982,[],油漆罐
6554,895872,paint_on_clothes,0,1331,[],衣服上的颜料
6555,502536,paint_splatter,0,6103,[],颜料飞溅
6556,1684568,paint_splatter_on_face,0,1724,[],脸上颜料飞溅
6557,1245211,grey_sclera,0,833,[],灰色巩膜
6558,378755,beans,0,1482,[],豆子
6559,1465576,holding_teapot,0,1888,[],手持茶壶
6560,577111,pearl_earrings,0,4100,[],珍珠耳环
6561,1801550,single_side_bun,0,31153,[],单侧丸子头
6562,554145,front-tie_bra,0,808,[],前扣式胸罩
6563,1419059,blue_tank_top,0,2263,[],蓝色背心
6564,1775923,circled_9,0,1683,[],圈9
6565,1297889,shampoo_bottle,0,955,[],洗发水瓶
6566,511500,head_on_chest,0,1515,[],头靠胸口
6567,395712,christmas_lights,0,2361,[],圣诞彩灯
6568,1637827,star_facial_mark,0,3521,[],星形面部印记
6569,377884,fabulous,0,618,[],华丽
6570,497292,bo_staff,0,1486,[],棍棒
6571,467700,salad,0,1320,[],沙拉
6572,1613301,obliques,0,3829,[],腹斜肌
6573,1465099,black_sports_bra,0,13727,[],黑色运动内衣
6574,8133,fallen_angel,0,942,[],堕天使
6575,585851,bound_ankles,0,4153,[],脚踝束缚
6576,465875,age_regression,0,1712,[],年龄退化
6577,553870,sleeveless_jacket,0,11774,[],无袖夹克
6578,11216,soup,0,2284,[],汤
6579,646637,cocktail_glass,0,3989,[],鸡尾酒杯
6580,1242767,star_necklace,0,3462,[],星星项链
6581,652663,cat_on_shoulder,0,1289,[],猫在肩上
6582,462695,cervical_penetration,0,829,[],子宫颈插入
6583,410638,huge_dildo,0,1159,[],巨大假阳具
6584,9541,punk,0,1701,[],朋克
6585,514041,hidden_eyes,0,1090,[],隐藏眼睛
6586,538859,kindergarten_uniform,0,4911,[],幼儿园制服
6587,581056,multiple_braids,0,3371,[],多股辫
6588,380358,setsubun,0,2686,[],节分
6589,539692,wide_face,0,791,[],宽脸
6590,1505168,traditional_chinese_text,0,1535,[],繁体中文文字
6591,1322883,flag_background,0,1264,[],旗帜背景
6592,632927,alternate_headwear,0,3063,[],替换头饰
6593,462978,??,0,6712,[],??(表情)
6594,989449,paw_print_background,0,2004,[],爪印背景
6595,644441,fiery_hair,0,3654,[],火焰头发
6596,405498,panda_ears,0,2674,[],熊猫耳
6597,394997,sweatpants,0,3463,[],运动裤
6598,459698,satellite_dish,0,689,[],卫星天线
6599,523426,hand_grab,0,4970,[],手抓
6600,452085,hospital_gown,0,1749,[],病号服
6601,1328421,crown_braid,0,28096,[],皇冠辫
6602,687895,exploding_clothes,0,962,[],爆衣
6603,1286028,aqua_hat,0,2495,[],水色帽子
6604,1143156,multicolored_tail,0,1423,[],多色尾巴
6605,1454154,black_pubic_hair,0,4181,[],黑色阴毛
6606,1512293,black_bridal_gauntlets,0,4950,[],黑色新娘手套
6607,1700014,mismatched_eyelashes,0,634,[],不对称睫毛
6608,637908,adapted_uniform,0,1035,[],改版制服
6609,1568979,plaid_headwear,0,0,[],格子头饰
6610,12948,storm,0,1346,[],风暴
6611,410219,scylla,0,1234,[],斯库拉
6612,607934,tentacles_on_male,0,1443,[],触手对男性
6613,390148,green_skin,0,24369,[],绿色皮肤
6614,390703,purple_skin,0,14132,[],紫色皮肤
6615,1347287,green_feathers,0,1459,[],绿色羽毛
6616,7631,harpy,0,5909,[],哈比
6617,424623,unitard,0,1736,[],连体紧身衣
6618,511644,single_wing,0,10568,[],单翼
6619,1260902,folded_hair,0,1219,[],折叠发
6620,2093382,looking_through_own_legs,0,1453,[],从自己腿间看
6621,1505137,thai_text,0,1786,[],泰语文字
6622,1891042,monster_focus,0,1156,[],怪物焦点
6623,430449,spine,0,2702,[],脊柱
6624,413820,deep_penetration,0,7143,[],深插
6625,454357,cross-eyed,0,1131,[],斗鸡眼
6626,544708,fish_girl,0,3822,[],鱼娘
6627,395011,tube_dress,0,1862,[],筒形连衣裙
6628,1939059,pink_arm_warmers,0,1139,[],粉色臂套
6629,381921,energy_ball,0,3170,[],能量球
6630,378580,energy_blade,0,910,[],能量刃
6631,5817,sauna,0,1504,[],桑拿
6632,1154412,presenting_pussy,0,1953,[],展示小穴
6633,518732,anilingus,0,2576,[],舔肛
6634,389416,impaled,0,2788,[],刺穿
6635,465330,sprite,0,862,[],精灵
6636,577453,lace_gloves,0,2150,[],蕾丝手套
6637,409980,tape_bondage,0,1052,[],胶带束缚
6638,1608617,fold-over_boots,0,2852,[],翻折靴
6639,1583922,pointy_footwear,0,0,[],尖头鞋
6640,667150,scale_armor,0,1052,[],鳞甲
6641,7839,beam,0,720,[],光束
6642,633774,bandaid_on_nose,0,10906,[],鼻上创可贴
6643,1328016,o-ring_choker,0,8363,[],O形环项圈
6644,1405177,purple_belt,0,4205,[],紫色腰带
6645,422126,moss,0,4368,[],苔藓
6646,524381,ear_ornament,0,21160,[],耳饰
6647,444189,arabian_clothes,0,4302,[],阿拉伯服装
6648,699876,imminent_anal,0,2065,[],即将肛交
6649,556132,tied_hair,0,0,[],束发
6650,1613542,electrokinesis,0,3005,[],电操控
6651,406104,psychic,0,1106,[],超能力
6652,1425519,tokiwadai_school_uniform,0,7966,[],时计台校服
6653,1304208,black_cardigan,0,5688,[],黑色开衫
6654,675233,open_cardigan,0,21194,[],开襟开衫
6655,476199,striped_sweater,0,3459,[],条纹毛衣
6656,1709661,cow_print_thighhighs,0,7785,[],奶牛印花长筒袜
6657,514585,plaid_bra,0,1060,[],格纹胸罩
6658,14562,holly,0,3064,[],冬青
6659,2123737,asymmetrical_dual_wielding,0,1829,[],不对称双持
6660,502629,bullet_hole,0,1622,[],弹孔
6661,411779,ankh,0,2184,[],安卡
6662,518423,black_leggings,0,6744,[],黑色紧身裤
6663,491550,lanyard,0,11267,[],挂绳
6664,385267,tokyo_(city),0,1424,[],东京(城市)
6665,1719049,split-color_hair,0,20884,[],双色发
6666,543082,sobbing,0,799,[],啜泣
6667,1592562,high-waist_pantyhose,0,1582,[],高腰连裤袜
6668,726825,shoulder_tattoo,0,19857,[],肩部纹身
6669,672878,lace_border,0,697,[],蕾丝边
6670,1989817,ornate_border,0,2841,[],华丽边框
6671,9555,mistletoe,0,703,[],槲寄生
6672,5466,mummy,0,1264,[],木乃伊
6673,15251,undead,0,1782,[],亡灵
6674,1245114,covering_with_blanket,0,916,[],盖毯子
6675,162717,triforce,0,2957,[],三角力量
6676,525182,santa_bikini,0,3531,[],圣诞比基尼
6677,716395,dixie_cup_hat,0,2662,[],纸杯帽
6678,2000078,arm_on_another's_shoulder,0,1383,[],手臂搭在别人肩上
6679,12413,coffin,0,2173,[],棺材
6680,1492879,black_overalls,0,1037,[],黑色背带裤
6681,1513811,oyakodon_(sex),0,900,[],亲子丼(性)
6682,1092118,presenting_ass,0,1890,[],展示臀部
6683,442852,old_woman,0,2768,[],老妇人
6684,1561346,see-through_jacket,0,2446,[],透视外套
6685,624870,imminent_fellatio,0,2633,[],即将口交
6686,9213,diaper,0,1446,[],尿布
6687,1513986,creature_and_personification,0,3644,[],生物与拟人化
6688,1489808,poke_ball_symbol,0,2913,[],精灵球标志
6689,1314901,holly_hair_ornament,0,1169,[],冬青发饰
6690,546667,print_shirt,0,21519,[],印花衬衫
6691,518548,chisel,0,771,[],凿子
6692,6429,dwarf,0,2763,[],矮人
6693,504308,redesign,0,3140,[],重新设计
6694,652486,v-fin,0,7184,[],V形天线
6695,483079,shards,0,2286,[],碎片
6696,546937,cracked_skin,0,5151,[],龟裂皮肤
6697,390727,jester,0,1719,[],小丑
6698,1494953,pink-tinted_eyewear,0,3905,[],粉色镜片眼镜
6699,677891,vehicle_interior,0,993,[],车辆内部
6700,2178156,konohagakure_shinobi_uniform,0,946,[],木叶忍村制服
6701,470329,musket,0,893,[],火枪
6702,502233,dress_shoes,0,2202,[],皮鞋
6703,1427498,holding_pizza,0,2097,[],手持披萨
6704,5567,pizza,0,6245,[],披萨
6705,471798,before_and_after,0,1865,[],前后对比
6706,723098,after_anal,0,6303,[],肛交后
6707,568804,anus_peek,0,6460,[],肛门微露
6708,1488405,mole_on_cheek,0,3089,[],脸颊痣
6709,2056550,long_hair_between_eyes,0,8627,[],眼间长发
6710,5102,wizard,0,1272,[],巫师
6711,1347286,yellow_coat,0,3709,[],黄色外套
6712,16098,mud,0,954,[],泥巴
6713,674367,starry_sky_print,0,4019,[],星空印花
6714,1559670,cow_print_bikini,0,10446,[],奶牛纹比基尼
6715,1287846,ammunition_pouch,0,3233,[],弹药袋
6716,1375741,extra_faces,0,1273,[],额外面孔
6717,441528,canteen,0,928,[],食堂
6718,396726,wreath,0,3425,[],花环
6719,441148,marriage_proposal,0,1061,[],求婚
6720,1437142,purple_hoodie,0,3135,[],紫色连帽衫
6721,488079,signpost,0,776,[],路标
6722,1290437,fur-trimmed_bikini,0,950,[],毛边比基尼
6723,1304063,yellow_bag,0,3942,[],黄色包
6724,385804,lifebuoy,0,4925,[],救生圈
6725,400656,red_hood,0,3343,[],红色兜帽
6726,1999097,little_busters!_school_uniform,0,2889,[],小小克星！校服
6727,669594,bat_hair_ornament,0,4621,[],蝙蝠发饰
6728,475494,dissolving,0,1319,[],溶解
6729,573688,reindeer_antlers,0,5843,[],驯鹿角
6730,10117,bonsai,0,976,[],盆栽
6731,2019133,pom_pom_beanie,0,1703,[],毛球毛线帽
6732,438849,pill,0,4965,[],药丸
6733,715764,strawberry_cake,0,989,[],草莓蛋糕
6734,484124,deer_ears,0,5465,[],鹿耳
6735,662800,fake_antlers,0,3221,[],假鹿角
6736,640210,chicken_leg,0,808,[],鸡腿
6737,469328,sticky_note,0,1478,[],便利贴
6738,1248920,mousepad_(object),0,699,[],鼠标垫
6739,397906,party_hat,0,3904,[],派对帽
6740,466143,wine_bottle,0,7728,[],酒瓶
6741,1672391,viewer_holding_leash,0,2569,[],观众牵绳
6742,597826,santa_gloves,0,0,[],圣诞老人手套
6743,1497921,backless_swimsuit,0,1019,[],露背泳装
6744,791840,blue_umbrella,0,1562,[],蓝色雨伞
6745,1677791,blood_on_bandages,0,1519,[],绷带上的血迹
6746,457370,masochism,0,1423,[],受虐癖
6747,6393,nerv,0,721,[],NERV
6748,419383,wallet,0,1528,[],钱包
6749,427033,hologram,0,1639,[],全息投影
6750,703280,towel_around_waist,0,950,[],腰间围毛巾
6751,669932,wrist_wrap,0,2037,[],腕带
6752,398109,ice_skates,0,1732,[],溜冰鞋
6753,1729367,chrysanthemum_print,0,676,[],菊花印花
6754,538018,toyota,0,1026,[],丰田
6755,473050,crate,0,2190,[],板条箱
6756,412641,steering_wheel,0,4063,[],方向盘
6757,1870135,superhero_costume,0,13332,[],超级英雄服装
6758,710056,fox_shadow_puppet,0,9937,[],狐狸皮影
6759,1365868,holding_envelope,0,2335,[],手持信封
6760,2199588,spreading_another's_pussy,0,1145,[],掰开他人阴部
6761,430704,medical_eyepatch,0,6970,[],医用眼罩
6762,574109,missing_limb,0,1318,[],缺失肢体
6763,1562527,penis_over_one_eye,0,722,[],阴茎遮眼
6764,1406965,holding_chocolate,0,2354,[],手持巧克力
6765,197215,diorama,0,802,[],立体模型
6766,395848,kadomatsu,0,872,[],门松
6767,375496,kagami_mochi,0,1131,[],镜饼
6768,549834,person_on_head,0,871,[],头上有人
6769,6267,whale,0,3269,[],鲸鱼
6770,1291919,holding_shield,0,9169,[],手持盾牌
6771,7460,pot,0,3603,[],锅
6772,1881001,peony_print,0,875,[],牡丹印花
6773,1338653,fur_scarf,0,4469,[],毛皮围巾
6774,1398336,year_of_the_dog,0,812,[],狗年
6775,623765,flak_jacket,0,1091,[],防弹衣
6776,1256791,snake_print,0,1065,[],蛇纹印花
6777,1403077,fishnet_sleeves,0,1487,[],网眼袖
6778,669534,clothes_down,0,3680,[],衣物褪下
6779,519804,black_lips,0,6900,[],黑色嘴唇
6780,463450,quad_braids,0,732,[],四股辫
6781,1840143,pyramid_(structure),0,955,[],金字塔
6782,521722,nengajou,0,2997,[],年贺状
6783,1553612,crotch_focus,0,1455,[],胯部聚焦
6784,478424,striker_unit,0,2889,[],前锋单位
6785,1427023,holding_paddle,0,834,[],手持拍子
6786,2334,fly,0,776,[],苍蝇
6787,494802,on_shoulder,0,5112,[],在肩上
6788,421385,kanji,0,700,[],汉字
6789,379878,thorns,0,7317,[],荆棘
6790,685522,round_table,0,1808,[],圆桌
6791,600252,hatsumoude,0,775,[],初诣
6792,673693,kouhaku_nawa,0,1950,[],红白绳
6793,551459,kine,0,1675,[],杵
6794,379968,breast_expansion,0,2063,[],胸部变大
6795,501282,lipgloss,0,1173,[],唇彩
6796,652996,salaryman,0,1981,[],上班族
6797,9166,windmill,0,1360,[],风车
6798,377843,cousins,0,3778,[],表亲
6799,1313352,brown_sweater,0,16703,[],棕色毛衣
6800,1664063,piledriver_(sex),0,863,[],打桩机式(性)
6801,1398831,fur-trimmed_thighhighs,0,1290,[],毛边大腿袜
6802,1429582,dress_swimsuit,0,1412,[],连衣裙式泳装
6803,1088997,bear_hair_ornament,0,3554,[],熊形发饰
6804,1860208,self_cosplay,0,1426,[],自我角色扮演
6805,1485901,knees_out_of_frame,0,1419,[],膝盖出框
6806,629461,duffel_coat,0,2006,[],粗呢大衣
6807,644510,dark_background,0,13551,[],深色背景
6808,1409380,holding_plant,0,1237,[],手持植物
6809,467246,dotted_line,0,2739,[],虚线
6810,518510,dust_cloud,0,2527,[],灰尘云
6811,1098977,glass_bottle,0,1825,[],玻璃瓶
6812,629987,radio_antenna,0,8939,[],收音机天线
6813,1309232,wallpaper_(object),0,1342,[],壁纸(物品)
6814,1247324,implied_fingering,0,1465,[],暗示指交
6815,1233843,impossible_bodysuit,0,4510,[],不可能紧身衣
6816,553007,strapless_bikini,0,6555,[],无肩带比基尼
6817,661361,taichou_haori,0,756,[],队长羽织
6818,590905,blood_in_mouth,0,818,[],口中鲜血
6819,495916,fluorescent_lamp,0,980,[],荧光灯
6820,579316,white_pubic_hair,0,1291,[],白色阴毛
6821,447060,spiked_collar,0,14728,[],尖刺项圈
6822,424970,public_vibrator,0,677,[],公共振动器
6823,375012,playground,0,961,[],游乐场
6824,2169613,classic_lolita,0,810,[],经典洛丽塔
6825,1595384,blank_censor,0,3368,[],空白遮挡
6826,473470,wrist_guards,0,3297,[],护腕
6827,494944,flexing,0,3917,[],展示肌肉
6828,522067,wreckage,0,945,[],废墟
6829,1376893,pink_eyeshadow,0,4655,[],粉色眼影
6830,434225,purple_lips,0,9706,[],紫色嘴唇
6831,1509654,mask_lift,0,938,[],掀起面具
6832,6033,bacon,0,1033,[],培根
6833,15371,sauce,0,1164,[],酱汁
6834,563461,full-length_zipper,0,2348,[],全长拉链
6835,587910,holographic_monitor,0,1003,[],全息显示器
6836,1823322,cow_print_gloves,0,6081,[],奶牛印花手套
6837,638728,print_gloves,0,10333,[],印花手套
6838,626303,mismatched_gloves,0,9873,[],不对称手套
6839,1304453,covered_clitoris,0,1053,[],覆盖阴蒂
6840,715545,duel_monster,0,22931,[],决斗怪兽
6841,12070,battleship,0,1003,[],战舰
6842,2258964,ship_turret,0,20943,[],舰载炮塔
6843,535055,warship,0,3009,[],军舰
6844,1554926,wide_spread_legs,0,5047,[],双腿大张
6845,1730247,sexual_coaching,0,937,[],性指导
6846,591843,flying_paper,0,1382,[],飞纸
6847,723541,blue_pubic_hair,0,1218,[],蓝色阴毛
6848,388829,slug,0,704,[],蛞蝓
6849,228746,spider,0,3113,[],蜘蛛
6850,547320,excessive_cum,0,2969,[],过量精液
6851,451999,drowning,0,989,[],溺水
6852,2216425,military_combat_uniform,0,2026,[],军事作战服
6853,1784284,racerback,0,1487,[],工字背
6854,1476489,pokemon_on_head,0,2820,[],头顶宝可梦
6855,519211,ryona,0,2548,[],虐
6856,1350036,crystal_earrings,0,1921,[],水晶耳环
6857,1364890,white_hood,0,3033,[],白色兜帽
6858,499937,lip_piercing,0,3625,[],唇环
6859,1918272,covering_own_ears,0,897,[],捂住自己耳朵
6860,413033,gaping,0,5388,[],张开
6861,687291,quad_drills,0,747,[],四螺旋卷
6862,377876,foreplay,0,909,[],前戏
6863,423612,wedding_ring,0,18245,[],结婚戒指
6864,202502,ass_shake,0,1859,[],摇臀
6865,486968,red_bandana,0,4738,[],红色头巾
6866,537085,objectification,0,1746,[],物化
6867,540150,puckered_lips,0,5513,[],噘嘴
6868,8698,windowsill,0,1417,[],窗台
6869,825568,shortstack,0,4496,[],矮胖身材
6870,1489138,full-length_mirror,0,1562,[],全身镜
6871,666909,kataginu,0,707,[],肩衣
6872,388391,screwdriver,0,1793,[],螺丝刀
6873,217022,mechanic,0,894,[],机械师
6874,5756,van,0,1192,[],面包车
6875,1637843,crescent_facial_mark,0,2449,[],月牙面纹
6876,1303247,blue_jumpsuit,0,1543,[],蓝色连体衣
6877,1797270,colored_shoe_soles,0,3304,[],彩色鞋底
6878,673730,palm_leaf,0,3415,[],棕榈叶
6879,389367,pineapple,0,1339,[],菠萝
6880,1463025,sitting_on_branch,0,983,[],坐在树枝上
6881,573455,wrist_straps,0,724,[],腕带
6882,2158616,cyber_fashion,0,1295,[],赛博时尚
6883,569173,spread_pussy_under_clothes,0,2350,[],衣下露穴
6884,628425,tiered_tray,0,2443,[],多层托盘
6885,8371,hamster,0,3521,[],仓鼠
6886,1749113,arthropod_limbs,0,2201,[],节肢动物肢体
6887,414746,spider_girl,0,2780,[],蜘蛛娘
6888,591348,breast_cutout,0,2275,[],胸部镂空
6889,409418,team_magma,0,787,[],熔岩队
6890,469426,tiger_stripes,0,3323,[],虎纹
6891,1457889,red_armband,0,8024,[],红色臂章
6892,538478,haniwa_(statue),0,1876,[],埴轮(雕像)
6893,1501438,blue_sweater_vest,0,1779,[],蓝色毛衣背心
6894,1578780,diagonal-striped_necktie,0,7437,[],斜条纹领带
6895,1511114,two-tone_necktie,0,1490,[],双色领带
6896,1673978,licking_testicle,0,852,[],舔睾丸
6897,87461,hogtie,0,1046,[],四肢捆绑
6898,646833,mutton_chops,0,1004,[],络腮胡
6899,428655,orange_juice,0,876,[],橙汁
6900,2006766,unworn_dress,0,1932,[],未穿连衣裙
6901,1385413,white_hoodie,0,18883,[],白色连帽衫
6902,710493,firelock,0,1096,[],火绳枪
6903,415651,flintlock,0,848,[],燧发枪
6904,1549885,crane_(machine),0,1969,[],起重机
6905,490413,rice_paddy,0,1017,[],稻田
6906,1617754,white_trim,0,4025,[],白色镶边
6907,679788,wet_towel,0,1306,[],湿毛巾
6908,1326818,fur-trimmed_kimono,0,3036,[],毛边和服
6909,1542420,triangle_hair_ornament,0,4696,[],三角发饰
6910,550385,linked_piercing,0,2833,[],链式穿刺
6911,377984,nipple_chain,0,1157,[],乳头链
6912,541741,strapless_bottom,0,973,[],无肩带下装
6913,606330,condom_box,0,1724,[],避孕套盒
6914,1253174,employee_uniform,0,5277,[],员工制服
6915,603830,on_person,0,2280,[],随身携带
6916,467744,mount_fuji,0,1172,[],富士山
6917,677023,underboob_cutout,0,6789,[],乳下镂空
6918,15930,ring_gag,0,1345,[],环口球
6919,427930,liquid,0,3515,[],液体
6920,5103,eclipse,0,827,[],日蚀
6921,1980771,gag_harness,0,1562,[],口球束具
6922,595006,green_sweater,0,8016,[],绿色毛衣
6923,168769,band_uniform,0,1087,[],乐队制服
6924,448198,shako_cap,0,4137,[],夏柯帽
6925,399624,flippers,0,974,[],脚蹼
6926,433870,broken_heart,0,2145,[],破碎的心
6927,69844,pig,0,3861,[],猪
6928,378277,curious,0,856,[],好奇
6929,1943122,front-to-back,0,963,[],前后图
6930,374959,still_life,0,8745,[],静物
6931,437505,entangled,0,1025,[],纠缠
6932,1277703,lying_on_water,0,1051,[],躺于水面
6933,1441882,removing_eyewear,0,753,[],摘眼镜
6934,490082,vodka,0,776,[],伏特加
6935,1355912,holding_another's_leg,0,1983,[],握住他人的腿
6936,432964,blue_oni,0,810,[],蓝鬼
6937,432965,red_oni,0,1484,[],赤鬼
6938,2060129,nissin_cup_noodle,0,1337,[],日清杯面
6939,564141,against_window,0,709,[],靠窗
6940,13103,skating,0,921,[],滑冰
6941,676924,anchor_symbol,0,18966,[],锚形符号
6942,1508825,pouring_onto_self,0,1972,[],往自己身上倒
6943,549321,cum_on_penis,0,4352,[],阴茎上精液
6944,494923,futa_on_male,0,1954,[],扶她x男性
6945,1935434,fanged_bangs,0,1521,[],尖牙刘海
6946,1287705,song_name,0,5757,[],歌曲名
6947,1290371,ancient_greek_clothes,0,4658,[],古希腊服饰
6948,486106,chiton,0,743,[],基同
6949,2006135,greco-roman_clothes,0,5564,[],希腊罗马服饰
6950,585662,coconut_tree,0,1005,[],椰子树
6951,1240596,mole_on_neck,0,9132,[],颈痣
6952,12936,pocari_sweat,0,799,[],宝矿力水特
6953,683227,hand_over_another's_mouth,0,925,[],用手捂住别人的嘴
6954,1295529,frilled_shorts,0,3081,[],荷叶边短裤
6955,468335,sadism,0,1314,[],施虐癖
6956,378083,barrel,0,3327,[],桶
6957,545285,washing_hair,0,857,[],洗头
6958,397626,guitar_case,0,3462,[],吉他盒
6959,43071,blind,0,1503,[],失明
6960,667185,burn_scar,0,5556,[],烧伤疤痕
6961,593089,double_amputee,0,1116,[],双腿截肢
6962,415253,lazy_eye,0,1019,[],死鱼眼
6963,589583,kappougi,0,2716,[],割烹着
6964,405020,wheelbarrow,0,1085,[],独轮车
6965,449974,fur_hat,0,7827,[],毛皮帽子
6966,6481,tools,0,1508,[],工具
6967,1472218,extra_pupils,0,807,[],多瞳
6968,1375970,hair_flowing_over,0,6035,[],头发流下
6969,611420,glass_door,0,834,[],玻璃门
6970,427833,palms,0,2996,[],手掌
6971,396796,luggage,0,74,[],行李
6972,1322934,gesugao,0,948,[],恶人脸
6973,8112,wooden_horse,0,767,[],木马
6974,10837,rattle,0,817,[],摇铃
6975,383871,chocolate_making,0,924,[],制作巧克力
6976,400482,mamemaki,0,725,[],撒豆
6977,446289,cow_horns,0,20424,[],牛角
6978,1629910,star_brooch,0,2488,[],星星胸针
6979,1690520,white_tube_top,0,2662,[],白色抹胸
6980,553675,ehoumaki,0,1068,[],惠方卷
6981,494781,makizushi,0,1956,[],卷寿司
6982,570743,kirin_(armor),0,1564,[],麒麟甲
6983,634393,heart_choker,0,7910,[],心形项圈
6984,584716,camouflage_pants,0,2203,[],迷彩裤
6985,506659,tribal_tattoo,0,1390,[],部落纹身
6986,2212383,japan_national_police,0,1275,[],日本国家警察
6987,1307551,holstered,0,3390,[],已入鞘
6988,788488,knife_sheath,0,1351,[],刀鞘
6989,1420451,gold_belt,0,1002,[],金色腰带
6990,429764,forehead_tattoo,0,1725,[],额头纹身
6991,566340,loose_clothes,0,3294,[],宽松衣服
6992,191357,loose_shirt,0,1754,[],宽松衬衫
6993,473775,pointy_hair,0,8087,[],尖刺发
6994,658222,stuffed_penguin,0,1178,[],企鹅玩偶
6995,5884,champagne,0,1971,[],香槟
6996,673057,matching_outfits,0,4808,[],配套服装
6997,15469,coconut,0,1464,[],椰子
6998,2221144,ancient_egyptian,0,5814,[],古埃及人
6999,485986,hieroglyphics,0,955,[],象形文字
7000,400691,tag,0,1454,[],标签
7001,572264,gold_chain,0,5955,[],金链子
7002,614915,pink_cape,0,2406,[],粉色披风
7003,550130,areolae,0,26000,[],乳晕
7004,1637838,teardrop_facial_mark,0,4594,[],泪滴面纹
7005,526159,dragon_ball_(object),0,847,[],龙珠
7006,7542,crest,0,2895,[],纹章
7007,374379,hairy,0,7079,[],多毛
7008,700208,winged_hair_ornament,0,718,[],翅膀发饰
7009,656386,hands_on_another's_cheeks,0,2980,[],双手捧脸
7010,1289607,nursing_handjob,0,1781,[],护理手交
7011,411403,tongs,0,1534,[],钳子
7012,877384,hooded_robe,0,3278,[],连帽长袍
7013,24365,tambourine,0,1000,[],铃鼓
7014,476787,talons,0,5761,[],利爪
7015,1298076,winged_arms,0,6805,[],翼臂
7016,680409,adam's_apple,0,3281,[],喉结
7017,2006784,unworn_bikini,0,1274,[],未穿比基尼
7018,392251,fireplace,0,2275,[],壁炉
7019,759492,wolf_boy,0,8116,[],狼少年
7020,577309,multiple_condoms,0,3056,[],多个避孕套
7021,646260,pointless_condom,0,2630,[],多余的安全套
7022,1505167,simplified_chinese_text,0,2599,[],简体中文文字
7023,589610,spider_web_print,0,5365,[],蜘蛛网图案
7024,562509,chibi_on_head,0,748,[],头上小矮人
7025,420647,barbell,0,827,[],杠铃
7026,7700,weightlifting,0,1568,[],举重
7027,1479378,silver_trim,0,1775,[],银边
7028,421792,fried_rice,0,1018,[],炒饭
7029,1475291,purple_headband,0,887,[],紫色头带
7030,907721,onesie,0,2127,[],连体衣
7031,474303,shared_earphones,0,1051,[],共享耳机
7032,1345302,holding_heart,0,1496,[],捧心
7033,584159,racetrack,0,469,[],赛道
7034,11717,mohawk,0,4621,[],莫西干头
7035,380757,bars,0,774,[],栅栏
7036,746897,pussy_juice_drip_through_clothes,0,1581,[],淫液透过衣物滴落
7037,511641,single_pantsleg,0,3099,[],单裤腿
7038,393169,torn_jeans,0,2771,[],破洞牛仔裤
7039,434019,balaclava,0,843,[],头套
7040,1468288,holding_violin,0,2485,[],手持小提琴
7041,2105365,heart_in_heart_hands,0,1871,[],心形手捧心
7042,2243078,propeller_fighter,0,1420,[],螺旋桨战斗机
7043,585305,ear_ribbon,0,6478,[],耳饰蝴蝶结
7044,411563,forked_tongue,0,3439,[],分叉舌头
7045,1349808,spoken_zzz,0,904,[],言语Zzz
7046,432413,lute_(instrument),0,1527,[],鲁特琴
7047,453244,wolf_girl,0,38779,[],狼少女
7048,674293,gift_bag,0,1704,[],礼品袋
7049,487021,hook_hand,0,763,[],钩手
7050,1292892,cracked_wall,0,1771,[],开裂墙壁
7051,496186,abandoned,0,1187,[],废弃
7052,499383,scratching_head,0,1157,[],挠头
7053,478568,medal,0,4776,[],奖章
7054,1566628,menacing_(jojo),0,930,[],威慑(JoJo)
7055,467446,fleur-de-lis,0,936,[],百合花饰
7056,1786355,official_art_inset,0,1361,[],官方插图小图
7057,707712,consensual_tentacles,0,1597,[],合意触手
7058,474597,mitre,0,1369,[],主教冠
7059,794881,face_in_pillow,0,1014,[],脸埋枕头
7060,437999,full_nelson,0,3346,[],全尼尔森式
7061,600400,tri_braids,0,1041,[],三股辫
7062,570496,struggling,0,1954,[],挣扎
7063,484975,martial_arts,0,1009,[],武术
7064,406593,racing_suit,0,858,[],赛车服
7065,693068,green_armor,0,1409,[],绿色盔甲
7066,699975,shoulder_spikes,0,5294,[],肩部尖刺
7067,1296384,multicolored_gloves,0,3420,[],多色手套
7068,495132,autobot,0,2442,[],汽车人
7069,463435,parka,0,1221,[],派克大衣
7070,421489,ushanka,0,2924,[],俄式毛帽
7071,668425,undersuit,0,907,[],内衬
7072,414987,exercise_ball,0,1220,[],健身球
7073,784913,wife_and_wife,0,4275,[],妻妻
7074,378380,math,0,1254,[],数学
7075,381761,cola,0,1220,[],可乐
7076,501535,package,0,795,[],包裹
7077,1383063,clover_print,0,2486,[],三叶草印花
7078,652982,visor_(armor),0,2221,[],面甲(盔甲)
7079,2028289,sideless_kimono,0,2670,[],无袖和服
7080,1449244,holding_pole,0,1311,[],手持杆子
7081,539295,feather_hair,0,6035,[],羽毛头发
7082,600052,butterfly_on_hand,0,3133,[],手上蝴蝶
7083,1432006,holding_bird,0,753,[],捧着鸟
7084,2277,daikon,0,796,[],白萝卜
7085,397561,radish,0,1330,[],萝卜
7086,567961,sword_on_back,0,4712,[],背剑
7087,560280,vignetting,0,1865,[],暗角
7088,596772,shaking_head,0,887,[],摇头
7089,12722,volcano,0,1065,[],火山
7090,1330451,multicolored_cape,0,1503,[],彩色披风
7091,1397788,brown_choker,0,2010,[],棕色项圈
7092,1292517,glowing_butterfly,0,2115,[],发光蝴蝶
7093,1297290,split_theme,0,1782,[],分割主题
7094,629555,desk_lamp,0,3030,[],台灯
7095,495324,duct_tape,0,889,[],强力胶带
7096,494236,taking_picture,0,9066,[],拍照
7097,493565,timestamp,0,3018,[],时间戳
7098,444001,legband,0,1173,[],腿环
7099,651996,table_tennis_paddle,0,779,[],乒乓球拍
7100,538747,nail_polish_bottle,0,800,[],指甲油瓶
7101,409724,converse,0,1307,[],匡威鞋
7102,416210,dirty_feet,0,1361,[],脏脚
7103,405756,hypnosis,0,7752,[],催眠
7104,688279,stuffed_bird,0,840,[],填充鸟玩具
7105,1934523,arched_bangs,0,4430,[],拱形刘海
7106,406050,rough_sex,0,3327,[],粗暴性爱
7107,1262922,head_on_another's_shoulder,0,3849,[],头靠肩
7108,12002,foam,0,1400,[],泡沫
7109,500844,paper_texture,0,846,[],纸张纹理
7110,695751,lace-trimmed_shirt,0,1584,[],蕾丝边衬衫
7111,32011,broccoli,0,1180,[],西兰花
7112,463437,pencil_case,0,1702,[],笔袋
7113,557699,karate_gi,0,1048,[],空手道服
7114,447171,lowleg_pants,0,1514,[],低腰裤
7115,385619,facepalm,0,1530,[],扶额
7116,1443921,purple_tank_top,0,914,[],紫色吊带背心
7117,1447394,whistle_around_neck,0,6315,[],颈挂哨子
7118,1358328,covering_another's_eyes,0,1316,[],遮住别人的眼睛
7119,419304,crosswalk,0,2888,[],人行横道
7120,1333746,riding_bicycle,0,1557,[],骑自行车
7121,635045,solid_eyes,0,2766,[],实色眼睛
7122,1178138,snowflake_print,0,4371,[],雪花图案
7123,479840,severed_limb,0,1324,[],断肢
7124,495020,crazy_smile,0,3865,[],疯狂笑容
7125,458351,crane_game,0,1594,[],抓娃娃机
7126,1691279,booth_seating,0,1178,[],卡座
7127,1663181,alice_(alice_in_wonderland)_(cosplay),0,1501,[],爱丽丝(爱丽丝梦游仙境)(cosplay)
7128,124916,waffle,0,754,[],华夫饼
7129,550778,checkerboard_cookie,0,2474,[],棋盘格饼干
7130,659790,eldritch_abomination,0,1616,[],邪神
7131,1238314,transparent_wings,0,2497,[],透明翅膀
7132,438462,beach_volleyball,0,829,[],沙滩排球
7133,1582499,scar_on_forehead,0,4900,[],额头伤疤
7134,709557,torn_bodysuit,0,4696,[],破紧身衣
7135,1700602,thick_arms,0,4328,[],粗手臂
7136,571706,kittysuit,0,760,[],猫女装
7137,581487,hishaku,0,1115,[],柄杓
7138,392002,kono_lolicon_domome,0,1321,[],这萝莉控独眼
7139,671725,purple_eyeshadow,0,3971,[],紫色眼影
7140,1203647,nipple_jewelry,0,1645,[],乳头饰品
7141,554120,dirty_face,0,4875,[],脏脸
7142,1514129,sunburst_background,0,2487,[],旭日背景
7143,2006771,unworn_jewelry,0,1095,[],未佩戴首饰
7144,2006783,unworn_necklace,0,807,[],未佩戴的项链
7145,666489,animal_hair_ornament,0,901,[],动物发饰
7146,553040,flower_bracelet,0,1573,[],花手链
7147,460553,no_eyebrows,0,2333,[],无眉毛
7148,1915731,double-parted_bangs,0,46046,[],双分刘海
7149,493348,christmas_ornaments,0,5815,[],圣诞装饰
7150,1625452,color_timer,0,996,[],彩色计时器
7151,504384,kaiju,0,1895,[],怪兽
7152,1494956,purple-tinted_eyewear,0,3648,[],紫色镜片眼镜
7153,1508147,stamp_mark,0,756,[],印章印记
7154,155336,poncho,0,3004,[],斗篷
7155,1439269,pink_petals,0,4468,[],粉色花瓣
7156,1826632,right-over-left_kimono,0,839,[],右前左后和服
7157,642015,expressive_hair,0,2457,[],表情化头发
7158,417068,heart_(organ),0,1659,[],心脏
7159,703196,leaf_hair_ornament,0,16258,[],叶子发饰
7160,1317392,sports_bra_lift,0,1230,[],运动内衣掀起
7161,1334692,side_drill,0,2018,[],侧钻头
7162,165653,shirt_grab,0,2108,[],抓衬衫
7163,474428,blowing,0,1457,[],吹气
7164,488521,canopy_bed,0,1226,[],天蓬床
7165,1586851,two-tone_hat,0,1428,[],双色帽子
7166,405623,dog_boy,0,10013,[],犬系男孩
7167,417408,keyhole,0,3879,[],钥匙孔
7168,471358,bass_clef,0,1499,[],低音谱号
7169,469445,sleepwear,0,5198,[],睡衣
7170,533896,surrounded,0,1262,[],被包围
7171,562809,arm_sling,0,758,[],臂悬带
7172,1454257,2others,0,10912,[],2其他
7173,1163924,blue_fur,0,6846,[],蓝色毛发
7174,1502192,holding_suitcase,0,1937,[],手提箱
7175,435327,log_pose,0,1255,[],记录指针
7176,486034,digital_thermometer,0,705,[],数字温度计
7177,416752,strap_lift,0,1580,[],提肩带
7178,564925,polka_dot_ribbon,0,1240,[],波点丝带
7179,1251101,off-shoulder_sweater,0,11496,[],露肩毛衣
7180,1495030,red-tinted_eyewear,0,5685,[],红色镜片眼镜
7181,680046,carrying_person,0,11223,[],背人
7182,8482,waiter,0,1509,[],侍者
7183,718360,polka_dot_bow,0,11490,[],波点蝴蝶结
7184,703702,hooded_track_jacket,0,1254,[],连帽运动夹克
7185,761631,layered_kimono,0,3371,[],多层和服
7186,1409793,grey_kimono,0,4410,[],灰色和服
7187,419530,rural,0,1017,[],乡村
7188,1492898,green_sleeves,0,6188,[],绿色袖子
7189,8500,eggplant,0,1916,[],茄子
7190,182494,audience,0,1754,[],观众
7191,430228,pole_dancing,0,2971,[],钢管舞
7192,11268,stripper,0,1210,[],脱衣舞者
7193,478617,stripper_pole,0,3822,[],钢管舞杆
7194,527888,animalization,0,15499,[],兽化
7195,624228,sky_print,0,938,[],天空印花
7196,384618,shopping_basket,0,710,[],购物篮
7197,455483,shorts_around_one_leg,0,1426,[],短裤挂一条腿
7198,1325781,purple_armor,0,1350,[],紫色盔甲
7199,377097,pillory,0,766,[],颈手枷
7200,462982,photorealistic,0,1263,[],照片级写实
7201,697415,storefront,0,1452,[],店面
7202,657424,candlestand,0,4768,[],烛台
7203,699609,frilled_cuffs,0,2969,[],荷叶边袖口
7204,1574241,dolphin_shorts,0,12335,[],海豚短裤
7205,1431325,mismatched_bikini,0,4307,[],不对称比基尼
7206,1249968,little_red_riding_hood_(grimm)_(cosplay),0,0,[],小红帽(格林)(cosplay)
7207,480337,trying_on_clothes,0,676,[],试衣服
7208,687736,short_eyebrows,0,32351,[],短眉毛
7209,537392,clueless,0,990,[],茫然
7210,389154,screw,0,1705,[],螺丝
7211,1498042,screw_in_head,0,792,[],头上有螺丝
7212,575113,kimono_pull,0,1844,[],和服拉扯
7213,1518440,mouth_drool,0,10274,[],嘴角流涎
7214,457806,artist_self-insert,0,11017,[],作者自我代入
7215,622107,dorsal_fin,0,1510,[],背鳍
7216,416849,merman,0,1274,[],人鱼男
7217,469710,energy_drink,0,1908,[],能量饮料
7218,542055,polka_dot_dress,0,3153,[],波点连衣裙
7219,1601857,fortified_suit,0,835,[],强化服
7220,1302248,tape_on_nipples,0,900,[],乳头贴胶带
7221,1399190,blue_mittens,0,917,[],蓝色连指手套
7222,445618,wet_dress,0,1581,[],湿连衣裙
7223,554948,flying_fish,0,1505,[],飞鱼
7224,1779527,short-sleeved_sweater,0,1752,[],短袖毛衣
7225,473987,tooth,0,987,[],牙齿
7226,404973,galaxy,0,1609,[],银河
7227,517797,cel_shading,0,0,[],赛璐珞风格
7228,528325,red_pantyhose,0,6940,[],红色连裤袜
7229,1456713,cross_choker,0,1815,[],十字项圈
7230,1352247,variable_fighter,0,938,[],可变战斗机
7231,607245,cropped_arms,0,1680,[],裁剪手臂
7232,477302,nihonga,0,1108,[],日本画
7233,472653,stained_panties,0,2140,[],污渍内裤
7234,1467618,two-tone_coat,0,2156,[],双色外套
7235,1493300,orange_headband,0,2063,[],橙色头带
7236,679205,catchphrase,0,1209,[],口头禅
7237,617821,spread_navel,0,816,[],敞露肚脐
7238,617893,sleeping_on_person,0,3707,[],睡在别人身上
7239,635240,star_pasties,0,1589,[],星星乳贴
7240,607415,flailing,0,867,[],挥舞
7241,1850038,lifted_by_tail,0,735,[],被尾巴提起
7242,407128,crumbs,0,1883,[],碎屑
7243,1487422,holding_blanket,0,984,[],握着毯子
7244,503284,unhappy,0,808,[],不开心
7245,423556,banana_peel,0,898,[],香蕉皮
7246,1243109,ejaculation_under_clothes,0,760,[],衣物下射精
7247,11603,paper_airplane,0,1912,[],纸飞机
7248,573761,trash_bag,0,2217,[],垃圾袋
7249,504867,digital_dissolve,0,991,[],数字溶解
7250,450701,pixelated,0,1521,[],像素化
7251,382238,yakisoba,0,860,[],炒面
7252,492714,curry_rice,0,1861,[],咖喱饭
7253,1425957,gradient_kimono,0,786,[],渐变色和服
7254,1452744,collared_coat,0,7120,[],立领外套
7255,1033270,white_garter_straps,0,3068,[],白色吊带袜夹
7256,377295,fever,0,755,[],发烧
7257,476602,kusazuri,0,2350,[],草摺
7258,721109,visible_air,0,2578,[],可见气息
7259,8768,microwave,0,1069,[],微波炉
7260,538775,remembering,0,919,[],回忆
7261,399404,skull_necklace,0,1412,[],骷髅项链
7262,1255359,bird_hair_ornament,0,910,[],鸟形发饰
7263,406420,popcorn,0,2076,[],爆米花
7264,493026,tentacle_hair,0,36077,[],触手发
7265,1605653,utensil_in_mouth,0,2141,[],叼着餐具
7266,1374607,hand_on_own_crotch,0,1097,[],手放在自己裆部
7267,409664,fireball,0,921,[],火球
7268,532884,dark_clouds,0,0,[],乌云
7269,1642070,floating_neckwear,0,1016,[],漂浮的颈饰
7270,607350,tall_grass,0,789,[],高草丛
7271,6303,naginata,0,2641,[],薙刀
7272,630151,bikini_shorts,0,1109,[],比基尼短裤
7273,1350160,holding_menu,0,966,[],拿着菜单
7274,1510970,ring_hair_ornament,0,2300,[],环形发饰
7275,471969,container,0,746,[],容器
7276,1842576,curly_eyebrows,0,3371,[],卷曲眉毛
7277,1673352,penis_under_another's_clothes,0,805,[],阴茎在他人衣服下
7278,1465145,holding_map,0,1258,[],手持地图
7279,709214,alternate_skin_color,0,4112,[],异色皮肤
7280,3408,origami,0,2311,[],折纸
7281,485392,denim_jacket,0,2177,[],牛仔夹克
7282,679600,censored_text,0,1305,[],文字遮挡
7283,446480,broken_sword,0,1014,[],断剑
7284,669112,broken_weapon,0,1686,[],破损武器
7285,1502091,flower_on_liquid,0,1104,[],液体上的花
7286,1473511,petals_on_liquid,0,2017,[],液体上的花瓣
7287,631791,long_ribbon,0,1471,[],长丝带
7288,721796,kesa,0,1824,[],袈裟
7289,11777,monk,0,975,[],僧侣
7290,488193,slap_mark,0,3318,[],掌印
7291,553947,>_o,0,4742,[],>_o(表情)
7292,11273,harp,0,1390,[],竖琴
7293,661260,yellow_nails,0,11519,[],黄色指甲
7294,482956,caution_tape,0,2681,[],警示胶带
7295,214260,keep_out,0,1108,[],禁止入内
7296,2006774,unworn_thighhighs,0,838,[],未穿大腿袜
7297,1463447,studded_choker,0,1467,[],铆钉项圈
7298,481514,white_suit,0,5045,[],白色西装
7299,1347689,mole_on_shoulder,0,921,[],肩膀上的痣
7300,462351,animal_nose,0,17713,[],动物鼻子
7301,377094,slide,0,706,[],滑梯/幻灯片
7302,540512,patterned_hair,0,797,[],带图案的头发
7303,14645,marshmallow,0,1347,[],棉花糖
7304,432197,glansjob,0,1275,[],龟头摩擦
7305,618804,aroused,0,4431,[],性兴奋
7306,494539,texture,0,948,[],纹理
7307,375718,daruma_doll,0,2026,[],达摩不倒翁
7308,1541990,two-tone_shorts,0,1063,[],双色短裤
7309,474754,traffic,0,694,[],交通
7310,1546273,cross-laced_slit,0,1592,[],交叉系带开衩
7311,1471254,flower_choker,0,1987,[],花朵项圈
7312,1453844,arm_on_knee,0,1767,[],手臂放膝
7313,613598,polka_dot_legwear,0,1369,[],波点腿饰
7314,450823,x_x,0,2666,[],x_x(表情)
7315,1364632,red_feathers,0,1838,[],红色羽毛
7316,1411151,female_butler,0,986,[],女管家
7317,1438041,blue_sports_bra,0,1968,[],蓝色运动内衣
7318,1869002,reflection_focus,0,4504,[],反射聚焦
7319,413016,chimera,0,1520,[],奇美拉
7320,434881,baby_bottle,0,1332,[],奶瓶
7321,519703,alternate_universe,0,8148,[],平行世界
7322,760104,hand_on_another's_waist,0,6420,[],手搭他人腰
7323,38384,teenage,0,452,[],青少年
7324,706581,condom_packet_strip,0,2861,[],安全套条装
7325,412925,cupless_bra,0,2723,[],露乳胸罩
7326,1325319,wrist_bow,0,2361,[],腕弓
7327,1215711,numbered,0,5137,[],编号
7328,1556082,print_headwear,0,1809,[],印花头饰
7329,1390981,ribbon_braid,0,1929,[],丝带编发
7330,518151,anemone_(flower),0,1314,[],银莲花
7331,646029,egasumi,0,5946,[],江霞
7332,1360125,wide_brim,0,1005,[],宽檐
7333,600484,adjusting_scarf,0,1027,[],整理围巾
7334,1400375,captive_bead_ring,0,695,[],带珠环戒指
7335,710234,nipple-to-nipple,0,855,[],乳头对乳头
7336,433704,super_saiyan,0,5803,[],超级赛亚人
7337,1497310,button_gap,0,9520,[],纽扣间隙
7338,1493305,heel_up,0,2942,[],踮脚
7339,616024,aqua_vest,0,939,[],水色背心
7340,446070,lion_tail,0,6653,[],狮子尾巴
7341,510345,incoming_hug,0,1239,[],迎抱
7342,537130,arm_blade,0,3059,[],臂刃
7343,535094,makeup_brush,0,1292,[],化妆刷
7344,552753,perfume_bottle,0,1499,[],香水瓶
7345,1456557,hair_through_headwear,0,3002,[],头发穿过头饰
7346,631437,fender_stratocaster,0,1272,[],芬达斯特拉托卡斯特电吉他
7347,17246,koinobori,0,719,[],鲤鱼旗
7348,531276,windsock,0,793,[],风向袋
7349,597390,brazilian_flag,0,1377,[],巴西国旗
7350,1338731,holding_skull,0,1640,[],手持头骨
7351,490993,colored_tongue,0,6950,[],彩色舌头
7352,439842,purple_tongue,0,1719,[],紫色舌头
7353,1248209,train_station_platform,0,795,[],火车站站台
7354,1269470,chest_tattoo,0,14803,[],胸部纹身
7355,392494,bridle,0,1002,[],缰绳
7356,1235435,cheese_trail,0,751,[],奶酪痕迹
7357,1569456,pizza_slice,0,2060,[],披萨片
7358,1562688,camera_around_neck,0,859,[],脖子上挂着相机
7359,1446500,holding_dog,0,1035,[],抱着狗
7360,442279,vial,0,3527,[],小瓶
7361,375906,hot_dog,0,1858,[],热狗
7362,519196,obese,0,1060,[],肥胖
7363,584875,pizza_box,0,1363,[],披萨盒
7364,1278425,rigging,0,15006,[],舰装
7365,602058,shoulder_strap,0,3246,[],肩带
7366,1442551,two-tone_panties,0,757,[],双色内裤
7367,876848,bandage_on_face,0,3910,[],脸上绷带
7368,1286685,grenade_pin,0,790,[],手榴弹拉环
7369,394771,utility_belt,0,2976,[],多功能腰带
7370,1507608,h&k_hk416,0,2037,[],H&K HK416
7371,655793,police_badge,0,1596,[],警徽
7372,1726629,red_crown,0,1279,[],红色皇冠
7373,1312165,orange_necktie,0,6966,[],橙色领带
7374,636503,greek_toe,0,1242,[],希腊脚趾
7375,713580,torn_jacket,0,2035,[],破夹克
7376,619493,ears_down,0,7305,[],垂耳
7377,617955,polka_dot_skirt,0,1536,[],波点裙
7378,1279961,implied_anal,0,18,[],暗示肛交
7379,532753,changing_room,0,823,[],更衣室
7380,1441554,red_sports_bra,0,1382,[],红色运动胸罩
7381,1597931,pancake_stack,0,2049,[],煎饼堆
7382,652707,domino_mask,0,5988,[],多米诺面具
7383,715181,post-apocalypse,0,1573,[],后末日
7384,1242619,fake_nails,0,1586,[],假指甲
7385,709165,hand_on_another's_knee,0,875,[],手放在他人膝盖上
7386,538009,cheek_rest,0,762,[],托腮
7387,1452852,two-tone_cape,0,2177,[],双色披风
7388,412146,dodging,0,942,[],闪避
7389,1398817,thighhighs_under_boots,0,8169,[],靴内过膝袜
7390,1292445,torn_scarf,0,2245,[],破围巾
7391,449113,rust,0,1079,[],锈迹
7392,1926688,low-tied_sidelocks,0,4494,[],低系侧发
7393,1517305,presenting_armpit,0,11364,[],展示腋下
7394,1401971,backless_leotard,0,4137,[],露背紧身衣
7395,714502,infinity_symbol,0,1486,[],无限符号
7396,1369179,orange_fur,0,4423,[],橙色毛皮
7397,472508,drum_(container),0,1404,[],鼓(容器)
7398,590918,red_carpet,0,1092,[],红地毯
7399,626440,season_connection,0,1007,[],季节连接
7400,1274153,hands_on_another's_back,0,925,[],双手放在他人背上
7401,1262145,hands_on_ground,0,1715,[],手撑地面
7402,784749,leotard_under_clothes,0,9032,[],内穿紧身衣
7403,376295,scouter,0,1041,[],战斗力探测器
7404,590202,pinstripe_suit,0,1351,[],细条纹西装
7405,1891215,official_alternate_color,0,2338,[],官方异色版
7406,2138754,plant_roots,0,1398,[],植物根须
7407,1409664,floating_scarf,0,1742,[],飘浮围巾
7408,1419470,crotchless_pantyhose,0,1068,[],开裆连裤袜
7409,570693,outie_navel,0,1476,[],凸肚脐
7410,532643,hand_on_breast,0,1290,[],手放在胸部
7411,118742,team_rocket,0,3453,[],火箭队
7412,563204,dumbbell,0,2222,[],哑铃
7413,649373,command_spell,0,6244,[],令咒
7414,1240072,hair_color_connection,0,1487,[],发色连接
7415,1481865,brown_corset,0,3143,[],棕色束腰
7416,1403286,black_mask,0,9713,[],黑色面具
7417,443879,gorget,0,3717,[],护喉甲
7418,3537,sticker,0,9494,[],贴纸
7419,14272,village,0,1022,[],村庄
7420,1669073,official_alternate_hair_length,0,12201,[],官方变体发长
7421,15307,werewolf,0,2104,[],狼人
7422,487790,studded_bracelet,0,1534,[],铆钉手链
7423,1583008,side-tie_peek,0,1750,[],侧系带露出
7424,1343361,opened_by_self,0,1652,[],自行打开
7425,460220,armbinder,0,973,[],手臂束缚具
7426,600210,perineum,0,3003,[],会阴
7427,995808,penis_size_difference,0,2755,[],阴茎尺寸差
7428,1467809,3others,0,3494,[],3其他
7429,1510922,other_focus,0,21951,[],其他焦点
7430,1414476,green_hood,0,831,[],绿色兜帽
7431,2209203,holding_detached_head,0,1689,[],拿着断头
7432,476455,green_fire,0,1139,[],绿色火焰
7433,1364633,covered_penis,0,2271,[],被遮住的阴茎
7434,505038,duel_disk,0,1444,[],决斗盘
7435,410599,crotchless_panties,0,3401,[],开裆内裤
7436,1315921,dog_hair_ornament,0,709,[],狗形发饰
7437,538615,paper_stack,0,1734,[],纸堆
7438,1603616,blunt_tresses,0,2905,[],齐刘海
7439,660791,fur_cape,0,2145,[],毛皮披肩
7440,447159,fishing_line,0,1121,[],钓鱼线
7441,373823,ketchup,0,2585,[],番茄酱
7442,1598686,male_playboy_bunny,0,2901,[],男性兔女郎
7443,575336,folded_clothes,0,832,[],叠好的衣服
7444,1393635,multicolored_hat,0,2027,[],多色帽子
7445,46728,excited,0,2834,[],兴奋
7446,452918,long_nose,0,1955,[],长鼻子
7447,676352,pokephilia,0,5533,[],宝可梦性行为
7448,507913,mousetrap,0,817,[],捕鼠器
7449,1383796,rabbit_hood,0,4698,[],兔子兜帽
7450,10125,halberd,0,2346,[],戟
7451,2186155,polaroid_photo,0,1117,[],拍立得照片
7452,479155,necktie_grab,0,2425,[],抓领带
7453,2126980,team_9_(touhou),0,1072,[],⑨队(东方Project)
7454,389325,grave,0,1312,[],坟墓
7455,1087554,rash_guard,0,1030,[],防磨衣
7456,1481671,torn_bodystocking,0,1571,[],破损连体袜
7457,593466,flame_print,0,3485,[],火焰图案
7458,1584285,pinup_(style),0,758,[],钉画风格
7459,377162,prison,0,1055,[],监狱
7460,1426117,precum_drip,0,1664,[],滴落的精液
7461,460178,curled_up,0,1316,[],蜷缩
7462,1436930,red_curtains,0,0,[],红色窗帘
7463,619600,zombie_pose,0,3583,[],僵尸姿势
7464,399670,concrete,0,936,[],混凝土
7465,498240,red_nose,0,1478,[],红鼻子
7466,1347798,facing_down,0,1308,[],面朝下
7467,1113198,latex_bodysuit,0,4512,[],乳胶紧身衣
7468,451855,studded_collar,0,1069,[],铆钉项圈
7469,1391449,cropped_sweater,0,2896,[],短款毛衣
7470,377929,sheep_ears,0,5646,[],羊耳
7471,1674442,covered_testicles,0,1374,[],遮住睾丸
7472,1243627,penis_peek,0,1871,[],阴茎微露
7473,1733214,wing_brooch,0,1571,[],翅膀胸针
7474,1034743,pinstripe_dress,0,1395,[],细条纹连衣裙
7475,1617800,see-through_leotard,0,3828,[],透视紧身衣
7476,369589,honda,0,1269,[],本田
7477,559692,clothed_pokemon,0,5967,[],穿着衣服的宝可梦
7478,460146,hitachi_magic_wand,0,3679,[],日立魔棒
7479,15836,butter,0,1730,[],黄油
7480,1509435,holding_remote_control,0,1729,[],手持遥控器
7481,548344,translucent,0,914,[],半透明
7482,1812212,official_alternate_hair_color,0,2425,[],官方替换发色
7483,961827,pink_hoodie,0,5438,[],粉色连帽衫
7484,1163703,oversized_breast_cup,0,1405,[],超大胸罩杯
7485,11113,lifeguard,0,831,[],救生员
7486,1472232,green_camisole,0,765,[],绿色吊带背心
7487,11323,apartment,0,1722,[],公寓
7488,488365,letterman_jacket,0,5864,[],校队夹克
7489,469065,fist_bump,0,1148,[],碰拳
7490,2006768,unworn_bikini_bottom,0,1203,[],未穿比基尼下装
7491,1518919,x_fingers,0,835,[],交叉手指
7492,375764,bara,0,82481,[],肌肉男
7493,1593048,race_vehicle,0,1924,[],赛车
7494,424519,racecar,0,1636,[],赛车
7495,10429,shinsengumi,0,2002,[],新选组
7496,1497365,pov_doorway,0,2567,[],门框视角
7497,1781150,colored_eyepatch,0,714,[],彩色眼罩
7498,1152233,star_tattoo,0,2008,[],星星纹身
7499,690278,erlenmeyer_flask,0,1037,[],锥形瓶
7500,627286,covering_one_eye,0,1708,[],遮住一只眼
7501,1497777,multi-strapped_bikini_bottom,0,10007,[],多带比基尼下装
7502,716637,argyle_sweater,0,1191,[],菱形花纹毛衣
7503,525584,orange_socks,0,1882,[],橙色袜子
7504,693309,sleeve_grab,0,1298,[],抓袖
7505,1561753,yellow_armband,0,2861,[],黄色臂章
7506,676138,asymmetrical_footwear,0,6955,[],不对称鞋履
7507,586749,mismatched_footwear,0,4880,[],不对称鞋履
7508,1430633,two-tone_bikini,0,5477,[],双色比基尼
7509,430442,mugshot,0,779,[],面部照片
7510,495191,wanted_poster,0,1223,[],通缉令
7511,1467612,holding_microphone_stand,0,1729,[],手持麦克风架
7512,978006,front_slit,0,2705,[],前开衩
7513,2102386,conductor_baton,0,1525,[],指挥棒
7514,421599,broken_mirror,0,1253,[],破碎的镜子
7515,1352571,bandana_around_neck,0,1820,[],脖子上系着方巾
7516,1884175,white_rabbit_(animal),0,1025,[],白兔(动物)
7517,1411622,aqua_sailor_collar,0,853,[],水色水手领
7518,1497572,battery_indicator,0,2975,[],电池电量指示
7519,1298917,brown_apron,0,2917,[],棕色围裙
7520,1296117,sideways_hat,0,1618,[],歪戴帽子
7521,680210,walking_away,0,699,[],走开
7522,1754298,multiple_bracelets,0,3287,[],多手镯
7523,516375,biceps,0,12350,[],二头肌
7524,402892,weights,0,982,[],哑铃
7525,539284,heart_pasties,0,10115,[],心形乳贴
7526,498470,jacket_over_shoulder,0,711,[],外套披在肩上
7527,1308909,barcode_tattoo,0,3460,[],条形码纹身
7528,1457299,grey_cloak,0,1359,[],灰色斗篷
7529,558489,white_armor,0,3941,[],白色盔甲
7530,1316683,carrying_bag,0,0,[],提包
7531,1516674,bruised_eye,0,726,[],眼部淤青
7532,1336152,asymmetrical_sleeves,0,9576,[],不对称袖子
7533,574252,mismatched_sleeves,0,2446,[],不对称袖子
7534,682869,extra_mouth,0,2211,[],额外嘴巴
7535,822043,mundane_utility,0,982,[],日常用品
7536,877388,long_tail,0,3925,[],长尾巴
7537,448688,mimic,0,816,[],宝箱怪
7538,400655,mimic_chest,0,711,[],宝箱怪
7539,423448,brass_knuckles,0,968,[],指节铜环
7540,1303575,beige_jacket,0,0,[],米色夹克
7541,688713,snake_hair_ornament,0,15797,[],蛇形发饰
7542,513877,exoskeleton,0,973,[],外骨骼
7543,1797599,hugging_own_tail,0,792,[],抱自己的尾巴
7544,610198,leotard_pull,0,3500,[],拉紧身衣
7545,474717,front_ponytail,0,8532,[],前马尾
7546,430316,messenger_bag,0,1744,[],邮差包
7547,1402052,white_cloak,0,6354,[],白色斗篷
7548,1666453,mage_staff,0,3931,[],法师法杖
7549,640090,red_eyeshadow,0,17548,[],红色眼影
7550,1311157,anchor_earrings,0,782,[],锚形耳环
7551,188238,crossbow,0,2565,[],十字弓
7552,725289,multicolored_nails,0,9933,[],彩色指甲
7553,1513405,heart_facial_mark,0,3372,[],心形面部标记
7554,643796,power_symbol,0,3224,[],力量符号
7555,1513660,power_symbol-shaped_pupils,0,2467,[],电源符号形瞳孔
7556,475212,very_long_sleeves,0,4711,[],超长袖
7557,667363,helmet_over_eyes,0,1176,[],头盔遮眼
7558,1580148,after_bathing,0,1299,[],沐浴后
7559,1316609,mole_on_thigh,0,6743,[],大腿痣
7560,12725,headless,0,1898,[],无头
7561,525472,scratching,0,740,[],抓挠
7562,15765,gesture,0,636,[],手势
7563,1961761,pink_wrist_cuffs,0,2297,[],粉色护腕
7564,514885,after_kiss,0,5083,[],接吻后
7565,1637933,evolutionary_line,0,5626,[],进化链
7566,420479,no_feet,0,3745,[],无脚
7567,1369861,brown_pubic_hair,0,885,[],棕色阴毛
7568,723546,purple_pubic_hair,0,944,[],紫色阴毛
7569,1455458,brown_flower,0,1167,[],棕色花
7570,559383,iris_(flower),0,738,[],鸢尾花
7571,615286,pinching_sleeves,0,1897,[],捏袖子
7572,5258,hanafuda,0,706,[],花札
7573,466578,tarot_card,0,839,[],塔罗牌
7574,1487812,holding_magnifying_glass,0,1293,[],手持放大镜
7575,1408058,brown_leotard,0,1874,[],棕色紧身衣
7576,932458,bridal_lingerie,0,1116,[],新娘内衣
7577,11156,singlet,0,764,[],背心
7578,575497,starry_background,0,0,[],星空背景
7579,1577478,super_saiyan_1,0,1672,[],超级赛亚人1
7580,2004606,character_charm,0,1584,[],角色挂饰
7581,1476167,holding_handheld_game_console,0,4960,[],手持掌机
7582,535183,beer_bottle,0,1234,[],啤酒瓶
7583,58241,platform_heels,0,3120,[],厚底高跟鞋
7584,1373028,yellow-framed_eyewear,0,5119,[],黄色镜框眼镜
7585,1534478,two-tone_kimono,0,1265,[],双色和服
7586,585203,veiny_breasts,0,3568,[],青筋乳房
7587,406241,lampshade,0,737,[],灯罩
7588,567635,portrait_(object),0,2275,[],肖像画
7589,390084,lead_pipe,0,959,[],铅管
7590,568141,belt_chain,0,0,[],腰带链
7591,1465100,grey_sports_bra,0,2845,[],灰色运动内衣
7592,1689923,pectoral_cleavage,0,16012,[],胸肌沟
7593,1396654,ribbon-trimmed_capelet,0,764,[],缎带镶边短披肩
7594,1660126,implied_extra_ears,0,857,[],暗示额外耳朵
7595,11316,abstract,0,4378,[],抽象
7596,1408345,grey_outline,0,865,[],灰色轮廓
7597,1422152,paint_on_body,0,867,[],身体彩绘
7598,1384761,blue_hoodie,0,13130,[],蓝色连帽衫
7599,394778,icicle,0,703,[],冰柱
7600,539984,pointy_hat,0,871,[],尖顶帽
7601,1379921,camouflage_jacket,0,2319,[],迷彩夹克
7602,1880967,combat_helmet,0,3398,[],战斗头盔
7603,1440623,jacket_partially_removed,0,11716,[],半脱夹克
7604,399776,torch,0,3421,[],火炬
7605,1273902,eye_print,0,1145,[],眼睛印花
7606,720133,head_on_table,0,738,[],趴在桌上
7607,1325214,seal_(animal),0,1429,[],海豹
7608,615970,yellow_sclera,0,12533,[],黄色巩膜
7609,456641,concentrating,0,746,[],专注
7610,684797,hands_on_another's_hips,0,1703,[],手搭他人臀部
7611,519920,cum_inflation,0,1420,[],精液膨胀
7612,1443312,yellow_camisole,0,1232,[],黄色吊带背心
7613,440956,fluffy,0,4806,[],毛茸茸
7614,597341,hole_on_body,0,1489,[],身体上有洞
7615,510652,flashback,0,1856,[],回忆
7616,458547,wood,0,1264,[],木头
7617,488068,hair_over_face,0,826,[],头发遮脸
7618,1386716,handjob_gesture,0,1026,[],手淫手势
7619,1229660,multiple_horns,0,9150,[],多角
7620,482791,tusks,0,5437,[],獠牙
7621,610394,wavy_eyes,0,1621,[],波浪眼
7622,404788,wrestling_ring,0,1644,[],摔跤擂台
7623,1560432,reverse_outfit,0,7458,[],反穿服装
7624,626731,chocolate_syrup,0,835,[],巧克力糖浆
7625,501463,stahlhelm,0,817,[],钢盔
7626,473178,\n/,0,1653,[],\n/(表情)
7627,1304010,pink_pupils,0,9595,[],粉色瞳孔
7628,487203,overcast,0,3336,[],阴天
7629,1230297,single_wrist_cuff,0,1953,[],单腕铐
7630,474107,mullet,0,1177,[],鲻鱼头
7631,1319842,forked_eyebrows,0,7187,[],分叉眉毛
7632,437197,surgical_mask,0,6393,[],口罩
7633,12721,gas_mask,0,4838,[],防毒面具
7634,661625,butterfly_ornament,0,1282,[],蝴蝶饰品
7635,684567,looking_at_mirror,0,4186,[],照镜子
7636,569200,flaming_eyes,0,721,[],燃烧之眼
7637,575698,torn_cape,0,4952,[],破损披风
7638,684234,perpendicular_paizuri,0,1950,[],垂直乳交
7639,1345225,half_mask,0,2051,[],半面具
7640,558252,shark_fin,0,903,[],鲨鱼鳍
7641,584023,shark_girl,0,12597,[],鲨鱼女孩
7642,671651,hair_ears,0,3333,[],发耳
7643,1907178,empire_waist,0,1020,[],高腰线
7644,1382389,vertical-striped_kimono,0,1323,[],竖条纹和服
7645,2221260,muzzle_(mask),0,1165,[],口枷
7646,1409407,pubic_stubble,0,1256,[],阴毛茬
7647,1041670,penis_on_pussy,0,928,[],阴茎放在外阴上
7648,680600,arm_across_waist,0,1073,[],手臂环腰
7649,675177,book_on_lap,0,829,[],书放在膝上
7650,574422,claw_(weapon),0,3415,[],爪刃
7651,1951024,aristocratic_clothes,0,885,[],贵族服装
7652,437149,tongue_piercing,0,5371,[],舌钉
7653,515924,drum_magazine,0,815,[],弹鼓
7654,565322,adjusting_leotard,0,687,[],调整紧身衣
7655,1325030,new_school_swimsuit,0,1836,[],新式学校泳装
7656,1443767,team_rocket_uniform,0,2422,[],火箭队制服
7657,317012,zeon,0,2149,[],吉翁
7658,574147,thong_aside,0,1124,[],丁字裤拨开
7659,120960,aztec,0,716,[],阿兹特克
7660,390051,invisible,0,1074,[],隐形
7661,582833,ear_blush,0,14609,[],耳朵泛红
7662,552383,c-string,0,658,[],C字裤
7663,696476,excessive_pussy_juice,0,853,[],过量爱液
7664,374958,cyrillic,0,937,[],西里尔字母
7665,1505132,russian_text,0,3536,[],俄语文字
7666,492687,chocolate_banana,0,792,[],巧克力香蕉
7667,542165,runny_nose,0,1009,[],流鼻涕
7668,561371,qr_code,0,2356,[],二维码
7669,1346545,detached_hood,0,1070,[],可拆卸兜帽
7670,1271840,throat_microphone,0,832,[],喉麦
7671,550560,oni_mask,0,3351,[],鬼面具
7672,1330123,paralyzer,0,892,[],麻痹器
7673,11943,zero_suit,0,3565,[],零式服
7674,666929,light_trail,0,4633,[],光轨
7675,433470,fanny_pack,0,4305,[],腰包
7676,262264,tight_pants,0,7972,[],紧身裤
7677,1434570,hadanugi_dousa,0,3689,[],肌襦袢动作
7678,390528,seaweed,0,1740,[],海藻
7679,688459,toriyama_akira_(style),0,1048,[],鸟山明风格
7680,1436827,obidome,0,883,[],带留
7681,643256,tentacle_pit,0,2613,[],触手坑
7682,602163,webbed_hands,0,1176,[],蹼手
7683,596172,garland_(decoration),0,703,[],花环
7684,1507090,holding_lipstick_tube,0,1521,[],手持口红管
7685,1464853,blue-tinted_eyewear,0,3577,[],蓝色镜片眼镜
7686,496388,._.,0,2795,[],._.(表情)
7687,667570,large_ears,0,1934,[],大耳朵
7688,1440813,red_track_suit,0,1311,[],红色运动服
7689,505860,tally,0,4579,[],计数标记
7690,507496,chess_piece,0,8219,[],棋子
7691,532082,knight_(chess),0,1028,[],骑士(国际象棋)
7692,1303619,pawn_(chess),0,1013,[],兵（国际象棋）
7693,1392422,frilled_camisole,0,1959,[],荷叶边吊带背心
7694,476104,saber_(weapon),0,1415,[],军刀
7695,13444,germany,0,781,[],德国
7696,1411022,black_babydoll,0,1368,[],黑色娃娃裙
7697,2221727,single_bare_foot,0,1591,[],单只赤脚
7698,682123,detached_leggings,0,1042,[],分离式紧身裤
7699,1428590,holding_candle,0,964,[],手持蜡烛
7700,1497279,red_corset,0,1005,[],红色束腰
7701,1307726,magatama_earrings,0,2062,[],勾玉耳饰
7702,687072,dark_areolae,0,977,[],深色乳晕
7703,712381,thigh_cutout,0,3173,[],大腿镂空
7704,742744,bean_bag_chair,0,1489,[],懒人沙发
7705,843166,yellow_hoodie,0,4339,[],黄色连帽衫
7706,476596,sode,0,4822,[],袖
7707,1258228,hanging_light,0,1404,[],吊灯
7708,1380972,holding_scroll,0,1584,[],手持卷轴
7709,664517,kariginu,0,9677,[],狩衣
7710,540097,turtle_shell,0,3977,[],龟壳
7711,662445,akatsuki_uniform,0,987,[],晓制服
7712,891632,artificial_eye,0,2242,[],义眼
7713,1258750,mechanical_eye,0,1945,[],机械眼
7714,557859,puppet_strings,0,2233,[],提线木偶线
7715,417483,sharingan,0,878,[],写轮眼
7716,1372792,fox_boy,0,7752,[],狐男孩
7717,723670,noses_touching,0,1256,[],鼻尖相触
7718,2061574,squeans,0,11480,[],汗滴
7719,491766,painterly,0,5966,[],绘画风格
7720,1275036,german_clothes,0,2647,[],德国服饰
7721,386926,polar_bear,0,1332,[],北极熊
7722,411205,pigeon,0,1616,[],鸽子
7723,482447,tailcoat,0,4420,[],燕尾服
7724,533520,trowel,0,748,[],抹刀
7725,553041,flower_necklace,0,2409,[],花项链
7726,447037,lei,0,754,[],花环
7727,499629,headpiece,0,23092,[],头饰
7728,1609648,cum_on_pectorals,0,1355,[],精液射在胸肌上
7729,1813349,fishnet_socks,0,1696,[],渔网袜
7730,1276269,ribbed_sleeves,0,2367,[],罗纹袖
7731,416716,dry_humping,0,884,[],干磨
7732,413217,humping,0,1323,[],顶胯
7733,522472,wheat_field,0,1351,[],麦田
7734,667586,single_pauldron,0,7436,[],单肩甲
7735,510293,inflatable_whale,0,782,[],充气鲸鱼
7736,379180,zora,0,1509,[],佐拉族
7737,374573,centaur,0,2249,[],半人马
7738,758409,taur,0,6519,[],牛头人
7739,410903,black_skin,0,10516,[],黑色皮肤
7740,519170,yellow_pantyhose,0,1644,[],黄色连裤袜
7741,1756699,single_hair_tube,0,2914,[],单发管
7742,1688136,saliva_drip,0,2348,[],唾液滴落
7743,2068563,barefoot_sandals_(jewelry),0,1383,[],赤足凉鞋(饰品)
7744,1462229,horned_mask,0,1006,[],有角面具
7745,1811674,figure_four_sitting,0,802,[],四字坐姿
7746,1715091,very_long_beard,0,1246,[],极长胡须
7747,391680,horse_ears,0,150044,[],马耳
7748,1441947,print_footwear,0,0,[],印花鞋
7749,1556083,camouflage_headwear,0,1142,[],迷彩头饰
7750,473342,imperial_japanese_army,0,1024,[],大日本帝国陆军
7751,1727451,anti-aircraft_gun,0,858,[],高射炮
7752,471824,searchlight,0,1231,[],探照灯
7753,1400652,torpedo_launcher,0,2060,[],鱼雷发射管
7754,1415469,torpedo_tubes,0,2259,[],鱼雷发射管
7755,628155,bandaged_fingers,0,1229,[],绷带手指
7756,2066021,tickling_sides,0,656,[],挠侧身
7757,1928097,tickling_armpits,0,911,[],挠腋窝
7758,1258484,key_necklace,0,2904,[],钥匙项链
7759,581551,covered_face,0,5449,[],遮脸
7760,1229971,shoulder_cannon,0,1706,[],肩扛炮
7761,1154025,ankle_wrap,0,1076,[],脚踝绑带
7762,552454,comic_cover,0,905,[],漫画封面
7763,497295,happi,0,2251,[],法被
7764,1385298,animal_ear_headphones,0,11532,[],兽耳耳机
7765,1304570,cat_ear_headphones,0,8358,[],猫耳耳机
7766,380200,2007,0,949,[],2007年
7767,608373,catching,0,782,[],接住
7768,1427832,orange_cat,0,1123,[],橘猫
7769,1508844,sainan_high_school_uniform,0,911,[],彩南高中校服
7770,418260,tripod,0,1010,[],三脚架
7771,659959,scarf_over_mouth,0,1891,[],围巾遮嘴
7772,633950,single_bridal_gauntlet,0,1413,[],单只新娘长手套
7773,472234,dying,0,765,[],濒死
7774,1404577,grey_apron,0,1294,[],灰色围裙
7775,665720,candy_wrapper,0,1803,[],糖果包装纸
7776,1429573,bow_skirt,0,1761,[],蝴蝶结裙子
7777,1592986,rabbit_boy,0,3764,[],兔男郎
7778,722706,jojo_pose,0,1846,[],JOJO立
7779,1306233,triangle_print,0,2105,[],三角印花
7780,2006770,unworn_coat,0,2131,[],未穿外套
7781,617715,wrapped_candy,0,1503,[],包装糖果
7782,1812057,blue_veil,0,1970,[],蓝色面纱
7783,191322,keyblade,0,1025,[],钥刃
7784,1336108,crime_prevention_buzzer,0,2164,[],防犯蜂鸣器
7785,546992,short_yukata,0,663,[],短浴衣
7786,489995,bulletproof_vest,0,4718,[],防弹背心
7787,438322,police_car,0,1053,[],警车
7788,623986,green_sclera,0,1836,[],绿色巩膜
7789,1324692,pink_fur,0,4362,[],粉色毛皮
7790,1461479,holding_spatula,0,1368,[],手持锅铲
7791,668796,meteor_shower,0,1134,[],流星雨
7792,1261354,feather_trim,0,4300,[],羽毛镶边
7793,561407,poppy_(flower),0,1175,[],罂粟花
7794,450702,naval_uniform,0,13751,[],海军制服
7795,1481842,white_nightgown,0,1415,[],白色睡袍
7796,664922,dragon_horns,0,53816,[],龙角
7797,378567,robot_girl,0,4780,[],机器人女孩
7798,585968,heads-up_display,0,1373,[],抬头显示器
7799,1357563,blue_helmet,0,2329,[],蓝色头盔
7800,1367418,red_helmet,0,2111,[],红色头盔
7801,613203,orange_legwear,0,0,[],橙色腿饰
7802,646095,powering_up,0,1341,[],蓄力
7803,27674,giant_monster,0,1348,[],巨型怪兽
7804,522733,u.n._spacy,0,676,[],统合宇宙军
7805,649804,dating,0,1018,[],约会
7806,714513,menu_board,0,1222,[],菜单板
7807,1562922,holding_carrot,0,851,[],拿着胡萝卜
7808,1915696,criss-cross_straps,0,1206,[],交叉绑带
7809,1127765,black_veil,0,5448,[],黑色面纱
7810,1374563,school_of_fish,0,854,[],鱼群
7811,711900,toothbrush_in_mouth,0,754,[],嘴里叼着牙刷
7812,614593,white_snake,0,2916,[],白蛇
7813,1373317,paizuri_invitation,0,895,[],乳交邀请
7814,1680143,pegasus_knight_uniform_(fire_emblem),0,665,[],天马骑士制服(火焰纹章)
7815,501948,wing_ears,0,965,[],翼状耳
7816,1500711,facing_up,0,1484,[],面朝上
7817,542603,hinamatsuri,0,763,[],女儿节
7818,394916,2008,0,956,[],2008年
7819,1345444,holding_coin,0,1675,[],手持硬币
7820,1319620,wing_hair_ornament,0,8686,[],翅膀发饰
7821,1532157,green_eyeshadow,0,1321,[],绿色眼影
7822,13274,rubik's_cube,0,793,[],魔方
7823,1300914,leash_pull,0,1708,[],拉牵引绳
7824,675461,rolling_suitcase,0,2170,[],拉杆行李箱
7825,1320993,print_necktie,0,1517,[],印花领带
7826,453294,houndstooth,0,1531,[],千鸟格纹
7827,617246,leather_belt,0,3136,[],皮带
7828,482941,flight_deck,0,5086,[],飞行甲板
7829,1366949,anchor_ornament,0,1006,[],锚饰
7830,551591,deerstalker,0,2593,[],猎鹿帽
7831,1378575,monsterification,0,4021,[],怪物化
7832,1328313,shell_hair_ornament,0,1584,[],贝壳发饰
7833,1682448,yellow_trim,0,2539,[],黄色镶边
7834,527884,christmas_wreath,0,937,[],圣诞花环
7835,527885,christmas_stocking,0,1185,[],圣诞袜
7836,13691,bomber_jacket,0,3498,[],轰炸机夹克
7837,724196,thigh_pouch,0,5058,[],大腿包
7838,456918,piano_print,0,721,[],钢琴印花
7839,423622,pelt,0,1289,[],毛皮
7840,605129,shaft_look,0,647,[],SHAFT画风
7841,412638,ticket,0,1347,[],票券
7842,588631,in_heat,0,1094,[],发情
7843,401062,x3,0,1109,[],x3(表情)
7844,1070070,fishnet_bodysuit,0,0,[],渔网连体衣
7845,1955072,screenshot_inset,0,1459,[],截图内嵌
7846,1409727,torn_cloak,0,1154,[],破损斗篷
7847,1417293,pink_feathers,0,834,[],粉色羽毛
7848,1505133,spanish_text,0,1601,[],西班牙语文字
7849,675804,nervous_smile,0,8748,[],紧张微笑
7850,1309364,single_head_wing,0,1197,[],单头翼
7851,1377225,bruise_on_face,0,3112,[],脸上瘀伤
7852,607136,split_ponytail,0,2607,[],分叉马尾
7853,658295,cryokinesis,0,817,[],冰系能力
7854,120908,chess,0,1114,[],国际象棋
7855,689166,king_(chess),0,1437,[],王(国际象棋)
7856,642029,queen_(chess),0,1405,[],后(国际象棋)
7857,534507,two-tone_eyes,0,13094,[],双色瞳
7858,605322,checkered_shirt,0,1306,[],格子衬衫
7859,589458,<o>_<o>,0,1401,[],<o>_<o>(表情)
7860,1413251,fur-trimmed_collar,0,2001,[],毛领
7861,2022180,sideless_shirt,0,2097,[],无侧边衬衫
7862,468419,hangar,0,787,[],机库
7863,1161750,boy_sandwich,0,1307,[],男孩三明治
7864,709715,flattop,0,872,[],平头
7865,1489407,martial_arts_belt,0,1549,[],武术腰带
7866,374917,prison_clothes,0,1929,[],囚服
7867,602427,wrestling_outfit,0,3553,[],摔角服
7868,467711,possessed,0,2504,[],被附身
7869,457036,steak,0,1400,[],牛排
7870,657589,crotch_cutout,0,1893,[],胯部镂空
7871,1601462,blue_wrist_cuffs,0,1315,[],蓝色腕套
7872,1441197,red_bandeau,0,1155,[],红色抹胸
7873,653485,torn_leotard,0,2491,[],撕裂的紧身衣
7874,1448827,minimap,0,691,[],小地图
7875,522385,swirl,0,849,[],旋涡
7876,1623058,male_maid,0,7090,[],男仆
7877,1329132,cherry_hair_ornament,0,1852,[],樱桃发饰
7878,1611404,food-themed_earrings,0,2385,[],食物主题耳环
7879,476906,spray_can,0,1917,[],喷漆罐
7880,2062608,medium_sideburns,0,972,[],中等鬓角
7881,1458709,frilled_wristband,0,1108,[],褶边腕带
7882,1350589,bandaid_on_forehead,0,1703,[],额头创可贴
7883,543247,eyebrow_piercing,0,4008,[],眉环
7884,1334027,argyle_cutout,0,742,[],菱形镂空
7885,525594,vomiting,0,772,[],呕吐
7886,1546270,cross-laced_cutout,0,868,[],交叉绑带镂空
7887,1255353,loungewear,0,2367,[],家居服
7888,535308,body_markings,0,12035,[],身体标记
7889,1247747,hair_strand,0,2379,[],发丝
7890,537303,shoulder_belt,0,3135,[],肩带
7891,525582,print_socks,0,847,[],印花袜子
7892,693714,cat_ear_hairband,0,2342,[],猫耳发箍
7893,535487,hand_over_eye,0,1410,[],手遮眼
7894,657138,cat_mask,0,1188,[],猫面具
7895,537237,coat_dress,0,1365,[],外套连衣裙
7896,496608,master_sword,0,2304,[],大师之剑
7897,595747,shared_blanket,0,815,[],共用毯子
7898,1474162,gekkoukan_high_school_uniform,0,5064,[],月光馆高中校服
7899,555318,blocking,0,761,[],阻挡
7900,655271,naked_jacket,0,4163,[],裸穿外套
7901,1247797,bike_shorts_under_shorts,0,1430,[],短裤下穿自行车短裤
7902,388208,orange_hoodie,0,2777,[],橙色连帽衫
7903,420294,yellow_skin,0,5810,[],黄色皮肤
7904,1257081,scar_on_cheek,0,18880,[],脸颊疤痕
7905,579303,tail_ring,0,2136,[],尾环
7906,1445462,gradient_horns,0,1477,[],渐变角
7907,1476481,multicolored_horns,0,4252,[],彩色角
7908,1609075,orange_horns,0,1147,[],橙色角
7909,1369696,pink_horns,0,1880,[],粉色角
7910,1408010,pom_pom_earrings,0,1255,[],绒球耳环
7911,1481466,purple_horns,0,3616,[],紫色角
7912,1472669,collared_capelet,0,1867,[],带领披肩
7913,510070,:i,0,4774,[],:i(表情)
7914,691122,transparent_censoring,0,914,[],透明遮挡
7915,1386715,zipper_skirt,0,765,[],拉链裙
7916,478325,2010,0,1568,[],2010年
7917,452607,2009,0,1374,[],2009年
7918,895870,painted_clothes,0,677,[],彩绘衣服
7919,1441858,lap_pillow_invitation,0,1177,[],膝枕邀请
7920,1641902,disembodied_eye,0,1150,[],浮游眼球
7921,467468,congratulations,0,995,[],恭喜
7922,1590671,chest_harness,0,14278,[],胸部束带
7923,1459749,pelvic_curtain_lift,0,1244,[],掀开胯部帘幕
7924,1871372,streetwear,0,1862,[],街头服饰
7925,1601728,gladiator_sandals,0,2273,[],角斗士凉鞋
7926,663411,holding_another's_foot,0,1031,[],握着别人的脚
7927,1325797,covered_anus,0,864,[],遮挡肛门
7928,1509969,hip_focus,0,15668,[],臀部特写
7929,1629722,large_pectorals,0,52282,[],大胸肌
7930,686220,pink_sleeves,0,5469,[],粉色袖子
7931,1495060,pants_tucked_in,0,1837,[],裤子塞进
7932,1597540,two-sided_coat,0,3195,[],双面外套
7933,408561,lava,0,2074,[],熔岩
7934,1971397,aroused_nosebleed,0,1136,[],兴奋流鼻血
7935,1994923,walker_(robot),0,877,[],步行机(机器人)
7936,1372005,brown_lips,0,1228,[],棕色嘴唇
7937,453530,power_suit,0,1474,[],动力服
7938,597366,panties_over_pantyhose,0,808,[],内裤套连裤袜
7939,1316299,multicolored_scarf,0,1425,[],彩色围巾
7940,720999,aqua_jacket,0,3894,[],水色夹克
7941,415865,broken_armor,0,1039,[],破损盔甲
7942,564956,color_contrast,0,1248,[],色彩对比
7943,519382,decepticon,0,1715,[],霸天虎
7944,1292990,very_long_tongue,0,1006,[],超长舌头
7945,392736,greenhouse,0,720,[],温室
7946,1451576,checkered_sash,0,1151,[],格子腰带
7947,702474,ribbed_leotard,0,1896,[],罗纹紧身衣
7948,2114289,sleeved_leotard,0,1893,[],长袖紧身连衣裤
7949,723924,very_long_fingernails,0,2825,[],超长指甲
7950,649309,power_connection,0,969,[],电源连接
7951,411436,evoker,0,838,[],召唤器
7952,1409032,mole_on_arm,0,1379,[],手臂上的痣
7953,1347574,mole_on_body,0,476,[],身体上的痣
7954,572327,splatter,0,1432,[],飞溅
7955,611065,lace_choker,0,2565,[],蕾丝项圈
7956,541608,fishbowl,0,830,[],鱼缸
7957,379633,fertilization,0,3282,[],受精
7958,472861,ovum,0,3401,[],卵子
7959,1329387,deviantart_username,0,3978,[],DeviantArt用户名
7960,396859,budget_sarashi,0,2477,[],简易绷带
7961,397042,temple,0,1100,[],寺庙
7962,649302,hydrokinesis,0,2225,[],控水能力
7963,1579047,rabbit_pose,0,6139,[],兔子姿势
7964,1461344,papakha,0,1667,[],帕帕哈帽
7965,1687001,male_underwear_pull,0,1305,[],拉男性内裤
7966,474598,tate_eboshi,0,12937,[],立乌帽子
7967,412891,prison_cell,0,967,[],牢房
7968,1439729,green_fur,0,2603,[],绿色毛发
7969,1400567,yin_yang_print,0,1102,[],阴阳印花
7970,469544,navel_hair,0,9272,[],肚脐毛
7971,1393817,platinum_blonde_hair,0,4476,[],白金色头发
7972,1450741,oohashi_high_school_uniform,0,1759,[],大桥高中校服
7973,1023597,large_hands,0,2426,[],大手
7974,664349,ruyi_jingu_bang,0,714,[],如意金箍棒
7975,1263464,potara_earrings,0,1957,[],波塔拉耳环
7976,1050723,super_saiyan_4,0,1454,[],超级赛亚人4
7977,1551407,metamoran_vest,0,1244,[],梅塔莫尔背心
7978,445034,huge_testicles,0,2068,[],巨大睾丸
7979,1778351,yellow_gemstone,0,1528,[],黄色宝石
7980,1448570,gold_earrings,0,10350,[],金耳环
7981,1514435,scoop_neck,0,1020,[],勺领
7982,1342607,holding_lantern,0,4854,[],手持灯笼
7983,1399875,aqua_kimono,0,1551,[],水色和服
7984,1507043,himejoshi,0,733,[],姬女子
7985,1345296,skeleton_print,0,1367,[],骷髅印花
7986,816378,labret_piercing,0,1322,[],唇钉
7987,590861,black_sky,0,1763,[],黑色天空
7988,1391985,grey_hoodie,0,9411,[],灰色连帽衫
7989,621690,no_mask,0,1829,[],无面具
7990,724362,single_detached_sleeve,0,7415,[],单侧分离袖
7991,693711,floating_rock,0,1013,[],浮空岩石
7992,1311812,green_hakama,0,1846,[],绿色袴
7993,1333532,mole_on_pussy,0,932,[],阴部有痣
7994,1820626,half-erect,0,1056,[],半勃起
7995,476601,suneate,0,685,[],胫甲
7996,12500,pendulum,0,2027,[],摆锤
7997,1390304,over_the_knee,0,754,[],过膝
7998,519987,pikmin_(creature),0,2331,[],皮克敏(生物)
7999,485720,policeman,0,1288,[],警察
8000,499818,nipple_rub,0,1171,[],乳头摩擦
8001,403070,grenade_launcher,0,1378,[],榴弹发射器
8002,420441,teamwork,0,640,[],团队合作
8003,1439570,tall_female,0,4525,[],高挑女性
8004,1304064,black_apron,0,5232,[],黑色围裙
8005,2202217,futa_without_pussy,0,2169,[],无阴部扶她
8006,1332003,champagne_flute,0,3965,[],香槟笛杯
8007,1308574,polka_dot_pajamas,0,1252,[],圆点睡衣
8008,492127,glass_slipper,0,807,[],玻璃鞋
8009,610524,star-shaped_pupils,0,24495,[],星形瞳孔
8010,1627131,clarent_(fate),0,868,[],克拉伦特(Fate)
8011,451531,cutting,0,1027,[],切割
8012,1880820,two-tone_sports_bra,0,1718,[],双色运动内衣
8013,1328348,group_name,0,2540,[],团体名称
8014,1479848,holding_quill,0,1440,[],手持羽毛笔
8015,1551114,covered_abs,0,4727,[],遮腹
8016,1395228,eyes_in_shadow,0,1018,[],阴影中的眼睛
8017,537940,flagpole,0,769,[],旗杆
8018,398263,eyebrows,0,42905,[],眉毛
8019,653735,ahoge_wag,0,1008,[],呆毛摆动
8020,1241229,butterfly_tattoo,0,1166,[],蝴蝶纹身
8021,667047,scratching_cheek,0,1038,[],挠脸颊
8022,1478379,dress_flower,0,5125,[],裙子花
8023,402907,earth_federation,0,1048,[],地球联邦
8024,1372592,bath_yukata,0,2668,[],浴衣
8025,1260709,copy_ability,0,1367,[],复制能力
8026,1349162,holding_balloon,0,3418,[],手持气球
8027,557999,wiping_face,0,2448,[],擦脸
8028,1450600,very_wide_shot,0,1731,[],极远景
8029,1416546,red_hoodie,0,4943,[],红色连帽衫
8030,1435434,two-tone_skirt,0,6428,[],双色裙子
8031,1501299,grey_sweater_vest,0,1563,[],灰色毛衣背心
8032,607516,holding_leg,0,532,[],抱腿
8033,1412053,magatama_necklace,0,3773,[],勾玉项链
8034,566473,single_sandal,0,732,[],单只凉鞋
8035,1307284,arm_on_own_head,0,778,[],手臂放在自己头上
8036,517418,aunt_and_niece,0,1055,[],姨妈和侄女
8037,1582502,scar_on_stomach,0,3228,[],腹部疤痕
8038,381685,pig_ears,0,1126,[],猪耳朵
8039,1553233,yume_kawaii,0,2566,[],梦可爱
8040,1604827,blue_trim,0,2607,[],蓝色镶边
8041,409201,pinned,0,1932,[],被钉住
8042,1402718,holding_scepter,0,1358,[],手持权杖
8043,511657,alternate_form,0,5401,[],其他形态
8044,1754190,onii-shota,0,1560,[],哥哥正太
8045,1371093,plant_hair,0,797,[],植物头发
8046,1671079,game_screenshot_background,0,1104,[],游戏截图背景
8047,2022890,screenshot_background,0,1365,[],截图背景
8048,482537,movie_theater,0,968,[],电影院
8049,1399177,brown_cloak,0,3154,[],棕色斗篷
8050,1263906,star_wand,0,1115,[],星星魔杖
8051,433346,horn_grab,0,1088,[],抓角
8052,696037,bulging_eyes,0,1112,[],凸眼
8053,404746,immobilization,0,905,[],束缚
8054,918835,biting_neck,0,913,[],咬脖子
8055,508969,cow_boy,0,2359,[],牛仔男孩
8056,1271930,nanodesu_(phrase),0,966,[],nanodesu(语气词)
8057,1488757,cartoonized,0,729,[],卡通化
8058,1282703,stained_clothes,0,1152,[],污渍衣物
8059,1820926,sleeveless_turtleneck_leotard,0,0,[],无袖高领连体衣
8060,1574670,two-sided_dress,0,1917,[],双面连衣裙
8061,609486,single_strap,0,2540,[],单肩带
8062,599459,pixie_cut,0,1168,[],精灵短发
8063,541640,button_eyes,0,2052,[],纽扣眼
8064,536246,extra_legs,0,733,[],多条腿
8065,460224,rubber_gloves,0,1435,[],橡胶手套
8066,700045,stray_pubic_hair,0,4455,[],散乱阴毛
8067,537025,thigh_belt,0,7031,[],大腿带
8068,484724,pouty_lips,0,1128,[],噘唇
8069,513765,broken_horn,0,4253,[],断角
8070,1404857,holding_rope,0,1078,[],拿绳子
8071,1259138,mole_on_ass,0,2771,[],臀部痣
8072,675816,kissing_neck,0,1460,[],吻颈
8073,2027917,sheet_ghost,0,1075,[],床单幽灵
8074,570577,fur_bikini,0,821,[],毛皮比基尼
8075,1488457,grey_horns,0,4826,[],灰色角
8076,2233741,single_ear_down,0,1213,[],单耳下垂
8077,542661,nightstand,0,838,[],床头柜
8078,415994,scribble,0,372,[],涂鸦
8079,1405752,meme_attire,0,0,[],梗装束
8080,1077069,object_head,0,2690,[],物体头
8081,583137,ear_protection,0,1530,[],护耳
8082,1520977,print_mug,0,828,[],印花杯子
8083,1326625,implied_yaoi,0,2845,[],暗示BL
8084,935198,optical_sight,0,978,[],光学瞄准镜
8085,1378643,holding_egg,0,1087,[],拿着鸡蛋
8086,660094,cracked_glass,0,1214,[],破碎的玻璃
8087,548098,mast,0,1474,[],桅杆
8088,1294119,suspenders_slip,0,939,[],吊带滑落
8089,1847146,multi-strapped_bikini_top,0,2542,[],多带比基尼上衣
8090,643401,dragon_boy,0,7255,[],龙男孩
8091,560578,multicolored_skin,0,19444,[],多色皮肤
8092,609685,two-tone_skin,0,14835,[],双色皮肤
8093,1458431,holding_comb,0,928,[],拿着梳子
8094,674500,large_testicles,0,2884,[],大睾丸
8095,1480873,presenting_foot,0,3175,[],展示脚
8096,1346040,pink_hakama,0,1306,[],粉色袴
8097,507276,paper_crane,0,1431,[],纸鹤
8098,558276,temari_ball,0,844,[],手鞠球
8099,10789,bookbag,0,718,[],书包
8100,572593,noh_mask,0,1879,[],能面具
8101,1937162,black_arm_warmers,0,1928,[],黑色臂套
8102,1345306,holding_mirror,0,1481,[],手持镜子
8103,584748,:s,0,689,[],:s(表情)
8104,1881200,ashford_academy_school_uniform,0,1118,[],阿什福德学院校服
8105,2092313,horizontal-striped_thighhighs,0,3873,[],横条纹大腿袜
8106,384827,wrist_cutting,0,818,[],割腕
8107,1398644,aqua_pants,0,925,[],水蓝色裤子
8108,1345310,collared_vest,0,2730,[],有领马甲
8109,2221150,ancient_egyptian_clothes,0,4853,[],古埃及服装
8110,1244336,flower_brooch,0,2808,[],花朵胸针
8111,716702,checkered_bow,0,1138,[],格子蝴蝶结
8112,1670355,furry_with_furry,0,4340,[],兽人与兽人
8113,2169994,motoyui,0,1027,[],元结
8114,1163716,red_petals,0,2374,[],红色花瓣
8115,991822,blue_eyeshadow,0,4307,[],蓝色眼影
8116,1552258,fish_boy,0,1737,[],鱼男孩
8117,551150,cosmos_(flower),0,814,[],波斯菊
8118,439969,sprinkles,0,1400,[],糖针
8119,204329,arrancar,0,1011,[],破面
8120,1509239,cross-laced_bikini,0,989,[],交叉绑带比基尼
8121,1985698,vehicle_and_personification,0,921,[],车辆与拟人化
8122,1402775,white_mask,0,3634,[],白色面具
8123,1723482,flame-tipped_tail,0,4712,[],火焰尾尖
8124,474347,affectionate,0,1632,[],深情
8125,1353724,holding_cake,0,1733,[],拿着蛋糕
8126,478554,contrast,0,1045,[],对比
8127,176537,bartender,0,1881,[],酒保
8128,1981057,white_arm_warmers,0,1241,[],白色臂套
8129,1241808,looking_at_hand,0,1350,[],看手
8130,1353409,fine_fabric_emphasis,0,3312,[],细腻布料强调
8131,1266144,furoshiki,0,673,[],包袱布
8132,655737,pants_under_skirt,0,1631,[],裙下裤子
8133,702130,spider_print,0,842,[],蜘蛛印花
8134,1284171,after_paizuri,0,2857,[],乳交后
8135,2006765,unworn_eyepatch,0,1015,[],未佩戴眼罩
8136,1507688,cross-laced_skirt,0,1128,[],交叉系带裙
8137,374312,pilot,0,1249,[],飞行员
8138,1281555,aran_sweater,0,5043,[],阿兰毛衣
8139,1518573,cable_knit,0,7298,[],麻花编织
8140,1286664,kabedon,0,4174,[],壁咚
8141,550419,keyring,0,726,[],钥匙环
8142,778650,single_arm_warmer,0,1615,[],单臂套
8143,1391180,o-ring_belt,0,1916,[],O型环腰带
8144,1172565,dragon_tattoo,0,872,[],龙纹身
8145,399414,laboratory,0,759,[],实验室
8146,381959,tofu,0,818,[],豆腐
8147,615599,on_water,0,783,[],在水上
8148,1440622,green_headband,0,2065,[],绿色发带
8149,685558,cat_day,0,2405,[],猫之日
8150,2085208,gold_armlet,0,2270,[],金臂环
8151,648077,heart_of_string,0,15906,[],心形绳结
8152,460701,pagoda,0,1177,[],宝塔
8153,1480198,red_brooch,0,2014,[],红色胸针
8154,668837,ghost_costume,0,2279,[],幽灵服装
8155,493981,wolf_costume,0,750,[],狼服装
8156,699839,halloween_costume,0,19864,[],万圣节服装
8157,1658263,armpit_focus,0,2288,[],腋下特写
8158,436631,sinking,0,754,[],下沉
8159,269258,chat_log,0,2078,[],聊天记录
8160,467444,kerchief,0,632,[],方巾
8161,475807,seed,0,810,[],种子
8162,1327857,red_apron,0,2709,[],红色围裙
8163,1677978,shirt_partially_tucked_in,0,1045,[],衬衫部分塞入
8164,1512622,holding_carton,0,1163,[],拿着纸箱
8165,488259,skull_mask,0,2583,[],骷髅面具
8166,438228,imitating,0,731,[],模仿
8167,487384,scorpion_tail,0,765,[],蝎尾
8168,1469130,multiple_straps,0,714,[],多条带子
8169,519091,coffee_table,0,778,[],咖啡桌
8170,1427240,shirt_overhang,0,1417,[],衬衫下摆外露
8171,609075,red_mask,0,2855,[],红色面具
8172,474442,plume,0,2416,[],羽饰
8173,1394470,black_coat_(kingdom_hearts),0,1012,[],黑色外套(王国之心)
8174,468371,long_sidelocks,0,11430,[],长鬓发
8175,1442709,fewer_digits,0,4414,[],少指
8176,692139,penguin_hood,0,1192,[],企鹅兜帽
8177,1256544,removing_jacket,0,1125,[],脱外套
8178,379013,note,0,1260,[],笔记
8179,658126,cream_on_face,0,1281,[],脸上奶油
8180,1488686,tilted_headwear,0,15643,[],歪戴头饰
8181,722453,thumb_ring,0,4017,[],拇指环
8182,1344738,snowflake_background,0,1307,[],雪花背景
8183,535126,bell_pepper,0,783,[],甜椒
8184,1501189,stitched_face,0,4051,[],缝合脸
8185,580695,big_belly,0,6309,[],大肚子
8186,1263450,print_skirt,0,8231,[],印花裙
8187,1567541,holding_trident,0,0,[],拿着三叉戟
8188,375527,kimono_skirt,0,1881,[],和服裙
8189,622330,oversized_limbs,0,1231,[],巨大肢体
8190,552418,detached_hair,0,1388,[],分离的头发
8191,627605,pushing_away,0,1041,[],推开
8192,1483054,veiny_hands,0,1135,[],青筋暴起的手
8193,1492153,green_horns,0,1800,[],绿色角
8194,1716159,human_scabbard,0,1561,[],人体刀鞘
8195,776463,enpera,0,3809,[],恩佩拉
8196,549186,animal_head,0,1250,[],动物头
8197,1393006,crescent_necklace,0,1250,[],新月项链
8198,1559517,aqua_trim,0,1513,[],水蓝色装饰
8199,490626,smoke_trail,0,2380,[],烟迹
8200,1119350,normal_suit,0,0,[],普通西装
8201,1835593,ornate_ring,0,1451,[],华丽戒指
8202,1582504,scar_on_neck,0,3811,[],颈部疤痕
8203,548540,puckered_anus,0,3078,[],收缩肛门
8204,545665,aqua_skin,0,1161,[],水蓝色皮肤
8205,1665195,reference_inset,0,8224,[],参考插图
8206,591683,under_kotatsu,0,1914,[],被炉下
8207,1413839,holding_jar,0,921,[],拿着罐子
8208,615984,bendy_straw,0,2264,[],可弯吸管
8209,1429522,dalachi_(headdress),0,3276,[],达拉奇头饰
8210,330762,dirt,0,1546,[],泥土
8211,658794,poke_ball_theme,0,1259,[],精灵球主题
8212,545216,iei,0,727,[],iei(表情)
8213,673368,blue_bird,0,1105,[],蓝鸟
8214,593770,fried_chicken,0,1334,[],炸鸡
8215,505048,spray_bottle,0,815,[],喷雾瓶
8216,1178149,tucked_penis,0,803,[],藏阴茎
8217,1316329,aqua_scarf,0,859,[],水蓝色围巾
8218,1859633,a_certain_high_school_uniform,0,1720,[],某高中校服
8219,1506756,striped_arm_warmers,0,1441,[],条纹臂套
8220,564526,vertical-striped_pantyhose,0,3318,[],竖条纹连裤袜
8221,1607514,grey_male_underwear,0,776,[],灰色男性内裤
8222,1272053,feet_only,0,862,[],只有脚
8223,605455,volleyball_uniform,0,3017,[],排球服
8224,580394,dirndl,0,2408,[],巴伐利亚连衣裙
8225,407884,chemical_structure,0,1788,[],化学结构式
8226,589491,gradient_wings,0,1417,[],渐变翅膀
8227,383546,stole,0,3217,[],披肩
8228,484125,deer_tail,0,1419,[],鹿尾
8229,1708252,licking_another's_face,0,2519,[],舔对方的脸
8230,1349482,igote,0,907,[],伊戈特
8231,460966,static,0,915,[],雪花噪点
8232,575798,wafer_stick,0,1027,[],威化棒
8233,643512,hylian_shield,0,632,[],海利亚盾(塞尔达传说)
8234,557144,henshin_pose,0,796,[],变身姿势
8235,1389883,red_cardigan,0,1715,[],红色开衫
8236,374776,snow_globe,0,910,[],雪景球
8237,374749,heartbeat,0,1986,[],心跳
8238,685325,shiny_legwear,0,1707,[],闪亮腿饰
8239,717071,low_tied_hair,0,0,[],低马尾
8240,1448672,tsab_ground_military_uniform,0,859,[],TSAB地面军服
8241,646375,sayagata,0,1068,[],纱形纹
8242,1398335,year_of_the_pig,0,811,[],猪年
8243,484268,cream_puff,0,704,[],泡芙
8244,440092,centipede,0,973,[],蜈蚣
8245,1881342,shield_on_back,0,1112,[],背盾
8246,145788,fur,0,5689,[],毛皮
8247,1345413,green_pupils,0,2316,[],绿色瞳孔
8248,1376960,glowing_tattoo,0,1763,[],发光纹身
8249,1404539,green_tunic,0,2578,[],绿色束腰外衣
8250,1293824,portal_(object),0,1456,[],传送门
8251,842878,liquid_hair,0,1927,[],液体头发
8252,375406,clown,0,1698,[],小丑
8253,1578028,heart_on_chest,0,1107,[],胸口爱心
8254,440503,kamina_shades,0,725,[],卡米那墨镜
8255,1735410,triangular_eyewear,0,980,[],三角形眼镜
8256,499807,twig,0,727,[],细枝
8257,663609,sweater_pull,0,871,[],拉毛衣
8258,623951,lying_on_lap,0,1443,[],膝枕
8259,1518970,pectoral_grab,0,2574,[],抓胸肌
8260,1267724,symbol_in_eye,0,25059,[],眼中符号
8261,483520,backless_panties,0,730,[],露背内裤
8262,711883,checkered_kimono,0,2885,[],格子纹和服
8263,1455250,chest_strap,0,4494,[],胸带
8264,662045,lotion_bottle,0,2488,[],乳液瓶
8265,420937,stopwatch,0,1223,[],秒表
8266,525121,clown_nose,0,1313,[],小丑鼻子
8267,1708253,licking_another's_cheek,0,708,[],舔他人脸颊
8268,471609,haramaki,0,1143,[],腹卷
8269,610947,self-harm,0,1440,[],自残
8270,1498357,single_leg_pantyhose,0,9902,[],单腿连裤袜
8271,1306995,panties_under_shorts,0,1094,[],短裤下内裤
8272,382610,skateboard,0,2558,[],滑板
8273,1358423,multicolored_footwear,0,0,[],彩色鞋子
8274,529041,hand_wraps,0,1289,[],缠手带
8275,392994,living_hair,0,667,[],活着的头发
8276,1325782,skull_ornament,0,1784,[],骷髅装饰
8277,598441,yin_yang_orb,0,2016,[],阴阳玉
8278,659938,poker_chip,0,3096,[],筹码
8279,1328452,ambiguous_red_liquid,0,1064,[],不明红色液体
8280,1628094,gae_buidhe_(fate),0,621,[],黄蔷薇(Fate)
8281,1628093,gae_dearg_(fate),0,800,[],红蔷薇(Fate)
8282,1482386,tiger_boy,0,5045,[],虎男孩
8283,376874,iridescent,0,928,[],虹彩
8284,412848,panzer_iv,0,1102,[],四号坦克
8285,1331283,bridal_legwear,0,1566,[],新娘腿部装饰
8286,1611387,fumo_(doll),0,2349,[],芙芙(玩偶)
8287,1607444,blue_male_underwear,0,939,[],蓝色男式内裤
8288,1302639,joker_(playing_card),0,818,[],小丑牌
8289,523482,long_jacket,0,545,[],长外套
8290,616223,no_gloves,0,2013,[],无手套
8291,1342201,plumeria,0,954,[],鸡蛋花
8292,1291679,wrist_flower,0,857,[],腕花
8293,377871,gerudo,0,1451,[],格鲁德族
8294,635465,twitching,0,5979,[],抽搐
8295,1488505,holding_crossbow,0,956,[],手持弩
8296,773347,leather_armor,0,1470,[],皮甲
8297,1229133,sabaton,0,956,[],铁靴
8298,468935,oxygen_mask,0,724,[],氧气面罩
8299,458787,testicle_grab,0,1232,[],抓睾丸
8300,612899,cum_bubble,0,753,[],精液泡泡
8301,1611055,blue_visor,0,1095,[],蓝色面罩
8302,577468,latex_thighhighs,0,909,[],乳胶过膝袜
8303,16614,diadem,0,3176,[],头冠
8304,595478,uncle_and_niece,0,840,[],叔叔与侄女
8305,602641,sad_smile,0,1033,[],苦笑
8306,544851,x_arms,0,754,[],X形手臂
8307,649168,fruit_on_head,0,904,[],头顶水果
8308,1488423,asymmetrical_pants,0,805,[],不对称裤子
8309,1411341,hooded_capelet,0,6657,[],连帽短披肩
8310,1470809,red_horns,0,19932,[],红色角
8311,1447366,cross_pasties,0,2082,[],十字乳贴
8312,378631,braces,0,1163,[],牙套/吊裤带
8313,1548224,butterfly_brooch,0,1215,[],蝴蝶胸针
8314,523866,sheep_tail,0,940,[],羊尾巴
8315,612104,respirator,0,2981,[],呼吸器
8316,589296,hand_on_hand,0,0,[],手叠手
8317,535613,upturned_eyes,0,4440,[],上目遣い
8318,379108,gorilla,0,740,[],大猩猩
8319,1667955,coat_partially_removed,0,1276,[],外套半脱
8320,1682536,alternate_muscle_size,0,1776,[],替代肌肉尺寸
8321,1193565,jimiko,0,2613,[],地味子
8322,446498,smegma,0,857,[],包皮垢
8323,649443,to_be_continued,0,792,[],待续
8324,699573,energy_cannon,0,1301,[],能量炮
8325,459154,nebula,0,1352,[],星云
8326,690728,missile_pod,0,1441,[],导弹发射器
8327,1270233,1koma,0,4769,[],1格漫画
8328,811495,undercut,0,18445,[],底切发型
8329,1375732,snap-fit_buckle,0,2589,[],卡扣式搭扣
8330,515225,sperm_cell,0,2030,[],精子细胞
8331,562638,fluffy_hair,0,2776,[],蓬松头发
8332,512534,squirrel_girl,0,4607,[],松鼠女孩
8333,403196,squirrel_tail,0,5058,[],松鼠尾巴
8334,1411974,shirt_under_dress,0,1483,[],连衣裙内穿衬衫
8335,501277,black_hole,0,1003,[],黑洞
8336,519256,boulder,0,815,[],巨石
8337,607255,chocolate_on_face,0,750,[],脸上有巧克力
8338,411278,jolly_roger,0,1197,[],海盗旗
8339,1355909,boater_hat,0,1684,[],平顶草帽
8340,1996504,bowlegged_pose,0,1911,[],弓形腿姿势
8341,466838,walkie-talkie,0,3379,[],对讲机
8342,1348685,fake_magazine_cover,0,1748,[],假杂志封面
8343,651794,unkempt,0,737,[],凌乱
8344,1399019,multicolored_fur,0,4378,[],多色毛皮
8345,1411201,kiyosumi_school_uniform,0,1509,[],清澄校服
8346,692563,pants_under_dress,0,840,[],连衣裙内穿裤子
8347,1477569,holding_flask,0,1091,[],手持酒壶
8348,1549436,cutout_above_navel,0,3188,[],肚脐上方镂空
8349,1341024,side-tie_shirt,0,940,[],侧系衬衫
8350,1450864,head_chain,0,1924,[],头链
8351,1417742,grey_ascot,0,1011,[],灰色领巾
8352,383339,monkey_girl,0,1051,[],猴娘
8353,402136,flamethrower,0,977,[],火焰喷射器
8354,515827,frog_print,0,2036,[],青蛙印花
8355,605808,snout,0,8291,[],口鼻部
8356,1399176,two-tone_fur,0,10315,[],双色毛发
8357,1477348,blue_armband,0,3637,[],蓝色臂章
8358,633164,glove_pull,0,680,[],拉手套动作
8359,666996,nipple_cutout,0,1112,[],乳头镂空
8360,424847,croissant,0,1227,[],可颂面包
8361,1400482,earclip,0,10856,[],耳夹
8362,1343964,white_hakama,0,819,[],白色袴
8363,1629215,black_male_swimwear,0,1418,[],黑色男性泳装
8364,1274150,print_sleeves,0,1562,[],印花袖子
8365,1872348,two-tone_one-piece_swimsuit,0,1902,[],双色一件式泳装
8366,646003,curled_fingers,0,3595,[],蜷曲手指
8367,1449750,holding_scarf,0,0,[],手持围巾
8368,433892,organs,0,872,[],器官
8369,683512,grey_suit,0,1750,[],灰色西装
8370,667138,hikimayu,0,3420,[],引眉
8371,1626851,pinstripe_pants,0,1170,[],细条纹裤子
8372,507379,yellow_belt,0,4068,[],黄色腰带
8373,1286244,rei_no_pool,0,946,[],零号泳池
8374,891880,lion_girl,0,6532,[],狮子娘
8375,421072,toga,0,1544,[],托加袍
8376,481389,broken_mask,0,868,[],破损面具
8377,396000,bowler_hat,0,1465,[],圆顶礼帽
8378,2055814,xiangyun,0,845,[],祥云
8379,1298677,armpit_cutout,0,2231,[],腋下镂空
8380,396080,arguing,0,817,[],争吵
8381,1807636,black_eyeliner,0,1651,[],黑色眼线
8382,568887,single_boot,0,1514,[],单靴
8383,415621,blueberry,0,3431,[],蓝莓
8384,1350631,grey_bowtie,0,1613,[],灰色蝴蝶结领结
8385,476288,dark_room,0,926,[],暗室
8386,687207,round_window,0,2023,[],圆形窗户
8387,643172,shotgun_shell,0,1197,[],霰弹枪弹壳
8388,1318748,floating_weapon,0,2050,[],浮游武器
8389,400267,dumpling,0,1875,[],团子
8390,509019,jiaozi,0,793,[],饺子
8391,534991,pillbox_hat,0,3191,[],药盒帽
8392,556589,safety_glasses,0,1007,[],护目镜
8393,447807,crocs,0,1851,[],洞洞鞋
8394,421029,spray_paint,0,807,[],喷漆
8395,1271959,short_sidetail,0,1716,[],短侧马尾
8396,575714,c:,0,2479,[],c:(表情)
8397,1923538,middle_ring,0,2156,[],中指戒指
8398,1401711,red_neckwear,0,0,[],红色颈饰
8399,1494960,yellow-tinted_eyewear,0,2488,[],黄色墨镜
8400,631074,tropical_fish,0,2049,[],热带鱼
8401,1825980,gun_on_back,0,910,[],背上有枪
8402,1427573,brown_sleeves,0,2465,[],棕色袖子
8403,440406,buck_teeth,0,3521,[],龅牙
8404,531128,sprout,0,760,[],芽
8405,664914,implied_cunnilingus,0,855,[],暗示舔阴
8406,1996367,devil_fruit_power,0,1798,[],恶魔果实能力
8407,1412249,green_scrunchie,0,1643,[],绿色发圈
8408,1844433,tweaking_own_nipple,0,1225,[],捏自己乳头
8409,1343849,fellatio_gesture,0,4385,[],口交手势
8410,643517,purple_fire,0,2725,[],紫色火焰
8411,388584,cat's_cradle,0,739,[],翻花绳
8412,1346569,ass_support,0,1775,[],托臀
8413,1409636,furrification,0,2708,[],兽化
8414,533238,milky_way,0,1263,[],银河
8415,681073,clear_sky,0,1835,[],晴朗天空
8416,1604098,spiked_pauldrons,0,1202,[],尖刺肩甲
8417,645083,smartphone,0,96176,[],智能手机
8418,1716748,ascot_between_breasts,0,806,[],领巾夹在胸前
8419,1435997,eye_trail,0,2766,[],眼睛轨迹
8420,1492235,collared_leotard,0,797,[],有领紧身连衣裤
8421,2071465,rabbit_ear_hairband,0,7890,[],兔耳发带
8422,1274515,double_w,0,2405,[],双W
8423,425750,dullahan,0,766,[],无头骑士
8424,399680,arachne,0,1305,[],阿拉克涅
8425,1402459,blue_cloak,0,3277,[],蓝色斗篷
8426,383571,golem,0,723,[],魔像
8427,523199,candelabra,0,986,[],大烛台
8428,1144646,head_steam,0,1091,[],头上冒蒸汽
8429,625484,glitch,0,5763,[],故障
8430,519188,metal_skin,0,1865,[],金属皮肤
8431,492292,behind-the-head_headphones,0,1266,[],头后式耳机
8432,1450046,holding_megaphone,0,2329,[],手持扩音器
8433,565392,white_leggings,0,2510,[],白色紧身裤
8434,512129,symbolism,0,1466,[],象征主义
8435,1391879,strawberry_slice,0,897,[],草莓片
8436,500760,flower_ornament,0,4031,[],花朵装饰
8437,566314,numbers_(nanoha),0,752,[],Numbers(魔法少女奈叶)
8438,1454264,heart-shaped_eyewear,0,8304,[],心形眼镜
8439,1325039,oral_invitation,0,2217,[],口交邀请
8440,684743,sam_browne_belt,0,1222,[],萨姆·布朗腰带
8441,1803519,emo_fashion,0,1163,[],情绪摇滚时尚
8442,1970,drawing,0,1732,[],图画
8443,624878,red_suit,0,1504,[],红色西装
8444,1300994,taut_leotard,0,1076,[],紧身连体衣
8445,590466,horseshoe,0,1295,[],马蹄铁
8446,510173,easter,0,1340,[],复活节
8447,1426900,white_bird,0,4206,[],白鸟
8448,15902,jetpack,0,1218,[],喷气背包
8449,1660195,long_earlobes,0,1515,[],长耳垂
8450,403195,squirrel_ears,0,5380,[],松鼠耳朵
8451,1915073,art_tools_in_frame,0,2555,[],画框内的绘画工具
8452,1491174,black_helmet,0,2078,[],黑色头盔
8453,1536591,low-cut_armhole,0,1087,[],低袖口
8454,490582,onbashira,0,1269,[],御柱
8455,1410179,horned_hat,0,981,[],带角帽子
8456,573377,symmetrical_pose,0,768,[],对称姿势
8457,1254029,multiple_necklaces,0,1704,[],多条项链
8458,1473363,purple_butterfly,0,2235,[],紫蝴蝶
8459,516646,macaron,0,6795,[],马卡龙
8460,557830,hand_on_glass,0,1740,[],手按玻璃
8461,635630,spoken_expression,0,1377,[],口头禅
8462,426371,through_wall,0,2822,[],穿墙
8463,454969,crotchless_pants,0,786,[],开裆裤
8464,408894,yuki_onna,0,732,[],雪女
8465,388798,hatsune_miku_(cosplay),0,2290,[],初音未来(cosplay)
8466,1258819,print_scarf,0,868,[],印花围巾
8467,722761,waving_arm,0,840,[],挥动手臂
8468,1258486,musical_note_print,0,1637,[],音符印花
8469,1471982,holding_necktie,0,900,[],手持领带
8470,1419859,fur-trimmed_cloak,0,3351,[],毛边披风
8471,564789,romper,0,4914,[],连体裤
8472,1058783,aviator_sunglasses,0,1889,[],飞行员太阳镜
8473,484485,side-tie_swimsuit,0,784,[],侧系带泳装
8474,712497,torn_bikini,0,685,[],撕裂比基尼
8475,1265402,heart_balloon,0,4436,[],心形气球
8476,1915557,wispy_bangs,0,4162,[],稀疏刘海
8477,513175,long_arms,0,733,[],长臂
8478,662122,fiery_tail,0,924,[],火焰尾
8479,1475076,blue_horns,0,4274,[],蓝色角
8480,1543064,two-tone_scarf,0,2089,[],双色围巾
8481,1425580,hands_on_own_legs,0,1090,[],手放在自己腿上
8482,1487745,pink_trim,0,1449,[],粉色镶边
8483,1294981,digitigrade,0,2966,[],趾行
8484,1416804,orange_scrunchie,0,3341,[],橙色发圈
8485,673705,hand_rest,0,2250,[],手托
8486,1462076,holding_chainsaw,0,935,[],手持链锯
8487,720294,weasel_ears,0,2009,[],鼬耳
8488,1820720,weasel_girl,0,1309,[],鼬娘
8489,720295,weasel_tail,0,1289,[],鼬尾
8490,507779,piano_keys,0,1008,[],钢琴键
8491,1673151,uneven_sleeves,0,3815,[],不对称袖子
8492,1399133,grey_cardigan,0,8595,[],灰色开衫
8493,396015,gunblade,0,1262,[],枪刃
8494,573658,cherry_tomato,0,841,[],樱桃番茄
8495,1623731,tomato_slice,0,872,[],番茄片
8496,772467,bear_boy,0,2467,[],熊男孩
8497,745987,holding_person,0,2043,[],抱着人
8498,387029,distortion,0,1240,[],扭曲
8499,1391880,kiwi_slice,0,802,[],猕猴桃片
8500,654255,heart_hair,0,0,[],心形发型
8501,1396474,single_knee_pad,0,1468,[],单膝护垫
8502,1328271,layered_bikini,0,5282,[],分层比基尼
8503,565996,goat_ears,0,3857,[],山羊耳
8504,507520,goat_girl,0,2796,[],山羊女孩
8505,673732,goat_horns,0,12847,[],山羊角
8506,573251,goat_tail,0,853,[],山羊尾
8507,1245204,puppet_rings,0,735,[],木偶环
8508,2006773,unworn_necktie,0,1143,[],未佩戴领带
8509,536524,tablet_pc,0,7291,[],平板电脑
8510,602360,blue_blood,0,764,[],蓝血
8511,1254622,torn_coat,0,1181,[],破损外套
8512,1510577,v_over_mouth,0,2042,[],V形遮嘴
8513,720000,wooden_box,0,740,[],木箱
8514,1476916,frilled_straps,0,934,[],褶边肩带
8515,507447,family_crest,0,1714,[],家纹
8516,911862,mask_pull,0,6191,[],拉口罩
8517,1474629,red_tabard,0,1433,[],红色罩袍
8518,1257314,idol_clothes,0,9445,[],偶像服
8519,1333411,grape_hair_ornament,0,816,[],葡萄发饰
8520,1467359,green_brooch,0,1467,[],绿色胸针
8521,1396860,cloud_hair_ornament,0,796,[],云朵发饰
8522,468765,pith_helmet,0,3180,[],遮阳帽
8523,1518587,striped_headwear,0,2674,[],条纹头饰
8524,1695811,single-shoulder_dress,0,1120,[],单肩连衣裙
8525,1475826,holding_pokemon,0,5929,[],手持宝可梦
8526,1631242,blue_male_swimwear,0,977,[],蓝色男式泳装
8527,1946141,center-flap_bangs,0,7285,[],中分刘海
8528,1418114,green_hoodie,0,4812,[],绿色连帽衫
8529,1339523,bone_hair_ornament,0,5819,[],骨制发饰
8530,1441951,gold_footwear,0,0,[],金色鞋子
8531,704180,beehive_hairdo,0,768,[],蜂窝发型
8532,1090326,bird_mask,0,1659,[],鸟嘴面具
8533,717483,flower-shaped_pupils,0,9425,[],花形瞳孔
8534,1289525,cross_scar,0,6073,[],十字伤疤
8535,1064351,green_cloak,0,2087,[],绿色斗篷
8536,1397501,star_ornament,0,2289,[],星星装饰
8537,1287707,print_pants,0,994,[],印花裤子
8538,1566835,disposable_coffee_cup,0,4705,[],一次性咖啡杯
8539,529773,orange_jumpsuit,0,1372,[],橙色连体衣
8540,489902,blowing_smoke,0,907,[],吹烟
8541,1345376,wing_ornament,0,2557,[],翅膀装饰
8542,1582101,dark_anus,0,2741,[],深色肛门
8543,1659960,holed_coin,0,2073,[],孔钱
8544,1363051,bandaid_on_neck,0,1168,[],颈部创可贴
8545,1403423,holding_marker,0,1034,[],手持记号笔
8546,2006761,unworn_boots,0,2918,[],未穿靴子
8547,538341,black_bird,0,1331,[],黑鸟
8548,608355,karakasa_obake,0,7562,[],唐伞小僧
8549,597833,winged_heart,0,1556,[],带翅膀的心
8550,477804,rainbow_hair,0,1826,[],彩虹发
8551,684345,credits_page,0,924,[],制作人员名单页
8552,1440820,usekh_collar,0,2283,[],乌瑟克项圈
8553,1253396,character_hair_ornament,0,4498,[],角色发饰
8554,613600,checkered_legwear,0,765,[],格子袜
8555,1395493,eyepatch_bikini,0,5525,[],眼罩比基尼
8556,1248405,skeletal_arm,0,807,[],骨骼手臂
8557,574380,gingerbread_man,0,980,[],姜饼人
8558,9364,comet,0,885,[],彗星
8559,617695,big_nose,0,2685,[],大鼻子
8560,634204,plaid_hat,0,3262,[],格子帽
8561,611611,dogeza,0,1114,[],土下座
8562,669701,hole_in_chest,0,1115,[],胸部有洞
8563,652171,creature_on_head,0,1173,[],头顶有生物
8564,1370858,mechanical_horns,0,4332,[],机械角
8565,1820919,black_leg_warmers,0,1409,[],黑色暖腿套
8566,1310659,hands_on_another's_thighs,0,1929,[],手放在他人大腿上
8567,1534682,aqua_headwear,0,0,[],水色头饰
8568,1414657,purple_capelet,0,3552,[],紫色短披肩
8569,1585007,two-tone_vest,0,735,[],双色背心
8570,1398131,hooded_bodysuit,0,1536,[],连帽连体紧身衣
8571,1543107,female_goblin,0,1287,[],女性哥布林
8572,2265813,holding_pregnancy_test,0,758,[],手持验孕棒
8573,1410658,implied_pregnancy,0,926,[],暗示怀孕
8574,391503,pregnancy_test,0,987,[],验孕棒
8575,1466457,undersized_animal,0,1084,[],过小的动物
8576,820510,horse_girl,0,146569,[],马娘
8577,1649801,pinstripe_jacket,0,2554,[],细条纹夹克
8578,1348776,creature_on_shoulder,0,964,[],肩上有生物
8579,1470190,frilled_sailor_collar,0,2405,[],荷叶边水手领
8580,1462248,fruit_cup,0,709,[],水果杯
8581,1690519,red_tube_top,0,834,[],红色抹胸
8582,545590,easter_egg,0,1753,[],复活节彩蛋
8583,1303272,print_jacket,0,2614,[],印花夹克
8584,1465616,eyewear_strap,0,3288,[],眼镜挂绳
8585,588453,laurel_crown,0,6004,[],桂冠
8586,1251057,ginkgo_leaf,0,2443,[],银杏叶
8587,632104,oversized_forearms,0,830,[],过大的前臂
8588,545201,micro_panties,0,2515,[],微缩内裤
8589,1323466,brown_nails,0,1905,[],棕色指甲
8590,590886,bird_legs,0,3579,[],鸟腿
8591,1582498,scar_on_leg,0,2917,[],腿部伤疤
8592,1552959,genderswap_(otf),0,2011,[],性转换(即时)
8593,394995,toolbox,0,687,[],工具箱
8594,706758,ring_necklace,0,955,[],环形项链
8595,673054,condensation,0,1094,[],凝结水珠
8596,582824,moon_phases,0,1178,[],月相
8597,2064206,small_sweatdrop,0,6589,[],小汗滴
8598,1465373,triangle_earrings,0,4000,[],三角形耳环
8599,393880,feet_on_table,0,848,[],脚放在桌子上
8600,1821637,scribble_censor,0,1543,[],涂鸦遮挡
8601,1516548,orange_headwear,0,0,[],橙色头饰
8602,673694,large_tail,0,4252,[],大尾巴
8603,1582500,scar_on_arm,0,9425,[],手臂疤痕
8604,1068870,panda_hood,0,1015,[],熊猫兜帽
8605,1253133,spade_hair_ornament,0,982,[],黑桃发饰
8606,518278,lowleg_shorts,0,714,[],低腰短裤
8607,1297213,mismatched_sclera,0,1629,[],异色巩膜
8608,815986,fortissimo,0,2254,[],Fortissimo
8609,735235,eye_of_horus,0,1743,[],荷鲁斯之眼
8610,1355648,frilled_vest,0,796,[],褶边背心
8611,1574664,two-sided_skirt,0,1274,[],双面裙
8612,1437159,holding_notepad,0,983,[],手持记事本
8613,465416,sleeveless_sweater,0,5906,[],无袖毛衣
8614,404056,yukkuri_shiteitte_ne,0,7982,[],请慢慢来
8615,620608,no_tail,0,2128,[],无尾巴
8616,1469769,grey_sleeves,0,4248,[],灰色袖子
8617,2006791,unworn_scarf,0,1053,[],未系的围巾
8618,1374895,spiked_tail,0,2412,[],尖刺尾巴
8619,504065,cephalopod_eyes,0,2180,[],头足类眼睛
8620,1371807,plackart,0,702,[],护胸甲
8621,1327731,multicolored_necktie,0,816,[],多彩领带
8622,561682,clownfish,0,1149,[],小丑鱼
8623,876681,year_of_the_rabbit,0,3504,[],兔年
8624,1901538,scissor_blade_(kill_la_kill),0,2298,[],太刀剪(斩服少女)
8625,1253832,print_sweater,0,1139,[],印花毛衣
8626,615623,single_shoulder_pad,0,1911,[],单肩垫
8627,1376938,hat_belt,0,1312,[],帽子腰带
8628,620832,hollow_eyes,0,1752,[],空洞眼神
8629,432459,stapler,0,687,[],订书机
8630,657147,fur_boots,0,1222,[],毛皮靴
8631,1329192,arm_armor,0,3018,[],臂甲
8632,1353857,blood_on_arm,0,2550,[],手臂上的血
8633,1617036,pokemon_move,0,1323,[],宝可梦招式
8634,1506275,riding_pokemon,0,2075,[],骑乘宝可梦
8635,1354455,year_of_the_rat,0,1327,[],鼠年
8636,1291412,seal_impression,0,1103,[],封印印记
8637,1408436,species_connection,0,772,[],物种联系
8638,673352,flaming_eye,0,3739,[],燃烧之眼
8639,2068101,colored_extremities,0,8842,[],彩色末端
8640,1476562,multicolored_hoodie,0,1342,[],多彩连帽衫
8641,1850655,red_hands,0,2774,[],红色的手
8642,547190,side-tie_skirt,0,746,[],侧系裙
8643,683919,ajirogasa,0,2185,[],网笠
8644,1350075,brown_feathers,0,936,[],棕色羽毛
8645,522469,centauroid,0,2270,[],半人马
8646,658525,white_cardigan,0,5288,[],白色开衫
8647,1470893,blue_brooch,0,4082,[],蓝色胸针
8648,1252017,mask_over_one_eye,0,888,[],面具遮住一只眼
8649,678068,audio_jack,0,958,[],音频插孔
8650,1415193,ass_tattoo,0,995,[],臀部纹身
8651,1344732,striped_jacket,0,8578,[],条纹夹克
8652,1416950,vertical-striped_jacket,0,2452,[],竖条纹夹克
8653,1501296,single_bare_leg,0,1420,[],单条光腿
8654,1273445,miracle_mallet,0,888,[],奇迹之槌
8655,565798,crazy_straw,0,1140,[],疯狂吸管
8656,489117,corsage,0,1015,[],胸花
8657,505279,compound_eyes,0,1839,[],复眼
8658,563180,nintendo_3ds,0,1000,[],任天堂3DS
8659,1940710,mustache_stubble,0,3469,[],胡茬
8660,2139799,analogous_colors,0,1693,[],邻近色
8661,1456511,white_petals,0,1027,[],白色花瓣
8662,1391282,purple_robe,0,1514,[],紫色长袍
8663,856710,neck_tattoo,0,8316,[],颈部纹身
8664,635589,spacecraft_interior,0,829,[],宇宙飞船内部
8665,555321,hand_gesture,0,810,[],手势
8666,472230,sheep_costume,0,669,[],绵羊装
8667,1404297,turtleneck_shirt,0,7945,[],高领衫
8668,1692877,fruit_hat_ornament,0,1035,[],水果发饰
8669,1309602,gradient_skirt,0,909,[],渐变色裙子
8670,482818,white_eyelashes,0,3747,[],白色睫毛
8671,2140144,bolt_(hardware),0,954,[],螺栓(五金件)
8672,463211,chessboard,0,1162,[],棋盘
8673,1258923,star_in_eye,0,11174,[],星瞳
8674,692418,suspender_shorts,0,4991,[],吊带短裤
8675,412041,biwa_lute,0,871,[],琵琶
8676,1279673,pen_in_pocket,0,758,[],口袋里的笔
8677,1941540,single_off_shoulder,0,6593,[],单侧露肩
8678,1574674,two-sided_jacket,0,6517,[],双面夹克
8679,1480627,holding_torch,0,1061,[],手持火炬
8680,653601,long_fingers,0,720,[],长手指
8681,524552,shiny_pokemon,0,9609,[],闪光宝可梦
8682,719987,ghost_pose,0,1539,[],幽灵姿势
8683,1499342,cross-laced_top,0,2102,[],交叉系带上衣
8684,1360272,hooded_vest,0,1482,[],连帽背心
8685,660220,ski_goggles,0,1058,[],滑雪护目镜
8686,1299465,coin_on_string,0,2049,[],线上硬币
8687,960973,cardigan_around_waist,0,2344,[],腰间系开衫
8688,683983,poke_ball_print,0,3650,[],精灵球图案
8689,779503,owl_girl,0,890,[],猫头鹰女孩
8690,1391834,feather-trimmed_sleeves,0,3129,[],羽毛袖口
8691,1695808,single-shoulder_shirt,0,1095,[],单肩衬衫
8692,1499389,patchwork_skin,0,3366,[],拼布皮肤
8693,561654,animal_skull,0,1966,[],动物头骨
8694,460953,pirate_costume,0,798,[],海盗装
8695,854284,ribbed_thighhighs,0,2152,[],罗纹大腿袜
8696,499780,holding_breath,0,1148,[],屏住呼吸
8697,401123,casino,0,1192,[],赌场
8698,1348861,bandaid_on_shoulder,0,722,[],肩上创可贴
8699,497727,height,0,1927,[],身高
8700,1524025,cross-body_stretch,0,825,[],交叉拉伸
8701,1571287,berry_(pokemon),0,1801,[],树果(宝可梦)
8702,1350077,mask_around_neck,0,2567,[],口罩挂颈
8703,1257082,clock_eyes,0,1094,[],时钟眼
8704,1554055,fiery_horns,0,1717,[],火焰角
8705,1468907,white_shawl,0,1623,[],白色披肩
8706,523331,micro_bra,0,1038,[],微乳罩
8707,419647,stakes_of_purgatory,0,572,[],炼狱之桩
8708,1552758,breast_curtain,0,2976,[],胸帘
8709,586366,prosthetic_leg,0,3237,[],假腿
8710,1092127,condom_belt,0,2204,[],安全套腰带
8711,607013,stitched_mouth,0,1531,[],缝嘴
8712,555475,pixiv_logo,0,2267,[],Pixiv标志
8713,549347,green_pantyhose,0,2398,[],绿色连裤袜
8714,797417,ear_bow,0,12896,[],耳饰蝴蝶结
8715,1303789,chocolate_chip_cookie,0,763,[],巧克力碎饼干
8716,489356,bald_eagle,0,738,[],白头海雕
8717,1545323,multicolored_headwear,0,0,[],多彩头饰
8718,1395893,long_horns,0,1348,[],长角
8719,485599,silver_dress,0,1111,[],银色连衣裙
8720,652288,alphes_(style),0,13750,[],Alphes(画风)
8721,637897,saury,0,782,[],秋刀鱼
8722,1781360,orange_gemstone,0,973,[],橙色宝石
8723,478497,sleep_mask,0,3567,[],睡眠眼罩
8724,1489517,black_wrist_cuffs,0,2064,[],黑色腕铐
8725,1912396,electric_plug_tail,0,953,[],电插头尾巴
8726,484640,fern,0,1350,[],蕨类植物
8727,1891024,frontless_outfit,0,1246,[],前开式服装
8728,1586972,skull_on_head,0,992,[],头上骷髅
8729,696698,gold_bikini,0,8367,[],金色比基尼
8730,1396916,layered_shirt,0,1996,[],叠穿衬衫
8731,1398900,grey_flower,0,1515,[],灰色花朵
8732,1348588,wet_face,0,851,[],湿脸
8733,568990,blue_tunic,0,2780,[],蓝色束腰外衣
8734,1549913,purple_trim,0,1244,[],紫色镶边
8735,1848853,miku_day,0,1799,[],初音未来之日
8736,1305544,down_jacket,0,1349,[],羽绒服
8737,1542129,skin-covered_horns,0,16747,[],皮包角
8738,1432422,purple_cardigan,0,1938,[],紫色开衫
8739,1420848,imminent_hug,0,838,[],即将拥抱
8740,1463051,blue_petals,0,921,[],蓝色花瓣
8741,974485,hoodie_lift,0,1821,[],掀起连帽衫
8742,1332978,short_jumpsuit,0,2024,[],短连体衣
8743,717518,bouncing_ass,0,2176,[],弹跳臀部
8744,1605930,stitched_arm,0,1637,[],缝合手臂
8745,1704094,stitched_torso,0,1113,[],缝线躯干
8746,792029,glory_wall,0,1341,[],荣耀墙
8747,545136,coat_on_shoulders,0,14757,[],披肩外套
8748,1394468,brown_robe,0,894,[],棕色长袍
8749,599481,hyena_ears,0,1536,[],鬣狗耳朵
8750,540641,shoulder_plates,0,984,[],肩甲
8751,15113,poison,0,794,[],毒药
8752,1673135,fat_rolls,0,1024,[],肥肉褶
8753,660608,forked_tail,0,1273,[],分叉尾巴
8754,1515529,shindan_maker,0,764,[],神谕制造器
8755,1870413,covered_penetration,0,1029,[],遮掩插入
8756,603414,space_helmet,0,3951,[],太空头盔
8757,1426293,yasogami_school_uniform,0,2502,[],八十稻羽校服
8758,551189,floating_skull,0,819,[],飘浮骷髅
8759,1400406,striped_hairband,0,1837,[],条纹发箍
8760,555529,heart_straw,0,745,[],心形吸管
8761,632854,naked_hoodie,0,2020,[],裸穿连帽衫
8762,533363,sukeban,0,834,[],不良少女
8763,1557024,mouth_veil,0,3953,[],嘴部面纱
8764,1361419,holding_whistle,0,842,[],手持哨子
8765,1690813,market_stall,0,995,[],集市摊位
8766,1174087,camisole_lift,0,1290,[],吊带衫掀起
8767,603804,map_(object),0,828,[],地图(物品)
8768,1424211,sakugawa_school_uniform,0,1894,[],佐久川校服
8769,1496652,gold_hairband,0,3424,[],金色发箍
8770,541092,tegaki,0,2082,[],手绘
8771,632801,blue_tongue,0,3340,[],蓝色舌头
8772,424264,nose_ring,0,1734,[],鼻环
8773,726335,vertical-striped_pants,0,1830,[],竖条纹裤子
8774,1318470,yellow_pupils,0,6853,[],黄色瞳孔
8775,1231611,arrow_through_heart,0,2090,[],箭穿心
8776,1481917,sakuragaoka_high_school_uniform,0,10517,[],樱丘高中校服
8777,1570279,yami_kawaii,0,941,[],病可爱
8778,1564958,heart_maebari,0,3586,[],心形胸贴
8779,1304815,no_hair_ornament,0,929,[],无发饰
8780,665204,thick_eyelashes,0,5247,[],浓密睫毛
8781,615392,hair_horns,0,5458,[],发角
8782,712509,glass_shards,0,1631,[],玻璃碎片
8783,1605924,stitched_neck,0,1004,[],缝线颈部
8784,1530994,neon_palette,0,866,[],霓虹色板
8785,1448604,armored_leotard,0,1170,[],装甲紧身衣
8786,551096,cardiogram,0,923,[],心电图
8787,1605277,starry_hair,0,1266,[],星形头发
8788,1451957,naoetsu_high_school_uniform,0,3551,[],直越高中制服
8789,1253185,snowflake_hair_ornament,0,4180,[],雪花发饰
8790,1380634,gradient_ribbon,0,750,[],渐变丝带
8791,1768621,heart_o-ring,0,4826,[],心形O形环
8792,1482443,goat_boy,0,1523,[],山羊男孩
8793,443473,funeral_dress,0,740,[],丧服
8794,596634,gradient_legwear,0,1889,[],渐变腿袜
8795,536151,snake_tail,0,4138,[],蛇尾
8796,670923,bat_girl,0,2666,[],蝙蝠女
8797,636872,lizard_tail,0,2812,[],蜥蜴尾巴
8798,1498394,child_carry,0,1376,[],抱小孩
8799,1609031,scar_on_mouth,0,2144,[],嘴部疤痕
8800,594407,torn_socks,0,981,[],破袜子
8801,657547,arm_cutout,0,1970,[],手臂镂空
8802,632148,hooded_dress,0,1585,[],连帽连衣裙
8803,1570687,starter_pokemon_trio,0,3086,[],御三家宝可梦
8804,547984,purple_rope,0,2485,[],紫色绳索
8805,388219,chest_guard,0,938,[],胸甲
8806,1619000,scar_on_back,0,1082,[],背上的伤疤
8807,461720,buzz_cut,0,3824,[],板寸头
8808,1316028,american_flag_legwear,0,4403,[],美国国旗袜子
8809,1493501,alternate_body_size,0,1412,[],体型变化
8810,1617578,object_in_pocket,0,1521,[],口袋中的物品
8811,1556084,vertical-striped_headwear,0,936,[],竖条纹头饰
8812,2259449,judgement_armband_(toaru),0,726,[],风纪委员臂章(某系列)
8813,543089,manboobs,0,774,[],男乳
8814,1550371,xiao_guan_(headdress),0,2650,[],小冠
8815,413782,d-pad,0,3212,[],方向键
8816,555933,sword_of_hisou,0,3007,[],飞苍剑
8817,1186917,space_print,0,1054,[],太空印花
8818,2175718,kaname-ishi,0,1136,[],要石
8819,1859006,white_halo,0,4522,[],白色光环
8820,1457628,bandaged_foot,0,1020,[],绷带包扎的脚
8821,812633,moth_girl,0,937,[],蛾娘
8822,1425103,body_freckles,0,3919,[],身体雀斑
8823,483095,birthmark,0,2682,[],胎记
8824,415024,barcode_scanner,0,706,[],条码扫描器
8825,1346802,spiked_shell,0,2155,[],尖刺壳
8826,653966,flaming_hand,0,841,[],火焰之手
8827,402434,trapped,0,788,[],被困
8828,489623,glowstick,0,5859,[],荧光棒
8829,695739,smelling_penis,0,853,[],闻阴茎
8830,816551,jackal_ears,0,4299,[],胡狼耳
8831,501337,39,0,2281,[],39
8832,1316655,amazon_position,0,1181,[],亚马逊体位
8833,1693243,peach_hat_ornament,0,1199,[],桃帽饰
8834,654777,glowing_mouth,0,767,[],发光嘴
8835,1240511,standard_bearer,0,945,[],旗手
8836,1427497,holding_bell,0,1050,[],手持铃铛
8837,1650242,scar_on_shoulder,0,1261,[],肩上伤疤
8838,417910,duckling,0,1225,[],小鸭子
8839,565907,utaite,0,4213,[],唱见
8840,1452498,grey_capelet,0,2109,[],灰色短斗篷
8841,600871,ar-15,0,1581,[],AR-15步枪
8842,438209,checkered_flag,0,1560,[],格子旗
8843,1448244,holding_toothbrush,0,1283,[],手持牙刷
8844,1342811,animal_around_neck,0,912,[],脖子上的动物
8845,1446770,instant_loss,0,5045,[],瞬间败北
8846,403942,earpiece,0,7364,[],耳机
8847,1417673,aqua_flower,0,1041,[],水蓝色花朵
8848,614727,circular_saw,0,813,[],圆锯
8849,722271,smeared_lipstick,0,737,[],弄花的口红
8850,1289517,mini_witch_hat,0,845,[],迷你巫师帽
8851,1278539,long_sideburns,0,12435,[],长鬓角
8852,658431,primarch,0,746,[],原体
8853,1412715,holding_key,0,1272,[],手持钥匙
8854,1952120,historical_name_connection,0,1631,[],历史名称关联
8855,451282,glasgow_smile,0,825,[],格拉斯哥微笑
8856,1353392,shoulder_sash,0,2108,[],肩带
8857,1818330,two-tone_thighhighs,0,1759,[],双色大腿袜
8858,1501670,double_fox_shadow_puppet,0,2233,[],双狐影绘
8859,226,mint,0,724,[],薄荷
8860,1340897,blue_feathers,0,2720,[],蓝色羽毛
8861,583243,telekinesis,0,2181,[],念动力
8862,672777,bkub_(style),0,705,[],bkub(风格)
8863,1257581,bowl_hat,0,2489,[],碗形帽
8864,1427360,gold_choker,0,4205,[],金色颈链
8865,1200681,hashtag,0,1213,[],井号标签
8866,2124420,half_up_braid,0,21664,[],半扎辫
8867,1409996,flower_knot,0,9848,[],花结
8868,1476395,pokemon_on_shoulder,0,2240,[],宝可梦在肩上
8869,1304694,white_helmet,0,1271,[],白色头盔
8870,1179281,bear_girl,0,3218,[],熊娘
8871,1409985,brown_suit,0,851,[],棕色西装
8872,424250,poker_table,0,926,[],扑克桌
8873,536877,torn_hat,0,887,[],破帽子
8874,1855238,wolf_cut,0,4561,[],狼尾剪
8875,1307801,feather_earrings,0,4897,[],羽毛耳环
8876,1208724,string_bra,0,1447,[],细带胸罩
8877,615989,afterword,0,822,[],后记
8878,1908338,tail_around_own_leg,0,2107,[],尾巴绕腿
8879,1584543,pokedex_number,0,2150,[],宝可梦图鉴编号
8880,1908023,game_screenshot_inset,0,1706,[],游戏截图小图
8881,607667,checkered_scarf,0,5715,[],格子围巾
8882,2220891,control_rod_(touhou),0,792,[],制御棒(东方)
8883,1623670,diamond_button,0,6614,[],菱形纽扣
8884,1413903,green_jumpsuit,0,1161,[],绿色连体衣
8885,682366,hair_extensions,0,2623,[],假发片
8886,1386653,falchion_(fire_emblem),0,1214,[],法尔西昂(火焰纹章)
8887,704182,character_signature,0,1279,[],角色签名
8888,1349024,qi_lolita,0,914,[],旗袍洛丽塔
8889,1393501,black_bandana,0,1119,[],黑色头巾
8890,1881447,white_shrug,0,2798,[],白色短披肩
8891,1544050,turtleneck_jacket,0,1755,[],高领夹克
8892,1035477,load_bearing_equipment,0,801,[],负重装备
8893,527344,body_armor,0,1714,[],防弹衣
8894,1399082,heart_button,0,3564,[],心形纽扣
8895,644245,shirt_under_shirt,0,1884,[],衬衫叠穿
8896,1838545,vertical-striped_sleeves,0,1077,[],竖条纹袖子
8897,1854324,green_halo,0,10691,[],绿色光环
8898,1291060,rabbit_on_head,0,864,[],头顶兔子
8899,486320,panther_ears,0,2770,[],豹耳
8900,693504,panther_tail,0,1908,[],豹尾
8901,1353440,high_belt,0,1095,[],高腰带
8902,1708559,leaf_hat_ornament,0,1104,[],叶子帽饰
8903,460897,sukusuku_hakutaku,0,956,[],素素白泽
8904,1791399,neck_fur,0,3136,[],颈部毛领
8905,1340266,blood_on_chest,0,1104,[],胸口血迹
8906,554570,jockstrap,0,1530,[],运动护裆
8907,702200,sailor_bikini,0,4054,[],水手比基尼
8908,1978808,self-harm_scar,0,1205,[],自残伤疤
8909,522258,otter,0,1169,[],水獭
8910,1253889,joestar_birthmark,0,1262,[],乔斯达星形胎记
8911,483436,fish_tail,0,21625,[],鱼尾
8912,1453635,cartoon_bone,0,1593,[],卡通骨头
8913,643680,pink_fire,0,832,[],粉色火焰
8914,1452545,kibito_high_school_uniform,0,2180,[],贵美都高中校服
8915,713479,2014,0,1785,[],2014年
8916,1439725,yellow_cloak,0,1262,[],黄色斗篷
8917,1415907,orange_pupils,0,1335,[],橙色瞳孔
8918,725442,blue_bandana,0,1727,[],蓝色头巾
8919,1552754,breast_curtains,0,6582,[],乳帘
8920,688469,spiked_choker,0,3046,[],尖刺项圈
8921,1127513,long_eyebrows,0,743,[],长眉毛
8922,1586505,purple_veil,0,1540,[],紫色面纱
8923,545365,hairstyle_switch,0,811,[],发型变换
8924,680197,golden_apple,0,1041,[],金苹果
8925,1229347,fast_food_uniform,0,1013,[],快餐店制服
8926,1377028,snake_earrings,0,1266,[],蛇形耳环
8927,1532466,colored_inner_hair,0,108017,[],彩色内层发
8928,680726,takeuchi_takashi_(style),0,849,[],竹内隆志(风格)
8929,1395954,flat_screen_tv,0,933,[],平板电视
8930,615369,blue_sclera,0,2977,[],蓝色巩膜
8931,563152,argyle_pantyhose,0,3679,[],菱形花纹连裤袜
8932,1394344,floating_headgear,0,2504,[],浮空头饰
8933,539465,tiger_girl,0,8301,[],虎娘
8934,1397369,year_of_the_ox,0,2910,[],牛年
8935,1404667,orange_tank_top,0,892,[],橙色背心
8936,1762322,greyscale_with_colored_background,0,8704,[],灰阶彩色背景
8937,713277,no_eyepatch,0,1568,[],无眼罩
8938,524604,fur_jacket,0,1498,[],毛皮夹克
8939,641957,bishop_(chess),0,1399,[],象(国际象棋)
8940,1230967,rook_(chess),0,1457,[],车(国际象棋)
8941,715587,against_fourth_wall,0,1093,[],打破第四面墙
8942,476495,dowsing_rod,0,2138,[],探矿杖
8943,1537113,bandaid_on_head,0,1243,[],头上的创可贴
8944,375160,knot,0,568,[],结
8945,628220,claw_ring,0,3032,[],爪环
8946,1459763,5others,0,819,[],其他5人
8947,1954874,girthy_penis,0,2718,[],粗大阴茎
8948,1710578,underpec,0,1228,[],胸下视角
8949,587990,bodice,0,2724,[],紧身胸衣
8950,992674,emoji,0,4375,[],表情符号
8951,1967405,floral_print_dress,0,1325,[],花卉印花连衣裙
8952,419773,iphone,0,2137,[],iPhone
8953,1426521,white_veil,0,9178,[],白色面纱
8954,1281997,asymmetrical_horns,0,5903,[],不对称角
8955,1976778,colored_inner_animal_ears,0,5003,[],彩色内耳兽耳
8956,1353739,borrowed_design,0,1897,[],借用设计
8957,1472233,high-waist_shorts,0,7761,[],高腰短裤
8958,643640,narration,0,1600,[],旁白
8959,1855849,ass_ripple,0,2927,[],臀部波纹
8960,1110527,armored_bodysuit,0,876,[],装甲紧身衣
8961,589739,bikini_bottom_pull,0,1441,[],比基尼下装拉扯
8962,689483,plaid_jacket,0,3165,[],格子夹克
8963,1410199,black_jumpsuit,0,1153,[],黑色连体衣
8964,1844233,sidelocks_tied_back,0,1324,[],侧发后扎
8965,675291,plastic_bottle,0,1511,[],塑料瓶
8966,1375562,red_robe,0,1928,[],红色长袍
8967,1308770,front_zipper_swimsuit,0,0,[],前拉链泳装
8968,-1,,0,-1,[],
8969,1431177,country_connection,0,884,[],国家连线
8970,1303240,polka_dot_scrunchie,0,1186,[],波点发圈
8971,459395,muffin_top,0,1002,[],腰间赘肉
8972,1268860,chest_jewel,0,15397,[],胸部宝石
8973,1319070,text_messaging,0,1605,[],发短信
8974,611776,turkey_(food),0,658,[],火鸡(食物)
8975,1281566,spiked_armlet,0,3102,[],尖刺臂环
8976,1264677,anchor_hair_ornament,0,8467,[],锚形发饰
8977,693639,striped_hoodie,0,1504,[],条纹连帽衫
8978,630526,pearl_thong,0,991,[],珍珠丁字裤
8979,595850,hooded_cape,0,4568,[],连帽斗篷
8980,2211023,ho-kago_tea_time,0,2235,[],放学后茶会
8981,833357,chastity_cage,0,1175,[],贞操笼
8982,495021,rider_belt,0,2255,[],骑士腰带
8983,670645,tactical_clothes,0,3296,[],战术服装
8984,2081686,rayman_limbs,0,1640,[],雷曼式四肢
8985,1236929,horn_flower,0,1182,[],角上花饰
8986,1441520,horns_through_headwear,0,2406,[],角穿过头饰
8987,664456,horn_ring,0,1696,[],角环
8988,1509772,industrial_piercing,0,2946,[],工业穿孔
8989,1571250,shiny_and_normal,0,1677,[],闪光与普通
8990,2006782,unworn_bowtie,0,741,[],未系领结
8991,1494909,hedgehog_girl,0,1151,[],刺猬少女
8992,712473,mummy_costume,0,2934,[],木乃伊服装
8993,1939433,halo_behind_head,0,3476,[],头后光环
8994,518535,ainu,0,896,[],阿伊努
8995,548990,decora,0,1066,[],装饰风
8996,462239,chinese_new_year,0,1906,[],春节
8997,1860041,multiple_drawing_challenge,0,2496,[],多幅绘画挑战
8998,1534522,animal_ear_hood,0,2199,[],兽耳兜帽
8999,1439863,penis_shadow,0,1020,[],阴茎阴影
9000,1728479,kousaka_kirino's_school_uniform,0,1021,[],高坂桐乃的校服
9001,1240826,print_hoodie,0,1753,[],印花卫衣
9002,1417504,nanamori_school_uniform,0,4225,[],七森学园制服
9003,1447450,d-pad_hair_ornament,0,3014,[],十字键发饰
9004,2038847,amesuku_gyaru,0,1281,[],美式校园辣妹
9005,1236035,wax_seal,0,905,[],蜡封
9006,503766,half-skirt,0,1521,[],半身裙
9007,1964758,fake_phone_screenshot,0,4152,[],假手机截图
9008,1764111,pendant_collar,0,940,[],吊坠项圈
9009,1939163,o-ring_harness,0,1033,[],O环束带
9010,1605421,halloween_bucket,0,3127,[],万圣节桶
9011,1344134,holding_torpedo,0,650,[],手持鱼雷
9012,559718,can't_be_this_cute,0,755,[],不可能这么可爱
9013,909672,star_halo,0,5029,[],星星光环
9014,681979,double_\m/,0,1244,[],双\m/(手势)
9015,1395440,lightning_bolt_hair_ornament,0,1336,[],闪电发饰
9016,444126,shoulder_guard,0,1003,[],护肩
9017,1467808,4others,0,1499,[],4其他
9018,676604,male_hand,0,0,[],男性手
9019,1636207,huge_horns,0,816,[],巨大角
9020,990162,heart_in_eye,0,9955,[],眼中爱心
9021,638777,ritual_baton,0,2554,[],仪式法杖
9022,1813068,turtleneck_bodysuit,0,1138,[],高领连体衣
9023,1457241,index_fingers_raised,0,1488,[],食指举起
9024,1374880,bralines,0,971,[],胸罩勒痕
9025,1289258,bokura_wa_ima_no_naka_de,0,716,[],我们是此刻之中的
9026,1697967,tassel_hair_ornament,0,9434,[],流苏发饰
9027,683907,jingasa,0,4343,[],阵笠
9028,612924,don't_say_"lazy",0,1085,[],别说“懒”
9029,1923435,bikini_under_shorts,0,1404,[],短裤内比基尼
9030,478042,track_uniform,0,1137,[],田径服
9031,950553,yoga_pants,0,5610,[],瑜伽裤
9032,1782264,sticker_on_face,0,3903,[],脸上贴纸
9033,441431,dinosaur_tail,0,819,[],恐龙尾巴
9034,1479791,green_scales,0,1025,[],绿色鳞片
9035,528616,drone,0,3673,[],无人机
9036,1317436,satin_panties,0,1152,[],缎面内裤
9037,1797951,high-low_skirt,0,645,[],前短后长裙
9038,483957,moe_moe_kyun!,0,743,[],萌萌啾!
9039,1491890,deer_antlers,0,3618,[],鹿角
9040,1350133,mtu_virus,0,932,[],MTU病毒
9041,1492501,shinda_sekai_sensen_uniform,0,1608,[],死界战线制服
9042,579524,toe_cleavage,0,1128,[],脚趾缝
9043,1423439,livestream,0,2442,[],直播
9044,1262139,hands_on_another's_waist,0,1109,[],手放在他人腰间
9045,485218,trading_card,0,8325,[],集换卡牌
9046,426749,2012,0,1636,[],2012年
9047,1693692,reptile_boy,0,931,[],爬虫男孩
9048,1379986,alpaca_ears,0,1320,[],羊驼耳
9049,1431990,heart-shaped_boob_challenge,0,920,[],心形胸挑战
9050,1343090,yellow_feathers,0,2254,[],黄色羽毛
9051,489600,hedgehog,0,1553,[],刺猬
9052,502383,elezen,0,1902,[],精灵族
9053,502382,hyur,0,3300,[],人类
9054,501457,lalafell,0,2114,[],拉拉菲尔族
9055,501783,miqo'te,0,10516,[],猫魅族
9056,539119,ultra_ball,0,1292,[],究极球
9057,1495989,bird_boy,0,1836,[],鸟男孩
9058,547523,flower_in_eye,0,1662,[],眼中花
9059,651163,kourindou_tengu_costume,0,1606,[],香霖堂天狗装束
9060,1095457,cocktail_shaker,0,672,[],调酒器
9061,497039,test_plugsuit,0,0,[],测试用紧身衣
9062,1847367,see-through_cleavage,0,9702,[],透视乳沟
9063,494704,2011,0,1504,[],2011年
9064,1344962,egg_hair_ornament,0,1731,[],蛋形发饰
9065,1488732,gold_ring,0,2753,[],金戒指
9066,1334628,anchor_print,0,2001,[],锚纹
9067,803618,k-pop,0,2620,[],K-pop
9068,867870,dynamic_pose,0,1839,[],动态姿势
9069,699449,raimon,0,1594,[],雷纹
9070,1282931,raimon_soccer_uniform,0,1038,[],雷门足球校服
9071,1260944,heart-shaped_lock,0,1770,[],心形锁
9072,608035,arms_on_knees,0,868,[],手臂放在膝盖上
9073,1976781,food_name,0,984,[],食物名称
9074,1274530,angora_rabbit,0,1254,[],安哥拉兔
9075,1312065,chinese_knot,0,4814,[],中国结
9076,1350902,starfish_hair_ornament,0,1177,[],海星发饰
9077,1711150,red_halo,0,24731,[],红色光环
9078,703456,sorcerer's_sutra_scroll,0,1747,[],魔法卷轴
9079,1240006,bishamonten's_pagoda,0,1966,[],毗沙门天的宝塔
9080,1289376,bishamonten's_spear,0,890,[],毗沙门天之枪
9081,1381652,white_mouth,0,1821,[],白嘴
9082,1281282,taimanin_suit,0,1479,[],对魔忍装
9083,1447856,bone_necklace,0,685,[],骨头项链
9084,870284,giant_male,0,987,[],巨型男性
9085,486063,gauze,0,3039,[],纱布
9086,650225,yandere_trance,0,777,[],病娇恍惚
9087,1424580,oda_uri,0,1711,[],小田宇理
9088,1548634,braided_bangs,0,12605,[],编辫刘海
9089,2067669,kishimen_hair,0,1693,[],扁平宽面发
9090,1695609,heart-shaped_buckle,0,931,[],心形扣环
9091,1268234,alternate_hair_ornament,0,1179,[],替换发饰
9092,1846509,triangle_facial_mark,0,2241,[],三角形面纹
9093,1521615,skin_fangs,0,4979,[],皮肤獠牙
9094,1989967,segmented_comic,0,2952,[],分格漫画
9095,1501551,sakuramon,0,2067,[],樱花兽
9096,1392477,jiangshi_costume,0,1612,[],僵尸服
9097,622715,baseball_stadium,0,704,[],棒球场
9098,1730373,white_romper,0,3924,[],白色连体短裤
9099,1349615,red_fur,0,4499,[],红色毛皮
9100,678568,spines,0,857,[],尖刺
9101,517244,anglerfish,0,1139,[],鮟鱇鱼
9102,1411021,white_babydoll,0,1323,[],白色娃娃裙
9103,1662836,holding_burger,0,1959,[],拿着汉堡
9104,1710560,eyelash_ornament,0,1533,[],睫毛装饰
9105,1781164,gem_(symbol),0,1637,[],宝石(符号)
9106,1083062,gold_coin,0,1825,[],金币
9107,663596,aestus_estus,0,1483,[],Aestus Estus
9108,1441945,red_shawl,0,1070,[],红色披肩
9109,1464957,nemophila_(flower),0,758,[],喜林草
9110,1574667,two-sided_cloak,0,1270,[],双面斗篷
9111,1128476,runny_makeup,0,2195,[],花掉的妆容
9112,1265860,pink_blood,0,3367,[],粉色血液
9113,1426299,tokisadame_school_uniform,0,1178,[],时定校服
9114,558615,peacock_feathers,0,916,[],孔雀羽毛
9115,695217,frog_girl,0,978,[],青蛙女孩
9116,672191,jacket_lift,0,1210,[],掀起外套
9117,1350141,cat_cutout,0,6049,[],猫形镂空
9118,548516,pinstripe_shirt,0,2581,[],细条纹衬衫
9119,1945879,simple_bird,0,2281,[],简笔画鸟
9120,1100766,shiny_swimsuit,0,1105,[],闪亮泳装
9121,1438635,white_uniform,0,653,[],白色制服
9122,611912,huge_eyebrows,0,1894,[],巨大眉毛
9123,1453300,horned_hood,0,782,[],带角的兜帽
9124,2145960,moegi_high_school_uniform,0,767,[],萌黄高中校服
9125,1337418,blood_on_wall,0,916,[],墙上血迹
9126,1349107,candy_hair_ornament,0,2412,[],糖果发饰
9127,1665000,dashed_eyes,0,1671,[],虚线眼
9128,1232450,sparkle_print,0,1846,[],闪光印花
9129,494797,mouth_piercing,0,1514,[],嘴部穿孔
9130,1352377,black_hands,0,1793,[],黑色的手
9131,1330014,year_of_the_tiger,0,3280,[],虎年
9132,538343,gleam,0,866,[],闪烁
9133,2038633,circle_facial_mark,0,1187,[],圆形面部标记
9134,1854326,orange_halo,0,1840,[],橙色光环
9135,531896,2020,0,3988,[],2020年
9136,542457,2015,0,2740,[],2015年
9137,1713028,two-tone_bowtie,0,2725,[],双色蝴蝶结
9138,1475171,lace_sleeves,0,1056,[],蕾丝袖
9139,1484339,diagonal-striped_bow,0,6353,[],斜条纹蝴蝶结
9140,1501050,diagonal-striped_bowtie,0,3160,[],斜条纹领结
9141,1870139,official_alternate_eye_color,0,1774,[],官方异色瞳
9142,1686393,commissioner_name,0,2568,[],委托人姓名
9143,1344416,heart_pendant,0,1657,[],心形吊坠
9144,1606641,black_male_underwear,0,3455,[],黑色男式内裤
9145,1502522,pink_track_suit,0,1194,[],粉色运动服
9146,1719544,they_had_lots_of_sex_afterwards_(meme),0,1343,[],事后(梗)
9147,1509338,holding_tablet_pc,0,2713,[],手持平板电脑
9148,539142,dusk_ball,0,770,[],黑暗球
9149,567714,white_sneakers,0,0,[],白色运动鞋
9150,1779554,ear_birthmark,0,1206,[],耳朵胎记
9151,1476237,arm_pouch,0,1289,[],臂袋
9152,1569078,two-tone_pants,0,1181,[],双色裤子
9153,1299315,spoiler_(automobile),0,1675,[],汽车扰流板
9154,1441260,white_tunic,0,1144,[],白色束腰长袍
9155,1308473,heart-shaped_gem,0,1189,[],心形宝石
9156,470832,depth_charge,0,726,[],深水炸弹
9157,1607566,red_male_underwear,0,1057,[],红色男式内裤
9158,517219,striped_hair,0,1374,[],条纹发
9159,545732,text_print,0,959,[],文字印花
9160,1243347,mega_pokemon,0,5846,[],超级宝可梦
9161,1768427,black_halo,0,11603,[],黑色光环
9162,1795113,pokemon_focus,0,16679,[],宝可梦焦点
9163,620196,sky_lantern,0,941,[],天灯
9164,1881202,st._chronica_academy_school_uniform,0,907,[],圣克罗尼卡学园校服
9165,1414393,gradient_skin,0,3068,[],渐变肤色
9166,549041,vocaloid_append,0,2050,[],Vocaloid Append
9167,1624910,sidepec,0,2829,[],侧分头
9168,651221,dress_pants,0,2273,[],正装裤
9169,705551,pixiv_id,0,3117,[],Pixiv ID
9170,1422416,twitter_logo,0,5680,[],推特标志
9171,2225172,holding_crepe,0,1655,[],拿着可丽饼
9172,1391188,hand_tattoo,0,3325,[],手部纹身
9173,1535682,two-tone_hoodie,0,2068,[],双色连帽衫
9174,1333942,exposed_pocket,0,1734,[],外露口袋
9175,1298988,smartphone_case,0,1047,[],手机壳
9176,1372610,koishi_day,0,1343,[],恋日
9177,2013820,mole_under_each_eye,0,3660,[],眼下双痣
9178,1509089,between_pectorals,0,1463,[],胸间
9179,1518971,pectoral_press,0,1256,[],胸肌推举
9180,1410622,deviantart_logo,0,825,[],DeviantArt标志
9181,1255618,episode_number,0,887,[],集数
9182,1636487,one-hour_drawing_challenge,0,38155,[],一小时绘画挑战
9183,1309935,notched_ear,0,5361,[],缺刻耳
9184,1490016,aqua_sleeves,0,1155,[],水色袖子
9185,632074,owl_ears,0,1494,[],猫头鹰耳
9186,1411982,skirt_under_dress,0,1621,[],裙下裙
9187,2093410,material_growth,0,10383,[],物质生长
9188,1504868,eyebrow_cut,0,4060,[],眉上刘海
9189,719035,marking_on_cheek,0,1396,[],脸颊标记
9190,1397373,year_of_the_dragon,0,2370,[],龙年
9191,1232037,hakama_shorts,0,2421,[],袴式短裤
9192,1258824,print_shorts,0,1572,[],印花短裤
9193,1342276,blue_halo,0,41545,[],蓝色光环
9194,624607,leggings_under_shorts,0,871,[],短裤下穿打底裤
9195,1471840,headlamp,0,3985,[],头灯
9196,1812672,pink_halo,0,35789,[],粉色光环
9197,1407561,virtual_youtuber,0,495089,[],虚拟主播
9198,1468130,paradis_military_uniform,0,3943,[],帕拉迪军服
9199,1231742,three-dimensional_maneuver_gear,0,2207,[],立体机动装置
9200,1354925,black_headphones,0,0,[],黑色头戴式耳机
9201,548075,splash_page,0,1798,[],漫画开篇跨页
9202,1324856,virgin_killer_outfit,0,1046,[],斩男装
9203,441564,pin,0,834,[],别针
9204,1377852,hair_on_horn,0,2923,[],角上头发
9205,2129470,archon_mark,0,896,[],执政官印记
9206,1350215,blue_robe,0,3277,[],蓝色长袍
9207,1629894,alternate_species,0,1230,[],替代物种
9208,2087390,short-sleeved_jacket,0,1850,[],短袖夹克
9209,699964,pocky_day,0,2978,[],百奇日
9210,1391877,beige_sweater,0,0,[],米色毛衣
9211,730531,chuunibyou,0,1118,[],中二病
9212,1327189,glowing_horns,0,1589,[],发光角
9213,1513506,patchwork_clothes,0,1713,[],拼布衣服
9214,2016264,reaching_towards_another,0,1223,[],向另一人伸手
9215,1424093,otonokizaka_school_uniform,0,7691,[],音乃木坂校服
9216,1462661,star-shaped_eyewear,0,1345,[],星形眼镜
9217,633435,magical_musket,0,2297,[],魔法火枪
9218,1601168,alternate_facial_hair,0,649,[],替代胡须造型
9219,658829,orange_sclera,0,821,[],橙色巩膜
9220,1481846,black_nightgown,0,846,[],黑色睡袍
9221,1825467,androgyne_symbol,0,1745,[],双性符号
9222,1295636,shark_costume,0,2153,[],鲨鱼装
9223,1269062,mitakihara_school_uniform,0,12710,[],见泷原校服
9224,604192,kaname_madoka_(cosplay),0,782,[],鹿目圆(角色扮演)
9225,963327,yordle,0,1782,[],约德尔人
9226,1759071,cetacean_tail,0,2356,[],鲸尾
9227,1342774,rabbit_house_uniform,0,2056,[],兔屋制服
9228,602754,red_wine,0,1487,[],红酒
9229,608725,mami_mogu_mogu,0,756,[],麻美嚼嚼
9230,609535,witch_(madoka_magica),0,1263,[],魔女(魔法少女小圆)
9231,605145,soul_gem,0,5912,[],灵魂宝石
9232,1372787,multi-strapped_panties,0,1399,[],多带内裤
9233,613159,homu,0,703,[],吼姆
9234,1283901,tied_ears,0,838,[],扎起的耳朵
9235,1817262,aegyo_sal,0,5370,[],卧蚕
9236,1323478,fox_hair_ornament,0,883,[],狐狸发饰
9237,1328335,triangle-shaped_pupils,0,789,[],三角形瞳孔
9238,2070754,multicolored_halo,0,1655,[],多色光环
9239,612379,bubble_tea,0,4917,[],珍珠奶茶
9240,1288629,side_ahoge,0,2877,[],侧边呆毛
9241,1586950,sobu_high_school_uniform,0,1816,[],总武高中校服
9242,1184023,ligne_claire,0,856,[],清晰线条
9243,1601295,fur_shawl,0,1202,[],皮草披肩
9244,643912,tail_piercing,0,2339,[],尾巴穿刺
9245,1289218,natsuiro_egao_de_1_2_jump!,0,700,[],"夏色笑容1,2,Jump!"
9246,1414501,magatama_hair_ornament,0,672,[],勾玉发饰
9247,1316985,shark_tail,0,16618,[],鲨鱼尾
9248,1464162,grabbing_another's_arm,0,18460,[],抓住另一人的手臂
9249,423155,ass_press,0,818,[],臀部挤压
9250,1449745,implied_after_sex,0,1078,[],暗示事后
9251,626246,crystal_hair,0,1906,[],水晶头发
9252,2056557,thick_arm_hair,0,922,[],粗臂毛
9253,1468128,training_corps_(emblem),0,866,[],训练兵团(徽章)
9254,1945395,object_floating_above_hand,0,1117,[],手上方漂浮的物体
9255,1372678,tumblr_username,0,1990,[],Tumblr用户名
9256,2042607,white_hanfu,0,4311,[],白色汉服
9257,496982,beach_mat,0,1054,[],沙滩垫
9258,692706,ofuda_on_head,0,1672,[],头上贴的符纸
9259,478362,kepi,0,1985,[],法式平顶帽
9260,1249180,fingers_to_cheeks,0,961,[],手指贴脸颊
9261,1386173,pixiv_username,0,3010,[],Pixiv用户名
9262,1376779,single_knee_boot,0,741,[],单膝靴
9263,1263485,single_thigh_boot,0,1978,[],单侧过膝靴
9264,1819138,qixiong_ruqun,0,1210,[],齐胸襦裙
9265,1955764,armpit_hair_peek,0,984,[],腋毛微露
9266,1595590,pectoral_focus,0,1161,[],胸肌聚焦
9267,1667891,pom_pom_hair_ornament,0,7643,[],绒球发饰
9268,2272791,maria_the_ripper,0,929,[],开膛手玛丽亚
9269,1479793,red_scales,0,1138,[],红色鳞片
9270,1406761,bat_ornament,0,766,[],蝙蝠/球棒装饰
9271,1693215,heart_hands_failure,0,922,[],心心手势失败
9272,1249795,sailor_swimsuit_(idolmaster),0,923,[],水手泳装(偶像大师)
9273,2274285,luminosite_eternelle,0,1089,[],永恒之光
9274,743666,tiefling,0,807,[],魔裔
9275,2211838,high-visibility_clothing,0,982,[],高可见度服装
9276,2035348,thick_chest_hair,0,1119,[],浓密胸毛
9277,2276188,kundala_(fate),0,621,[],日轮耳饰(Fate)
9278,1339824,cropped_hoodie,0,3713,[],短款连帽衫
9279,1279403,whale_hair_ornament,0,803,[],鲸鱼发饰
9280,1853184,kamiyama_high_school_uniform_(hyouka),0,1391,[],神山高中校服(冰菓)
9281,1416325,multicolored_hairband,0,1634,[],彩色发带
9282,1415445,nanairogaoka_middle_school_uniform,0,1438,[],七色丘中学校服
9283,1641153,icho_private_high_school_uniform,0,1717,[],一叶私立高中校服
9284,1601773,green_sweater_vest,0,1725,[],绿色毛衣背心
9285,707905,object_on_breast,0,1012,[],胸部放物
9286,2141772,eastern_dragon_horns,0,2147,[],东方龙角
9287,741418,card_parody,0,1050,[],卡片恶搞
9288,665848,side_part,0,2705,[],侧分
9289,1326799,hair_vines,0,1620,[],发饰藤蔓
9290,2007719,side_cape,0,3201,[],侧披风
9291,1490257,white_scales,0,1340,[],白色鳞片
9292,1424513,striped_coat,0,1201,[],条纹外套
9293,1403308,virgin_killer_sweater,0,5375,[],处女杀手毛衣
9294,512953,masked,0,1572,[],戴面具
9295,1600924,sweater_tucked_in,0,1319,[],塞进裤子的毛衣
9296,1440364,kafuu_chino's_school_uniform,0,615,[],香风智乃的校服
9297,1419480,maid_day,0,1695,[],女仆日
9298,1411474,bc_freedom_military_uniform,0,1268,[],BC自由军服
9299,1236817,bear_hood,0,1090,[],熊头兜帽
9300,682665,super_soaker,0,946,[],超级水枪
9301,664059,waist_ribbon,0,1294,[],腰部缎带
9302,1386162,facebook_username,0,1789,[],脸书用户名
9303,1626980,gaming_chair,0,1868,[],电竞椅
9304,686745,spiked_hairband,0,1716,[],尖刺发箍
9305,1958015,sparse_leg_hair,0,715,[],稀疏腿毛
9306,1330167,american_flag_dress,0,4171,[],美国国旗连衣裙
9307,690466,monster_energy,0,2341,[],怪物能量饮料
9308,1513569,spaceship_hair_ornament,0,0,[],飞船发饰
9309,1307865,jack-o'-lantern_hair_ornament,0,660,[],南瓜灯发饰
9310,417498,christmas_present,0,1804,[],圣诞礼物
9311,1513962,tam_o'_shanter,0,3158,[],苏格兰便帽
9312,1422109,crown_hair_ornament,0,851,[],皇冠发饰
9313,524144,red_panda_ears,0,854,[],小熊猫耳
9314,1327659,striped_vest,0,1342,[],条纹背心
9315,1467259,diagonal_bangs,0,8534,[],斜刘海
9316,1566063,lgbt_pride,0,732,[],LGBT骄傲
9317,637922,2013,0,1686,[],2013年
9318,1406765,jaguar_ears,0,2339,[],美洲豹耳
9319,1480156,jaguar_girl,0,872,[],美洲豹女孩
9320,1853841,lipstick_mark_on_face,0,1046,[],脸上唇印
9321,613601,torn_legwear,0,0,[],破损的腿部衣物
9322,1304540,character_hood,0,867,[],角色兜帽
9323,1409552,ooarai_school_uniform,0,9850,[],大洗女子学园制服
9324,1621049,scar_on_hand,0,1569,[],手上的伤疤
9325,1648167,x-shaped_pupils,0,5439,[],X形瞳孔
9326,2016852,full_beard,0,4118,[],大胡子
9327,1931519,uneven_horns,0,3584,[],不对称角
9328,1575185,polka_dot_headwear,0,2031,[],圆点头饰
9329,1575195,crocodilian_tail,0,1606,[],鳄鱼尾巴
9330,1505371,star_guardian_(league_of_legends),0,1246,[],星之守护者(英雄联盟)
9331,1468127,survey_corps_(emblem),0,1261,[],调查兵团徽章
9332,1441955,brown_shawl,0,830,[],棕色披肩
9333,1328856,ghost_hair_ornament,0,1052,[],幽灵发饰
9334,1483764,grey_eyeshadow,0,873,[],灰色眼影
9335,1487783,green_trim,0,1072,[],绿色饰边
9336,1410787,st._gloriana's_school_uniform,0,2999,[],圣葛罗莉安娜学院校服
9337,1326166,sukajan,0,1780,[],横须贺夹克
9338,1386018,ooarai_(emblem),0,795,[],大洗(徽章)
9339,1411059,saunders_school_uniform,0,895,[],桑德斯校服
9340,1411064,anzio_military_uniform,0,1123,[],安齐奥军服
9341,1410988,pravda_school_uniform,0,1382,[],真理高中校服
9342,1409831,kuromorimine_military_uniform,0,3633,[],黑森峰女子学园制服
9343,1903422,tuanshan,0,1333,[],团扇
9344,1409556,ooarai_military_uniform,0,2800,[],大洗女子学园制服
9345,1411060,saunders_military_uniform,0,1278,[],桑德斯大学附属高中制服
9346,1411023,st._gloriana's_military_uniform,0,2591,[],圣格洛丽安娜学院军服
9347,1386020,st._gloriana's_(emblem),0,1253,[],圣格洛丽安娜(徽章)
9348,1257032,spread_armpit,0,793,[],展开腋窝
9349,1967393,sparkling_aura,0,1939,[],闪闪发光的灵气
9350,1410984,kuromorimine_school_uniform,0,2103,[],黑森峰校服
9351,1281553,german_flag_bikini,0,868,[],德国国旗比基尼
9352,1411084,pravda_military_uniform,0,968,[],真理部军服
9353,612322,sheikah,0,1454,[],希卡族
9354,1881204,starlight_academy_school_uniform,0,1082,[],星光学院校服
9355,2274296,sword_of_st._catherine_(fate),0,658,[],圣凯瑟琳之剑(Fate)
9356,1501439,pink_sweater_vest,0,1155,[],粉色毛衣背心
9357,1987720,partially_shaded_face,0,3309,[],部分阴影的脸
9358,1959841,penlight_(glowstick),0,1516,[],荧光棒
9359,1498023,adapted_turret,0,1938,[],改装炮塔
9360,1456074,weibo_watermark,0,20347,[],微博水印
9361,1418813,striped_belt,0,748,[],条纹腰带
9362,1319606,twintails_day,0,835,[],双马尾日
9363,1375213,prehensile_ribbon,0,0,[],可抓握的缎带
9364,1370485,crescent_rose,0,745,[],新月玫瑰
9365,1342773,fleur_de_lapin_uniform,0,1159,[],Fleur de Lapin制服
9366,1544236,holding_glowstick,0,1352,[],拿着荧光棒
9367,1426179,luna_nova_school_uniform,0,988,[],露娜诺瓦校服
9368,1632833,fascinator,0,1187,[],头饰
9369,1459027,two-tone_sweater,0,1387,[],双色毛衣
9370,1601080,animal_ear_legwear,0,2132,[],兽耳腿饰
9371,1397657,cat_ear_legwear,0,1617,[],猫耳腿饰
9372,721754,single_garter_strap,0,1999,[],单侧吊带袜
9373,1450243,weibo_logo,0,0,[],微博标志
9374,1417605,blue_shawl,0,1585,[],蓝色披肩
9375,1471518,horseshoe_ornament,0,5430,[],马蹄铁饰品
9376,1411077,chi-hatan_military_uniform,0,966,[],知波单军服
9377,1565915,undersized_breast_cup,0,1214,[],罩杯过小
9378,1618715,hope's_peak_academy_school_uniform,0,908,[],希望之峰学园校服
9379,1365439,jaguar_print,0,0,[],豹纹
9380,1574678,two-sided_headwear,0,1619,[],双面头饰
9381,1496390,pectoral_docking,0,654,[],胸肌相贴
9382,1631337,shimakaze_(kancolle)_(cosplay),0,3966,[],岛风(舰队Collection)(cosplay)
9383,1397073,multicolored_bowtie,0,981,[],多色领结
9384,1585391,abyssal_ship,0,26924,[],深渊舰船
9385,1416846,white_jumpsuit,0,1137,[],白色连体衣
9386,1558733,tulip_hat,0,1764,[],郁金香帽
9387,1298625,open-chest_sweater,0,3257,[],开胸毛衣
9388,1398925,speaking_tube_headset,0,602,[],通话管耳机
9389,1337502,heart_lock_(kantai_collection),0,924,[],心形锁(舰队Collection)
9390,1449257,gem_uniform_(houseki_no_kuni),0,3564,[],宝石制服(宝石之国)
9391,1448831,black_eyeshadow,0,1867,[],黑色眼影
9392,1076527,sidecut,0,2278,[],侧削发
9393,1713571,cloud_tattoo,0,933,[],云纹刺青
9394,1379116,high-visibility_vest,0,943,[],高可见度背心
9395,431317,poi,0,647,[],消防员钩
9396,1957010,strongman_waist,0,2665,[],大力士腰
9397,601192,mechanical_hands,0,3289,[],机械手
9398,1631740,single_mechanical_hand,0,857,[],单只机械手
9399,1553479,penis_over_eyes,0,1384,[],阴茎遮眼
9400,1411065,anzio_school_uniform,0,2422,[],安齐奥校服
9401,1327046,diamond_earrings,0,1273,[],钻石耳环
9402,1310137,remodel_(kantai_collection),0,0,[],改造(舰队Collection)
9403,1260272,sweater_jacket,0,956,[],毛衣外套
9404,1551551,lipstick_ring,0,992,[],口红圈印
9405,1401799,gyaruo,0,887,[],辣男
9406,1281944,anchor_choker,0,1498,[],锚形项圈
9407,1451201,draph,0,10937,[],多拉夫
9408,1819881,chinese_hairpin,0,1851,[],中国发簪
9409,1664369,roots_(hair),0,4533,[],发根
9410,2058788,youkai_(youkai_watch),0,2800,[],妖怪(妖怪手表)
9411,2011019,horn_hairband,0,1625,[],角状发箍
9412,1457794,weapon_case,0,1275,[],武器箱
9413,1327660,vertical-striped_vest,0,763,[],竖条纹背心
9414,1866270,spiked_halo,0,2505,[],尖刺光环
9415,1326876,diamond_hair_ornament,0,1954,[],钻石发饰
9416,1277919,inkling,0,21198,[],鱿鱼娘
9417,1912119,champion's_tunic_(zelda),0,3130,[],勇者之衣(塞尔达)
9418,1366556,splattershot_(splatoon),0,1206,[],泼水枪(斯普拉遁)
9419,1366557,ink_tank_(splatoon),0,1623,[],墨水罐(喷射战士)
9420,1393951,dark_halo,0,2428,[],暗色光环
9421,1505007,number_print,0,1548,[],数字印花
9422,1413751,print_bowtie,0,3973,[],印花领结
9423,1610038,o-ring_thigh_strap,0,5712,[],O形环大腿带
9424,1407027,jaguar_tail,0,1544,[],美洲豹尾巴
9425,1586405,megurigaoka_high_school_uniform,0,631,[],巡之丘高中校服
9426,1843611,happy_aura,0,1184,[],快乐光环
9427,1771225,lord_camelot_(fate),0,1659,[],高文(Fate)
9428,1388590,butterfly-shaped_pupils,0,1363,[],蝴蝶形瞳孔
9429,1528415,roswaal_mansion_maid_uniform,0,5548,[],罗兹瓦尔宅邸女仆装
9430,1371471,anchor_necklace,0,1638,[],船锚项链
9431,1607725,stuffed_winged_unicorn,0,1163,[],填充独角兽玩偶
9432,1502806,panther_girl,0,2468,[],黑豹女孩
9433,1559152,reverse_bunnysuit,0,7109,[],逆兔女郎装
9434,1312906,rei_no_himo,0,3666,[],零之带
9435,1453787,golden_arms,0,845,[],金色手臂
9436,1304169,au_ra,0,5752,[],奥拉
9437,1800302,no_halo,0,2978,[],无光环
9438,1329330,bunny_day,0,2162,[],兔子日
9439,1825415,shuujin_academy_school_uniform,0,1758,[],秀尽学院校服
9440,668806,tied_jacket,0,1960,[],系在腰上的外套
9441,1687002,male_underwear_peek,0,1112,[],男性内裤露出
9442,1421701,smokestack_hair_ornament,0,1643,[],烟囱发饰
9443,1507651,borderless_panels,0,1447,[],无边框面板
9444,1491101,inktober,0,1071,[],墨绘十月
9445,1436311,u.a._school_uniform,0,2162,[],雄英校服
9446,1297476,v4x,0,664,[],V4X
9447,809507,eye_black,0,891,[],眼黑
9448,1720557,swimsuit_cover-up,0,1715,[],泳装罩衫
9449,1161081,2016,0,2818,[],2016年
9450,1523010,hedgehog_boy,0,1257,[],刺猬男孩
9451,1413313,facebook_logo,0,983,[],脸书标志
9452,1393342,erune,0,9548,[],艾露恩
9453,1853380,lipstick_mark_on_penis,0,1268,[],阴茎上的唇印
9454,1308178,octoling,0,9355,[],章鱼娘
9455,1352539,squidbeak_splatoon,0,1177,[],乌贼喙(Splatoon)
9456,1393397,orange_goggles,0,888,[],橙色护目镜
9457,1410613,patreon_logo,0,19592,[],Patreon标志
9458,1473013,drawn_ears,0,1674,[],画的耳朵
9459,680714,purple_sclera,0,778,[],紫色巩膜
9460,1386163,patreon_username,0,52872,[],Patreon用户名
9461,1538888,kitauji_high_school_uniform,0,3694,[],北宇治高中校服
9462,1304206,black_pouch,0,0,[],黑色小袋
9463,1993610,ambrosia_(dungeon_meshi),0,940,[],安布罗西亚(迷宫饭)
9464,1776547,multiple_scars,0,3643,[],多处伤疤
9465,2117416,scars_all_over,0,1025,[],全身伤疤
9466,1326380,plague_doctor_mask,0,764,[],瘟疫医生面具
9467,1314325,selfie_stick,0,958,[],自拍杆
9468,1425516,uranohoshi_school_uniform,0,4826,[],浦之星女子学院校服
9469,1405888,harvin,0,2485,[],哈维恩
9470,1501563,stitched_leg,0,921,[],缝线的腿
9471,498738,saiyan,0,1272,[],赛亚人
9472,1642271,yurigaoka_girls_academy_school_uniform,0,2480,[],百合丘女子学院校服
9473,1620161,queen_of_spades_symbol,0,1020,[],黑桃皇后符号
9474,770949,sweaty_armpits,0,3317,[],出汗的腋窝
9475,1387113,super_saiyan_blue,0,906,[],超级赛亚人蓝色
9476,1539334,black_scales,0,1731,[],黑色鳞片
9477,1375854,dream_soul,0,937,[],梦魂
9478,1324575,tapir_tail,0,1837,[],貘尾
9479,1375384,monkey_boy,0,1209,[],猴子男孩
9480,1350604,cat_ear_panties,0,3488,[],猫耳内裤
9481,1350220,cat_lingerie,0,6225,[],猫咪内衣
9482,1436295,yumenosaki_school_uniform,0,781,[],梦之咲学院制服
9483,1319219,lime_slice,0,921,[],酸橙片
9484,572172,chipmunk_ears,0,781,[],花栗鼠耳
9485,1406324,no_blindfold,0,1636,[],无眼罩
9486,1602769,compression_shirt,0,940,[],压缩衫
9487,1966709,black_shrug,0,2870,[],黑色短披肩
9488,1406853,serval_print,0,0,[],薮猫纹
9489,1792030,hexagon_print,0,1366,[],六边形印花
9490,837919,deer_girl,0,3372,[],鹿娘
9491,1442927,stirrup_footwear,0,1113,[],蹬脚鞋
9492,1534470,gambeson,0,722,[],武装衣
9493,1965237,gauze_on_cheek,0,1723,[],脸颊上的纱布
9494,1622944,chaldea_logo,0,1729,[],迦勒底标志
9495,1450868,chaldea_uniform,0,7349,[],迦勒底制服
9496,1631697,alternate_pectoral_size,0,946,[],大小胸
9497,1360269,striped_neckerchief,0,780,[],条纹领巾
9498,1400475,inkling_(language),0,633,[],乌贼语
9499,1328687,earth_(ornament),0,2079,[],地球(饰品)
9500,1444432,purple_hood,0,797,[],紫色兜帽
9501,1396935,bc_freedom_(emblem),0,755,[],BC自由(徽章)
9502,2264921,la_grondement_du_haine,0,974,[],仇恨的咆哮
9503,553310,halfling,0,891,[],半身人
9504,1332216,propeller_hair_ornament,0,821,[],螺旋桨发饰
9505,1686527,jack-o'_challenge,0,2469,[],杰克南瓜灯挑战
9506,1377986,riyo_(lyomsnpmp)_(style),0,1046,[],理世(lyomsnpmp)(风格)
9507,1408498,japari_symbol,0,4250,[],加帕里符号
9508,1372686,shark_hood,0,3119,[],鲨鱼连帽衫
9509,1136370,sextuplets,0,914,[],六胞胎
9510,1618413,mole_on_armpit,0,983,[],腋窝上的痣
9511,1491455,stiletto_(weapon),0,1045,[],细剑
9512,517400,blue_hood,0,1848,[],蓝色兜帽
9513,1416256,grey_choker,0,1412,[],灰色项圈
9514,1411110,keizoku_school_uniform,0,860,[],継続校服
9515,1373241,meka_(overwatch),0,792,[],机甲(守望先锋)
9516,1686763,saint_quartz_(fate),0,854,[],圣晶石(Fate)
9517,687739,breast_strap,0,921,[],胸带
9518,1411122,selection_university_military_uniform,0,689,[],选拔大学军装
9519,1411111,keizoku_military_uniform,0,1472,[],継続军服
9520,1437168,han'eri,0,1918,[],半衿
9521,1787327,shuuchiin_academy_school_uniform,0,2795,[],秀知院学园校服
9522,1347839,tooth_earrings,0,850,[],牙齿耳环
9523,1406769,moose_ears,0,801,[],驼鹿耳
9524,1971025,jewel_under_eye,0,2342,[],眼下宝石
9525,1422826,sangvis_ferri,0,3100,[],铁血工造
9526,2091079,red_streaks,0,2446,[],红色挑染
9527,1460436,yokosuka_girls_marine_high_school_uniform,0,624,[],横须贺女子海洋高中校服
9528,2128942,shuangyaji,0,875,[],双丫髻
9529,1161082,2017,0,2772,[],2017年
9530,1361800,bow_earrings,0,3419,[],蝴蝶结耳饰
9531,1396057,gumroad_username,0,1024,[],Gumroad用户名
9532,1469257,single_epaulette,0,1986,[],单肩章
9533,1709141,itan_private_high_school_uniform,0,814,[],伊坦私立高中校服
9534,1570895,drawn_whiskers,0,1223,[],画上的胡须
9535,1373454,instagram_username,0,4213,[],Instagram用户名
9536,1378265,z-ring,0,971,[],Z手环
9537,1766885,demon_slayer_uniform,0,5723,[],鬼杀队制服
9538,1884709,rabbit-shaped_pupils,0,2620,[],兔形瞳孔
9539,1590523,procreate_(software),0,1424,[],Procreate(软件)
9540,1524014,lightning_bolt_print,0,1262,[],闪电印花
9541,1475691,hanasakigawa_school_uniform,0,3063,[],花咲川校服
9542,1467949,single_ear_cover,0,6308,[],单耳遮盖
9543,1589331,off-shoulder_bikini,0,2679,[],露肩比基尼
9544,1379542,team_skull,0,780,[],骷髅队
9545,1487514,asymmetrical_arms,0,839,[],不对称手臂
9546,1978861,2b_(nier:automata)_(cosplay),0,1011,[],2B(尼尔：机械纪元)(Cosplay)
9547,1508472,ikea_shark,0,719,[],宜家鲨鱼
9548,1681601,mash_kyrielight_(dangerous_beast)_(cosplay),0,1514,[],玛修·基列莱特(危险野兽)(cosplay)
9549,1390068,joy-con,0,1128,[],Joy-Con
9550,1389971,nintendo_switch,0,7735,[],任天堂Switch
9551,1398544,heavenly_boat_maanna,0,660,[],天舟玛安娜
9552,1750923,hexagon_hair_ornament,0,1199,[],六边形发饰
9553,1527638,bubble_tea_challenge,0,1332,[],珍珠奶茶挑战
9554,1793017,griffin_&_kryuger_military_uniform,0,1471,[],格里芬与克鲁格军用制服
9555,1520727,heart-shaped_ornament,0,822,[],心形饰品
9556,1447063,stile_uniform,0,817,[],Stile校服
9557,1406788,otter_ears,0,1211,[],水獭耳
9558,1406789,otter_tail,0,835,[],水獭尾巴
9559,1407009,japari_bun,0,1081,[],加帕里包子
9560,1713082,neck_tassel,0,2068,[],颈部流苏
9561,1996837,teardrop_earrings,0,1671,[],泪珠耳环
9562,1566188,snow_leopard_ears,0,971,[],雪豹耳
9563,1566189,snow_leopard_tail,0,950,[],雪豹尾
9564,1409124,blowhole,0,862,[],呼吸孔
9565,1409963,metal_hairband,0,2526,[],金属发带
9566,1410214,penguin_tail,0,668,[],企鹅尾
9567,1412009,waist_sash,0,1554,[],腰封
9568,1475712,haneoka_school_uniform,0,4496,[],羽丘学校制服
9569,1161083,2018,0,3042,[],2018
9570,1419277,kariyushi_shirt,0,1002,[],琉球衬衫
9571,1768999,komainu_ears,0,1037,[],狛犬耳
9572,2148458,eastern_dragon_tail,0,1418,[],东方龙尾
9573,2138707,nijigasaki_school_uniform,0,4853,[],虹咲学园校服
9574,1764766,rina-chan_board,0,829,[],璃奈酱画板
9575,1782058,mole_on_collarbone,0,1338,[],锁骨上的痣
9576,1636838,aegis_sword_(xenoblade),0,840,[],神剑(异度神剑)
9577,1857700,salmon_run_(splatoon),0,754,[],鲑鱼跑(喷射战士)
9578,1430264,coin_hair_ornament,0,1444,[],硬币发饰
9579,1397062,stuffed_unicorn,0,715,[],独角兽毛绒玩具
9580,1514329,instagram_logo,0,2839,[],Instagram标志
9581,1328339,multi-strapped_bikini,0,0,[],多带比基尼
9582,1546763,kamihama_university_affiliated_school_uniform,0,781,[],神滨大学附属学校校服
9583,1867868,motosu_school_uniform,0,905,[],本巢学校校服
9584,1484956,sparkle_hair_ornament,0,1212,[],闪亮发饰
9585,526923,basketball_jersey,0,998,[],篮球球衣
9586,1861772,crisis_management_form_(machimazo),0,0,[],危机管理形态(街角魔族)
9587,1564862,originium_arts_(arknights),0,792,[],源石技艺(明日方舟)
9588,1484314,multiple_bows,0,0,[],多个蝴蝶结
9589,1451348,bc_freedom_school_uniform,0,768,[],BC自由学校制服
9590,1693508,cut_bangs,0,1680,[],齐刘海
9591,485541,finger_heart,0,2560,[],手指爱心
9592,721903,fur_cloak,0,1403,[],毛皮斗篷
9593,1454510,siren_(azur_lane),0,761,[],塞壬(碧蓝航线)
9594,1457585,hooded_cardigan,0,1874,[],连帽开衫
9595,1461573,checkered_hairband,0,1038,[],格纹发带
9596,1522714,broken_halo,0,2844,[],破碎光环
9597,1577915,like_and_retweet,0,1702,[],点赞和转发
9598,1635846,tracen_school_uniform,0,28015,[],特雷森学园制服
9599,1828992,original_race_uniform_(umamusume),0,755,[],原种赛马娘制服(赛马娘)
9600,1826631,tracen_training_uniform,0,6763,[],特雷森训练服
9601,1713781,ear_scrunchie,0,984,[],耳朵发圈
9602,1799877,tracen_swimsuit,0,1995,[],特雷森泳装
9603,1470771,planet_hair_ornament,0,1157,[],星球发饰
9604,1762573,bandaid_on_thigh,0,1521,[],大腿处创可贴
9605,821841,2019,0,3345,[],2019
9606,1725962,single_fishnet_legwear,0,1095,[],单腿网袜
9607,1533927,garreg_mach_monastery_uniform,0,6893,[],加尔格·马赫修道院制服
9608,1023352,penguin_girl,0,717,[],企鹅女孩
9609,1590483,plap,0,1685,[],啪嗒
9610,1485180,shark_print,0,840,[],鲨鱼印花
9611,1810585,melting_halo,0,960,[],融化光环
9612,1961786,huge_pectorals,0,1350,[],巨大胸肌
9613,1488404,mole_above_eye,0,1013,[],眼上方的痣
9614,1587249,oripathy_lesion_(arknights),0,9145,[],矿石病病变(明日方舟)
9615,1970680,winged_heart_tattoo,0,1286,[],展翅心形纹身
9616,2018327,side_up_bun,0,4003,[],侧上丸子头
9617,1492952,super_crown,0,5807,[],超级皇冠
9618,2095923,collar_jewel,0,737,[],领宝石
9619,1942283,thick_mustache,0,2825,[],浓密胡子
9620,1495421,chipmunk_girl,0,766,[],花栗鼠女孩
9621,1499492,k/da_(league_of_legends),0,1997,[],K/DA(英雄联盟)
9622,1496893,holding_handcuffs,0,924,[],手持手铐
9623,1530487,off-shoulder_jacket,0,2492,[],露肩夹克
9624,1819622,starting_future_(umamusume),0,801,[],起跑未来(赛马娘)
9625,1501467,bandaid_hair_ornament,0,4027,[],创可贴发饰
9626,1672248,holographic_clothing,0,987,[],全息服装
9627,1657868,core_crystal_(xenoblade),0,2407,[],核心水晶(异度神剑)
9628,1514281,shark_hair_ornament,0,4897,[],鲨鱼发饰
9629,1506930,bead_choker,0,896,[],珠串项圈
9630,1639671,simulacrum_(titanfall),0,622,[],仿真人(泰坦陨落)
9631,1508547,orca_hood,0,669,[],虎鲸兜帽
9632,1512007,pill_earrings,0,1447,[],药丸耳环
9633,1842729,pleading_face_emoji,0,716,[],恳求脸表情
9634,1687562,off-shoulder_one-piece_swimsuit,0,1645,[],露肩连体泳衣
9635,1819565,jirai_kei,0,6306,[],地雷系
9636,1700143,brazilian_flag_print,0,1077,[],巴西国旗印花
9637,2035712,rhodes_island_logo_(arknights),0,1430,[],罗德岛标志(明日方舟)
9638,2022185,sideless_dress,0,1923,[],无侧连衣裙
9639,1551950,rhine_lab_logo,0,879,[],莱茵生命标志
9640,1561175,champion_uniform,0,1373,[],冠军制服
9641,1577661,dynamax_band,0,3012,[],极巨腕带
9642,1576232,ear_chain,0,1182,[],耳链
9643,2107053,kamisato_clan_(emblem),0,1140,[],神里家族(家纹)
9644,1530358,gigantamax,0,825,[],极巨化
9645,1674587,fur-tipped_tail,0,969,[],尾尖有绒毛的尾巴
9646,1827382,st._theresa's_girls_academy_school_uniform,0,924,[],圣特蕾莎女子学院校服
9647,1796972,e.g.o_(project_moon),0,5985,[],E.G.O(边狱巴士)
9648,1648249,chest_tuft,0,914,[],胸毛簇
9649,1537252,ring-con,0,633,[],健身环
9650,1618887,infection_monitor_(arknights),0,11239,[],感染监测器(明日方舟)
9651,1719547,sailor_moon_redraw_challenge_(meme),0,1538,[],美少女战士重绘挑战(梗)
9652,1881201,eden_academy_school_uniform,0,1776,[],伊甸学院校服
9653,1588824,lifebuoy_ornament,0,884,[],救生圈装饰
9654,1703807,star_sticker,0,2579,[],星星贴纸
9655,2240760,hololive_idol_uniform_(origin),0,1188,[],Hololive偶像制服(原版)
9656,1602539,vision_(genshin_impact),0,25347,[],神之眼(原神)
9657,1161088,2021,0,5201,[],2021年
9658,1560065,tsukinomori_school_uniform,0,3475,[],月之森学园制服
9659,1575514,yuigaoka_school_uniform,0,2548,[],结丘女子学校制服
9660,1913829,loving_aura,0,1104,[],爱心光环
9661,1695303,subscribestar_username,0,1288,[],订阅之星用户名
9662,1854330,purple_halo,0,7659,[],紫色光环
9663,1601825,night_raven_college_uniform,0,0,[],暗鸦学院制服
9664,1665648,kanba_girls_high_school_uniform,0,1121,[],神庭女子高中校服
9665,1853857,bite_mark_on_neck,0,1033,[],颈部咬痕
9666,2067103,colored_speech_bubble,0,1994,[],彩色对话气泡
9667,1881212,miyamasuzaka_girls'_academy_school_uniform,0,1833,[],宫坂女子学院校服
9668,1853182,kamiyama_high_school_uniform_(project_sekai),0,1692,[],神山高中校服(世界计划)
9669,1662233,jujutsu_tech_uniform,0,2065,[],咒术高专校服
9670,1303438,black_bikini_bottom,0,0,[],黑色比基尼下装
9671,1651209,fanbox_username,0,3775,[],Fanbox用户名
9672,1886041,shuka_high_school_uniform,0,2143,[],秀华高中校服
9673,1948742,sparse_navel_hair,0,805,[],稀疏的肚脐毛
9674,1937874,game_development_department_(blue_archive),0,895,[],游戏开发部(蔚蓝档案)
9675,1948768,sparse_chest_hair,0,1835,[],稀疏胸毛
9676,1594642,holomyth,0,1132,[],Holo神话
9677,1933874,jersey_maid,0,2164,[],运动服女仆
9678,1916642,grey_halo,0,8806,[],灰色光环
9679,1937853,problem_solver_68_(blue_archive),0,800,[],便利屋68(蔚蓝档案)
9680,1601327,diamond_hairband,0,1760,[],钻石发箍
9681,2007914,thick_navel_hair,0,857,[],浓密的肚脐毛
9682,2024799,request_inset,0,2357,[],请求框
9683,2154457,mark_under_both_eyes,0,1781,[],双眼下方标记
9684,1613585,ribbon_earrings,0,778,[],蝴蝶结耳环
9685,1672268,qingxin_flower,0,902,[],清心花
9686,2058856,very_hairy,0,700,[],多毛
9687,1992923,sparse_arm_hair,0,821,[],稀疏的手臂毛
9688,2079262,sophist's_robe_(ff14),0,1251,[],贤者长袍(最终幻想14)
9689,1161090,2023,0,6196,[],2023年
9690,1665921,winged_halo,0,1021,[],羽翼光环
9691,1933084,youtou_high_school_uniform,0,1151,[],阳东高中校服
9692,1872936,fourth_east_high_school_uniform,0,2401,[],第四东高中校服
9693,1750472,galaxy_expedition_team_survey_corps_uniform,0,1545,[],银河远征队调查兵团制服
9694,1635490,poke_ball_(legends),0,0,[],精灵球(传说)
9695,1161089,2022,0,5834,[],2022年
9696,2093539,rectangular_halo,0,1455,[],矩形光环
9697,1989047,aqua_halo,0,2028,[],水色光环
9698,1735013,odaiba_girls_high_school_uniform,0,1036,[],台场女子高中制服
9699,1761434,spiked_ear_piercing,0,1379,[],尖刺耳饰
9700,1918966,trinity_general_school_swimsuit,0,781,[],三一综合学园泳装
9701,1577604,large_horns,0,984,[],大角
9702,1837037,twitter_strip_game,0,2440,[],推特脱衣游戏
9703,1874777,gem_hair_ornament,0,1065,[],宝石发饰
9704,1734694,musou_isshin_(genshin_impact),0,1654,[],梦想一心(原神)
9705,2117772,too_many_watermarks,0,2453,[],水印过多
9706,2223585,ring_hair_extensions,0,2309,[],环状接发
9707,1685357,holocouncil,0,551,[],Hololive议会
9708,1690649,limiter_(tsukumo_sana),0,843,[],限制器(角卷绵芽)
9709,1860181,chain_headband,0,1968,[],链式发箍
9710,1759585,black_tiara,0,2589,[],黑色冠状头饰
9711,2268024,fatui_coat,0,1652,[],愚人众外套
9712,1894744,hololive_idol_uniform_(bright),0,884,[],Hololive偶像制服(亮色版)
9713,2238246,hoyofair,0,1010,[],HoYoFair
9714,1784005,translucent_bunnysuit,0,914,[],透明兔女郎装
9715,1757712,shoulder_peek,0,1785,[],肩膀偷看
9716,1881209,naranja_academy_school_uniform,0,2217,[],纳拉尼亚学院校服
9717,1881213,uva_academy_school_uniform,0,1823,[],UVA学院校服
9718,397722,dragon_ears,0,1282,[],龙耳
9719,1824446,lycoris_uniform,0,3399,[],Lycoris制服
9720,1856853,asticassia_school_uniform,0,4244,[],阿斯提卡西亚校服
9721,1821981,gyaru_v,0,1580,[],辣妹V
9722,1886042,shimokitazawa_high_school_uniform,0,1393,[],下北泽高中校服
9723,1800831,bangboo_(zenless_zone_zero),0,4328,[],邦布(绝区零)
9724,2128118,tacet_mark_(wuthering_waves),0,8114,[],声痕(鸣潮)
9725,2027701,dongtan_dress,0,1167,[],东滩连衣裙
9726,1926062,millennium_cheerleader_outfit_(blue_archive),0,3284,[],千年啦啦队服(碧蓝档案)
9727,2012230,kessoku_band,0,1421,[],结束乐队
9728,1161092,2024,0,5953,[],2024年
9729,1898819,virgin_destroyer_sweater,0,1355,[],处女杀手毛衣
9730,1938251,hasu_no_sora_school_uniform,0,11732,[],莲之空学园制服
9731,1900160,dollchestra,0,1338,[],人偶乐团
9732,1983409,drop-shaped_pupils,0,3264,[],水滴形瞳孔
9733,2001470,mira-cra_park!,0,1583,[],米拉库拉公园
9734,2223448,blake_bloom_(wuthering_waves),0,1482,[],布蕾克·布鲁姆(鸣潮)
9735,2001476,cerise_bouquet,0,1519,[],樱色花束
9736,1971743,twitter_x_logo,0,1599,[],推特X标志
9737,2135822,hatsuboshi_gakuen_school_uniform,0,2578,[],初星学园制服
9738,2206309,worldwide_miku,0,1029,[],世界初音
9739,2141515,two-tone_veil,0,1344,[],双色面纱
9740,12106,kousaka_tamaki,4,2178,"[""to_heart_(series)"", ""to_heart_2""]",高坂珠希(偶像大师)
9741,12097,yuzuhara_konomi,4,885,"[""to_heart_(series)"", ""to_heart_2""]",柚原好美(To Heart2)
9742,1478495,artoria_pendragon_(fate),4,41941,["fate_(series)"],阿尔托莉雅·潘德拉贡(Fate)
9743,1213183,saber_(fate),4,19020,["fate_(series)"],Saber(Fate)
9744,464824,hinaichigo,4,1106,["rozen_maiden"],雏莓(蔷薇少女)
9745,12099,komaki_manaka,4,1059,"[""to_heart_(series)"", ""to_heart_2""]",小牧爱佳(To Heart系列)
9746,11050,sonozaki_mion,4,2235,["higurashi_no_naku_koro_ni"],园崎魅音(寒蝉鸣泣之时)
9747,21,suigintou,4,4824,["rozen_maiden"],水银灯(蔷薇少女)
9748,1606513,len_(tsukihime),4,1168,["tsukihime"],莲(月姬)
9749,1478256,medusa_(fate),4,5525,["fate_(series)"],美杜莎(Fate)
9750,1649150,medusa_(rider)_(fate),4,4246,"[""fate/stay_night"", ""fate_(series)""]",美杜莎(Rider)(Fate)
9751,7438,matou_sakura,4,6450,"[""fate_(series)"", ""fate/stay_night""]",间桐樱(Fate)
9752,596093,caren_hortensia,4,1436,["fate_(series)"],卡莲·奥尔黛西亚(Fate)
9753,12249,flandre_scarlet,4,55832,["touhou"],芙兰朵露·斯卡蕾特(东方)
9754,474,chen,4,19161,["touhou"],橙(东方)
9755,12246,yakumo_yukari,4,34728,["touhou"],八云紫(东方)
9756,1927701,eureka_(eureka_seven),4,832,"[""eureka_seven"", ""eureka_seven_(series)""]",优莱卡(交响诗篇)
9757,479604,2k-tan,4,734,["os-tan"],2k娘(OS娘)
9758,573562,me-tan,4,760,["os-tan"],Me娘(OS娘)
9759,379781,xp-tan,4,853,["os-tan"],XP娘(OS娘)
9760,42,souseiseki,4,1727,["rozen_maiden"],翠星石(蔷薇少女)
9761,41,suiseiseki,4,2171,["rozen_maiden"],翠星石(蔷薇少女)
9762,12250,yakumo_ran,4,21158,["touhou"],八云蓝(东方)
9763,7589,shimazu_yoshino,4,843,["maria-sama_ga_miteru"],岛津由乃(圣母在上)
9764,9123,alice_margatroid,4,36782,["touhou"],爱丽丝·玛格特罗伊德(东方)
9765,12242,kirisame_marisa,4,76314,["touhou"],雾雨魔理沙(东方)
9766,1646740,archer_(fate),4,6375,["fate_(series)"],Archer(Fate)
9767,465646,tohsaka_rin,4,9787,"[""fate/stay_night"", ""fate_(series)""]",远坂凛(Fate)
9768,12094,arcueid_brunestud,4,4181,["tsukihime"],爱尔特璐琪·布伦史塔德(月姬)
9769,12248,remilia_scarlet,4,55983,["touhou"],蕾米莉亚·斯卡蕾特(东方)
9770,12314,izayoi_sakuya,4,48438,["touhou"],十六夜咲夜(东方)
9771,7587,toudou_shimako,4,968,["maria-sama_ga_miteru"],藤堂志摩子(圣母在上)
9772,12304,reisen_udongein_inaba,4,28452,["touhou"],铃仙·优昙华院·因幡(东方)
9773,12305,yagokoro_eirin,4,12151,["touhou"],八意永琳(东方)
9774,12247,patchouli_knowledge,4,35929,["touhou"],帕秋莉·诺蕾姬(东方)
9775,11374,hong_meiling,4,26229,["touhou"],红美铃(东方)
9776,12244,konpaku_youmu,4,37175,["touhou"],魂魄妖梦(东方)
9777,602257,konpaku_youmu_(ghost),4,20608,["touhou"],魂魄妖梦(幽灵)(东方)
9778,12245,saigyouji_yuyuko,4,25715,["touhou"],西行寺幽幽子(东方)
9779,12239,hakurei_reimu,4,85757,["touhou"],博丽灵梦(东方)
9780,1980,belldandy,4,795,["aa_megami-sama"],贝露丹蒂(我的女神)
9781,14491,i-no,4,901,["guilty_gear"],伊诺(罪恶装备)
9782,99,shinku,4,2470,["rozen_maiden"],真红(蔷薇少女)
9783,8377,sakagami_tomoyo,4,851,["clannad"],坂上智代(CLANNAD)
9784,404211,my_melody,4,1214,"[""onegai_my_melody"", ""sanrio""]",美乐蒂(三丽鸥)
9785,7583,fukuzawa_yumi,4,1114,["maria-sama_ga_miteru"],福泽佑巳(圣母在上)
9786,209431,kasuga_ayumu,4,1125,["azumanga_daioh"],春日步(阿滋漫画大王)
9787,87514,cure_black,4,1313,"[""futari_wa_precure"", ""precure""]",黑天使(光之美少女)
9788,87516,cure_white,4,1126,"[""futari_wa_precure"", ""precure""]",雪天使(光之美少女)
9789,13036,misumi_nagisa,4,1975,"[""futari_wa_precure"", ""precure""]",美墨渚(光之美少女)
9790,13037,yukishiro_honoka,4,1705,"[""futari_wa_precure"", ""precure""]",雪城穗乃香(光之美少女)
9791,12403,sion_eltnam_atlasia,4,690,"[""melty_blood"", ""tsukihime""]",紫苑·艾尔特纳姆·阿特拉西亚(月姬)
9792,12091,tohno_akiha,4,1610,["tsukihime"],远野秋叶(月姬)
9793,12307,fujiwara_no_mokou,4,28059,["touhou"],藤原妹红(东方)
9794,12306,houraisan_kaguya,4,16019,["touhou"],蓬莱山辉夜(东方)
9795,12302,kamishirasawa_keine,4,16816,["touhou"],上白泽慧音(东方)
9796,599168,hourai_doll,4,1372,["touhou"],蓬莱人偶(东方)
9797,378592,usada_hikaru,4,1060,["di_gi_charat"],兔田光(Di Gi Charat)
9798,2093614,white_mage_(final_fantasy),4,1383,["final_fantasy"],白魔道士(最终幻想)
9799,3721,kuromi,4,1162,"[""onegai_my_melody"", ""sanrio""]",库洛米(三丽鸥)
9800,8417,lunamaria_hawke,4,956,"[""gundam"", ""gundam_seed"", ""gundam_seed_destiny""]",露娜玛丽亚·霍克(高达SEED DESTINY)
9801,533538,hisui_(tsukihime),4,1229,["tsukihime"],翡翠(月姬)
9802,533539,kohaku_(tsukihime),4,1474,["tsukihime"],琥珀(月姬)
9803,1472521,medea_(fate),4,1719,"[""fate/stay_night"", ""fate_(series)""]",美狄亚(Fate)
9804,16082,ryougi_shiki,4,2491,["kara_no_kyoukai"],两仪式(空之境界)
9805,52658,yuuno_scrya,4,666,["lyrical_nanoha"],尤诺·斯克莱亚(魔法少女奈叶)
9806,12303,inaba_tewi,4,14690,["touhou"],因幡帝(东方)
9807,405454,aerith_gainsborough,4,9161,"[""final_fantasy"", ""final_fantasy_vii""]",爱丽丝·盖恩斯巴勒(最终幻想VII)
9808,8545,kamio_misuzu,4,1683,["air_(visual_novel)"],神尾观铃(AIR)
9809,11051,sonozaki_shion,4,1702,["higurashi_no_naku_koro_ni"],园崎诗音(寒蝉鸣泣之时)
9810,12108,illyasviel_von_einzbern,4,9782,["fate_(series)"],伊莉雅丝菲尔·冯·爱因兹贝伦(Fate)
9811,1478494,cu_chulainn_(fate),4,6438,["fate_(series)"],库·丘林(Fate)
9812,1649152,cu_chulainn_(fate/stay_night),4,1888,"[""fate_(series)"", ""fate/stay_night""]",库·丘林(Fate/stay night)
9813,10658,emiya_shirou,4,6978,["fate_(series)"],卫宫士郎(Fate)
9814,12109,fujimura_taiga,4,701,"[""fate/stay_night"", ""fate_(series)""]",藤村大河(Fate/stay night)
9815,481043,lord_knight_(ragnarok_online),4,1083,["ragnarok_online"],领主骑士(仙境传说)
9816,472394,neco-arc,4,862,["tsukihime"],猫Arc(月姬)
9817,9383,minase_nayuki,4,723,["kanon"],水濑名雪(Kanon)
9818,286,kooh,4,0,["pangya"],库珥修(Re:从零开始的异世界生活)
9819,8330,hoshino_ruri,4,913,["kidou_senkan_nadesico"],星野琉璃(机动战舰)
9820,414192,rx-78-2,4,0,[],RX-78-2
9821,503000,zaku_ii,4,885,["gundam"],扎古II(高达)
9822,9225,yumizuka_satsuki,4,721,["tsukihime"],弓冢五月(月姬)
9823,8557,kuga_natsuki,4,887,["my-hime"],玖我夏树(舞-HiME)
9824,7439,kinomoto_sakura,4,8004,["cardcaptor_sakura"],木之本樱(魔卡少女樱)
9825,2152170,kinomoto_sakura_(magic_dream_costume),4,0,["cardcaptor_sakura"],木之本樱(魔法梦服装)
9826,512930,alice_(alice_in_wonderland),4,3403,["alice_in_wonderland"],爱丽丝(爱丽丝梦游仙境)
9827,8882,lily_white,4,4497,["touhou"],莉莉白(东方)
9828,12300,mystia_lorelei,4,15424,["touhou"],米斯蒂娅·萝蕾拉(东方)
9829,2082,rumia,4,20267,["touhou"],露米娅(东方)
9830,12299,wriggle_nightbug,4,9647,["touhou"],莉格露·奈特巴格(东方)
9831,11349,ryuuguu_rena,4,3595,["higurashi_no_naku_koro_ni"],龙宫礼奈(寒蝉鸣泣之时)
9832,15840,kos-mos,4,1184,["xenosaga"],KOS-MOS(异度传说)
9833,8327,ayanami_rei,4,9350,["neon_genesis_evangelion"],绫波丽(EVA)
9834,12207,inoue_orihime,4,2207,["bleach"],井上织姬(死神)
9835,659553,kan'u_unchou,4,701,["ikkitousen"],关羽云长(一骑当千)
9836,475833,souryuu_asuka_langley,4,15804,["neon_genesis_evangelion"],惣流·明日香·兰格雷(EVA)
9837,558421,high_priest_(ragnarok_online),4,2458,["ragnarok_online"],大主教(仙境传说)
9838,11053,houjou_satoko,4,3026,["higurashi_no_naku_koro_ni"],北条沙都子(寒蝉鸣泣之时)
9839,11052,maebara_keiichi,4,1390,["higurashi_no_naku_koro_ni"],前原圭一(寒蝉鸣泣之时)
9840,557902,priest_(ragnarok_online),4,1942,["ragnarok_online"],服事(仙境传说)
9841,680250,high_wizard_(ragnarok_online),4,1300,["ragnarok_online"],高阶巫师(仙境传说)
9842,13814,morichika_rinnosuke,4,9803,["touhou"],森近霖之助(东方)
9843,381201,konpaku_youki,4,831,["touhou"],魂魄妖忌(东方)
9844,599169,shanghai_doll,4,9533,["touhou"],上海人形(东方)
9845,555,haro,4,2471,["gundam"],哈罗(机动战士高达)
9846,13595,minase_akiko,4,628,["kanon"],水濑秋子(Kanon)
9847,12738,tsukimiya_ayu,4,859,["kanon"],月宫亚由(Kanon)
9848,12258,katsuragi_misato,4,1786,["neon_genesis_evangelion"],葛城美里(新世纪福音战士)
9849,7441,fate_testarossa,4,9635,["lyrical_nanoha"],菲特·泰斯特罗莎(魔法少女奈叶)
9850,8552,takamachi_nanoha,4,8020,["lyrical_nanoha"],高町奈叶(魔法少女奈叶)
9851,12093,tohno_shiki,4,1444,["tsukihime"],远野志贵(月姬)
9852,56878,fujibayashi_kyou,4,1614,["clannad"],藤林杏(CLANNAD)
9853,970886,roll_(mega_man),4,2055,"[""mega_man_(classic)"", ""mega_man_(series)""]",萝露(洛克人)
9854,4516,poring,4,1466,["ragnarok_online"],波利(仙境传说)
9855,11055,furude_rika,4,4099,["higurashi_no_naku_koro_ni"],古手梨花(寒蝉鸣泣之时)
9856,533537,ciel_(tsukihime),4,1918,["tsukihime"],希耶尔(月姬)
9857,2099017,kero_(cardcaptor_sakura),4,2126,["cardcaptor_sakura"],小可(魔卡少女樱)
9858,12313,ibuki_suika,4,14857,["touhou"],伊吹萃香(东方)
9859,488853,kasumi_(doa),4,1819,["dead_or_alive"],霞(死或生)
9860,9881,meer_campbell,4,922,"[""gundam"", ""gundam_seed"", ""gundam_seed_destiny""]",米尔·坎贝尔(高达SEED Destiny)
9861,1480638,nadia_la_arwall,4,1081,["fushigi_no_umi_no_nadia"],娜迪亚·拉·阿尔瓦尔(蓝宝石之谜)
9862,4906,lum,4,3041,["urusei_yatsura"],拉姆(福星小子)
9863,464857,sailor_mercury,4,1712,["bishoujo_senshi_sailor_moon"],水野亚美(美少女战士)
9864,378846,tenjouin_asuka,4,1335,"[""yu-gi-oh!"", ""yu-gi-oh!_gx""]",天上院明日香(游戏王GX)
9865,9372,haman_karn,4,717,["gundam"],哈曼·卡恩(机动战士高达ZZ)
9866,3483,kanaria,4,770,["rozen_maiden"],金丝雀(蔷薇少女)
9867,10546,vegeta,4,2715,["dragon_ball"],贝吉塔(龙珠)
9868,12296,lunasa_prismriver,4,3607,["touhou"],露娜萨·普莉兹姆利巴(东方Project)
9869,12298,lyrica_prismriver,4,2672,["touhou"],莉莉卡·普莉兹姆利巴(东方Project)
9870,12297,merlin_prismriver,4,2750,["touhou"],梅露兰·普莉兹姆利巴(东方Project)
9871,1670933,index_(toaru_majutsu_no_index),4,1964,["toaru_majutsu_no_index"],茵蒂克丝(魔法禁书目录)
9872,881401,lilith_(darkstalkers),4,2698,["darkstalkers"],莉莉丝(恶魔战士)
9873,12257,ikari_shinji,4,4889,["neon_genesis_evangelion"],碇真嗣(EVA)
9874,460796,ex-keine,4,4495,["touhou"],Ex-慧音(东方Project)
9875,1649138,heracles_(fate),4,886,["fate_(series)"],赫拉克勒斯(Fate)
9876,7449,daidouji_tomoyo,4,1942,["cardcaptor_sakura"],大道寺知世(魔卡少女樱)
9877,16001,iwakura_lain,4,1233,["serial_experiments_lain"],岩仓玲音(玲音)
9878,554323,may_(guilty_gear),4,1471,["guilty_gear"],梅(罪恶装备)
9879,1211856,kiki_(majo_no_takkyuubin),4,1041,["majo_no_takkyuubin"],琪琪(魔女宅急便)
9880,1668734,san_(mononoke_hime),4,719,["mononoke_hime"],珊(幽灵公主)
9881,12210,kuchiki_rukia,4,2467,["bleach"],朽木露琪亚(死神)
9882,12212,kurosaki_ichigo,4,2099,["bleach"],黑崎一护(死神)
9883,712091,hello_kitty_(character),4,1431,"[""hello_kitty"", ""sanrio""]",凯蒂猫(凯蒂猫)
9884,1598973,saya_(saya_no_uta),4,894,["saya_no_uta"],沙耶(沙耶之歌)
9885,16762,athrun_zala,4,1035,"[""gundam"", ""gundam_seed""]",阿斯兰·萨拉(机动战士高达SEED)
9886,1720,cirno,4,36750,["touhou"],琪露诺(东方)
9887,378700,koiwai_yotsuba,4,698,["yotsubato!"],小岩井四叶(四叶妹妹)
9888,414822,miyafuji_yoshika,4,2738,"[""strike_witches"", ""world_witches_series""]",宫藤芳佳(强袭魔女)
9889,461046,killua_zoldyck,4,1576,["hunter_x_hunter"],奇犽·揍敌客(全职猎人)
9890,1799,koakuma,4,15239,["touhou"],小恶魔(东方)
9891,502807,shinki_(touhou),4,2288,"[""touhou"", ""touhou_(pc-98)""]",神绮(东方)
9892,1285963,alena_(dq4),4,866,"[""dragon_quest"", ""dragon_quest_iv""]",阿莉娜(勇者斗恶龙4)
9893,404920,sage_(dq3),4,930,"[""dragon_quest"", ""dragon_quest_iii""]",贤者(勇者斗恶龙3)
9894,1592675,bianca_(dq5),4,1108,"[""dragon_quest"", ""dragon_quest_v""]",比安卡(勇者斗恶龙5)
9895,1156310,roto_(dq3),4,837,"[""dragon_quest"", ""dragon_quest_iii""]",洛特(勇者斗恶龙3)
9896,1674016,manya_(dq4),4,907,"[""dragon_quest"", ""dragon_quest_iv""]",玛妮亚(勇者斗恶龙4)
9897,1990869,adventurer_(ff11),4,2260,"[""final_fantasy"", ""final_fantasy_xi""]",冒险者(FF11)
9898,1824247,etna_(disgaea),4,1984,["disgaea"],艾特娜(魔界战记)
9899,1839,flonne,4,812,["disgaea"],弗洛涅(魔界战记)
9900,1649146,gilgamesh_(fate),4,7324,["fate_(series)"],吉尔伽美什(Fate)
9901,12107,kotomine_kirei,4,3399,["fate_(series)"],言峰绮礼(Fate)
9902,606793,alastor_(shakugan_no_shana),4,892,["shakugan_no_shana"],阿拉斯托尔(灼眼的夏娜)
9903,4587,shana,4,2560,["shakugan_no_shana"],夏娜(灼眼的夏娜)
9904,12295,letty_whiterock,4,5124,["touhou"],蕾蒂·霍瓦特洛克(东方Project)
9905,3030,mario,4,5447,["mario_(series)"],马力欧(超级马力欧)
9906,606875,little_red_riding_hood_(grimm),4,0,["little_red_riding_hood"],小红帽(格林)
9907,472979,saber_alter,4,6845,["fate_(series)"],Saber Alter(Fate)
9908,518079,tiki_(fire_emblem),4,2036,["fire_emblem"],琪姬(火纹)
9909,1875918,tiki_(young)_(fire_emblem),4,953,"[""fire_emblem"", ""fire_emblem:_mystery_of_the_emblem""]",琪姬(幼年)(火焰纹章)
9910,482257,nao_(mabinogi),4,648,["mabinogi"],娜儿(洛奇)
9911,9750,asahina_mikuru,4,4273,["suzumiya_haruhi_no_yuuutsu"],朝比奈实玖瑠(凉宫春日)
9912,2124,nakoruru,4,767,["samurai_spirits"],娜可露露(侍魂)
9913,405776,riesz,4,1427,"[""seiken_densetsu"", ""seiken_densetsu_3""]",莉丝(圣剑传说3)
9914,15550,morrigan_aensland,4,6183,["darkstalkers"],莫莉卡·安斯兰德(恶魔战士)
9915,438937,spider-man,4,1721,"[""marvel"", ""spider-man_(series)""]",蜘蛛侠(漫威)
9916,391888,tifa_lockhart,4,13495,"[""final_fantasy"", ""final_fantasy_vii""]",蒂法·洛克哈特(最终幻想)
9917,383404,ibuki_fuuko,4,1065,["clannad"],伊吹风子(CLANNAD)
9918,11876,li_syaoran,4,911,["cardcaptor_sakura"],李小狼(魔卡少女樱)
9919,526135,sanzen'in_nagi,4,799,["hayate_no_gotoku!"],三千院凪(旋风管家)
9920,1285682,iroha_(samurai_spirits),4,1129,["samurai_spirits"],色(侍魂)
9921,8711,prinny,4,974,["disgaea"],普利尼(魔界战记)
9922,16164,celes_chere,4,969,"[""final_fantasy"", ""final_fantasy_vi""]",塞莱斯·谢尔(最终幻想)
9923,1267895,ayane_(doa),4,913,["dead_or_alive"],绫音(死或生)
9924,12095,aozaki_aoko,4,1564,["mahou_tsukai_no_yoru"],苍崎青子(月姬)
9925,427882,bazett_fraga_mcremitz,4,861,["fate_(series)"],巴泽特·弗拉加·麦克雷米兹(Fate)
9926,12112,emiya_kiritsugu,4,2805,"[""fate/zero"", ""fate_(series)""]",卫宫切嗣(Fate)
9927,693236,ibuki_(street_fighter),4,899,["street_fighter"],伊吹(街头霸王)
9928,12565,hatake_kakashi,4,1048,["naruto_(series)"],旗木卡卡西(火影忍者)
9929,403378,yuffie_kisaragi,4,2374,"[""final_fantasy"", ""final_fantasy_vii""]",尤菲·如月(最终幻想)
9930,279302,dio_brando,4,5967,["jojo_no_kimyou_na_bouken"],迪奥·布兰度(JOJO的奇妙冒险)
9931,8760,kusanagi_motoko,4,1571,["ghost_in_the_shell"],草薙素子(攻壳机动队)
9932,1181678,boo_(mario),4,1524,["mario_(series)"],害羞幽灵(马里奥)
9933,1627134,euryale_(fate),4,1122,"[""fate/grand_order"", ""fate_(series)""]",尤瑞艾莉(Fate)
9934,1627167,stheno_(fate),4,931,"[""fate/grand_order"", ""fate_(series)""]",斯忒诺(Fate)
9935,13108,chun-li,4,7819,["street_fighter"],春丽(街头霸王)
9936,707204,dizzy_(guilty_gear),4,3199,["guilty_gear"],Dizzy(罪恶装备)
9937,466053,hsien-ko,4,1153,["darkstalkers"],仙狐(恶魔战士)
9938,11427,kasugano_sakura,4,1890,["street_fighter"],春日野樱(街头霸王)
9939,14169,ken_masters,4,1197,["street_fighter"],肯·马斯特斯(街头霸王)
9940,11487,kuradoberi_jam,4,777,["guilty_gear"],仓敷樱(罪恶装备)
9941,13993,ky_kiske,4,924,["guilty_gear"],凯·奇斯克(罪恶装备)
9942,510496,ryu_(street_fighter),4,2215,["street_fighter"],隆(街头霸王)
9943,11488,sol_badguy,4,1140,["guilty_gear"],索尔·巴德盖(罪恶装备)
9944,8955,luna_child,4,3335,["touhou"],露娜·切尔德(东方)
9945,8956,star_sapphire,4,3630,["touhou"],星之琉璃(东方)
9946,8954,sunny_milk,4,3283,["touhou"],桑尼米尔克(东方)
9947,935918,kirisame_marisa_(pc-98),4,754,"[""touhou"", ""touhou_(pc-98)""]",雾雨魔理沙(东方)
9948,14093,lacus_clyne,4,979,"[""gundam"", ""gundam_seed""]",拉克丝·克莱因(机动战士高达SEED)
9949,469024,dark_sakura,4,849,"[""fate/stay_night"", ""fate_(series)""]",黑樱(Fate)
9950,1641409,ingrid_(capcom),4,810,["capcom_fighting_jam"],英格丽德(Capcom)
9951,16323,char_aznable,4,1590,["gundam"],夏亚·阿兹纳布尔(机动战士高达)
9952,126661,furukawa_nagisa,4,1653,["clannad"],古河渚(CLANNAD)
9953,385674,okazaki_tomoya,4,803,["clannad"],冈崎朋也(CLANNAD)
9954,14090,cagalli_yula_athha,4,1230,"[""gundam"", ""gundam_seed""]",卡嘉莉·尤拉·阿斯哈(机动战士高达SEED)
9955,12208,shihouin_yoruichi,4,2277,["bleach"],四枫院夜一(死神)
9956,583994,sui-feng,4,822,["bleach"],碎蜂(死神)
9957,1627122,bedivere_(fate),4,727,"[""fate/grand_order"", ""fate_(series)""]",贝狄威尔(Fate)
9958,9076,akizuki_ritsuko,4,2957,"[""idolmaster"", ""idolmaster_(classic)""]",秋月律子(偶像大师)
9959,9071,amami_haruka,4,5389,"[""idolmaster"", ""idolmaster_(classic)""]",天海春香(偶像大师)
9960,9080,futami_ami,4,2357,"[""idolmaster"", ""idolmaster_(classic)""]",双海亚美(偶像大师)
9961,9081,futami_mami,4,2632,"[""idolmaster"", ""idolmaster_(classic)""]",双海真美(偶像大师)
9962,9074,hagiwara_yukiho,4,3187,"[""idolmaster"", ""idolmaster_(classic)""]",萩原雪步(偶像大师)
9963,9079,kikuchi_makoto,4,5310,"[""idolmaster"", ""idolmaster_(classic)""]",菊地真(偶像大师)
9964,9072,kisaragi_chihaya,4,5474,"[""idolmaster"", ""idolmaster_(classic)""]",如月千早(偶像大师)
9965,9078,minase_iori,4,4727,"[""idolmaster"", ""idolmaster_(classic)""]",水濑伊织(偶像大师)
9966,9077,miura_azusa,4,3220,"[""idolmaster"", ""idolmaster_(classic)""]",三浦梓(偶像大师)
9967,9075,takatsuki_yayoi,4,4102,"[""idolmaster"", ""idolmaster_(classic)""]",高槻弥生(偶像大师)
9968,453069,doraemon_(character),4,1009,["doraemon"],哆啦A梦(哆啦A梦)
9969,354942,alphonse_elric,4,1136,["fullmetal_alchemist"],阿尔冯斯·艾尔利克(钢之炼金术师)
9970,6000,baiken,4,1367,["guilty_gear"],梅喧(罪恶装备)
9971,354943,edward_elric,4,1932,["fullmetal_alchemist"],爱德华·艾尔利克(钢之炼金术师)
9972,1072855,felicia_(darkstalkers),4,2098,["darkstalkers"],菲利西亚(恶魔战士)
9973,644424,nami_(one_piece),4,7890,["one_piece"],娜美(海贼王)
9974,12514,shiranui_mai,4,5048,"[""the_king_of_fighters"", ""fatal_fury""]",不知火舞(拳皇)
9975,7794,aino_minako,4,2370,["bishoujo_senshi_sailor_moon"],爱野美奈子(美少女战士)
9976,8586,chibi_usa,4,1951,["bishoujo_senshi_sailor_moon"],小小兔(美少女战士)
9977,8151,hino_rei,4,2073,["bishoujo_senshi_sailor_moon"],火野丽(美少女战士)
9978,8152,kino_makoto,4,2020,["bishoujo_senshi_sailor_moon"],木野真琴(美少女战士)
9979,7914,mizuno_ami,4,2558,["bishoujo_senshi_sailor_moon"],水野亚美(美少女战士)
9980,527774,monkey_d._luffy,4,6033,["one_piece"],蒙奇·D·路飞(海贼王)
9981,464858,sailor_jupiter,4,1346,["bishoujo_senshi_sailor_moon"],木野真琴(美少女战士)
9982,464856,sailor_mars,4,1497,["bishoujo_senshi_sailor_moon"],水手火星(美少女战士)
9983,8048,sailor_moon,4,4377,["bishoujo_senshi_sailor_moon"],月野兔(美少女战士)
9984,466402,sailor_neptune,4,650,["bishoujo_senshi_sailor_moon"],海王满(美少女战士)
9985,464859,sailor_saturn,4,911,["bishoujo_senshi_sailor_moon"],水手土星(美少女战士)
9986,466403,sailor_uranus,4,697,["bishoujo_senshi_sailor_moon"],天王遥(美少女战士)
9987,464855,sailor_venus,4,1525,["bishoujo_senshi_sailor_moon"],水手金星(美少女战士)
9988,1827774,sanji_(one_piece),4,4067,["one_piece"],山治(海贼王)
9989,384609,tony_tony_chopper,4,1915,["one_piece"],托尼托尼·乔巴(海贼王)
9990,7866,tsukino_usagi,4,6138,["bishoujo_senshi_sailor_moon"],月野兔(美少女战士)
9991,512595,nicholas_d._wolfwood,4,737,["trigun"],尼古拉斯·D·沃尔夫伍德(枪神)
9992,399324,vash_the_stampede,4,1409,["trigun"],法修·史丹比特(枪神)
9993,3064,dejiko,4,1014,["di_gi_charat"],数码子(铃铛猫娘)
9994,12308,shameimaru_aya,4,30563,["touhou"],射命丸文(东方)
9995,12213,matsumoto_rangiku,4,1500,["bleach"],松本乱菊(死神)
9996,935917,hakurei_reimu_(pc-98),4,1035,"[""touhou"", ""touhou_(pc-98)""]",博丽灵梦(PC-98)(东方)
9997,6511,kirakishou,4,645,["rozen_maiden"],雪华绮晶(蔷薇少女)
9998,186196,winry_rockbell,4,1120,["fullmetal_alchemist"],温莉·洛克贝尔(钢之炼金术师)
9999,466818,misty_(pokemon),4,4171,["pokemon"],小霞(宝可梦)
10000,390798,eva_01,4,1000,["neon_genesis_evangelion"],EVA初号机(新世纪福音战士)
10001,1663189,cheshire_cat_(alice_in_wonderland),4,737,["alice_in_wonderland"],柴郡猫(爱丽丝梦游仙境)
10002,1663193,white_rabbit_(alice_in_wonderland),4,988,["alice_in_wonderland"],白兔(爱丽丝梦游仙境)
10003,14328,fio_germi,4,741,["metal_slug"],菲奥·杰尔米(合金弹头)
10004,682208,bridget_(guilty_gear),4,3812,["guilty_gear"],布丽姬(罪恶装备)
10005,13543,hyuuga_hinata,4,3750,["naruto_(series)"],日向雏田(火影忍者)
10006,13270,cammy_white,4,5148,["street_fighter"],嘉米·怀特(街头霸王)
10007,16204,agrias_oaks,4,816,"[""final_fantasy"", ""final_fantasy_tactics""]",阿格莉亚斯·奥克斯(最终幻想战略版)
10008,9090,mizunashi_akari,4,1514,["aria_(manga)"],水无灯里(水星领航员)
10009,12386,yamanaka_ino,4,1040,["naruto_(series)"],山中井野(火影忍者)
10010,1583984,kino_(kino_no_tabi),4,1179,["kino_no_tabi"],奇诺(奇诺之旅)
10011,401582,kazami_yuuka,4,18789,["touhou"],风见幽香(东方)
10012,12355,uzumaki_naruto,4,4166,["naruto_(series)"],漩涡鸣人(火影忍者)
10013,12311,onozuka_komachi,4,9404,["touhou"],小野塚小町(东方)
10014,465688,shiki_eiki,4,9540,["touhou"],四季映姬(东方)
10015,421660,tsunade_(naruto),4,1770,["naruto_(series)"],纲手(火影忍者)
10016,1600181,ness_(mother_2),4,1257,"[""mother_(series)"", ""mother_2""]",奈斯(地球冒险2)
10017,16312,tenjou_utena,4,1006,["shoujo_kakumei_utena"],天上欧蒂娜(少女革命)
10018,12309,medicine_melancholy,4,3902,["touhou"],梅蒂欣·梅兰可莉(东方Project)
10019,416940,su-san,4,1676,["touhou"],苏桑(东方Project)
10020,935913,alice_margatroid_(pc-98),4,1626,"[""touhou"", ""touhou_(pc-98)""]",爱丽丝·玛格特罗依德(东方)
10021,15598,nefertari_vivi,4,716,["one_piece"],奈菲鲁塔丽·薇薇(航海王)
10022,14899,yamamura_sadako,4,1382,["the_ring"],山村贞子(午夜凶铃)
10023,416104,eva_02,4,1063,["neon_genesis_evangelion"],EVA二号机(EVA)
10024,11853,haruno_sakura,4,4366,["naruto_(series)"],春野樱(火影忍者)
10025,395136,jessica_albert,4,862,"[""dragon_quest"", ""dragon_quest_viii""]",杰西卡·阿尔伯特(勇者斗恶龙8)
10026,445844,venusaur,4,1077,["pokemon"],妙蛙花(精灵宝可梦)
10027,396395,naoe_riki,4,870,["little_busters!"],直江理己(Little Busters!)
10028,7493,daiyousei,4,10141,["touhou"],大妖精(东方)
10029,610690,elly_(touhou),4,753,"[""touhou"", ""touhou_(pc-98)""]",艾丽(东方)
10030,935914,kazami_yuuka_(pc-98),4,982,"[""touhou"", ""touhou_(pc-98)""]",风见幽香(东方Project)
10031,13065,kitashirakawa_chiyuri,4,775,"[""touhou"", ""touhou_(pc-98)""]",北白川千百合(玉响)
10032,506041,maribel_hearn,4,9667,["touhou"],玛艾露贝莉·赫恩(东方)
10033,596343,mima_(touhou),4,2148,"[""touhou"", ""touhou_(pc-98)""]",魅魔(东方Project)
10034,13066,okazaki_yumemi,4,1215,"[""touhou"", ""touhou_(pc-98)""]",冈崎梦美(东方Project（旧作）)
10035,396219,tokiko_(touhou),4,1525,["touhou"],时子(东方Project)
10036,12342,usami_renko,4,10063,["touhou"],宇佐见莲子(东方)
10037,506315,yumeko_(touhou),4,981,"[""touhou"", ""touhou_(pc-98)""]",梦子(东方Project)
10038,544942,warrior_(dq3),4,933,"[""dragon_quest"", ""dragon_quest_iii""]",战士(勇者斗恶龙3)
10039,420633,santa_claus,4,898,["original"],圣诞老人(原创)
10040,1670705,temari_(naruto),4,720,["naruto_(series)"],手鞠(火影忍者)
10041,15312,millia_rage,4,1202,["guilty_gear"],米莉亚·雷姬(罪恶装备)
10042,400139,kaiou_michiru,4,1029,["bishoujo_senshi_sailor_moon"],海王满(美少女战士)
10043,465401,ten'ou_haruka,4,1078,["bishoujo_senshi_sailor_moon"],天王遥(美少女战士)
10044,661692,dante_(devil_may_cry),4,2228,["devil_may_cry_(series)"],但丁(鬼泣)
10045,11941,samus_aran,4,6847,["metroid"],萨姆斯·亚兰(银河战士)
10046,16066,raising_heart,4,2300,["lyrical_nanoha"],旭日之心(魔法少女奈叶)
10047,10365,cloud_strife,4,12227,"[""final_fantasy"", ""final_fantasy_vii""]",克劳德·斯特莱夫(最终幻想)
10048,10082,sephiroth,4,4504,"[""final_fantasy"", ""final_fantasy_vii""]",萨菲罗斯(最终幻想)
10049,16570,vincent_valentine,4,1287,"[""final_fantasy"", ""final_fantasy_vii""]",文森特·瓦伦丁(最终幻想VII)
10050,16208,faris_scherwiz,4,956,"[""final_fantasy"", ""final_fantasy_v""]",法莉丝·夏尔维兹(命运石之门)
10051,8883,lily_black,4,807,["touhou"],莉莉黑(东方)
10052,3861,pikachu,4,14352,["pokemon"],皮卡丘(宝可梦)
10053,409649,gon_freecss,4,1203,["hunter_x_hunter"],小杰·富力士(全职猎人)
10054,433648,gyro_zeppeli,4,1611,"[""jojo_no_kimyou_na_bouken"", ""steel_ball_run""]",杰洛·齐贝林(JOJO的奇妙冒险)
10055,54494,kujo_jotaro,4,7272,["jojo_no_kimyou_na_bouken"],空条承太郎(JOJO的奇妙冒险)
10056,529925,muto_yugi,4,1036,["yu-gi-oh!"],武藤游戏(游戏王)
10057,386242,sakata_gintoki,4,2358,["gintama"],坂田银时(银魂)
10058,425591,sakuragi_hanamichi,4,810,["slam_dunk_(series)"],樱木花道(灌篮高手)
10059,16266,son_goku,4,6053,["dragon_ball"],孙悟空(龙珠)
10060,1323324,yuna_(ff10),4,1156,"[""final_fantasy"", ""final_fantasy_x""]",尤娜(最终幻想X)
10061,448787,metroid_(creature),4,912,["metroid"],密特罗德(银河战士)
10062,466277,maya_fey,4,1030,["ace_attorney"],绫里真宵(逆转裁判)
10063,2092344,bardiche_(nanoha),4,2053,["lyrical_nanoha"],巴鲁迪修(魔法少女奈叶)
10064,382074,hiiragi_kagami,4,6163,["lucky_star"],柊镜(幸运星)
10065,382076,hiiragi_tsukasa,4,3472,["lucky_star"],柊司(幸运星)
10066,382075,izumi_konata,4,5906,["lucky_star"],泉此方(幸运星)
10067,382079,takara_miyuki,4,1926,["lucky_star"],宝多美雪(少女与战车)
10068,714995,yuno_(hidamari_sketch),4,1436,["hidamari_sketch"],由乃(向阳素描)
10069,7568,alice_carroll,4,673,["aria_(manga)"],爱丽丝·卡罗尔(水星领航员)
10070,383141,ichinose_kotomi,4,783,["clannad"],一之濑琴美(CLANNAD)
10071,9715,nagato_yuki,4,9026,["suzumiya_haruhi_no_yuuutsu"],长门有希(凉宫春日)
10072,466315,ash_ketchum,4,5600,"[""pokemon"", ""pokemon_(anime)""]",小智(宝可梦)
10073,466360,may_(pokemon),4,7686,["pokemon"],小遥(宝可梦)
10074,394054,louise_francoise_le_blanc_de_la_valliere,4,2454,["zero_no_tsukaima"],露易丝·法兰西斯·露·布朗·杜·拉·瓦利埃尔(零之使魔)
10075,7660,enma_ai,4,802,["jigoku_shoujo"],阎魔爱(地狱少女)
10076,9444,graf_eisen,4,623,["lyrical_nanoha"],钢铁伯爵(魔法少女奈叶)
10077,1972134,vita_(nanoha),4,1914,["lyrical_nanoha"],维塔(魔法少女奈叶)
10078,1991431,fate_testarossa_(lightning_form),4,637,"[""lyrical_nanoha"", ""mahou_shoujo_lyrical_nanoha"", ""mahou_shoujo_lyrical_nanoha_a's""]",菲特·泰斯特罗莎(魔法少女奈叶·雷光形态)
10079,5179,shamal,4,645,["lyrical_nanoha"],莎玛尔(魔法少女奈叶)
10080,5036,signum,4,1729,["lyrical_nanoha"],希格纳姆(魔法少女奈叶)
10081,592925,kaname_madoka,4,27429,"[""mahou_shoujo_madoka_magica"", ""mahou_shoujo_madoka_magica_(anime)""]",鹿目圆(小圆)
10082,474262,slime_(dragon_quest),4,1647,["dragon_quest"],史莱姆(勇者斗恶龙)
10083,452135,producer_(idolmaster),4,10089,["idolmaster"],制作人(偶像大师)
10084,12269,kusugawa_sasara,4,701,"[""to_heart_(series)"", ""to_heart_2""]",来栖川紗良(To Heart)
10085,1298005,megaman.exe,4,803,"[""mega_man_(series)"", ""mega_man_battle_network_(series)""]",洛克人.EXE(洛克人EXE)
10086,11594,lina_inverse,4,1006,["slayers"],莉娜·因巴斯(秀逗魔导士)
10087,434749,iggy_(jojo),4,710,"[""jojo_no_kimyou_na_bouken"", ""stardust_crusaders""]",伊奇(JOJO的奇妙冒险)
10088,54495,jean_pierre_polnareff,4,1631,"[""jojo_no_kimyou_na_bouken"", ""stardust_crusaders""]",简·皮耶尔·波鲁纳雷夫(JoJo的奇妙冒险)
10089,378876,joseph_joestar,4,7845,["jojo_no_kimyou_na_bouken"],乔瑟夫·乔斯达(JOJO的奇妙冒险)
10090,816414,joseph_joestar_(old),4,1459,["jojo_no_kimyou_na_bouken"],乔瑟夫·乔斯达(老年)(JOJO的奇妙冒险)
10091,14152,kakyoin_noriaki,4,3711,"[""jojo_no_kimyou_na_bouken"", ""stardust_crusaders""]",花京院典明(JOJO的奇妙冒险)
10092,439179,mohammed_avdol,4,918,"[""jojo_no_kimyou_na_bouken"", ""stardust_crusaders""]",穆罕默德·阿布德尔(JOJO的奇妙冒险)
10093,401823,sonic_the_hedgehog,4,4783,["sonic_(series)"],索尼克(刺猬索尼克)
10094,16119,star_platinum,4,1051,["jojo_no_kimyou_na_bouken"],白金之星(JOJO的奇妙冒险)
10095,8305,tomoe_hotaru,4,1312,["bishoujo_senshi_sailor_moon"],土萌萤(美少女战士)
10096,52967,princess_peach,4,7377,["mario_(series)"],碧姬公主(超级马里奥)
10097,1243506,magical_ruby,4,1308,"[""fate/kaleid_liner_prisma_illya"", ""fate_(series)""]",魔法红宝石(魔法少女奈叶)
10098,409656,kazama_jin,4,662,["tekken"],风间仁(铁拳)
10099,8553,yagami_hayate,4,3330,["lyrical_nanoha"],八神疾风(魔法少女奈叶)
10100,386311,otonashi_kotori,4,1755,"[""idolmaster"", ""idolmaster_(classic)""]",音无小鸟(偶像大师)
10101,8516,tear_grants,4,900,"[""tales_of_(series)"", ""tales_of_the_abyss""]",缇亚·格兰茨(深渊传说)
10102,381622,akagi_shigeru,4,851,"[""akagi:_yami_ni_oritatta_tensai"", ""fukumoto_mahjong""]",赤木茂(斗牌传说)
10103,1615566,usa-chan_(idolmaster),4,835,"[""idolmaster"", ""idolmaster_(classic)""]",兔兔(偶像大师)
10104,378871,reinforce,4,763,"[""lyrical_nanoha"", ""mahou_shoujo_lyrical_nanoha"", ""mahou_shoujo_lyrical_nanoha_a's""]",琳芙斯(魔法少女奈叶)
10105,1257126,p-head_producer,4,2889,["idolmaster"],制作人(偶像大师)
10106,428702,barret_wallace,4,730,"[""final_fantasy"", ""final_fantasy_vii""]",巴雷特·华莱士(最终幻想VII)
10107,409295,zack_fair,4,2306,"[""final_fantasy"", ""final_fantasy_vii""]",扎克斯·菲尔(最终幻想VII)
10108,9687,kula_diamond,4,1161,["the_king_of_fighters"],库拉·戴尔蒙多(拳皇)
10109,1705933,monster_hunter_(character),4,3827,["monster_hunter_(series)"],怪物猎人(怪物猎人)
10110,524044,gekota,4,1129,"[""toaru_kagaku_no_railgun"", ""toaru_majutsu_no_index""]",格科塔(某科学的超电磁炮)
10111,395918,misaka_mikoto,4,9762,"[""toaru_kagaku_no_railgun"", ""toaru_majutsu_no_index""]",御坂美琴(魔法禁书目录)
10112,437574,shirai_kuroko,4,3603,"[""toaru_kagaku_no_railgun"", ""toaru_majutsu_no_index""]",白井黑子(魔法禁书目录)
10113,488301,puru_two,4,732,"[""gundam"", ""gundam_zz""]",普露兹(机动战士高达ZZ)
10114,16122,nico_robin,4,5382,["one_piece"],妮可·罗宾(海贼王)
10115,15724,riza_hawkeye,4,897,["fullmetal_alchemist"],莉莎·霍克艾(钢之炼金术师)
10116,31266,roy_mustang,4,840,["fullmetal_alchemist"],罗伊·马斯坦(钢之炼金术师)
10117,6313,link,4,17252,["the_legend_of_zelda"],林克(塞尔达传说)
10118,94496,princess_zelda,4,13911,["the_legend_of_zelda"],塞尔达公主(塞尔达传说)
10119,445850,blastoise,4,795,["pokemon"],水箭龟(精灵宝可梦)
10120,489590,schwertkreuz,4,612,["lyrical_nanoha"],金十字(魔法少女奈叶)
10121,528770,jasmine_(pokemon),4,792,["pokemon"],阿蜜(精灵宝可梦)
10122,361258,ranma-chan,4,2756,["ranma_1/2"],乱马(女)(乱马1/2)
10123,10145,tsuruya,4,1211,["suzumiya_haruhi_no_yuuutsu"],鹤屋(凉宫春日系列)
10124,7566,kamikita_komari,4,1251,["little_busters!"],上木崎小鞠(Little Busters!)
10125,384100,natsume_rin,4,1672,["little_busters!"],夏目铃(Little Busters!)
10126,7477,noumi_kudryavka,4,2048,["little_busters!"],能美库特莉亚芙卡(Little Busters!)
10127,384314,saigusa_haruka,4,748,["little_busters!"],三枝晴香(偶像大师)
10128,7478,kurugaya_yuiko,4,631,["little_busters!"],来谷唯湖(Little Busters!)
10129,281373,luke_fon_fabre,4,849,"[""tales_of_(series)"", ""tales_of_the_abyss""]",卢克·冯·法布雷(深渊传说)
10130,1696728,rydia_(ff4),4,1357,"[""final_fantasy"", ""final_fantasy_iv""]",莉迪亚(最终幻想4)
10131,16154,mazaki_anzu,4,667,["yu-gi-oh!"],真崎杏子(游戏王)
10132,6177,moogle,4,1870,["final_fantasy"],莫古力(最终幻想)
10133,382135,reinforce_zwei,4,875,["lyrical_nanoha"],琳芙斯II(魔法少女奈叶)
10134,15865,higurashi_kagome,4,796,["inuyasha"],日暮戈薇(犬夜叉)
10135,171918,android_18,4,2676,"[""dragon_ball"", ""dragon_ball_z""]",人造人18号(龙珠)
10136,378867,dark_magician_girl,4,3636,["yu-gi-oh!"],黑魔导女孩(游戏王)
10137,101524,bowser,4,1917,["mario_(series)"],库巴(超级马力欧)
10138,397841,ganondorf,4,1262,["the_legend_of_zelda"],加农多夫(塞尔达传说)
10139,7559,luigi,4,2805,["mario_(series)"],路易吉(超级马里奥)
10140,715313,marth_(fire_emblem),4,1314,"[""fire_emblem"", ""fire_emblem:_mystery_of_the_emblem""]",马尔斯(火焰之纹章)
10141,410735,mewtwo,4,1147,["pokemon"],超梦(宝可梦)
10142,411757,roy_(fire_emblem),4,1049,"[""fire_emblem"", ""fire_emblem:_the_binding_blade""]",罗伊(火纹)
10143,163228,sheik,4,799,"[""the_legend_of_zelda"", ""the_legend_of_zelda:_ocarina_of_time""]",希克(塞尔达传说)
10144,408937,young_link,4,1230,["the_legend_of_zelda"],幼年林克(塞尔达传说)
10145,530439,brock_(pokemon),4,723,["pokemon"],小刚(精灵宝可梦)
10146,466260,terra_branford,4,1903,"[""final_fantasy"", ""final_fantasy_vi""]",蒂娜·布兰福德(最终幻想)
10147,1645753,roll_caskett_(mega_man),4,1052,"[""mega_man_(series)"", ""mega_man_legends_(series)""]",萝露·卡斯基特(洛克人)
10148,16210,lenna_charlotte_tycoon,4,1037,"[""final_fantasy"", ""final_fantasy_v""]",蕾娜·夏洛特·泰肯(最终幻想)
10149,618377,toad_(mario),4,781,["mario_(series)"],奇诺比奥(超级马里奥)
10150,1645759,tron_bonne_(mega_man),4,1075,"[""mega_man_(series)"", ""mega_man_legends_(series)""]",多蓉·波恩(洛克人DASH)
10151,12513,asamiya_athena,4,758,["the_king_of_fighters"],麻宫雅典娜(拳皇)
10152,467096,leaf_(pokemon),4,2683,"[""pokemon"", ""pokemon_frlg""]",叶子(宝可梦)
10153,938279,lyn_(fire_emblem),4,2593,"[""fire_emblem"", ""fire_emblem:_the_blazing_blade""]",琳(火纹)
10154,12564,uchiha_sasuke,4,3260,["naruto_(series)"],宇智波佐助(火影忍者)
10155,682203,testament_(guilty_gear),4,658,["guilty_gear"],泰斯塔门特(罪恶装备)
10156,6220,videl,4,896,"[""dragon_ball"", ""dragon_ball_z""]",碧儿(龙珠)
10157,8896,backbeard,4,1757,"[""gegege_no_kitarou"", ""original""]",后颈(海贼王)
10158,466365,mega_man_(character),4,1532,"[""mega_man_(classic)"", ""mega_man_(series)""]",洛克人(洛克人)
10159,404931,princess_of_moonbrook,4,909,"[""dragon_quest"", ""dragon_quest_ii""]",月亮城公主(勇者斗恶龙)
10160,2110631,backbeako_(torotei),4,1842,"[""gegege_no_kitarou"", ""original""]",巴克贝克(托罗蒂)
10161,1508806,julia_(fire_emblem),4,1103,"[""fire_emblem"", ""fire_emblem:_genealogy_of_the_holy_war""]",尤莉亚(火焰纹章)
10162,555676,makoto_(street_fighter),4,929,["street_fighter"],真琴(街头霸王)
10163,466281,phoenix_wright,4,1427,["ace_attorney"],成步堂龙一(逆转裁判)
10164,466276,miles_edgeworth,4,1047,["ace_attorney"],御剑怜侍(逆转裁判)
10165,1279056,revy_(black_lagoon),4,1099,["black_lagoon"],蕾薇(黑礁)
10166,8107,bulma,4,2213,["dragon_ball"],布尔玛(龙珠)
10167,8108,piccolo,4,1028,["dragon_ball"],比克(龙珠)
10168,16268,son_gohan,4,2062,["dragon_ball"],孙悟饭(龙珠)
10169,526169,trunks_(dragon_ball),4,1336,["dragon_ball"],特兰克斯(龙珠)
10170,1513175,trunks_(future)_(dragon_ball),4,686,["dragon_ball"],特南克斯(龙珠·未来)
10171,376441,arle_nadja,4,1299,["puyopuyo"],亚露·娜迦(噗哔啵)
10172,15221,hanyuu,4,1812,["higurashi_no_naku_koro_ni"],羽入(寒蝉鸣泣之时)
10173,445942,gardevoir,4,14658,["pokemon"],沙奈朵(宝可梦)
10174,404921,priest_(dq3),4,862,"[""dragon_quest"", ""dragon_quest_iii""]",牧师(勇者斗恶龙3)
10175,11683,optimus_prime,4,1081,["transformers"],擎天柱(变形金刚)
10176,12405,nagisa_kaworu,4,3356,["neon_genesis_evangelion"],渚薰(EVA)
10177,446936,chen_(cat),4,740,["touhou"],橙(东方Project)
10178,9466,suzumiya_haruhi,4,10525,["suzumiya_haruhi_no_yuuutsu"],凉宫春日(凉宫春日系列)
10179,466172,bartz_klauser,4,845,"[""final_fantasy"", ""final_fantasy_v""]",巴兹·克劳萨(最终幻想)
10180,126928,amuro_ray,4,896,["gundam"],阿姆罗·雷(机动战士高达)
10181,433613,sailor_chibi_moon,4,800,["bishoujo_senshi_sailor_moon"],水手小月亮(美少女战士)
10182,14569,jill_valentine,4,1457,["resident_evil"],吉尔·瓦伦蒂安(生化危机)
10183,14431,kurapika,4,1503,["hunter_x_hunter"],酷拉皮卡(全职猎人)
10184,15551,terry_bogard,4,822,["fatal_fury"],特瑞·博加德(拳皇)
10185,404724,kagura_(gintama),4,1799,["gintama"],神乐(银魂)
10186,442189,sun_wukong,4,693,["journey_to_the_west"],孙悟空(西游记)
10187,378657,piranha_plant,4,683,["mario_(series)"],吞食花(超级马力欧)
10188,1376985,roger_(guilty_gear),4,758,["guilty_gear"],罗杰(罪恶装备)
10189,376579,katsura_hinagiku,4,967,["hayate_no_gotoku!"],桂雏菊(旋风管家)
10190,466475,kamille_bidan,4,822,"[""gundam"", ""zeta_gundam""]",卡缪·维丹(机动战士Z高达)
10191,420577,shampoo_(ranma_1/2),4,2310,["ranma_1/2"],珊璞(乱马1/2)
10192,9681,kyon,4,3963,["suzumiya_haruhi_no_yuuutsu"],阿虚(凉宫春日)
10193,1002915,kairi_(kingdom_hearts),4,977,["kingdom_hearts"],洛克萨斯(王国之心)
10194,10146,koizumi_itsuki,4,1887,["suzumiya_haruhi_no_yuuutsu"],小泉一树(凉宫春日的忧郁)
10195,10284,asakura_ryouko,4,0,[],朝仓凉子(凉宫春日的忧郁)
10196,485033,sora_(kingdom_hearts),4,1851,["kingdom_hearts"],索拉(王国之心)
10197,410025,cinnamoroll,4,1719,"[""fuwa_fuwa_cinnamoroll"", ""sanrio""]",玉桂狗(三丽鸥)
10198,11498,kirby,4,8165,["kirby_(series)"],卡比(星之卡比)
10199,426520,waddle_dee,4,1324,["kirby_(series)"],瓦豆鲁迪(星之卡比系列)
10200,445832,james_(pokemon),4,2007,"[""pokemon"", ""pokemon_(anime)""]",武藏(宝可梦)
10201,445833,jessie_(pokemon),4,2209,"[""pokemon"", ""pokemon_(anime)""]",武藏(宝可梦)
10202,257824,yagami_taichi,4,869,"[""digimon"", ""digimon_adventure""]",八神太一(数码宝贝)
10203,445845,charmander,4,1728,["pokemon"],小火龙(宝可梦)
10204,445840,jigglypuff,4,1975,["pokemon"],胖丁(宝可梦)
10205,956365,mew_(pokemon),4,1371,["pokemon"],梦幻(宝可梦)
10206,445875,psyduck,4,1176,["pokemon"],可达鸭(宝可梦)
10207,377159,ampharos,4,846,["pokemon"],电龙(宝可梦)
10208,420907,big_bad_wolf,4,709,["little_red_riding_hood"],大坏狼(童话)
10209,10438,zangief,4,667,["street_fighter"],桑吉尔夫(街头霸王)
10210,13079,haibara_ai,4,877,["meitantei_conan"],灰原哀(名侦探柯南)
10211,438007,kamijou_touma,4,2761,["toaru_majutsu_no_index"],上条当麻(魔法禁书目录)
10212,1670936,accelerator_(toaru_majutsu_no_index),4,2735,["toaru_majutsu_no_index"],一方通行(魔法禁书目录)
10213,1670940,last_order_(toaru_majutsu_no_index),4,1878,["toaru_majutsu_no_index"],最后之作(魔法禁书目录)
10214,439615,misaka_imouto,4,1082,["toaru_majutsu_no_index"],御坂妹妹(魔法禁书目录)
10215,1731866,amaterasu_(ookami),4,671,["ookami_(game)"],天照大神(大神)
10216,981832,guts_(berserk),4,1294,["berserk"],格斯(剑风传奇)
10217,14151,kanzuki_karin,4,722,["street_fighter"],神月卡琳(街头霸王)
10218,670519,puyo_(puyopuyo),4,815,["puyopuyo"],噗哟(噗哟噗哟)
10219,254440,kirlia,4,2530,["pokemon"],奇鲁莉安(宝可梦)
10220,254441,ralts,4,1214,["pokemon"],拉鲁拉丝(宝可梦)
10221,413396,giorno_giovanna,4,3993,"[""jojo_no_kimyou_na_bouken"", ""vento_aureo""]",乔鲁诺·乔巴拿(JOJO的奇妙冒险)
10222,376331,sairenji_haruna,4,650,["to_love-ru"],西连寺春菜(出包王女)
10223,12518,leona_heidern,4,1600,["the_king_of_fighters"],莉安娜·哈迪兰(拳皇)
10224,452021,hieda_no_akyuu,4,5893,["touhou"],稗田阿求(东方)
10225,1448306,mordred_(fate),4,6251,["fate_(series)"],莫德雷德(Fate)
10226,691090,miyako_(hidamari_sketch),4,869,["hidamari_sketch"],宫子(向阳素描)
10227,693881,wolverine_(x-men),4,1984,"[""marvel"", ""x-men""]",金刚狼(X战警)
10228,16269,kuririn,4,835,["dragon_ball"],克林(龙珠)
10229,422506,erika_(pokemon),4,1228,["pokemon"],莉佳(宝可梦)
10230,1332548,chi-chi_(dragon_ball),4,1646,["dragon_ball"],琪琪(龙珠)
10231,14685,kazama_asuka,4,1081,["tekken"],风间飞鸟(铁拳)
10232,411462,aisaka_taiga,4,3324,["toradora!"],逢坂大河(龙与虎)
10233,252261,godzilla,4,1437,["godzilla_(series)"],哥斯拉(哥斯拉)
10234,344358,roronoa_zoro,4,5007,["one_piece"],罗罗诺亚·索隆(海贼王)
10235,15646,usopp,4,1417,["one_piece"],乌索普(海贼王)
10236,400328,okita_sougo,4,872,["gintama"],冲田总悟(银魂)
10237,414816,sakamoto_mio,4,1795,"[""strike_witches"", ""world_witches_series""]",坂本美绪(强袭魔女)
10238,1588006,assassin_cross_(ragnarok_online),4,1313,["ragnarok_online"],十字刺客(仙境传说)
10239,375205,togepi,4,946,["pokemon"],波克比(宝可梦)
10240,16313,himemiya_anthy,4,667,["shoujo_kakumei_utena"],姫宫安茜(少女革命)
10241,398321,son_goten,4,732,["dragon_ball"],孙悟天(龙珠)
10242,466150,yuri_sakazaki,4,858,"[""ryuuko_no_ken"", ""the_king_of_fighters""]",坂崎百合(拳皇)
10243,1101534,franky_(one_piece),4,895,["one_piece"],弗兰奇(海贼王)
10244,414820,lynette_bishop,4,2190,"[""strike_witches"", ""world_witches_series""]",琳奈特·毕肖普(偶像大师)
10245,421102,minna-dietlinde_wilcke,4,1324,"[""strike_witches"", ""world_witches_series""]",米娜·迪特琳德·威尔克(强袭魔女)
10246,691541,perrine_h._clostermann,4,2233,"[""strike_witches"", ""world_witches_series""]",佩琳·H·克洛斯特曼(强袭魔女)
10247,1960221,zero(z)_(mega_man),4,1179,"[""mega_man_(series)"", ""mega_man_zero_(series)""]",零(Z)(洛克人)
10248,1645715,zero_(mega_man),4,2400,["mega_man_(series)"],杰洛(洛克人)
10249,1950653,x_(mega_man),4,1741,"[""mega_man_(series)"", ""mega_man_x_(series)""]",艾克斯(洛克人X)
10250,2063310,fairy_leviathan_(mega_man),4,861,"[""mega_man_(series)"", ""mega_man_zero_(series)""]",妖精利维坦(洛克人Zero)
10251,1662329,vergil_(devil_may_cry),4,1285,["devil_may_cry_(series)"],维吉尔(鬼泣)
10252,388724,lala_satalin_deviluke,4,1051,["to_love-ru"],拉拉·萨塔琳·戴比路克(出包王女)
10253,434767,caesar_anthonio_zeppeli,4,5204,"[""battle_tendency"", ""jojo_no_kimyou_na_bouken""]",西撒·安德里欧·齐贝林(JOJO的奇妙冒险)
10254,487910,joseph_joestar_(young),4,6548,"[""battle_tendency"", ""jojo_no_kimyou_na_bouken""]",乔瑟夫·乔斯达(年轻)(JOJO的奇妙冒险)
10255,1155353,kars_(jojo),4,1132,"[""battle_tendency"", ""jojo_no_kimyou_na_bouken""]",卡兹(JOJO的奇妙冒险)
10256,12929,roxas,4,1067,["kingdom_hearts"],洛克萨斯(王国之心)
10257,1645410,aile_(mega_man_zx),4,1673,"[""mega_man_(series)"", ""mega_man_zx""]",艾儿(洛克人ZX)
10258,1069333,ninian_(fire_emblem),4,641,"[""fire_emblem"", ""fire_emblem:_the_blazing_blade""]",尼尼安(火焰之纹章)
10259,13796,batman,4,1006,"[""batman_(series)"", ""dc_comics""]",蝙蝠侠(DC漫画)
10260,1589584,shermie_(kof),4,641,["the_king_of_fighters"],夏尔米(拳皇)
10261,14141,saotome_ranma,4,1159,["ranma_1/2"],早乙女乱马(乱马1/2)
10262,482492,tendou_akane,4,1633,["ranma_1/2"],天道茜(乱马1/2)
10263,14149,kaiba_seto,4,853,["yu-gi-oh!"],海马濑人(游戏王)
10264,14207,yami_yugi,4,836,"[""yu-gi-oh!"", ""yu-gi-oh!_duel_monsters""]",暗游戏(游戏王)
10265,14172,rainbow_mika,4,1026,["street_fighter"],彩虹米卡(街头霸王)
10266,16207,rinoa_heartilly,4,782,"[""final_fantasy"", ""final_fantasy_viii""]",莉诺雅·哈蒂莉(最终幻想VIII)
10267,378317,garnet_til_alexandros_xvii,4,1369,"[""final_fantasy"", ""final_fantasy_ix""]",加内特·提尔·亚历山大十七世(最终幻想IX)
10268,14564,ashley_graham,4,812,"[""resident_evil"", ""resident_evil_4""]",艾什莉·格拉汉姆(生化危机4)
10269,531312,lucas_(mother_3),4,943,"[""mother_(series)"", ""mother_3""]",卢卡斯(地球冒险3)
10270,420254,inuyasha_(character),4,888,["inuyasha"],犬夜叉(犬夜叉)
10271,1482646,jack_frost_(megami_tensei),4,737,"[""persona"", ""shin_megami_tensei""]",杰克·弗罗斯特(女神转生)
10272,181219,kirijou_mitsuru,4,2021,"[""persona"", ""persona_3""]",桐条美鹤(女神异闻录)
10273,176587,iori_junpei,4,773,"[""persona"", ""persona_3""]",伊织顺平(女神异闻录3)
10274,176593,takeba_yukari,4,2339,"[""persona"", ""persona_3""]",岳羽由加奈(女神异闻录)
10275,1193071,yuuki_makoto_(persona_3),4,4422,"[""persona"", ""persona_3""]",结城理(女神异闻录3)
10276,176585,yamagishi_fuuka,4,1145,"[""persona"", ""persona_3""]",山岸风花(女神异闻录3)
10277,2089105,player_character_(wow),4,862,"[""warcraft"", ""world_of_warcraft""]",玩家角色(魔兽世界)
10278,691588,pit_(kid_icarus),4,1875,["kid_icarus"],皮特(光神话)
10279,568921,aegis_(persona),4,0,[],埃癸斯(女神异闻录)
10280,384405,irisviel_von_einzbern,4,2121,"[""fate_(series)"", ""fate/zero""]",爱丽丝菲尔·冯·爱因兹贝伦(Fate)
10281,176583,sanada_akihiko,4,1020,"[""persona"", ""persona_3""]",真田明彦(女神异闻录3)
10282,652927,pan_(dragon_ball),4,1035,["dragon_ball"],小芳(龙珠)
10283,572609,poison_(final_fight),4,775,"[""final_fight"", ""street_fighter""]",毒药(快打旋风)
10284,476837,holo,4,3732,["spice_and_wolf"],赫萝(狼与香辛料)
10285,643918,elizabeth_(persona),4,671,"[""persona"", ""persona_3""]",伊丽莎白(女神异闻录3)
10286,643742,yellow_pikmin,4,1113,["pikmin_(series)"],黄色皮克敏(皮克敏)
10287,1473353,arthur_pendragon_(fate),4,1133,["fate_(series)"],亚瑟·潘德拉贡(Fate)
10288,167562,ada_wong,4,942,["resident_evil"],艾达·王(生化危机)
10289,414823,erica_hartmann,4,2683,"[""strike_witches"", ""world_witches_series""]",艾莉卡·哈特曼(强袭魔女)
10290,599208,charlotte_e._yeager,4,2246,"[""strike_witches"", ""world_witches_series""]",夏洛特·E·耶格尔(强袭魔女)
10291,662047,sanya_v._litvyak,4,3457,"[""strike_witches"", ""world_witches_series""]",桑妮亚·V·利特维亚克(强袭魔女)
10292,414819,francesca_lucchini,4,1605,"[""strike_witches"", ""world_witches_series""]",弗朗西斯卡·卢基尼(强袭魔女)
10293,512688,brendan_(pokemon),4,2507,["pokemon"],小悠(宝可梦)
10294,688842,leon_s._kennedy,4,1649,["resident_evil"],里昂·S·肯尼迪(生化危机)
10295,1624311,nagi_(kannagi),4,1201,["kannagi"],薙(神薙)
10296,50896,pichu,4,1483,["pokemon"],皮丘(宝可梦)
10297,51670,solid_snake,4,879,["metal_gear_(series)"],索利德·斯内克(合金装备)
10298,421683,angel_(kof),4,1604,["the_king_of_fighters"],安琪儿(KOF)
10299,681687,lili_(tekken),4,983,["tekken"],莉莉(铁拳)
10300,101752,hoshii_miki,4,6243,"[""idolmaster"", ""idolmaster_(classic)""]",星井美希(偶像大师)
10301,176591,aragaki_shinjirou,4,987,"[""persona"", ""persona_3""]",新垣新次郎(偶像大师)
10302,376397,navi,4,755,"[""the_legend_of_zelda"", ""the_legend_of_zelda:_ocarina_of_time""]",娜薇(塞尔达传说)
10303,466373,dawn_(pokemon),4,8485,["pokemon"],小光(宝可梦)
10304,386434,piplup,4,3008,["pokemon"],波加曼(宝可梦)
10305,402795,meowth,4,1661,["pokemon"],喵喵(宝可梦)
10306,466559,kouzuki_kallen,4,2980,["code_geass"],红月卡莲(Code Geass)
10307,445954,bulbasaur,4,2418,["pokemon"],妙蛙种子(宝可梦)
10308,422389,cyndaquil,4,1753,["pokemon"],火球鼠(宝可梦)
10309,438329,torchic,4,1550,["pokemon"],火稚鸡(宝可梦)
10310,437349,garchomp,4,1584,["pokemon"],烈咬陆鲨(宝可梦)
10311,155845,yagami_hikari,4,928,["digimon"],八神光(数码宝贝)
10312,445911,magnemite,4,1366,["pokemon"],小磁怪(宝可梦)
10313,445930,lapras,4,1143,["pokemon"],拉普拉斯(宝可梦)
10314,466393,lelouch_vi_britannia,4,3028,["code_geass"],鲁路修·vi·布里塔尼亚(Code Geass)
10315,466669,c.c.,4,5605,["code_geass"],C.C.(Code Geass)
10316,445847,charizard,4,3071,["pokemon"],喷火龙(宝可梦)
10317,444359,luvdisc,4,725,["pokemon"],爱心鱼(宝可梦)
10318,394620,yuuki_mikan,4,1239,["to_love-ru"],结城美柑(出包王女)
10319,375868,kururugi_suzaku,4,1287,["code_geass"],枢木朱雀(Code Geass)
10320,370034,euphemia_li_britannia,4,687,["code_geass"],尤菲米娅·Li·布里塔尼亚(反叛的鲁路修)
10321,376498,zidane_tribal,4,1444,"[""final_fantasy"", ""final_fantasy_ix""]",吉坦·特莱巴尔(最终幻想IX)
10322,486253,crocodile_(one_piece),4,904,["one_piece"],克洛克达尔(海贼王)
10323,427145,kaenbyou_rin,4,20540,["touhou"],火焰猫燐(东方)
10324,593780,super_sonico,4,3609,["nitroplus"],超级索尼子(超级索尼子)
10325,420158,typhlosion,4,807,["pokemon"],火暴兽(宝可梦)
10326,483559,nunnally_vi_britannia,4,697,["code_geass"],娜娜莉·Vi·布里塔尼亚(反叛的鲁路修)
10327,382375,gasai_yuno,4,753,["mirai_nikki"],我妻由乃(未来日记)
10328,445901,gengar,4,2707,["pokemon"],耿鬼(宝可梦)
10329,450819,froslass,4,731,["pokemon"],雪妖女(宝可梦)
10330,544077,kris_(pokemon),4,1864,["pokemon"],克丽丝(宝可梦)
10331,442026,frankenstein's_monster,4,714,["original"],弗兰肯斯坦的怪物(科学怪人)
10332,546602,ashley_(warioware),4,852,["warioware"],阿什莉(瓦力欧制造)
10333,432816,kishibe_rohan,4,1757,"[""diamond_wa_kudakenai"", ""jojo_no_kimyou_na_bouken""]",岸边露伴(JOJO的奇妙冒险)
10334,374467,princess_daisy,4,2614,["mario_(series)"],黛西公主(马力欧系列)
10335,379900,squall_leonhart,4,1796,"[""final_fantasy"", ""final_fantasy_viii""]",斯考尔·莱昂哈特(最终幻想)
10336,382267,caro_ru_lushe,4,623,"[""lyrical_nanoha"", ""mahou_shoujo_lyrical_nanoha_strikers""]",凯珞·露·露茜(魔法少女奈叶)
10337,382261,subaru_nakajima,4,1066,"[""lyrical_nanoha"", ""mahou_shoujo_lyrical_nanoha_strikers""]",中岛昴(魔法少女奈叶)
10338,382266,teana_lanster,4,826,"[""lyrical_nanoha"", ""mahou_shoujo_lyrical_nanoha_strikers""]",蒂雅娜·兰斯特(魔法少女奈叶)
10339,381037,minazuki_karen,4,784,"[""precure"", ""yes!_precure_5""]",水无月可怜(Yes! 光之美少女5)
10340,436529,toon_link,4,1333,["the_legend_of_zelda"],卡通林克(塞尔达传说)
10341,404429,wario,4,820,["mario_(series)"],瓦力奥(超级马力欧)
10342,375278,tohsaka_tokiomi,4,1213,"[""fate/zero"", ""fate_(series)""]",远坂时臣(Fate)
10343,416695,uryuu_ryuunosuke,4,1078,"[""fate/zero"", ""fate_(series)""]",雨龙龙之介(Fate)
10344,375279,waver_velvet,4,3238,["fate_(series)"],韦伯·维尔维特(Fate)
10345,375109,midna,4,2029,"[""the_legend_of_zelda"", ""the_legend_of_zelda:_twilight_princess""]",米多娜(塞尔达传说)
10346,1359471,adeptus_astartes,4,951,["warhammer_40k"],星际战士(战锤40K)
10347,1589926,kamina_(ttgl),4,1445,["tengen_toppa_gurren_lagann"],卡米那(天元突破)
10348,1589924,simon_(ttgl),4,2519,["tengen_toppa_gurren_lagann"],西蒙(天元突破)
10349,510663,yoko_littner,4,5201,["tengen_toppa_gurren_lagann"],庸子(天元突破)
10350,466321,franziska_von_karma,4,757,["ace_attorney"],狩魔冥(逆转裁判)
10351,389156,frederica_bernkastel,4,1513,["umineko_no_naku_koro_ni"],弗雷德里卡·贝伦卡斯泰露(海猫鸣泣之时)
10352,387449,hinamori_amu,4,809,["shugo_chara!"],日奈森亚梦(守护甜心)
10353,429524,mudkip,4,1386,["pokemon"],水跃鱼(宝可梦)
10354,1702683,diarmuid_ua_duibhne_(lancer)_(fate),4,2449,"[""fate/zero"", ""fate_(series)""]",迪尔姆德·奥迪纳(Fate)
10355,1478507,iskandar_(fate),4,3345,"[""fate/zero"", ""fate_(series)""]",伊斯坎达尔(Fate)
10356,456946,assassin_(fate/zero),4,1050,"[""fate/zero"", ""fate_(series)""]",Assassin(Fate/Zero)
10357,378066,chris_redfield,4,1388,["resident_evil"],克里斯·雷德菲尔德(生化危机)
10358,445932,eevee,4,5674,["pokemon"],伊布(宝可梦)
10359,433649,johnny_joestar,4,2326,"[""jojo_no_kimyou_na_bouken"", ""steel_ball_run""]",乔尼·乔斯达(JOJO的奇妙冒险)
10360,378207,matou_kariya,4,1694,"[""fate/zero"", ""fate_(series)""]",间桐雁夜(Fate)
10361,2244601,matou_sakura_(fate/zero),4,801,"[""fate/zero"", ""fate_(series)""]",间桐樱(Fate/Zero)
10362,539674,inami_mahiru,4,730,["working!!"],伊波真昼(迷糊餐厅)
10363,539676,taneshima_popura,4,1070,["working!!"],种岛白杨(迷糊餐厅)
10364,41088,edogawa_conan,4,1094,["meitantei_conan"],江户川柯南(名侦探柯南)
10365,445831,green_(pokemon),4,1410,["pokemon"],小绿(宝可梦)
10366,378906,harley_quinn,4,1010,["dc_comics"],哈莉·奎茵(DC漫画)
10367,381743,yumehara_nozomi,4,1173,"[""precure"", ""yes!_precure_5""]",梦原希(Yes!光之美少女5)
10368,417794,kawashima_ami,4,713,["toradora!"],川岛亚美(龙与虎)
10369,428824,bruno_bucciarati,4,1666,"[""jojo_no_kimyou_na_bouken"", ""vento_aureo""]",布鲁诺·布加拉提(JOJO的奇妙冒险)
10370,428825,narancia_ghirga,4,1094,"[""jojo_no_kimyou_na_bouken"", ""vento_aureo""]",纳兰迦·吉尔卡(JOJO的奇妙冒险)
10371,381742,akimoto_komachi,4,659,"[""precure"", ""yes!_precure_5""]",秋元小町(Yes! 光之美少女5)
10372,445931,ditto,4,1127,["pokemon"],百变怪(宝可梦)
10373,445869,oddish,4,828,["pokemon"],走路草(宝可梦)
10374,1542797,brook_(one_piece),4,918,["one_piece"],布鲁克(海贼王)
10375,451173,haramura_nodoka,4,1386,["saki_(manga)"],原村和(咲-Saki-)
10376,403861,kyonko,4,2349,["suzumiya_haruhi_no_yuuutsu"],虚子(凉宫春日系列)
10377,1290689,kasugano_urara_(yes!_precure_5),4,671,"[""precure"", ""yes!_precure_5""]",春日野丽(Yes! 光之美少女5)
10378,1527128,larcei_(fire_emblem),4,1065,"[""fire_emblem"", ""fire_emblem:_genealogy_of_the_holy_war""]",拉可秀(火焰之纹章)
10379,381971,cure_dream,4,679,"[""precure"", ""yes!_precure_5""]",梦天使(Yes! 光之美少女5)
10380,381928,angewomon,4,976,["digimon"],天女兽(数码宝贝)
10381,1589932,boota_(ttgl),4,716,["tengen_toppa_gurren_lagann"],布塔(天元突破)
10382,382240,nekomusume,4,1592,["gegege_no_kitarou"],猫娘(妖怪)
10383,470503,konjiki_no_yami,4,1771,["to_love-ru"],金色暗影(出包王女)
10384,1589903,yin_(darker_than_black),4,1135,["darker_than_black"],银(黑之契约者)
10385,403357,nia_teppelin,4,3140,["tengen_toppa_gurren_lagann"],妮亚·泰普林(天元突破)
10386,383392,kawashiro_nitori,4,17449,["touhou"],河城荷取(东方)
10387,1589901,hei_(darker_than_black),4,654,["darker_than_black"],黑(黑之契约者)
10388,383424,aki_minoriko,4,6044,["touhou"],秋穰子(东方Project)
10389,452145,miyanaga_saki,4,870,["saki_(manga)"],宫永咲(天才麻将少女)
10390,383855,aki_shizuha,4,5292,["touhou"],秋静叶(东方Project)
10391,385133,ushiromiya_maria,4,1072,["umineko_no_naku_koro_ni"],右代宫真里亚(海猫鸣泣之时)
10392,383738,vivio,4,1911,["lyrical_nanoha"],薇薇欧(魔法少女奈叶)
10393,524610,shannon_(umineko),4,670,["umineko_no_naku_koro_ni"],纱音(海猫鸣泣之时)
10394,383971,itoshiki_nozomu,4,706,["sayonara_zetsubou_sensei"],糸色望(再见绝望先生)
10395,423518,berserker_(fate/zero),4,1129,"[""fate/zero"", ""fate_(series)""]",Berserker(Fate/Zero)
10396,1649113,gilles_de_rais_(caster)_(fate),4,1340,"[""fate/zero"", ""fate_(series)""]",吉尔·德·雷(术阶)(Fate)
10397,655527,kayneth_el-melloi_archibald,4,974,"[""fate/zero"", ""fate_(series)""]",肯尼斯·艾尔梅洛伊·阿其波卢德(Fate)
10398,384197,kagiyama_hina,4,11094,["touhou"],键山雏(东方)
10399,448496,cynthia_(pokemon),4,6472,"[""pokemon"", ""pokemon_dppt""]",竹兰(宝可梦)
10400,394839,natsume_kyousuke,4,820,["little_busters!"],棗恭介(Little Busters!)
10401,387301,perona,4,1328,["one_piece"],佩罗娜(海贼王)
10402,477907,setsuna_f._seiei,4,776,"[""gundam"", ""gundam_00""]",刹那·F·清英(机动战士高达00)
10403,384586,tieria_erde,4,955,"[""gundam"", ""gundam_00""]",提耶利亚·厄德(机动战士高达00)
10404,385430,hatsune_miku,4,121090,["vocaloid"],初音未来(Vocaloid)
10405,395218,inubashiri_momiji,4,23967,["touhou"],犬走椛(东方)
10406,388200,kochiya_sanae,4,37735,["touhou"],东风谷早苗(东方)
10407,384842,moriya_suwako,4,20021,["touhou"],洩矢诹访子(东方)
10408,384841,yasaka_kanako,4,12360,["touhou"],八坂神奈子(东方)
10409,508752,pyonta,4,3219,["touhou"],皮永塔(东方)
10410,385132,ushiromiya_jessica,4,884,["umineko_no_naku_koro_ni"],右代宫朱志香(海猫鸣泣之时)
10411,385134,ushiromiya_battler,4,2365,["umineko_no_naku_koro_ni"],右代宫战人(海猫鸣泣之时)
10412,406554,latias,4,1370,["pokemon"],拉帝亚斯(宝可梦)
10413,413395,kujo_jolyne,4,4031,"[""jojo_no_kimyou_na_bouken"", ""stone_ocean""]",空条徐伦(JOJO的奇妙冒险)
10414,434747,kira_yoshikage,4,1121,"[""diamond_wa_kudakenai"", ""jojo_no_kimyou_na_bouken""]",吉良吉影(JOJO的奇妙冒险)
10415,420502,guido_mista,4,1375,"[""jojo_no_kimyou_na_bouken"", ""vento_aureo""]",盖多·米斯达(JOJO的奇妙冒险)
10416,434758,prosciutto,4,0,"[""jojo_no_kimyou_na_bouken"", ""vento_aureo""]",普罗修特(JOJO的奇妙冒险)
10417,665903,leone_abbacchio,4,835,"[""jojo_no_kimyou_na_bouken"", ""vento_aureo""]",雷欧·阿帕基(JOJO的奇妙冒险)
10418,434731,risotto_nero,4,671,"[""jojo_no_kimyou_na_bouken"", ""vento_aureo""]",里苏特·涅罗(JOJO的奇妙冒险)
10419,428827,trish_una,4,1015,"[""jojo_no_kimyou_na_bouken"", ""vento_aureo""]",特莉丝·乌纳(JOJO的奇妙冒险)
10420,545377,pannacotta_fugo,4,1021,"[""jojo_no_kimyou_na_bouken"", ""vento_aureo""]",潘纳科达·福葛(JOJO的奇妙冒险)
10421,550369,lightning_farron,4,963,"[""final_fantasy"", ""final_fantasy_xiii""]",雷霆·法隆(最终幻想)
10422,539789,beatrice_(umineko),4,2983,["umineko_no_naku_koro_ni"],贝阿朵莉切(海猫鸣泣之时)
10423,653475,master_(vocaloid),4,720,["vocaloid"],主人(VOCALOID)
10424,1235700,seiren_(suite_precure),4,897,"[""precure"", ""suite_precure""]",青涟(Suite 光之美少女)
10425,1055501,micaiah_(fire_emblem),4,1393,"[""fire_emblem"", ""fire_emblem:_radiant_dawn""]",米卡娅(火纹)
10426,1222667,ike_(fire_emblem),4,2103,["fire_emblem"],艾克(火纹)
10427,551515,celica_(fire_emblem),4,1019,"[""fire_emblem"", ""fire_emblem_echoes:_shadows_of_valentia""]",赛莉卡(火焰之纹章)
10428,597426,eirika_(fire_emblem),4,1164,"[""fire_emblem"", ""fire_emblem:_the_sacred_stones""]",艾瑞珂(火纹)
10429,1527111,seliph_(fire_emblem),4,1255,"[""fire_emblem"", ""fire_emblem:_genealogy_of_the_holy_war""]",塞利斯(火焰之纹章)
10430,418345,buneary,4,745,["pokemon"],卷卷耳(宝可梦)
10431,710903,meiko_(vocaloid),4,6200,["vocaloid"],MEIKO(Vocaloid)
10432,622500,mia_(fire_emblem),4,841,["fire_emblem"],米娅(火焰之纹章)
10433,386902,itou_kaiji,4,924,["kaiji"],伊藤开司(赌博默示录)
10434,387299,prisma_illya,4,1886,"[""fate/kaleid_liner_prisma_illya"", ""fate_(series)""]",魔法少女伊莉雅(Fate)
10435,422413,altaria,4,1213,["pokemon"],七夕青鸟(宝可梦)
10436,425767,espeon,4,2228,["pokemon"],太阳伊布(宝可梦)
10437,445920,haunter,4,868,["pokemon"],鬼斯通(宝可梦)
10438,422392,wooper,4,903,["pokemon"],乌波(宝可梦)
10439,441819,feldt_grace,4,698,"[""gundam"", ""gundam_00""]",菲露特·格蕾斯(机动战士高达00)
10440,669326,kaito_(vocaloid),4,7939,["vocaloid"],KAITO(Vocaloid)
10441,544078,lucas_(pokemon),4,1419,"[""pokemon"", ""pokemon_dppt""]",小光(宝可梦)
10442,392481,madotsuki,4,2143,["yume_nikki"],圆城(梦日记)
10443,445848,squirtle,4,1876,["pokemon"],杰尼龟(宝可梦)
10444,408664,pachirisu,4,1172,["pokemon"],帕奇利兹(宝可梦)
10445,388725,kotegawa_yui,4,835,["to_love-ru"],古手川唯(出包王女)
10446,390231,raichu,4,1182,["pokemon"],雷丘(宝可梦)
10447,472790,russia_(hetalia),4,1437,["axis_powers_hetalia"],俄罗斯(黑塔利亚)
10448,390427,kagamine_rin,4,22818,["vocaloid"],镜音铃(Vocaloid)
10449,534615,tails_(sonic),4,1398,["sonic_(series)"],塔尔斯(索尼克)
10450,391387,akita_neru,4,1512,["vocaloid"],秋田宁(偶像大师)
10451,527655,sin_sack,4,643,["touhou"],辛·萨克(未知作品)
10452,422396,lugia,4,907,["pokemon"],洛奇亚(宝可梦)
10453,590857,okamisty,4,1743,["touhou"],冈见风格(东方)
10454,488253,felyne,0,871,[],艾露猫(怪物猎人)
10455,393597,kagamine_len,4,15167,["vocaloid"],镜音连(Vocaloid)
10456,426767,ikamusume,4,2186,["shinryaku!_ikamusume"],乌贼娘(侵略！乌贼娘)
10457,445935,flareon,4,1666,["pokemon"],火伊布(宝可梦)
10458,445934,jolteon,4,1343,["pokemon"],雷伊布(宝可梦)
10459,445933,vaporeon,4,2256,["pokemon"],水伊布(宝可梦)
10460,394317,rosalina,4,3435,["mario_(series)"],罗莎琳娜(超级马力欧)
10461,395970,ranka_lee,4,2373,"[""macross"", ""macross_frontier""]",李兰卡(超时空要塞)
10462,401814,saotome_alto,4,979,"[""macross"", ""macross_frontier""]",早乙女阿尔特(超时空要塞F)
10463,398775,sheryl_nome,4,3101,"[""macross"", ""macross_frontier""]",雪露·诺姆(超时空要塞F)
10464,466270,apollo_justice,4,858,["ace_attorney"],王泥喜法介(逆转裁判)
10465,394836,gogeta,4,1145,["dragon_ball"],悟吉塔(龙珠)
10466,394837,vegetto,4,847,["dragon_ball"],贝吉特(龙珠)
10467,399147,yowane_haku,4,1852,["vocaloid"],弱音哈库(Vocaloid)
10468,396070,watatsuki_no_toyohime,4,1420,["touhou"],绵月丰姬(东方)
10469,396068,watatsuki_no_yorihime,4,1869,["touhou"],绵月依姬(东方Project)
10470,573907,blue_oak,4,3069,["pokemon"],青绿(宝可梦)
10471,496900,black_rock_shooter_(character),4,4209,["black_rock_shooter"],黑岩射手(黑岩射手)
10472,396890,anna_(fire_emblem),4,697,["fire_emblem"],安娜(火焰之纹章)
10473,1437967,courtney_(pokemon),4,744,"[""pokemon"", ""pokemon_oras""]",柯特妮(宝可梦)
10474,444238,drifloon,4,1084,["pokemon"],飘飘球(宝可梦)
10475,445830,red_(pokemon),4,5553,["pokemon"],小赤(宝可梦)
10476,401824,yoshi,4,938,["mario_(series)"],耀西(马力欧)
10477,438331,marill,4,960,["pokemon"],玛力露(宝可梦)
10478,398745,lambdadelta,4,961,["umineko_no_naku_koro_ni"],拉姆达戴露塔(海猫鸣泣之时)
10479,445866,vulpix,4,981,["pokemon"],六尾(宝可梦)
10480,1950345,blue_pikmin,4,1037,["pikmin_(series)"],蓝色皮克敏(皮克敏)
10481,399582,lucario,4,3005,["pokemon"],路卡利欧(宝可梦)
10482,444532,maka_albarn,4,1409,["soul_eater"],玛嘉·亚尔班(噬魂师)
10483,405335,olimar,4,1403,["pikmin_(series)"],欧利玛(皮克敏（系列）)
10484,1950786,purple_pikmin,4,774,["pikmin_(series)"],紫色皮克敏(皮克敏)
10485,1493140,red_pikmin,4,1376,["pikmin_(series)"],红色皮克敏(皮克敏（系列）)
10486,401221,jin_kisaragi,4,855,["blazblue"],如月琴恩(苍翼默示录)
10487,401222,noel_vermillion,4,1720,["blazblue"],诺爱尔·梵米利昂(苍翼默示录)
10488,401594,palutena,4,2335,["kid_icarus"],帕露缇娜(任天堂明星大乱斗)
10489,439343,ragna_the_bloodedge,4,1444,["blazblue"],拉格纳·布莱德艾奇(苍翼默示录)
10490,575935,mishaguji,4,891,["touhou"],御社神(寒蝉鸣泣之时)
10491,443470,gyarados,4,745,["pokemon"],暴鲤龙(宝可梦)
10492,445929,magikarp,4,951,["pokemon"],鲤鱼王(宝可梦)
10493,402521,meta_knight,4,1429,["kirby_(series)"],魅塔骑士(星之卡比系列)
10494,402649,mismagius,4,905,["pokemon"],梦妖魔(宝可梦)
10495,428743,estellise_sidos_heurassein,4,1124,"[""tales_of_(series)"", ""tales_of_vesperia""]",艾丝蒂尔(薄暮传说)
10496,410791,king_dedede,4,1106,["kirby_(series)"],帝帝帝大王(星之卡比)
10497,405118,yellow_(pokemon),4,1084,"[""pokemon"", ""pokemon_adventures""]",小黄(宝可梦)
10498,406263,satonaka_chie,4,3172,"[""persona"", ""persona_4""]",里中千枝(女神异闻录)
10499,405240,amagi_yukiko,4,2321,"[""persona"", ""persona_4""]",天城雪子(女神异闻录)
10500,407910,higashikata_josuke,4,3426,"[""diamond_wa_kudakenai"", ""jojo_no_kimyou_na_bouken""]",东方仗助(JOJO的奇妙冒险)
10501,620127,narukami_yuu,4,0,"[""persona"", ""persona_4""]",鸣上悠(女神异闻录4)
10502,407911,jonathan_joestar,4,3456,"[""jojo_no_kimyou_na_bouken"", ""phantom_blood""]",乔纳森·乔斯达(JOJO的奇妙冒险)
10503,1515002,aisha_landar,4,1142,["elsword"],艾莎·兰达尔(碧蓝航线)
10504,1515003,rena_erindel,4,828,["elsword"],蕾娜·艾琳德尔(碧蓝航线)
10505,425768,umbreon,4,2823,["pokemon"],月伊布(宝可梦)
10506,476084,saten_ruiko,4,2593,"[""toaru_kagaku_no_railgun"", ""toaru_majutsu_no_index""]",佐天泪子(某科学的超电磁炮)
10507,474547,uiharu_kazari,4,1628,"[""toaru_kagaku_no_railgun"", ""toaru_majutsu_no_index""]",初春饰利(某科学的超电磁炮)
10508,445864,clefairy,4,1014,["pokemon"],皮皮(宝可梦)
10509,406886,yuki_judai,4,1852,"[""yu-gi-oh!"", ""yu-gi-oh!_gx""]",游城十代(游戏王GX)
10510,1626978,reisen_(touhou_bougetsushou),4,977,["touhou"],铃仙(东方儚月抄)
10511,425771,glaceon,4,2671,["pokemon"],冰伊布(宝可梦)
10512,455424,hirasawa_yui,4,8638,["k-on!"],平泽唯(K-ON!)
10513,435274,giratina,4,894,["pokemon"],骑拉帝纳(宝可梦)
10514,520564,lucy_heartfilia,4,1227,["fairy_tail"],露西·哈特菲利亚(妖精的尾巴)
10515,407258,erza_scarlet,4,1065,["fairy_tail"],艾尔撒·舒卡勒托(妖精的尾巴)
10516,528478,sabrina_(pokemon),4,1678,["pokemon"],娜姿(宝可梦)
10517,409616,klan_klein,4,648,"[""macross"", ""macross_frontier""]",克兰·克兰(超时空要塞F)
10518,408410,turtwig,4,806,["pokemon"],草苗龟(宝可梦)
10519,544079,barry_(pokemon),4,861,["pokemon"],巴里(宝可梦)
10520,408655,kasane_teto,4,12093,["utau"],重音Teto(Vocaloid)
10521,409162,senjougahara_hitagi,4,2969,["monogatari_(series)"],战场原黑仪(物语系列)
10522,445834,hypno,4,1033,["pokemon"],催眠貘(宝可梦)
10523,462057,gallade,4,1456,["pokemon"],艾路雷朵(宝可梦)
10524,596161,steven_stone,4,1386,["pokemon"],史蒂文·斯通(史蒂文宇宙)
10525,409572,selvaria_bles,4,710,["senjou_no_valkyria_(series)"],塞露贝利亚·布雷斯(战场女武神)
10526,431436,momo_velia_deviluke,4,1139,["to_love-ru"],梦梦·贝莉雅·戴比路克(出包王女)
10527,417799,takasu_ryuuji,4,686,["toradora!"],高须龙儿(龙与虎)
10528,472786,america_(hetalia),4,1849,["axis_powers_hetalia"],美国(黑塔利亚)
10529,472789,china_(hetalia),4,1169,["axis_powers_hetalia"],中国(黑塔利亚)
10530,472788,france_(hetalia),4,1042,["axis_powers_hetalia"],法国(黑塔利亚)
10531,472784,japan_(hetalia),4,1595,["axis_powers_hetalia"],日本(黑塔利亚)
10532,474220,prussia_(hetalia),4,819,["axis_powers_hetalia"],普鲁士(黑塔利亚)
10533,472787,united_kingdom_(hetalia),4,1798,["axis_powers_hetalia"],亚瑟·柯克兰(黑塔利亚)
10534,410143,blaziken,4,836,["pokemon"],火焰鸡(宝可梦)
10535,482064,makinami_mari_illustrious,4,2641,"[""neon_genesis_evangelion"", ""rebuild_of_evangelion""]",真希波·玛丽·伊拉斯特里亚斯(EVA)
10536,438934,captain_america,4,870,["marvel"],美国队长(漫威)
10537,445877,arcanine,4,911,["pokemon"],风速狗(宝可梦)
10538,1572164,luma_(mario),4,1207,["mario_(series)"],琪琪(马里奥)
10539,411080,lopunny,4,2024,["pokemon"],长耳兔(宝可梦)
10540,461952,treecko,4,821,["pokemon"],木守宫(宝可梦)
10541,462002,flygon,4,1154,["pokemon"],沙漠蜻蜓(宝可梦)
10542,410729,absol,4,1291,["pokemon"],阿勃梭鲁(宝可梦)
10543,677597,female_assassin_(fate/zero),4,745,"[""fate/zero"", ""fate_(series)""]",女性暗杀者(Fate/Zero)
10544,424944,hanamura_yousuke,4,2194,"[""persona"", ""persona_4""]",花村阳介(女神异闻录4)
10545,1404081,riliane_lucifen_d'autriche,4,677,"[""aku_no_musume_(vocaloid)"", ""evillious_nendaiki"", ""vocaloid""]",莉莉安娜·露西芬·多特里修(恶之系列)
10546,412668,mawile,4,1150,["pokemon"],大嘴娃(宝可梦)
10547,413652,kurodani_yamame,4,6498,["touhou"],黑谷山女(东方)
10548,415326,hinanawi_tenshi,4,16622,["touhou"],比那名居天子(东方)
10549,413645,nagae_iku,4,7031,["touhou"],永江衣玖(东方)
10550,465977,hoshiguma_yuugi,4,10033,["touhou"],星熊勇仪(东方)
10551,413714,kisume,4,3850,["touhou"],琪斯美(东方Project)
10552,413783,mizuhashi_parsee,4,12213,["touhou"],水桥帕露西(东方)
10553,414673,knuckles_the_echidna,4,1061,["sonic_(series)"],纳克鲁斯(刺猬索尼克)
10554,430852,hachikuji_mayoi,4,1604,["monogatari_(series)"],八九寺真宵(物语系列)
10555,416172,kujikawa_rise,4,2457,"[""persona"", ""persona_4""]",久慈川理世(女神异闻录)
10556,491993,chibi_miku,4,834,["vocaloid"],小初音未来(VOCALOID)
10557,1560546,chocola_(nekopara),4,770,["nekopara"],巧克力(巧克力与香子兰)
10558,1560547,vanilla_(nekopara),4,759,["nekopara"],香草(猫娘乐园)
10559,418600,kamui_gakupo,4,1651,["vocaloid"],神威がくぽ(Vocaloid)
10560,419122,tatsumi_kanji,4,1488,"[""persona"", ""persona_4""]",巽完二(女神异闻录)
10561,419123,shirogane_naoto,4,3359,"[""persona"", ""persona_4""]",白钟直斗(女神异闻录)
10562,437588,kuma_(persona_4),4,1441,"[""persona"", ""persona_4""]",小熊(女神异闻录4)
10563,419659,rita_mordio,4,807,"[""tales_of_(series)"", ""tales_of_vesperia""]",莉塔·莫迪欧(薄暮传说)
10564,422375,swablu,4,917,["pokemon"],青绵鸟(宝可梦)
10565,420074,izayoi_aki,4,1217,"[""yu-gi-oh!"", ""yu-gi-oh!_5d's""]",十六夜秋(游戏王5D's)
10566,422385,wingull,4,961,["pokemon"],长翅鸥(宝可梦)
10567,422393,jirachi,4,1702,["pokemon"],基拉祈(宝可梦)
10568,505676,fudo_yusei,4,1225,"[""yu-gi-oh!"", ""yu-gi-oh!_5d's""]",不动游星(游戏王5D's)
10569,425936,doujima_nanako,4,1088,"[""persona"", ""persona_4""]",堂岛菜菜子(女神异闻录)
10570,422410,celebi,4,976,["pokemon"],时拉比(宝可梦)
10571,420872,gertrud_barkhorn,4,2538,"[""strike_witches"", ""world_witches_series""]",歌尔特露德·巴克霍隆(强袭魔女)
10572,421104,eila_ilmatar_juutilainen,4,3416,"[""strike_witches"", ""world_witches_series""]",艾拉·伊尔玛塔·尤蒂莱南(强袭魔女)
10573,421517,portgas_d._ace,4,1671,["one_piece"],波特卡斯·D·艾斯(海贼王)
10574,423092,dead_master,4,936,["black_rock_shooter"],死亡大师(黑岩射手)
10575,1263716,kiss-shot_acerola-orion_heart-under-blade,4,1392,["monogatari_(series)"],忍野忍(物语系列)
10576,422691,oshino_shinobu,4,5479,["monogatari_(series)"],忍野忍(物语系列)
10577,454513,hanekawa_tsubasa,4,2627,["monogatari_(series)"],羽川翼(物语系列)
10578,1441207,soap_(modern_warfare_2),4,1067,"[""call_of_duty"", ""call_of_duty:_modern_warfare_2""]",肥皂(使命召唤：现代战争2)
10579,499269,miyu_edelfelt,4,3212,"[""fate/kaleid_liner_prisma_illya"", ""fate_(series)""]",美游·艾德费尔特(Fate)
10580,2241935,miyu_edelfelt_(magical_girl),4,920,"[""fate/kaleid_liner_prisma_illya"", ""fate_(series)""]",美游·艾德费尔特(魔法少女伊莉雅)
10581,423041,rouge_the_bat,4,1646,["sonic_(series)"],露姬(索尼克)
10582,423040,amy_rose,4,2685,["sonic_(series)"],艾咪·罗兹(索尼克)
10583,423238,shaymin,4,948,["pokemon"],谢米(宝可梦)
10584,1186381,arch_bishop_(ragnarok_online),4,3676,["ragnarok_online"],大主教(仙境传说)
10585,423669,saber_lily,4,1772,["fate_(series)"],Saber Lily(Fate)
10586,1644946,judith_(tales),4,659,"[""tales_of_(series)"", ""tales_of_vesperia""]",朱迪丝(薄暮传说)
10587,462261,nikka_edvardine_katajainen,4,832,"[""brave_witches"", ""world_witches_series""]",妮卡·艾德瓦汀·卡塔雅南(少女与战车)
10588,424220,silver_(pokemon),4,2228,["pokemon"],银(宝可梦)
10589,424565,shijou_takane,4,5174,"[""idolmaster"", ""idolmaster_(classic)""]",四条贵音(偶像大师)
10590,425446,ganaha_hibiki,4,4428,"[""idolmaster"", ""idolmaster_(classic)""]",我那霸响(偶像大师)
10591,425410,adachi_tooru,4,869,"[""persona"", ""persona_4""]",足立透(女神异闻录4)
10592,427184,reiuji_utsuho,4,19006,["touhou"],灵乌路空(东方)
10593,425769,leafeon,4,1949,["pokemon"],叶伊布(宝可梦)
10594,445904,gastly,4,1070,["pokemon"],鬼斯(宝可梦)
10595,427142,komeiji_koishi,4,37947,["touhou"],古明地恋(东方)
10596,427143,komeiji_satori,4,27560,["touhou"],古明地觉(东方)
10597,444426,banette,4,691,["pokemon"],诅咒娃娃(宝可梦)
10598,461883,chikorita,4,1493,["pokemon"],菊草叶(宝可梦)
10599,449290,dragonite,4,1413,["pokemon"],快龙(宝可梦)
10600,461888,furret,4,1100,["pokemon"],大尾立(宝可梦)
10601,438877,ho-oh,4,766,["pokemon"],凤王(宝可梦)
10602,462031,latios,4,1011,["pokemon"],拉帝欧斯(宝可梦)
10603,450993,milotic,4,1099,["pokemon"],美纳斯(宝可梦)
10604,456182,rayquaza,4,808,["pokemon"],烈空坐(宝可梦)
10605,453236,riolu,4,873,["pokemon"],利欧路(宝可梦)
10606,438339,rotom,4,3772,["pokemon"],洛托姆(宝可梦)
10607,445938,snorlax,4,1175,["pokemon"],卡比兽(宝可梦)
10608,461886,totodile,4,1161,["pokemon"],小锯鳄(宝可梦)
10609,439625,kaenbyou_rin_(cat),4,2814,["touhou"],火焰猫燐(东方Project)
10610,446937,reiuji_utsuho_(bird),4,1620,["touhou"],灵乌路空(东方)
10611,427708,ushiromiya_ange,4,1694,["umineko_no_naku_koro_ni"],右代宫缘寿(海猫鸣泣之时)
10612,428744,yuri_lowell,4,1573,"[""tales_of_(series)"", ""tales_of_vesperia""]",尤里·罗威尔(薄暮传说)
10613,436841,raven_(dc),4,1497,"[""dc_comics"", ""teen_titans""]",瑞文(DC)
10614,566644,blaze_the_cat,4,1925,["sonic_(series)"],烈焰猫(刺猬索尼克)
10615,449357,deadpool,4,1823,"[""deadpool_(series)"", ""marvel""]",死侍(漫威)
10616,1345649,raven_(tales),4,635,"[""tales_of_(series)"", ""tales_of_vesperia""]",雷文(薄暮传说)
10617,432714,trafalgar_law,4,2997,["one_piece"],特拉法尔加·罗(海贼王)
10618,432818,hirose_koichi,4,827,"[""diamond_wa_kudakenai"", ""jojo_no_kimyou_na_bouken""]",广濑康一(JOJO的奇妙冒险)
10619,432820,nijimura_okuyasu,4,940,"[""diamond_wa_kudakenai"", ""jojo_no_kimyou_na_bouken""]",虹村亿泰(JOJO的奇妙冒险)
10620,557446,ethan_(pokemon),4,3307,["pokemon"],小银(宝可梦)
10621,437351,morishima_haruka,4,784,["amagami"],森岛遥(偶像大师)
10622,435392,boa_hancock,4,1711,["one_piece"],波雅·汉库克(海贼王)
10623,436225,tanamachi_kaoru,4,741,["amagami"],棚町薰(圣诞之吻)
10624,436223,nanasaki_ai,4,1974,["amagami"],七咲逢(圣诞之吻)
10625,437350,ayatsuji_tsukasa,4,845,["amagami"],绫辻司(偶像大师)
10626,437685,bayonetta,4,1683,["bayonetta_(series)"],贝优妮塔(猎天使魔女)
10627,437875,takei_hisa,4,783,["saki_(manga)"],武井宏之(咲-Saki-)
10628,439342,taokaka,4,897,["blazblue"],桃卡卡(苍翼默示录)
10629,439063,rachel_alucard,4,1062,["blazblue"],瑞秋·阿鲁卡多(恶魔城)
10630,446142,xion_(kingdom_hearts),4,695,["kingdom_hearts"],希恩(王国之心)
10631,439415,diavolo,4,943,"[""jojo_no_kimyou_na_bouken"", ""vento_aureo""]",迪亚波罗(JOJO的奇妙冒险)
10632,1619673,puru-see_(hoshizuki_(seigetsu)),4,682,["touhou"],Puru-see(星月(星月))
10633,441492,lisa_lisa,4,657,"[""battle_tendency"", ""jojo_no_kimyou_na_bouken""]",莉莎莉莎(JOJO的奇妙冒险)
10634,470412,hanna-justina_marseille,4,633,"[""witches_of_africa"", ""world_witches_series""]",汉娜·尤斯蒂娜·马赛尔(强袭魔女)
10635,442831,ciel_phantomhive,4,972,["kuroshitsuji"],夏尔·凡多姆海恩(黑执事)
10636,545628,yamada_aoi,4,705,["working!!"],山田葵(迷糊餐厅)
10637,450834,aqua_(kingdom_hearts),4,740,["kingdom_hearts"],亚克雅(王国之心)
10638,516743,lance_(pokemon),4,1114,["pokemon"],渡(宝可梦)
10639,452308,fukuji_mihoko,4,666,["saki_(manga)"],福路美穗子(天才麻将少女)
10640,457596,diego_brando,4,1103,"[""jojo_no_kimyou_na_bouken"", ""steel_ball_run""]",迪亚哥·布兰度(JOJO的奇妙冒险)
10641,543959,sakura_miku,4,2708,["vocaloid"],樱未来(Vocaloid)
10642,1125853,enkidu_(fate),4,1917,["fate_(series)"],恩奇都(Fate)
10643,1235999,wii_fit_trainer,4,673,["wii_fit"],Wii Fit训练员(Wii Fit)
10644,1657401,wii_fit_trainer_(female),4,648,["wii_fit"],Wii Fit训练员(女，Wii Fit)
10645,455510,cure_peach,4,949,"[""fresh_precure!"", ""precure""]",Cure Peach(光之美少女)
10646,494372,kazemaru_ichirouta,4,675,"[""inazuma_eleven"", ""inazuma_eleven_(series)""]",风丸一郎太(闪电十一人)
10647,456150,akiyama_mio,4,10333,["k-on!"],秋山澪(轻音少女)
10648,456152,kotobuki_tsumugi,4,5757,["k-on!"],琴吹?(轻音少女)
10649,472387,nakano_azusa,4,9033,["k-on!"],中野梓(K-ON!)
10650,456151,tainaka_ritsu,4,7354,["k-on!"],田井中律(K-ON!)
10651,496529,touwa_erio,4,744,["denpa_onna_to_seishun_otoko"],东和绘里央(电波女与青春男)
10652,508845,utane_uta,4,983,["utau"],歌声宇多(UTAU)
10653,460528,iron_man,4,784,["marvel"],钢铁侠(漫威)
10654,457810,megurine_luka,4,12631,["vocaloid"],巡音流歌(Vocaloid)
10655,491040,tony_stark,4,882,["marvel"],托尼·斯塔克(漫威)
10656,459048,momozono_love,4,1360,"[""fresh_precure!"", ""precure""]",桃园爱(心跳！光之美少女)
10657,502557,nu-13,4,1116,["blazblue"],纽-13(苍翼默示录)
10658,471876,noctis_lucis_caelum,4,832,"[""final_fantasy"", ""final_fantasy_xv""]",诺克提斯·路西斯·凯拉姆(最终幻想XV)
10659,462515,aono_miki,4,764,"[""fresh_precure!"", ""precure""]",青野美纪(Fresh光之美少女！)
10660,462517,yamabuki_inori,4,868,"[""fresh_precure!"", ""precure""]",山吹祈里(Fresh光之美少女！)
10661,475559,araragi_koyomi,4,1607,["monogatari_(series)"],阿良良木历(物语系列)
10662,542685,oribe_yasuna,4,1512,["kill_me_baby"],织部泰娜(爱杀宝贝)
10663,1514511,eas_(fresh_precure!),4,679,"[""fresh_precure!"", ""precure""]",伊斯(Fresh光之美少女)
10664,466937,higashi_setsuna,4,1554,"[""fresh_precure!"", ""precure""]",东雪莲(Fresh光之美少女！)
10665,471219,kousaka_kirino,4,2800,["ore_no_imouto_ga_konna_ni_kawaii_wake_ga_nai"],高坂桐乃(我的妹妹不可能那么可爱)
10666,467599,takoluka,4,958,["vocaloid"],塔可露卡(Vocaloid)
10667,610107,akaza_akari,4,2264,["yuru_yuri"],赤座茜(摇曳百合)
10668,547415,funami_yui,4,1735,["yuru_yuri"],船见结衣(摇曳百合)
10669,615600,toshinou_kyouko,4,2502,["yuru_yuri"],岁纳京子(摇曳百合)
10670,610092,yoshikawa_chinatsu,4,1590,["yuru_yuri"],吉川千夏(摇曳百合)
10671,471218,aragaki_ayase,4,955,["ore_no_imouto_ga_konna_ni_kawaii_wake_ga_nai"],新垣绫濑(我的妹妹不可能那么可爱)
10672,471221,kousaka_kyousuke,4,979,["ore_no_imouto_ga_konna_ni_kawaii_wake_ga_nai"],高坂京介(我的妹妹不可能那么可爱)
10673,542683,sonya_(kill_me_baby),4,1689,["kill_me_baby"],索尼娅(爱杀宝贝)
10674,473267,nazrin,4,14457,["touhou"],纳兹琳(东方)
10675,473328,kumoi_ichirin,4,6568,["touhou"],云居一轮(东方)
10676,473327,tatara_kogasa,4,17405,["touhou"],多多良小伞(东方)
10677,473279,unzan,4,2812,["touhou"],云山(东方Project)
10678,541496,noi_(dorohedoro),4,734,["dorohedoro"],能井(异兽魔都)
10679,503437,eve_(elsword),4,1183,["elsword"],伊芙(艾尔之光)
10680,501746,shadow_the_hedgehog,4,2726,["sonic_(series)"],暗影刺猬(刺猬索尼克)
10681,689008,steve_rogers,4,938,["marvel"],史蒂夫·罗杰斯(漫威)
10682,479648,hirasawa_ui,4,1565,["k-on!"],平泽忧(轻音少女)
10683,480039,manabe_nodoka,4,1020,["k-on!"],真锅和(K-ON!)
10684,480982,asbel_lhant,4,721,"[""tales_of_(series)"", ""tales_of_graces""]",阿斯贝尔·兰特(传说系列)
10685,564326,nakamura_yuri,4,1421,["angel_beats!"],中村百合(偶像大师)
10686,743241,racing_miku,4,1450,"[""goodsmile_racing"", ""vocaloid""]",赛车初音(Vocaloid)
10687,486251,donquixote_doflamingo,4,934,["one_piece"],唐吉诃德·多弗朗明哥(海贼王)
10688,553633,lyra_(pokemon),4,2668,"[""pokemon"", ""pokemon_hgss""]",琴音(宝可梦)
10689,487224,kanbaru_suruga,4,1095,["monogatari_(series)"],神原骏河(物语系列)
10690,487228,sengoku_nadeko,4,1700,["monogatari_(series)"],千石抚子(物语系列)
10691,487246,araragi_karen,4,1090,["monogatari_(series)"],阿良良木火怜(物语系列)
10692,487247,araragi_tsukihi,4,998,["monogatari_(series)"],阿良良木月火(物语系列)
10693,422767,gumi,4,5127,["vocaloid"],GUMI(Vocaloid)
10694,489557,mizutani_eri,4,652,"[""idolmaster"", ""idolmaster_dearly_stars""]",水谷惠理(不明作品)
10695,489852,akizuki_ryo,4,1346,"[""idolmaster"", ""idolmaster_dearly_stars""]",秋月凉(偶像大师 深情之星)
10696,1613000,warrior_of_light_(ff14),4,19560,"[""final_fantasy"", ""final_fantasy_xiv""]",光之战士(最终幻想14)
10697,654784,lord_el-melloi_ii,4,1086,["fate_(series)"],埃尔梅罗二世(Fate)
10698,496829,makoto_nanaya,4,1786,["blazblue"],诚(苍翼默示录)
10699,1419237,tanned_cirno,4,948,["touhou"],晒黑琪露诺(东方)
10700,503373,furudo_erika,4,1075,["umineko_no_naku_koro_ni"],古户绘梨花(海猫鸣泣之时)
10701,497689,cheria_barnes,4,718,"[""tales_of_(series)"", ""tales_of_graces""]",谢莉雅·巴恩斯(圣恩传说)
10702,497808,suzuki_jun,4,664,["k-on!"],铃木纯(轻音少女)
10703,550231,gokou_ruri,4,3554,["ore_no_imouto_ga_konna_ni_kawaii_wake_ga_nai"],五更琉璃(我的妹妹哪有这么可爱！)
10704,1054766,chloe_von_einzbern,4,4094,"[""fate/kaleid_liner_prisma_illya"", ""fate_(series)""]",克洛伊·冯·因兹贝伦(Fate)
10705,2242207,chloe_von_einzbern_(archer_install),4,759,"[""fate/kaleid_liner_prisma_illya"", ""fate_(series)""]",克洛伊·冯·爱因兹贝伦(弓兵形态，魔法少女☆伊莉雅)
10706,1233901,sophie_(tales),4,745,"[""tales_of_(series)"", ""tales_of_graces""]",索菲(传说系列)
10707,584943,black_hanekawa,4,761,["monogatari_(series)"],黑羽川(物语系列)
10708,662826,himejima_akeno,4,1192,["high_school_dxd"],姬岛朱乃(恶魔高校DxD)
10709,644430,rias_gremory,4,1536,["high_school_dxd"],莉亚丝·吉蒙里(高校DXD)
10710,1482584,xenovia_quarta,4,667,["high_school_dxd"],杰诺薇亚·夸塔(高校DXD)
10711,503349,hijiri_byakuren,4,13680,["touhou"],圣白莲(东方)
10712,503343,houjuu_nue,4,13081,["touhou"],封兽鵺(东方)
10713,503350,murasa_minamitsu,4,7679,["touhou"],村纱水蜜(东方Project)
10714,503351,toramaru_shou,4,8353,["touhou"],寅丸星(东方Project)
10715,1581062,shiomi_kotone,4,2484,"[""persona"", ""persona_3"", ""persona_3_portable""]",盐见琴音(偶像大师 灰姑娘女孩)
10716,507430,kobayakawa_rinko,4,687,["love_plus"],小早川凛子(爱相随)
10717,507427,anegasaki_nene,4,879,["love_plus"],姉崎宁宁(Love Plus)
10718,510605,makise_kurisu,4,3576,["steins;gate"],牧濑红莉栖(命运石之门)
10719,508153,okabe_rintarou,4,1424,["steins;gate"],冈部伦太郎(命运石之门)
10720,508154,shiina_mayuri,4,1034,["steins;gate"],椎名真由理(命运石之门)
10721,605494,filia_(skullgirls),4,904,["skullgirls"],菲莉亚(骷髅女孩)
10722,669082,samson_(skullgirls),4,781,["skullgirls"],萨姆森(骷髅女孩)
10723,633741,furutani_himawari,4,1417,["yuru_yuri"],古谷向日葵(摇曳百合)
10724,527579,afuro_terumi,4,676,["inazuma_eleven_(series)"],亚风炉照美(闪电十一人)
10725,552918,kaine_(nier),4,1174,"[""nier"", ""nier_(series)""]",凯宁(尼尔)
10726,1472931,y'shtola_rhul,4,1360,"[""final_fantasy"", ""final_fantasy_xiv""]",雅·修特拉(最终幻想14)
10727,527779,han_juri,4,3726,["street_fighter"],韩蛛俐(街头霸王)
10728,1433170,nero_claudius_(fate),4,10594,["fate_(series)"],尼禄·克劳狄乌斯(Fate)
10729,1682533,nero_claudius_(fate/extra),4,4980,"[""fate/extra"", ""fate_(series)""]",尼禄·克劳狄乌斯(Fate/EXTRA)
10730,1473623,tamamo_(fate),4,18,["fate_(series)"],玉藻前(Fate)
10731,1682530,tamamo_no_mae_(fate/extra),4,0,"[""fate/extra"", ""fate_(series)""]",玉藻前(Fate)
10732,581926,sorcerer_(ragnarok_online),4,1017,["ragnarok_online"],术士(仙境传说)
10733,513774,shantae,4,1860,["shantae_(series)"],桑塔(桑塔（系列）)
10734,698982,asuna_(sao),4,5414,["sword_art_online"],亚丝娜(刀剑神域)
10735,588022,cecilia_alcott,4,882,["infinite_stratos"],塞西莉亚·奥尔科特(无限斯特拉托斯)
10736,520900,sf-a2_miki,4,769,["vocaloid"],SF-A2 未来(Vocaloid)
10737,521490,kaai_yuki,4,932,["vocaloid"],歌爱雪(Vocaloid)
10738,554006,tachibana_kanade,4,2580,["angel_beats!"],立华奏(Angel Beats!)
10739,672298,ononoki_yotsugi,4,1038,["monogatari_(series)"],斧乃木余接(物语系列)
10740,523913,aioi_yuuko,4,665,["nichijou"],相生祐子(日常)
10741,523914,naganohara_mio,4,816,["nichijou"],长野原美绪(日常)
10742,523901,shinonome_nano,4,889,["nichijou"],东云奈野(偶像大师)
10743,576178,strength_(black_rock_shooter),4,662,["black_rock_shooter"],力量(黑岩射手)
10744,528716,yui_(angel_beats!),4,1239,["angel_beats!"],由依(Angel Beats!)
10745,1007211,hinata_hideki,4,796,["angel_beats!"],日向秀树(Angel Beats!)
10746,556822,otonashi_yuzuru,4,719,["angel_beats!"],音无结弦(天使的心跳)
10747,1286003,alice_cartelet,4,743,["kin-iro_mosaic"],爱丽丝·卡特尔特(黄金拼图)
10748,532519,cure_blossom,4,1169,"[""heartcatch_precure!"", ""precure""]",Cure Blossom(HeartCatch 光之美少女！)
10749,532518,cure_marine,4,1373,"[""heartcatch_precure!"", ""precure""]",海洋天使(光之美少女)
10750,529058,hanasaki_tsubomi,4,1867,"[""heartcatch_precure!"", ""precure""]",花咲蕾(HeartCatch光之美少女)
10751,530171,kurumi_erika,4,2238,"[""heartcatch_precure!"", ""precure""]",来海绘里香(HeartCatch光之美少女！)
10752,1241962,kishinami_hakuno_(female),4,1467,"[""fate/extra"", ""fate_(series)""]",岸波白野(女性)(Fate)
10753,1248309,sendai_hakurei_no_miko,4,1601,["touhou"],仙台博丽之巫女(东方)
10754,539110,yuki_miku,4,4023,["vocaloid"],雪初音(Vocaloid)
10755,534543,orihara_izaya,4,831,["durarara!!"],折原临也(无头骑士异闻录)
10756,534542,sonohara_anri,4,669,["durarara!!"],园原杏里(无头骑士异闻录)
10757,570021,mikazuki_yozora,4,664,["boku_wa_tomodachi_ga_sukunai"],三日月夜空(我的朋友很少)
10758,549180,kashiwazaki_sena,4,2404,["boku_wa_tomodachi_ga_sukunai"],柏崎星奈(我的朋友很少)
10759,536053,ghost_(modern_warfare_2),4,1223,"[""call_of_duty"", ""call_of_duty:_modern_warfare_2""]",幽灵(使命召唤：现代战争2)
10760,622669,alisa_ilinichina_amiella,4,1399,["god_eater"],艾丽莎·伊利尼奇娜·阿米艾拉(噬神者)
10761,538729,cure_moonlight,4,860,"[""heartcatch_precure!"", ""precure""]",月光天使(HeartCatch光之美少女！)
10762,550010,tsukikage_yuri,4,1512,"[""heartcatch_precure!"", ""precure""]",月影百合(HeartCatch光之美少女！)
10763,538878,zorua,4,943,["pokemon"],索罗亚(宝可梦)
10764,617637,oomuro_sakurako,4,1597,["yuru_yuri"],大室樱子(摇曳百合)
10765,544560,himekaidou_hatate,4,7810,["touhou"],姬海棠果(东方Project)
10766,548087,hasegawa_kobato,4,718,["boku_wa_tomodachi_ga_sukunai"],长谷川小鸠(天使的3P！)
10767,547150,myoudouin_itsuki,4,1396,"[""heartcatch_precure!"", ""precure""]",明堂院树(HeartCatch光之美少女！)
10768,621741,nyarlathotep_(nyaruko-san),4,929,["haiyore!_nyaruko-san"],奈亚拉托提普(潜行吧！奈亚子)
10769,547417,sugiura_ayano,4,1132,["yuru_yuri"],杉浦绫乃(摇曳百合)
10770,1350943,adventurer_(ff14),4,967,"[""final_fantasy"", ""final_fantasy_xiv""]",冒险者(最终幻想14)
10771,548488,totooria_helmold,4,664,"[""atelier_(series)"", ""atelier_totori""]",托托莉亚·赫尔莫德(炼金工房系列)
10772,548679,valentine_(skullgirls),4,631,["skullgirls"],瓦伦汀(骷髅女孩)
10773,595668,hatsune_miku_(append),4,1584,["vocaloid"],初音未来Append(Vocaloid)
10774,615289,hilbert_(pokemon),4,2883,"[""pokemon"", ""pokemon_bw""]",黑连(宝可梦)
10775,550750,cure_sunshine,4,1152,"[""heartcatch_precure!"", ""precure""]",Cure Sunshine(HeartCatch光之美少女)
10776,2018038,purple_heart_(neptunia),4,1688,["neptune_(series)"],紫心(海王星)
10777,591906,panty_(psg),4,2687,["panty_&_stocking_with_garterbelt"],潘蒂(吊带袜天使)
10778,591909,stocking_(psg),4,4492,["panty_&_stocking_with_garterbelt"],丝缎(吊带袜天使)
10779,592111,oshawott,4,1930,["pokemon"],水水獭(宝可梦)
10780,592340,snivy,4,1844,["pokemon"],藤藤蛇(宝可梦)
10781,592339,tepig,4,1470,["pokemon"],暖暖猪(宝可梦)
10782,615290,hilda_(pokemon),4,7043,"[""pokemon"", ""pokemon_bw""]",希尔达(宝可梦)
10783,1432971,jacket_girl_(dipp),4,1017,["touhou"],夹克少女(东方)
10784,559273,reshiram,4,872,["pokemon"],莱希拉姆(宝可梦)
10785,2018110,neptune_(neptunia),4,2110,["neptune_(series)"],涅普缇努(海王星系列)
10786,2018045,black_heart_(neptunia),4,756,["neptune_(series)"],黑色之心(海王星系列)
10787,2018066,noire_(neptunia),4,1657,["neptune_(series)"],诺瓦露(海王星)
10788,2018079,vert_(neptunia),4,863,["neptune_(series)"],贝露(海王星)
10789,2018082,blanc_(neptunia),4,1399,["neptune_(series)"],布兰(海王星)
10790,1203675,melia_antiqua,4,1011,"[""xenoblade_chronicles_(series)"", ""xenoblade_chronicles_1""]",梅莉亚·安提瓜(异度之刃系列)
10791,563892,kirito,4,3334,["sword_art_online"],桐人(刀剑神域)
10792,567872,n_(pokemon),4,2581,"[""pokemon"", ""pokemon_bw""]",N(宝可梦)
10793,1391914,leafa_(sao),4,1742,["sword_art_online"],莉法(刀剑神域)
10794,567695,cheren_(pokemon),4,1311,["pokemon"],切莲(宝可梦)
10795,566233,sabo_(one_piece),4,938,["one_piece"],萨博(海贼王)
10796,566218,platinum_the_trinity,4,783,["blazblue"],白金·崔尼蒂(碧蓝航线)
10797,1514186,shulk_(xenoblade),4,732,"[""xenoblade_chronicles_(series)"", ""xenoblade_chronicles_1""]",修尔克(异度之刃系列)
10798,445414,bianca_(pokemon),4,1783,["pokemon"],白露(宝可梦)
10799,652455,maou_(maoyuu),4,855,["maoyuu_maou_yuusha"],魔王(魔王勇者)
10800,570051,ibaraki_kasen,4,7024,["touhou"],茨木华扇(东方)
10801,572402,lucas_lee,4,652,"[""scott_pilgrim_(series)"", ""scott_pilgrim_takes_off""]",卢卡斯·李(歪小子斯科特：起飞)
10802,753977,sinon,4,2034,["sword_art_online"],诗乃(刀剑神域)
10803,610650,emolga,4,854,["pokemon"],导电飞鼠(宝可梦)
10804,575975,iris_(pokemon),4,1623,["pokemon"],艾莉丝(宝可梦)
10805,1519338,nursery_rhyme_(fate),4,1312,["fate_(series)"],童谣(Fate)
10806,1236625,eren_yeager,4,3312,["shingeki_no_kyojin"],艾伦·耶格尔(进击的巨人)
10807,1232143,titan_(shingeki_no_kyojin),4,919,["shingeki_no_kyojin"],巨人(进击的巨人)
10808,612410,lilligant,4,699,["pokemon"],裙儿小姐(宝可梦)
10809,597205,silica,4,1269,["sword_art_online"],西莉卡(刀剑神域)
10810,611797,chandelure,4,1170,["pokemon"],水晶灯火灵(宝可梦)
10811,611796,litwick,4,1266,["pokemon"],烛光灵(宝可梦)
10812,674693,skyla_(pokemon),4,2605,"[""pokemon"", ""pokemon_bw""]",风露(宝可梦)
10813,674691,elesa_(pokemon),4,1989,["pokemon"],风露(宝可梦)
10814,612409,whimsicott,4,770,["pokemon"],风妖精(宝可梦)
10815,612376,serperior,4,804,["pokemon"],君主蛇(宝可梦)
10816,717049,grimsley_(pokemon),4,652,["pokemon"],越橘(宝可梦)
10817,587823,tsurumaki_maki,4,1625,["voiceroid"],弦卷真纪(VOICEROID)
10818,693559,ingo_(pokemon),4,1403,["pokemon"],洋葱(宝可梦)
10819,587354,lux_(league_of_legends),4,1285,["league_of_legends"],拉克丝(英雄联盟)
10820,591907,kneesocks_(psg),4,948,["panty_&_stocking_with_garterbelt"],膝上袜(吊带袜天使)
10821,693558,emmet_(pokemon),4,1114,"[""pokemon"", ""pokemon_bw""]",艾姆(宝可梦)
10822,758462,kirigiri_kyoko,4,3931,"[""danganronpa:_trigger_happy_havoc"", ""danganronpa_(series)""]",雾切响子(弹丸论破)
10823,592924,akemi_homura,4,27952,["mahou_shoujo_madoka_magica"],晓美焰(小圆)
10824,2133006,akemi_homura_(magical_girl),4,12344,"[""mahou_shoujo_madoka_magica"", ""mahou_shoujo_madoka_magica_(anime)""]",晓美焰(魔法少女小圆)
10825,2133007,kaname_madoka_(magical_girl),4,9620,"[""mahou_shoujo_madoka_magica"", ""mahou_shoujo_madoka_magica_(anime)""]",鹿目圆(魔法少女小圆)
10826,592974,yazawa_nico,4,7114,"[""love_live!"", ""love_live!_school_idol_project""]",矢泽妮可(Love Live!)
10827,592976,koizumi_hanayo,4,4096,"[""love_live!"", ""love_live!_school_idol_project""]",小泉花阳(Love Live!)
10828,592977,nishikino_maki,4,7690,"[""love_live!"", ""love_live!_school_idol_project""]",西木野真姬(Love Live!)
10829,592979,kosaka_honoka,4,5094,"[""love_live!"", ""love_live!_school_idol_project""]",高坂穗乃果(Love Live! 学园偶像计划)
10830,593043,ayase_eli,4,7020,"[""love_live!"", ""love_live!_school_idol_project""]",绚濑绘里(Love Live!)
10831,593045,minami_kotori,4,5636,"[""love_live!"", ""love_live!_school_idol_project""]",南小鸟(Love Live!)
10832,593046,sonoda_umi,4,7447,"[""love_live!"", ""love_live!_school_idol_project""]",园田海未(Love Live!)
10833,593109,miki_sayaka,4,19212,"[""mahou_shoujo_madoka_magica"", ""mahou_shoujo_madoka_magica_(anime)""]",美树沙耶香(小圆)
10834,2136191,miki_sayaka_(magical_girl),4,8171,"[""mahou_shoujo_madoka_magica"", ""mahou_shoujo_madoka_magica_(anime)""]",美树沙耶香(魔法少女小圆)
10835,593108,tomoe_mami,4,16170,"[""mahou_shoujo_madoka_magica"", ""mahou_shoujo_madoka_magica_(anime)""]",巴麻美(小圆)
10836,2138412,tomoe_mami_(magical_girl),4,8688,"[""mahou_shoujo_madoka_magica"", ""mahou_shoujo_madoka_magica_(anime)""]",巴麻美(魔法少女小圆)
10837,597292,fujisaki_chihiro,4,1449,"[""danganronpa:_trigger_happy_havoc"", ""danganronpa_(series)""]",藤崎千寻(弹丸论破)
10838,593284,naegi_makoto,4,2253,"[""danganronpa:_trigger_happy_havoc"", ""danganronpa_(series)""]",苗木诚(弹丸论破)
10839,593801,cure_rhythm,4,767,"[""precure"", ""suite_precure""]",旋律天使(Suite 光之美少女)
10840,593802,minamino_kanade,4,1695,"[""precure"", ""suite_precure""]",南野奏(心跳！光之美少女)
10841,594282,cure_melody,4,1055,"[""precure"", ""suite_precure""]",旋律天使(光之美少女)
10842,1934685,fukawa_toko,4,1247,["danganronpa_(series)"],腐川冬子(弹丸论破)
10843,1239637,jakuzure_nonon,4,2022,["kill_la_kill"],蛇崩乃音(斩服少女)
10844,596124,jude_mathis,4,698,"[""tales_of_(series)"", ""tales_of_xillia""]",裘德·玛提斯(传说系列)
10845,601752,milla_maxwell,4,805,"[""tales_of_(series)"", ""tales_of_xillia""]",米拉·麦克斯韦(传说系列)
10846,745262,celestia_ludenberg,4,1686,"[""danganronpa:_trigger_happy_havoc"", ""danganronpa_(series)""]",塞蕾丝缇雅·卢登堡(弹丸论破)
10847,416301,asahina_aoi,4,841,"[""danganronpa:_trigger_happy_havoc"", ""danganronpa_(series)""]",朝比奈葵(偶像大师)
10848,596939,akali,4,1510,["league_of_legends"],阿卡丽(LOL)
10849,609604,evelynn_(league_of_legends),4,1084,["league_of_legends"],伊芙琳(LOL)
10850,734427,sona_(league_of_legends),4,1382,["league_of_legends"],娑娜(LOL)
10851,597140,katarina_(league_of_legends),4,747,["league_of_legends"],卡特琳娜(LOL)
10852,598066,houjou_hibiki,4,2289,"[""precure"", ""suite_precure""]",北条响(心跳！光之美少女)
10853,601490,monokuma,4,2562,["danganronpa_(series)"],黑白熊(弹丸论破)
10854,600200,kyubey,4,8958,"[""mahou_shoujo_madoka_magica"", ""mahou_shoujo_madoka_magica_(anime)""]",丘比(魔法少女小圆)
10855,601487,enoshima_junko,4,3728,"[""danganronpa:_trigger_happy_havoc"", ""danganronpa_(series)""]",江之岛盾子(弹丸论破)
10856,658080,ikusaba_mukuro,4,938,"[""danganronpa:_trigger_happy_havoc"", ""danganronpa_(series)""]",战刃骸(弹丸论破)
10857,601489,maizono_sayaka,4,1597,"[""danganronpa:_trigger_happy_havoc"", ""danganronpa_(series)""]",舞园沙耶香(弹丸论破)
10858,1043588,miss_fortune_(league_of_legends),4,711,["league_of_legends"],厄运小姐(LOL)
10859,1716063,soraka_(league_of_legends),4,967,["league_of_legends"],索拉卡(英雄联盟)
10860,602082,charlotte_dunois,4,1416,["infinite_stratos"],夏洛特·德诺阿(无限斯特拉托斯)
10861,602083,laura_bodewig,4,873,["infinite_stratos"],劳拉·博德维希(无限斯特拉托斯)
10862,1276066,hoto_cocoa,4,3273,["gochuumon_wa_usagi_desu_ka?"],保登心爱(请问您今天要来点兔子吗)
10863,713730,kafuu_chino,4,7448,["gochuumon_wa_usagi_desu_ka?"],香风智乃(请问您今天要来点兔子吗？)
10864,713731,tedeza_rize,4,2034,["gochuumon_wa_usagi_desu_ka?"],提比(请问您今天要来点兔子吗？)
10865,1399517,tippy_(gochiusa),4,2604,["gochuumon_wa_usagi_desu_ka?"],提比(请问您今天要来点兔子吗)
10866,603070,charlotte_(madoka_magica),4,2938,"[""mahou_shoujo_madoka_magica"", ""mahou_shoujo_madoka_magica_(anime)""]",夏洛特(魔法少女小圆)
10867,604258,sakura_kyoko,4,16380,"[""mahou_shoujo_madoka_magica"", ""mahou_shoujo_madoka_magica_(anime)""]",佐仓杏子(小圆)
10868,2136190,sakura_kyoko_(magical_girl),4,6714,"[""mahou_shoujo_madoka_magica"", ""mahou_shoujo_madoka_magica_(anime)""]",佐仓杏子(魔法少女小圆)
10869,605171,kujou_karen,4,1112,["kin-iro_mosaic"],九条可怜(黄金拼图)
10870,606667,kirino_ranmaru,4,1706,"[""inazuma_eleven_(series)"", ""inazuma_eleven_go""]",桐生兰丸(偶像大师)
10871,605769,matsukaze_tenma,4,662,"[""inazuma_eleven_(series)"", ""inazuma_eleven_go""]",松风天马(闪电十一人)
10872,606666,shindou_takuto,4,939,"[""inazuma_eleven_(series)"", ""inazuma_eleven_go""]",进藤拓人(网球王子)
10873,1235294,kurokawa_eren,4,966,"[""precure"", ""suite_precure""]",黑川惠莲(偶像大师)
10874,607126,creeper,4,833,["minecraft"],苦力怕(我的世界)
10875,610702,oktavia_von_seckendorff,4,1028,"[""mahou_shoujo_madoka_magica"", ""mahou_shoujo_madoka_magica_(anime)""]",奥克塔维亚·冯·西肯多夫(魔法少女小圆)
10876,646093,ultimate_madoka,4,4606,["mahou_shoujo_madoka_magica"],圆神(小圆)
10877,709319,yuigahama_yui,4,1679,["yahari_ore_no_seishun_lovecome_wa_machigatteiru."],由比滨结衣(我的青春恋爱物语果然有问题。)
10878,717606,yukinoshita_yukino,4,1871,["yahari_ore_no_seishun_lovecome_wa_machigatteiru."],雪之下雪乃(我的青春恋爱物语果然有问题)
10879,614842,morgiana,4,664,["magi_the_labyrinth_of_magic"],摩尔迦娜(魔笛Magi)
10880,615130,anjou_naruko,4,943,["ano_hi_mita_hana_no_namae_wo_bokutachi_wa_mada_shiranai."],安城鸣子(我们仍未知道那天所看见的花的名字)
10881,615222,hoshizora_rin,4,4865,"[""love_live!"", ""love_live!_school_idol_project""]",星空凛(Love Live!)
10882,615224,tojo_nozomi,4,7480,"[""love_live!"", ""love_live!_school_idol_project""]",东条希(Love Live! 学园偶像计划)
10883,616166,caitlyn_(league_of_legends),4,1368,["league_of_legends"],凯特琳(LOL)
10884,623899,shirabe_ako,4,910,"[""precure"", ""suite_precure""]",调边亚子(Suite 光之美少女)
10885,618134,karina_lyle,4,964,["tiger_&_bunny"],卡莉娜·莱尔(机动战士高达00)
10886,630836,huang_baoling,4,0,["tiger_&_bunny"],黄宝铃(崩坏3)
10887,618147,honma_meiko,4,1276,["ano_hi_mita_hana_no_namae_wo_bokutachi_wa_mada_shiranai."],本间芽衣子(未闻花名)
10888,618301,ivan_karelin,4,1227,["tiger_&_bunny"],伊万·卡雷林(拳皇)
10889,634453,barnaby_brooks_jr.,4,3381,["tiger_&_bunny"],巴纳比·布鲁克斯二世(TIGER & BUNNY)
10890,649985,kaburagi_t._kotetsu,4,3270,["tiger_&_bunny"],鏑木·T·虎彻(TIGER & BUNNY)
10891,619180,kasodani_kyouko,4,6501,["touhou"],笠地藏(东方)
10892,619181,miyako_yoshika,4,6945,["touhou"],宫古芳香(东方)
10893,628005,ikaruga_(senran_kagura),4,798,["senran_kagura"],斑鸠(闪乱神乐)
10894,653217,nepgear,4,1413,["neptune_(series)"],妮普吉雅(海王星)
10895,619470,hibari_(senran_kagura),4,699,["senran_kagura"],云雀(闪乱神乐)
10896,620175,mikasa_ackerman,4,3842,["shingeki_no_kyojin"],三笠·阿克曼(进击的巨人)
10897,620348,keith_goodman,4,929,["tiger_&_bunny"],基思·古德曼(火焰纹章)
10898,710628,asuna_(sao-alo),4,679,["sword_art_online"],亚丝娜(SAO-ALO)
10899,628849,yuuki_(sao),4,1222,["sword_art_online"],优纪(刀剑神域)
10900,622721,korra,4,956,"[""avatar_legends"", ""the_legend_of_korra""]",科拉(降世神通：科拉传奇)
10901,520787,elin,4,1387,["tera_online"],艾琳(洛奇)
10902,626945,shokuhou_misaki,4,3602,"[""toaru_kagaku_no_railgun"", ""toaru_majutsu_no_index""]",食蜂操祈(魔法禁书目录)
10903,628321,asuka_(senran_kagura),4,940,["senran_kagura"],飞鸟(闪乱神乐)
10904,628626,amazon_(dragon's_crown),4,706,["dragon's_crown"],亚马逊(龙之皇冠)
10905,628623,sorceress_(dragon's_crown),4,1134,["dragon's_crown"],女巫(龙之皇冠)
10906,628777,yuzuriha_inori,4,1921,["guilty_crown"],楪祈(罪恶王冠)
10907,1619332,higashikata_josuke_(jojolion),4,803,"[""jojo_no_kimyou_na_bouken"", ""jojolion""]",东方仗助(JOJO的奇妙冒险)
10908,689292,kitten_(gravity_daze),4,772,["gravity_daze"],小猫(重力眩晕)
10909,633080,takakura_himari,4,787,["mawaru_penguindrum"],高仓阳毬(回转企鹅罐)
10910,657125,ia_(vocaloid),4,2450,["vocaloid"],IA(Vocaloid)
10911,690136,touhoku_zunko,4,1098,["voiceroid"],东北俊子(Vocaloid)
10912,1232066,armin_arlert,4,1422,["shingeki_no_kyojin"],阿尔敏·阿诺德(进击的巨人)
10913,1790903,lisbeth_(sao),4,791,["sword_art_online"],莉兹贝特(刀剑神域)
10914,638495,toyosatomimi_no_miko,4,10706,["touhou"],丰聪耳神子(东方)
10915,638500,futatsuiwa_mamizou,4,5381,["touhou"],二岩麻美藏(东方)
10916,638538,kaku_seiga,4,7678,["touhou"],霍青娥(东方Project)
10917,638499,mononobe_no_futo,4,9721,["touhou"],物部布都(东方)
10918,638583,soga_no_tojiko,4,6691,["touhou"],苏我屠自古(东方)
10919,2018078,uni_(neptunia),4,719,["neptune_(series)"],由妮(海王星系列)
10920,641219,seeu,4,708,["vocaloid"],SeeU(Vocaloid)
10921,641622,mizuki_yukikaze,4,678,"[""taimanin_(series)"", ""taimanin_yukikaze""]",水城雪风(对魔忍)
10922,1447957,nero_claudius_(bride)_(fate),4,1925,["fate_(series)"],尼禄·克劳狄乌斯(新娘)(Fate)
10923,644034,kariya_masaki,4,719,"[""inazuma_eleven_(series)"", ""inazuma_eleven_go""]",刈谷正树(闪电十一人)
10924,1421198,bb_(fate),4,6005,["fate_(series)"],BB(Fate)
10925,853361,bb_(fate/extra),4,1754,"[""fate/extra"", ""fate/extra_ccc"", ""fate_(series)""]",BB(Fate)
10926,2257770,saber_alter_(third_ascension),4,871,["fate_(series)"],阿尔托莉雅·潘德拉贡(Alter)(第三再临)
10927,708151,kido_tsubomi,4,918,["kagerou_project"],木户蕾(阳炎Project)
10928,645147,riven_(league_of_legends),4,735,["league_of_legends"],锐雯(英雄联盟)
10929,1431828,elizabeth_bathory_(fate),4,3088,["fate_(series)"],伊丽莎白·巴托里(Fate)
10930,1693513,elizabeth_bathory_(fate/extra_ccc),4,0,[],伊丽莎白·巴托里(Fate/EXTRA CCC)
10931,660302,ahri_(league_of_legends),4,4287,["league_of_legends"],阿狸(英雄联盟)
10932,649693,jack_the_ripper_(fate/apocrypha),4,3477,["fate_(series)"],开膛手杰克(Fate/Apocrypha)
10933,700633,ene_(kagerou_project),4,902,["kagerou_project"],ENE(阳炎Project)
10934,1408636,jeanne_d'arc_(fate),4,8216,["fate_(series)"],贞德(Fate)
10935,1769318,jeanne_d'arc_(ruler)_(fate),4,3110,["fate_(series)"],贞德(Ruler)(Fate)
10936,1629302,gawain_(fate),4,1008,"[""fate/grand_order"", ""fate_(series)""]",高文(Fate)
10937,1452677,semiramis_(fate),4,818,"[""fate/apocrypha"", ""fate_(series)""]",塞弥拉弥斯(Fate)
10938,679170,magolor,4,833,["kirby_(series)"],魔法洛亚(星之卡比)
10939,688703,miia_(monster_musume),4,1161,["monster_musume_no_iru_nichijou"],米亚(魔物娘的同居日常)
10940,681706,squigly_(skullgirls),4,674,["skullgirls"],丝瑰丽(骷髅女孩)
10941,654355,kazanari_tsubasa,4,1275,["senki_zesshou_symphogear"],风鸣翼(战姬绝唱)
10942,1407454,atalanta_(fate),4,1460,["fate_(series)"],阿塔兰忒(Fate)
10943,1448304,astolfo_(fate),4,7025,["fate_(series)"],阿斯托尔福(Fate)
10944,1391739,karna_(fate),4,1531,["fate_(series)"],迦尔纳(Fate)
10945,656409,yuzuki_yukari,4,8384,"[""voiceroid"", ""vocaloid""]",柚木加菜(偶像大师)
10946,1762231,kirima_syaro,4,2957,["gochuumon_wa_usagi_desu_ka?"],桐间纱路(请问您今天要来点兔子吗)
10947,1268743,ujimatsu_chiya,4,1990,["gochuumon_wa_usagi_desu_ka?"],宇治松千夜(请问您今天要来点兔子吗？)
10948,657791,cure_happy,4,1072,"[""precure"", ""smile_precure!""]",快乐天使(光之美少女)
10949,660392,hoshizora_miyuki,4,2144,"[""precure"", ""smile_precure!""]",星空美幸(HeartCatch光之美少女!)
10950,657793,cure_peace,4,1548,"[""precure"", ""smile_precure!""]",和平天使(光之美少女)
10951,660393,kise_yayoi,4,2824,"[""precure"", ""smile_precure!""]",黄濑弥生(偶像大师)
10952,657794,cure_march,4,1041,"[""precure"", ""smile_precure!""]",三月天使(光之美少女)
10953,660394,midorikawa_nao,4,2867,"[""precure"", ""smile_precure!""]",绿川直(Smile 光之美少女！)
10954,657795,cure_sunny,4,913,"[""precure"", ""smile_precure!""]",Cure Sunny(微笑光之美少女)
10955,1287911,hino_akane_(smile_precure!),4,2349,"[""precure"", ""smile_precure!""]",日野茜(微笑光之美少女)
10956,660390,aoki_reika,4,2574,"[""precure"", ""smile_precure!""]",青木丽华(偶像大师)
10957,657796,cure_beauty,4,1146,"[""precure"", ""smile_precure!""]",Cure Beauty(心跳！光之美少女)
10958,657914,tokisaki_kurumi,4,2187,["date_a_live"],时崎狂三(约会大作战)
10959,658637,chitanda_eru,4,2707,["hyouka"],千反田爱瑠(冰菓)
10960,658638,oreki_houtarou,4,1577,["hyouka"],折木奉太郎(冰菓)
10961,658795,mimura_kanako,4,1722,"[""idolmaster"", ""idolmaster_cinderella_girls""]",三村加奈子(偶像大师)
10962,660098,futaba_anzu,4,3961,"[""idolmaster"", ""idolmaster_cinderella_girls""]",双叶杏(偶像大师)
10963,660315,shimamura_uzuki,4,4682,"[""idolmaster"", ""idolmaster_cinderella_girls""]",岛村卯月(偶像大师灰姑娘女孩)
10964,1629433,annie_leonhart,4,1113,["shingeki_no_kyojin"],阿尼·利昂纳德(进击的巨人)
10965,1629435,krista_lenz,4,2008,["shingeki_no_kyojin"],克里斯塔·伦茨(进击的巨人)
10966,1340001,sasha_blouse,4,677,["shingeki_no_kyojin"],萨莎·布劳斯(进击的巨人)
10967,1452674,frankenstein's_monster_(fate),4,1229,["fate_(series)"],弗兰肯斯坦的怪物(Fate)
10968,662005,mifune_miyu,4,1007,"[""idolmaster"", ""idolmaster_cinderella_girls""]",三船美优(偶像大师灰姑娘女孩)
10969,662185,shibuya_rin,4,7212,"[""idolmaster"", ""idolmaster_cinderella_girls""]",涩谷凛(偶像大师 灰姑娘女孩)
10970,662472,takanashi_rikka,4,2310,["chuunibyou_demo_koi_ga_shitai!"],小鸟游六花(中二病也要谈恋爱)
10971,662499,nibutani_shinka,4,910,["chuunibyou_demo_koi_ga_shitai!"],丹生谷森夏(中二病也要谈恋爱)
10972,664614,ryuzaki_kaoru,4,1350,"[""idolmaster"", ""idolmaster_cinderella_girls""]",龙崎薰(偶像大师)
10973,663121,takafuji_kako,4,681,"[""idolmaster"", ""idolmaster_cinderella_girls""]",高藤香子(偶像大师灰姑娘女孩)
10974,663432,kamiya_nao,4,1895,"[""idolmaster"", ""idolmaster_cinderella_girls""]",神谷奈绪(偶像大师灰姑娘女孩)
10975,663434,kohinata_miho,4,1101,"[""idolmaster"", ""idolmaster_cinderella_girls""]",小日向美穗(偶像大师)
10976,663460,sasaki_chie,4,2185,"[""idolmaster"", ""idolmaster_cinderella_girls""]",佐佐木千枝(偶像大师 灰姑娘女孩)
10977,663499,totoki_airi,4,1523,"[""idolmaster"", ""idolmaster_cinderella_girls""]",乙木葵(偶像大师)
10978,688953,igarashi_kyoko,4,1014,"[""idolmaster"", ""idolmaster_cinderella_girls""]",五十岚响子(偶像大师)
10979,663681,honda_mio,4,2207,"[""idolmaster"", ""idolmaster_cinderella_girls""]",本田澪(偶像大师)
10980,772426,ohtsuki_yui,4,2659,"[""idolmaster"", ""idolmaster_cinderella_girls""]",大槻唯(偶像大师)
10981,664000,ichihara_nina,4,1838,"[""idolmaster"", ""idolmaster_cinderella_girls""]",市原仁奈(偶像大师灰姑娘女孩)
10982,664082,miyamoto_frederica,4,2189,"[""idolmaster"", ""idolmaster_cinderella_girls""]",宫本芙蕾德莉卡(偶像大师)
10983,663996,jougasaki_rika,4,3268,"[""idolmaster"", ""idolmaster_cinderella_girls""]",城崎莉嘉(偶像大师)
10984,663994,kanzaki_ranko,4,3876,"[""idolmaster"", ""idolmaster_cinderella_girls""]",神崎兰子(偶像大师)
10985,664191,tada_riina,4,1155,"[""idolmaster"", ""idolmaster_cinderella_girls""]",多田梨奈(多田君不恋爱)
10986,664313,moroboshi_kirari,4,1944,"[""idolmaster"", ""idolmaster_cinderella_girls""]",诸星琪拉莉(偶像大师 灰姑娘女孩)
10987,664381,mukai_takumi,4,1043,"[""idolmaster"", ""idolmaster_cinderella_girls""]",向井拓海(偶像大师)
10988,664384,jougasaki_mika,4,4021,"[""idolmaster"", ""idolmaster_cinderella_girls""]",城崎美嘉(偶像大师灰姑娘女孩)
10989,664406,natalia_(idolmaster),4,939,"[""idolmaster"", ""idolmaster_cinderella_girls""]",娜塔莉亚(偶像大师)
10990,664407,himekawa_yuki,4,792,"[""idolmaster"", ""idolmaster_cinderella_girls""]",姬川由纪(偶像大师)
10991,664409,sajo_yukimi,4,1383,"[""idolmaster"", ""idolmaster_cinderella_girls""]",佐城雪美(偶像大师 灰姑娘女孩)
10992,664492,maekawa_miku,4,3108,"[""idolmaster"", ""idolmaster_cinderella_girls""]",前川未来(偶像大师)
10993,664499,hino_akane_(idolmaster),4,864,"[""idolmaster"", ""idolmaster_cinderella_girls""]",日野茜(偶像大师)
10994,664507,aiba_yumi,4,736,"[""idolmaster"", ""idolmaster_cinderella_girls""]",相叶夕美(偶像大师)
10995,664518,kobayakawa_sae,4,1001,"[""idolmaster"", ""idolmaster_cinderella_girls""]",小早川纱枝(偶像大师)
10996,436994,sakurai_momoka,4,3022,"[""idolmaster"", ""idolmaster_cinderella_girls""]",樱井桃华(偶像大师)
10997,665139,shirasaka_koume,4,5044,"[""idolmaster"", ""idolmaster_cinderella_girls""]",白坂小梅(偶像大师灰姑娘女孩)
10998,665166,takagaki_kaede,4,4521,"[""idolmaster"", ""idolmaster_cinderella_girls""]",高垣枫(偶像大师灰姑娘女孩)
10999,665397,koshimizu_sachiko,4,3479,"[""idolmaster"", ""idolmaster_cinderella_girls""]",小清水幸子(偶像大师灰姑娘女孩)
11000,665521,ogata_chieri,4,1087,"[""idolmaster"", ""idolmaster_cinderella_girls""]",尾形千里(偶像大师)
11001,666034,akagi_miria,4,2587,"[""idolmaster"", ""idolmaster_cinderella_girls""]",赤城米莉亚(偶像大师)
11002,666040,takamori_aiko,4,1014,"[""idolmaster"", ""idolmaster_cinderella_girls""]",高森爱子(偶像大师灰姑娘女孩)
11003,727253,hojo_karen,4,1930,"[""idolmaster"", ""idolmaster_cinderella_girls""]",北条加莲(偶像大师 灰姑娘女孩)
11004,664359,tachibana_hibiki_(symphogear),4,2163,["senki_zesshou_symphogear"],立花响(战姬绝唱)
11005,677817,luo_tianyi,4,852,"[""vocaloid"", ""vsinger_(vocaloid)""]",洛天依(Vsinger（VOCALOID）)
11006,668055,kohinata_miku,4,986,["senki_zesshou_symphogear"],小日向未来(偶像大师)
11007,670005,yukine_chris,4,2813,["senki_zesshou_symphogear"],雪音克里斯(战姬绝唱)
11008,1575935,nagatoro_hayase,4,2009,["ijiranaide_nagatoro-san"],长瀞早濑(不要欺负我，长瀞同学)
11009,668312,senkawa_chihiro,4,946,"[""idolmaster"", ""idolmaster_cinderella_girls""]",千川千寻(偶像大师)
11010,1333583,kozakura_marry,4,1286,["kagerou_project"],小樱麻里(偶像大师)
11011,708153,seto_kousuke,4,758,["kagerou_project"],濑户康介(濑户的花嫁)
11012,670056,kuroki_tomoko,4,4423,["watashi_ga_motenai_no_wa_dou_kangaetemo_omaera_ga_warui!"],黑木智子(丧女)
11013,672299,oshino_ougi,4,1380,["monogatari_(series)"],忍野扇(物语系列)
11014,1349627,saitama_(one-punch_man),4,1721,["one-punch_man"],埼玉(一拳超人)
11015,692489,kisaragi_momo,4,673,["kagerou_project"],如月桃(阳炎Project)
11016,701163,kisaragi_shintarou,4,1105,["kagerou_project"],如月伸太郎(目隐都市的演绎者)
11017,672515,abe_nana,4,1444,"[""idolmaster"", ""idolmaster_cinderella_girls""]",安部菜菜(偶像大师灰姑娘女孩)
11018,765367,chrom_(fire_emblem),4,1226,"[""fire_emblem"", ""fire_emblem_awakening""]",库洛姆(火焰纹章)
11019,676594,lulu_(league_of_legends),4,1035,["league_of_legends"],璐璐(英雄联盟)
11020,677075,reiner_braun,4,1555,["shingeki_no_kyojin"],莱纳·布朗(进击的巨人)
11021,679371,dark_pit,4,804,"[""kid_icarus"", ""kid_icarus_uprising""]",黑暗彼特(新·光神话)
11022,781225,lucina_(fire_emblem),4,4796,"[""fire_emblem"", ""fire_emblem_awakening""]",露琪娜(火纹)
11023,778804,nowi_(fire_emblem),4,738,"[""fire_emblem"", ""fire_emblem_awakening""]",诺威(火焰之纹章)
11024,680146,mary_(ib),4,977,["ib_(kouri)"],玛丽(IB)
11025,703634,konoha_(kagerou_project),4,630,["kagerou_project"],Konoha(阳炎Project)
11026,708150,kano_shuuya,4,873,["kagerou_project"],狩野朱(阳炎Project)
11027,902082,tateyama_ayano,4,1583,["kagerou_project"],立山彩乃(阳炎Project)
11028,684942,garry_(ib),4,959,["ib_(kouri)"],加里(IB)
11029,705643,ib_(ib),4,1233,["ib_(kouri)"],Ib(Ib)
11030,1875916,tiki_(adult)_(fire_emblem),4,1154,"[""fire_emblem"", ""fire_emblem_awakening""]",琪姬(成年)(火纹)
11031,717859,nate_(pokemon),4,1424,"[""pokemon"", ""pokemon_bw2""]",Nate(宝可梦)
11032,717860,rosa_(pokemon),4,7499,"[""pokemon"", ""pokemon_bw2""]",斗也(宝可梦)
11033,695974,roxie_(pokemon),4,909,"[""pokemon"", ""pokemon_bw2""]",霍米加(宝可梦)
11034,681655,oikawa_shizuku,4,1427,"[""idolmaster"", ""idolmaster_cinderella_girls""]",及川雫(偶像大师灰姑娘女孩)
11035,681874,shiomi_syuko,4,2007,"[""idolmaster"", ""idolmaster_cinderella_girls""]",盐见周子(偶像大师 灰姑娘女孩)
11036,1886280,robin_(female)_(fire_emblem),4,0,"[""fire_emblem"", ""fire_emblem_awakening""]",罗宾(女)(火焰纹章)
11037,1325863,robin_(fire_emblem),4,15,"[""fire_emblem"", ""fire_emblem_awakening""]",鲁弗莱(火纹)
11038,702015,matoi_(pso2),4,809,"[""phantasy_star"", ""phantasy_star_online_2""]",麻衣(梦幻之星Online2)
11039,1231206,levi_(shingeki_no_kyojin),4,2162,["shingeki_no_kyojin"],利威尔(进击的巨人)
11040,746341,tharja_(fire_emblem),4,1652,"[""fire_emblem"", ""fire_emblem_awakening""]",撒拉(火焰纹章)
11041,1886282,robin_(male)_(fire_emblem),4,0,"[""fire_emblem"", ""fire_emblem_awakening""]",鲁弗莱(男)(火纹)
11042,687394,nitta_minami,4,3629,"[""idolmaster"", ""idolmaster_cinderella_girls""]",新田美波(偶像大师)
11043,699794,nanami_chiaki,4,11639,"[""danganronpa_(series)"", ""danganronpa_2:_goodbye_despair""]",七海千秋(弹丸论破)
11044,692749,mai_natsume,4,628,["blazblue"],枣麻衣(苍翼默示录)
11045,695285,sakuma_mayu,4,1807,"[""idolmaster"", ""idolmaster_cinderella_girls""]",佐久间麻由(偶像大师灰姑娘女孩)
11046,1515913,reines_el-melloi_archisorte,4,1296,["fate_(series)"],莱妮丝·埃尔梅罗·阿奇佐尔缇(Fate)
11047,1478568,merlin_(fate),4,1537,"[""fate/grand_order"", ""fate_(series)""]",梅林(Fate)
11048,749754,morgan_(fire_emblem),4,0,"[""fire_emblem"", ""fire_emblem_awakening""]",摩根(火焰之纹章)
11049,1594498,alice_zuberg,4,1060,"[""sword_art_online"", ""sword_art_online:_alicization""]",爱丽丝·滋贝鲁库(刀剑神域)
11050,1246632,monomi_(danganronpa),4,1564,"[""danganronpa_(series)"", ""danganronpa_2:_goodbye_despair""]",莫诺美(弹丸论破)
11051,700403,akiyama_yukari,4,5117,["girls_und_panzer"],秋山由香里(少女与战车)
11052,700404,isuzu_hana,4,2460,["girls_und_panzer"],五十铃华(少女与战车)
11053,700405,nishizumi_miho,4,9928,["girls_und_panzer"],西住美穗(少女与战车)
11054,700406,reizei_mako,4,3117,["girls_und_panzer"],丽泽·真子(少女与战车)
11055,700407,takebe_saori,4,3931,["girls_und_panzer"],武部沙织(少女与战车)
11056,700408,saionji_hiyoko,4,1011,"[""danganronpa_(series)"", ""danganronpa_2:_goodbye_despair""]",西园寺日寄子(弹丸论破2：再见绝望)
11057,700409,tsumiki_mikan,4,2559,"[""danganronpa_(series)"", ""danganronpa_2:_goodbye_despair""]",摘希美柑(一起一起这里那里)
11058,701140,komaeda_nagito,4,6652,"[""danganronpa_(series)"", ""danganronpa_2:_goodbye_despair""]",狛枝凪斗(弹丸论破)
11059,700933,hayami_kanade,4,2901,"[""idolmaster"", ""idolmaster_cinderella_girls""]",速水奏(偶像大师)
11060,1284579,bertolt_hoover,4,747,["shingeki_no_kyojin"],贝特霍尔德·胡佛(进击的巨人)
11061,701313,dekomori_sanae,4,693,["chuunibyou_demo_koi_ga_shitai!"],凸守早苗(中二病也要谈恋爱)
11062,701382,hinata_hajime,4,5951,"[""danganronpa_(series)"", ""danganronpa_2:_goodbye_despair""]",日向创(弹丸论破)
11063,701386,koizumi_mahiru,4,938,"[""danganronpa_(series)"", ""danganronpa_2:_goodbye_despair""]",小泉真昼(弹丸论破2：再见绝望)
11064,1934863,kuzuryu_fuyuhiko,4,693,"[""danganronpa_(series)"", ""danganronpa_2:_goodbye_despair""]",九头龙冬彦(弹丸论破2)
11065,701392,mioda_ibuki,4,1539,"[""danganronpa_(series)"", ""danganronpa_2:_goodbye_despair""]",澪田唯吹(弹丸论破)
11066,701394,pekoyama_peko,4,867,"[""danganronpa_(series)"", ""danganronpa_2:_goodbye_despair""]",边古山佩子(弹丸论破)
11067,1934866,soda_kazuichi,4,921,"[""danganronpa_(series)"", ""danganronpa_2:_goodbye_despair""]",左右田和一(弹丸论破2)
11068,701389,sonia_nevermind,4,1126,"[""danganronpa_(series)"", ""danganronpa_2:_goodbye_despair""]",索尼娅·内弗曼德(弹丸论破)
11069,1934868,tanaka_gundham,4,898,"[""danganronpa_(series)"", ""danganronpa_2:_goodbye_despair""]",田中眼蛇梦(弹丸论破2)
11070,1268464,amuro_tooru,4,832,["meitantei_conan"],安室透(名侦探柯南)
11071,697698,kirigaya_suguha,4,1949,["sword_art_online"],桐谷直叶(刀剑神域)
11072,707037,hoshi_syoko,4,2007,"[""idolmaster"", ""idolmaster_cinderella_girls""]",星笑子(偶像大师)
11073,1124739,angela_balzac,4,884,["rakuen_tsuihou"],安吉拉·巴尔扎克(天使的3P!)
11074,1529378,sakata_kintoki_(fate),4,1037,"[""fate/grand_order"", ""fate_(series)""]",坂田金时(Fate)
11075,628333,yumi_(senran_kagura),4,1453,["senran_kagura"],由美(闪乱神乐)
11076,710980,kadotani_anzu,4,1491,["girls_und_panzer"],角谷杏(少女与战车)
11077,713599,koyama_yuzu,4,891,["girls_und_panzer"],小山柚子(少女与战车)
11078,711467,kamukura_izuru,4,1525,["danganronpa_(series)"],神座出流(弹丸论破)
11079,1238158,villager_(animal_crossing),4,890,["animal_crossing"],村民(动物森友会)
11080,711691,motoori_kosuzu,4,3778,["touhou"],本居小铃(东方)
11081,712140,kawashima_momo,4,1290,["girls_und_panzer"],川岛百百(少女与战车)
11082,712651,isobe_noriko,4,865,["girls_und_panzer"],矶边典子(少女与战车)
11083,712653,kondou_taeko,4,1028,["girls_und_panzer"],近藤妙子(偶像大师)
11084,1372463,darjeeling_(girls_und_panzer),4,6364,["girls_und_panzer"],大吉岭(少女与战车)
11085,1542251,orange_pekoe_(girls_und_panzer),4,2081,["girls_und_panzer"],橙黄白毫(少女与战车)
11086,1281007,erwin_(girls_und_panzer),4,743,["girls_und_panzer"],艾尔文(少女与战车)
11087,713156,hoshimiya_ichigo,4,1539,"[""aikatsu!"", ""aikatsu!_(series)""]",星宫草莓(偶像活动)
11088,713347,katagiri_sanae,4,829,"[""idolmaster"", ""idolmaster_cinderella_girls""]",片桐早苗(偶像大师)
11089,713449,morikubo_nono,4,2327,"[""idolmaster"", ""idolmaster_cinderella_girls""]",森久保乃乃(偶像大师)
11090,633863,tachibana_arisu,4,4282,"[""idolmaster"", ""idolmaster_cinderella_girls""]",橘爱丽丝(偶像大师)
11091,713602,caesar_(girls_und_panzer),4,648,["girls_und_panzer"],凯撒(少女与战车)
11092,713607,sawa_azusa,4,1160,["girls_und_panzer"],泽梓(K-ON!)
11093,713608,yamagou_ayumi,4,692,["girls_und_panzer"],山乡步美(少女与战车)
11094,713610,sakaguchi_karina,4,690,["girls_und_panzer"],坂口佳利奈(少女与战车)
11095,713611,utsugi_yuuki,4,759,["girls_und_panzer"],宇月幸(少女与战车)
11096,1230568,isabelle_(animal_crossing),4,1413,["animal_crossing"],西施惠(动物森友会)
11097,1542249,assam_(girls_und_panzer),4,1404,["girls_und_panzer"],阿萨姆(少女与战车)
11098,713714,kay_(girls_und_panzer),4,3700,["girls_und_panzer"],凯伊(少女与战车)
11099,1281005,naomi_(girls_und_panzer),4,804,["girls_und_panzer"],直美(少女与战车)
11100,890228,alisa_(girls_und_panzer),4,978,["girls_und_panzer"],艾莉莎(少女与战车)
11101,727352,anchovy_(girls_und_panzer),4,5568,["girls_und_panzer"],安丘比(少女与战车)
11102,722007,katyusha_(girls_und_panzer),4,3397,["girls_und_panzer"],喀秋莎(少女与战车)
11103,1183449,nonna_(girls_und_panzer),4,2362,["girls_und_panzer"],农娜(少女与战车)
11104,713720,nishizumi_maho,4,6138,["girls_und_panzer"],西住真穗(少女与战车)
11105,713721,itsumi_erika,4,5921,["girls_und_panzer"],逸见艾丽卡(少女与战车)
11106,1349628,fubuki_(one-punch_man),4,2056,["one-punch_man"],吹雪(一拳超人)
11107,721694,tatsumaki,4,4155,["one-punch_man"],龙卷(一拳超人)
11108,1542254,rukuriri_(girls_und_panzer),4,734,["girls_und_panzer"],鲁克莉莉(少女与战车)
11109,716185,nishizumi_shiho,4,2170,["girls_und_panzer"],西住志穗(少女与战车)
11110,716728,kitashirakawa_tamako,4,1038,["tamako_market"],北白川玉子(玉子市场)
11111,717136,aida_mana,4,2201,"[""dokidoki!_precure"", ""precure""]",爱田真奈(偶像大师)
11112,716715,cure_heart,4,792,"[""dokidoki!_precure"", ""precure""]",爱天使(心跳！光之美少女)
11113,717138,cure_sword,4,723,"[""dokidoki!_precure"", ""precure""]",剑天使(心跳光之美少女)
11114,717140,hishikawa_rikka,4,2581,"[""dokidoki!_precure"", ""precure""]",菱川六花(中二病也要谈恋爱)
11115,717139,kenzaki_makoto,4,1811,"[""dokidoki!_precure"", ""precure""]",剑崎真琴(心跳！光之美少女)
11116,1402355,kagari_atsuko,4,2456,["little_witch_academia"],篝敦子(小魔女学园)
11117,1403111,sucy_manbavaran,4,1173,["little_witch_academia"],苏西·曼巴瓦兰(小魔女学园)
11118,717114,kasumigaoka_utaha,4,916,["saenai_heroine_no_sodatekata"],霞之丘诗羽(路人女主的养成方法)
11119,1432467,morgan_le_fay_(fate),4,4968,"[""fate/grand_order"", ""fate_(series)""]",摩根勒菲(Fate)
11120,1629448,passionlip_(fate),4,1565,["fate_(series)"],热情迷唇(Fate)
11121,717540,yotsuba_alice,4,1029,"[""dokidoki!_precure"", ""precure""]",四叶爱丽丝(碧蓝档案)
11122,717654,kiriya_aoi,4,1218,"[""aikatsu!"", ""aikatsu!_(series)""]",桐谷葵(偶像活动)
11123,717909,vi_(league_of_legends),4,1494,["league_of_legends"],蔚(LOL)
11124,790426,ara_haan,4,875,["elsword"],Ara Haan(艾尔之光)
11125,1629450,meltryllis_(fate),4,4895,"[""fate_(series)"", ""fate/grand_order""]",Meltryllis(Fate)
11126,722867,ymir_(shingeki_no_kyojin),4,1560,["shingeki_no_kyojin"],尤米尔(进击的巨人)
11127,1326283,jeanne_d'arc_(granblue_fantasy),4,672,["granblue_fantasy"],贞德(碧蓝幻想)
11128,1081167,mordred_(fate/apocrypha),4,3577,["fate_(series)"],莫德雷德(Fate/Apocrypha)
11129,1762549,mordred_(memories_at_trifas)_(fate),4,1326,"[""fate_(series)"", ""fate/apocrypha""]",莫德雷德(Fate)
11130,719755,hoshino_(girls_und_panzer),4,811,["girls_und_panzer"],星野(少女与战车)
11131,1361608,boko_(girls_und_panzer),4,2972,["girls_und_panzer"],Boko(少女与战车)
11132,1240058,hange_zoe,4,892,["shingeki_no_kyojin"],韩吉·佐耶(进击的巨人)
11133,1302247,sawamura_spencer_eriri,4,851,["saenai_heroine_no_sodatekata"],泽村·斯宾塞·英梨梨(路人女主的养成方法)
11134,1528887,grima_(fire_emblem),4,0,"[""fire_emblem"", ""fire_emblem_awakening""]",鲁弗莱(邪龙)(火焰纹章)
11135,722479,fennekin,4,1148,["pokemon"],火狐狸(宝可梦)
11136,1236324,serena_(pokemon),4,5178,["pokemon"],莎莉娜(宝可梦)
11137,1252365,calem_(pokemon),4,1679,"[""pokemon"", ""pokemon_xy""]",卡勒姆(宝可梦)
11138,722673,yukimura_aoi,4,791,["yama_no_susume"],雪村葵(向山进发)
11139,724152,anastasia_(idolmaster),4,3341,"[""idolmaster"", ""idolmaster_cinderella_girls""]",安娜斯塔西娅(偶像大师)
11140,1229609,hori_yuko,4,640,"[""idolmaster"", ""idolmaster_cinderella_girls""]",堀优子(偶像大师灰姑娘女孩)
11141,1629332,sieg_(fate),4,1333,"[""fate/apocrypha"", ""fate_(series)""]",齐格(Fate)
11142,726764,sakura_chiyo,4,899,["gekkan_shoujo_nozaki-kun"],佐仓千代(月刊少女野崎君)
11143,788671,bottle_miku,4,705,["vocaloid"],瓶装初音(Vocaloid)
11144,971934,vampy,4,726,"[""granblue_fantasy"", ""shingeki_no_bahamut""]",Vampy(碧蓝航线)
11145,727697,sylveon,4,3014,["pokemon"],仙子伊布(宝可梦)
11146,879608,toyokawa_fuka,4,1088,"[""idolmaster"", ""idolmaster_million_live!""]",丰川风花(偶像大师)
11147,1240694,ruby_rose,4,3421,["rwby"],露比·罗丝(RWBY)
11148,868605,todo_yurika,4,847,"[""aikatsu!"", ""aikatsu!_(series)""]",藤堂尤莉卡(偶像大师 闪耀色彩)
11149,761961,weiss_schnee,4,3331,["rwby"],魏丝·雪倪(RWBY)
11150,893074,nakatani_iku,4,681,"[""idolmaster"", ""idolmaster_million_live!""]",中谷育(偶像大师百万现场！)
11151,893075,suou_momoko,4,1773,"[""idolmaster"", ""idolmaster_million_live!""]",周防桃子(偶像大师)
11152,1237385,akaboshi_koume,4,964,["girls_und_panzer"],赤星小梅(偶像大师)
11153,917621,kousaka_umi,4,736,"[""idolmaster"", ""idolmaster_million_live!""]",高坂海(偶像大师百万现场！)
11154,1489783,carpaccio_(girls_und_panzer),4,1246,["girls_und_panzer"],卡尔帕乔(少女与战车)
11155,1160566,blake_belladonna,4,2211,["rwby"],布蕾克·贝拉多娜(RWBY)
11156,1234829,yang_xiao_long,4,2709,["rwby"],杨小龙(RWBY)
11157,958112,hakozaki_serika,4,1022,"[""idolmaster"", ""idolmaster_million_live!""]",箱崎星梨花(偶像大师)
11158,877404,yokoyama_nao,4,1094,"[""idolmaster"", ""idolmaster_million_live!""]",横山奈绪(偶像大师)
11159,1067206,hayasaka_mirei,4,805,"[""idolmaster"", ""idolmaster_cinderella_girls""]",早坂美玲(偶像大师灰姑娘女孩)
11160,1085943,tokoro_megumi,4,958,"[""idolmaster"", ""idolmaster_million_live!""]",所惠美(偶像大师)
11161,864825,shimabara_elena,4,675,"[""idolmaster"", ""idolmaster_million_live!""]",岛原艾莲娜(偶像大师百万现场！)
11162,1022450,baba_konomi,4,660,"[""idolmaster"", ""idolmaster_million_live!""]",马场木实(偶像大师百万现场！)
11163,1152270,ibuki_tsubasa,4,1137,"[""idolmaster"", ""idolmaster_million_live!""]",伊吹翼(偶像大师)
11164,1177793,katou_megumi,4,1141,["saenai_heroine_no_sodatekata"],加藤惠(路人女主的养成方法)
11165,1629426,mysterious_heroine_x_(fate),4,892,["fate_(series)"],神秘女主角X(Fate)
11166,1452661,hans_christian_andersen_(fate),4,731,"[""fate/grand_order"", ""fate_(series)""]",汉斯·克里斯蒂安·安徒生(Fate/Grand Order)
11167,1226975,diana_cavendish,4,1467,["little_witch_academia"],戴安娜·卡文迪许(小魔女学园)
11168,1165059,hikigaya_hachiman,4,665,["yahari_ore_no_seishun_lovecome_wa_machigatteiru."],比企谷八幡(我的青春恋爱物语果然有问题。)
11169,1227373,sessyoin_kiara,4,2661,"[""fate/grand_order"", ""fate_(series)""]",杀生院祈荒(Fate)
11170,1227600,mochizuki_anna,4,1116,"[""idolmaster"", ""idolmaster_million_live!""]",望月杏奈(偶像大师)
11171,1228013,regina_(dokidoki!_precure),4,781,"[""dokidoki!_precure"", ""precure""]",蕾吉娜(心跳！光之美少女)
11172,1630449,akagi_(kancolle),4,12767,["kantai_collection"],赤城(舰C)
11173,1275715,fubuki_(kancolle),4,11829,["kantai_collection"],吹雪(舰C)
11174,903307,kasuga_mirai,4,911,"[""idolmaster"", ""idolmaster_million_live!""]",春日未来(偶像大师百万现场！)
11175,1229728,kitazawa_shiho,4,1800,"[""idolmaster"", ""idolmaster_million_live!""]",北泽志保(偶像大师百万现场！)
11176,1229730,makabe_mizuki,4,1293,"[""idolmaster"", ""idolmaster_million_live!""]",真壁瑞希(偶像大师 百万现场)
11177,1229733,mogami_shizuka,4,1172,"[""idolmaster"", ""idolmaster_million_live!""]",最上静香(偶像大师百万现场！)
11178,1222099,nanao_yuriko,4,1242,"[""idolmaster"", ""idolmaster_million_live!""]",七尾百合子(偶像大师)
11179,1229736,satake_minako,4,1030,"[""idolmaster"", ""idolmaster_million_live!""]",佐竹美奈子(偶像大师百万现场！)
11180,842024,tanaka_kotoha,4,1038,"[""idolmaster"", ""idolmaster_million_live!""]",田中琴叶(偶像大师百万现场！)
11181,1285741,suzukaze_aoba,4,1076,["new_game!"],凉风青叶(NEW GAME!)
11182,1356746,rean_schwarzer,4,771,"[""eiyuu_densetsu"", ""sen_no_kiseki_(series)""]",黎恩·舒华泽(闪之轨迹)
11183,1233709,hata_no_kokoro,4,7276,["touhou"],秦心(东方)
11184,1270870,tenryuu_(kancolle),4,11798,["kantai_collection"],天龙(舰C)
11185,1631194,mogami_(kancolle),4,2932,["kantai_collection"],最上(舰C)
11186,1631074,kaga_(kancolle),4,21776,["kantai_collection"],加贺(舰C)
11187,1335350,haruna_(kancolle),4,10116,["kantai_collection"],榛名(舰C)
11188,1301082,admiral_(kancolle),4,38246,["kantai_collection"],提督(舰C)
11189,1275729,shimakaze_(kancolle),4,19583,["kantai_collection"],岛风(舰C)
11190,1630996,hiryuu_(kancolle),4,4247,["kantai_collection"],飞龙(舰C)
11191,1250847,junketsu,4,2450,["kill_la_kill"],纯洁(斩服少女)
11192,1231257,kiryuuin_satsuki,4,4935,["kill_la_kill"],鬼龙院皋月(斩服少女)
11193,1231258,matoi_ryuuko,4,8268,["kill_la_kill"],缠流子(斩服少女)
11194,1246753,senketsu,4,5059,["kill_la_kill"],鲜血(斩服少女)
11195,1233706,sekibanki,4,6154,["touhou"],赤蛮奇(东方Project)
11196,1441502,chito_(shoujo_shuumatsu_ryokou),4,1184,["shoujo_shuumatsu_ryokou"],千户(少女终末旅行)
11197,1277652,yuuri_(shoujo_shuumatsu_ryokou),4,1170,["shoujo_shuumatsu_ryokou"],尤莉(少女终末旅行)
11198,1233044,yuuki_haru,4,1622,"[""idolmaster"", ""idolmaster_cinderella_girls""]",结城晴(偶像大师)
11199,1233049,sagisawa_fumika,4,4487,"[""idolmaster"", ""idolmaster_cinderella_girls""]",鷺泽文香(偶像大师灰姑娘女孩)
11200,1233620,super_pochaco,4,661,["nitroplus"],超级帕恰子(Nitroplus)
11201,1275734,yukikaze_(kancolle),4,7192,["kantai_collection"],雪风(舰队Collection)
11202,1233711,imaizumi_kagerou,4,9232,["touhou"],今泉影狼(东方)
11203,1233712,wakasagihime,4,4556,["touhou"],若鹭姬(东方)
11204,1307612,nishi_kinuyo,4,1703,["girls_und_panzer"],西衣代(少女与战车)
11205,1631410,tatsuta_(kancolle),4,5570,["kantai_collection"],龙田(舰C)
11206,1507496,takao_(kancolle),4,5402,["kantai_collection"],高雄(舰C)
11207,1630645,fairy_(kancolle),4,3633,["kantai_collection"],妖精(舰队Collection)
11208,1361469,mutsu_(kancolle),4,5769,["kantai_collection"],陆奥(舰C)
11209,1507493,maya_(kancolle),4,3432,["kantai_collection"],摩耶(舰队Collection)
11210,1452675,achilles_(fate),4,936,["fate_(series)"],阿喀琉斯(Fate)
11211,1285206,atago_(kancolle),4,6986,["kantai_collection"],爱宕(舰队Collection)
11212,731293,nakiri_erina,4,1092,["shokugeki_no_souma"],薙切绘里奈(食戟之灵)
11213,1631124,kitakami_(kancolle),4,6330,["kantai_collection"],北上(舰C)
11214,1631252,ooi_(kancolle),4,5391,["kantai_collection"],大井(舰C)
11215,1350122,kongou_(kancolle),4,13793,["kantai_collection"],金刚(舰C)
11216,1630695,haguro_(kancolle),4,2496,["kantai_collection"],羽黑(舰C)
11217,1239690,rensouhou-chan,4,6152,["kantai_collection"],连装炮酱(舰C)
11218,1631219,nagato_(kancolle),4,9712,["kantai_collection"],长门(舰C)
11219,1275711,akatsuki_(kancolle),4,10489,["kantai_collection"],晓(舰C)
11220,1275719,ikazuchi_(kancolle),4,11184,["kantai_collection"],雷(舰C)
11221,1631373,suzukaze_(kancolle),4,1833,["kantai_collection"],凉风(舰C)
11222,1275723,murakumo_(kancolle),4,7427,["kantai_collection"],丛云(舰队Collection)
11223,1631456,ushio_(kancolle),4,7235,["kantai_collection"],潮(舰队Collection)
11224,1630673,fusou_(kancolle),4,3080,["kantai_collection"],扶桑(舰C)
11225,1631484,yamashiro_(kancolle),4,4970,["kantai_collection"],山城(舰队Collection)
11226,1346345,takimoto_hifumi,4,782,["new_game!"],泷本日富美(NEW GAME!)
11227,1631054,isuzu_(kancolle),4,1721,["kantai_collection"],五十铃(舰C)
11228,1631502,yuubari_(kancolle),4,4370,["kantai_collection"],夕张(舰队Collection)
11229,1631521,zuihou_(kancolle),4,3868,["kantai_collection"],瑞凤(舰队Collection)
11230,1237658,error_musume,4,714,["kantai_collection"],错误娘(舰C)
11231,1631280,ryuujou_(kancolle),4,8733,["kantai_collection"],龙骧(舰C)
11232,1631071,jun'you_(kancolle),4,2072,["kantai_collection"],隼鹰(舰C)
11233,1630667,fumizuki_(kancolle),4,1246,["kantai_collection"],文月(舰C)
11234,1275720,inazuma_(kancolle),4,13296,["kantai_collection"],电(舰C)
11235,1333552,kirishima_(kancolle),4,4613,["kantai_collection"],雾岛(舰队Collection)
11236,1631145,little_boy_admiral_(kancolle),4,1446,["kantai_collection"],少年提督(舰C)
11237,1631358,shouhou_(kancolle),4,1430,["kantai_collection"],祥凤(舰C)
11238,1631402,tama_(kancolle),4,1852,["kantai_collection"],多摩(舰C)
11239,1630542,choukai_(kancolle),4,2006,["kantai_collection"],鸟海(舰队Collection)
11240,1631180,mikuma_(kancolle),4,1313,["kantai_collection"],三隈(舰C)
11241,1248945,wo-class_aircraft_carrier,4,4637,["kantai_collection"],Wo级空母(舰队Collection)
11242,1631188,miyuki_(kancolle),4,2259,["kantai_collection"],深雪(舰C)
11243,1631523,zuikaku_(kancolle),4,10521,["kantai_collection"],瑞鹤(舰C)
11244,1631208,myoukou_(kancolle),4,1780,["kantai_collection"],妙高(舰C)
11245,1261730,elesis_(elsword),4,963,["elsword"],艾索德(艾尔之光)
11246,1631066,jintsuu_(kancolle),4,2815,["kantai_collection"],神通(舰C)
11247,1327418,maria_cadenzavna_eve,4,1250,["senki_zesshou_symphogear"],玛丽亚·卡登扎夫娜·伊芙(碧蓝航线)
11248,1631088,kako_(kancolle),4,1216,["kantai_collection"],加古(舰C)
11249,1239070,akatsuki_kirika,4,2126,["senki_zesshou_symphogear"],晓切歌(战姬绝唱)
11250,1239071,tsukuyomi_shirabe,4,1353,["senki_zesshou_symphogear"],月读调(战姬绝唱)
11251,1630992,hiei_(kancolle),4,4810,["kantai_collection"],比叡(舰队Collection)
11252,1253671,gamagoori_ira,4,1588,["kill_la_kill"],锖兔(斩服少女)
11253,1239636,inumuta_houka,4,844,["kill_la_kill"],犬牟田宝火(斩服少女)
11254,1241333,sanageyama_uzu,4,1048,["kill_la_kill"],猿投山涡(斩服少女)
11255,1631225,nagatsuki_(kancolle),4,1978,["kantai_collection"],长月(舰C)
11256,1275727,samidare_(kancolle),4,4987,["kantai_collection"],五月雨(舰队Collection)
11257,1735238,kitakami_kai_ni_(kancolle),4,1140,["kantai_collection"],北上改二(舰C)
11258,1735239,ooi_kai_ni_(kancolle),4,934,["kantai_collection"],大井改二(舰C)
11259,1275716,hatsuharu_(kancolle),4,973,["kantai_collection"],初春(舰队Collection)
11260,1275721,kuroshio_(kancolle),4,1946,["kantai_collection"],黑潮(舰C)
11261,1631211,nachi_(kancolle),4,2048,["kantai_collection"],那智(舰队Collection)
11262,1631134,kuma_(kancolle),4,3080,["kantai_collection"],球磨(舰C)
11263,1255756,t-head_admiral,4,2463,["kantai_collection"],提督(舰队Collection)
11264,1631121,kiso_(kancolle),4,4269,["kantai_collection"],木曾(舰C)
11265,1240487,yusa_kozue,4,1299,"[""idolmaster"", ""idolmaster_cinderella_girls""]",游佐梢(偶像大师)
11266,1275717,hatsuyuki_(kancolle),4,2795,["kantai_collection"],初雪(舰C)
11267,1631004,houshou_(kancolle),4,8078,["kantai_collection"],凤翔(舰队Collection)
11268,1631257,ooyodo_(kancolle),4,6431,["kantai_collection"],大淀(舰C)
11269,1630538,chitose_(kancolle),4,1241,["kantai_collection"],千岁(舰C)
11270,1631228,naka_(kancolle),4,3775,["kantai_collection"],那珂(舰队Collection)
11271,1631357,shirayuki_(kancolle),4,1899,["kantai_collection"],白雪(舰C)
11272,1275718,hibiki_(kancolle),4,17312,["kantai_collection"],响(舰C)
11273,1631313,sendai_(kancolle),4,5389,["kantai_collection"],川内(舰C)
11274,1631360,shoukaku_(kancolle),4,6813,["kantai_collection"],翔鹤(舰C)
11275,1630671,furutaka_(kancolle),4,1701,["kantai_collection"],古鹰(舰C)
11276,1631235,nenohi_(kancolle),4,909,["kantai_collection"],子日(舰C)
11277,2180391,reg_(made_in_abyss),4,888,["made_in_abyss"],雷格(来自深渊)
11278,1630519,ashigara_(kancolle),4,2975,["kantai_collection"],足柄(舰C)
11279,1630540,chiyoda_(kancolle),4,938,["kantai_collection"],千代田(舰C)
11280,1631081,kagerou_(kancolle),4,2906,["kantai_collection"],阳炎(舰C)
11281,1275730,shiranui_(kancolle),4,5179,["kantai_collection"],不知火(舰C)
11282,1630559,enemy_aircraft_(kancolle),4,1490,["kantai_collection"],敌机(舰C)
11283,1631303,satsuki_(kancolle),4,2929,["kantai_collection"],皋月(舰C)
11284,1631010,hyuuga_(kancolle),4,2843,["kantai_collection"],日向(舰C)
11285,1630999,hiyou_(kancolle),4,900,["kantai_collection"],飞鹰(舰C)
11286,1630210,abukuma_(kancolle),4,2303,["kantai_collection"],阿武隈(舰C)
11287,1242336,ru-class_battleship,4,1168,["kantai_collection"],Ru级战舰(舰C)
11288,1258989,failure_penguin,4,1438,["kantai_collection"],失败企鹅(宝可梦)
11289,1303902,miss_cloud,4,985,["kantai_collection"],云小姐(明日方舟)
11290,1631305,sazanami_(kancolle),4,5166,["kantai_collection"],狭雾(舰C)
11291,1242334,ta-class_battleship,4,1191,["kantai_collection"],Ta级战舰(舰C)
11292,1242338,chi-class_torpedo_cruiser,4,634,["kantai_collection"],千级鱼雷巡洋舰(舰C)
11293,1631255,ooshio_(kancolle),4,1335,["kantai_collection"],大潮(舰C)
11294,1631112,kinugasa_(kancolle),4,2221,["kantai_collection"],衣笠(舰队Collection)
11295,1631154,maikaze_(kancolle),4,1336,["kantai_collection"],舞风(舰C)
11296,1251357,diamond_(houseki_no_kuni),4,689,["houseki_no_kuni"],钻石(宝石之国)
11297,1631016,i-168_(kancolle),4,2241,["kantai_collection"],伊168(舰C)
11298,1630499,arashio_(kancolle),4,1852,["kantai_collection"],荒潮(舰队Collection)
11299,1275728,shigure_(kancolle),4,16995,["kantai_collection"],时雨(舰C)
11300,1630648,female_admiral_(kancolle),4,5521,["kantai_collection"],女提督(舰C)
11301,1631161,mamiya_(kancolle),4,1690,["kantai_collection"],间宫(舰C)
11302,1631308,souryuu_(kancolle),4,5128,["kantai_collection"],苍龙(舰C)
11303,1245442,i-class_destroyer,4,1615,["kantai_collection"],I级驱逐舰(舰C)
11304,1631030,i-58_(kancolle),4,3323,["kantai_collection"],伊58(舰C)
11305,1631174,michishio_(kancolle),4,2729,["kantai_collection"],道潮(舰C)
11306,1631488,yamato_(kancolle),4,7186,["kantai_collection"],大和(舰C)
11307,1243757,sukuna_shinmyoumaru,4,5337,["touhou"],少名针妙丸(东方)
11308,1245116,ri-class_heavy_cruiser,4,773,["kantai_collection"],Ri级重巡洋舰(舰C)
11309,1243348,dedenne,4,872,["pokemon"],咚咚鼠(宝可梦)
11310,1631433,tone_(kancolle),4,2308,["kantai_collection"],利根(舰C)
11311,1631333,shikinami_(kancolle),4,2449,["kantai_collection"],敷波(舰C)
11312,1438816,okita_souji_(fate),4,7417,"[""fate/grand_order"", ""fate_(series)""]",冲田总司(Fate)
11313,1734279,okita_souji_(koha-ace),4,5288,["fate_(series)"],冲田总司(琥珀ACE)
11314,1249877,iori_rinko,4,808,"[""gundam"", ""gundam_build_fighters""]",伊织凛子(偶像大师)
11315,1631046,ise_(kancolle),4,2130,["kantai_collection"],伊势(舰C)
11316,1243753,tsukumo_benben,4,1710,["touhou"],九十九弁弁(东方)
11317,1243755,kijin_seija,4,6117,["touhou"],鬼人正邪(东方Project)
11318,1243759,horikawa_raiko,4,2061,["touhou"],堀川雷鼓(东方Project)
11319,1243761,tsukumo_yatsuhashi,4,1278,["touhou"],九十九八桥(偶像大师 灰姑娘女孩)
11320,1380244,kumano_(kancolle),4,3037,["kantai_collection"],熊野(舰C)
11321,1275726,oboro_(kancolle),4,3234,["kantai_collection"],胧(舰C)
11322,1275714,arare_(kancolle),4,910,["kantai_collection"],霰(舰C)
11323,1275724,murasame_(kancolle),4,3689,["kantai_collection"],村雨(舰队Collection)
11324,1279297,yura_(kancolle),4,2577,["kantai_collection"],由良(舰C)
11325,1630536,chikuma_(kancolle),4,1232,["kantai_collection"],筑摩(舰C)
11326,1631098,kasumi_(kancolle),4,4985,["kantai_collection"],霞(舰队Collection)
11327,1631052,isonami_(kancolle),4,1606,["kantai_collection"],矶波(舰C)
11328,1378250,i-19_(kancolle),4,3565,["kantai_collection"],伊19(舰队Collection)
11329,1380245,suzuya_(kancolle),4,9027,["kantai_collection"],铃谷(舰C)
11330,1630515,asashio_(kancolle),4,5964,["kantai_collection"],朝潮(舰C)
11331,1293664,musashi_(kancolle),4,5446,["kantai_collection"],武藏(舰C)
11332,1205702,kirishima_touka,4,1008,["tokyo_ghoul"],雾岛董香(东京喰种)
11333,1245433,pyrrha_nikos,4,695,["rwby"],皮拉·尼可丝(RWBY)
11334,1631206,mutsuki_(kancolle),4,2503,["kantai_collection"],睦月(舰C)
11335,1631116,kisaragi_(kancolle),4,2309,["kantai_collection"],如月(舰C)
11336,1631108,kikuzuki_(kancolle),4,800,["kantai_collection"],菊月(舰C)
11337,1814893,magical_mirai_miku,4,2072,"[""magical_mirai_(vocaloid)"", ""vocaloid""]",魔法未来未来(Vocaloid)
11338,1631192,mochizuki_(kancolle),4,1167,["kantai_collection"],望月(舰队Collection)
11339,1271042,kiana_kaslana,4,5905,"[""honkai_(series)"", ""honkai_impact_3rd""]",琪亚娜·卡斯兰娜(崩坏3)
11340,1447375,tamamo_cat_(fate),4,2617,"[""fate/grand_order"", ""fate_(series)""]",玉藻猫(Fate)
11341,1246021,momoe_nagisa,4,1305,"[""mahou_shoujo_madoka_magica"", ""mahou_shoujo_madoka_magica:_hangyaku_no_monogatari""]",百江渚(魔法少女小圆)
11342,1631231,natori_(kancolle),4,819,["kantai_collection"],名取(舰C)
11343,1275712,akebono_(kancolle),4,6744,["kantai_collection"],曙(舰C)
11344,1246772,mankanshoku_mako,4,2962,["kill_la_kill"],满舰饰真子(KILL la KILL)
11345,1246940,matoba_risa,4,1552,"[""idolmaster"", ""idolmaster_cinderella_girls""]",的场梨沙(偶像大师灰姑娘女孩)
11346,1342225,verniy_(kancolle),4,4616,["kantai_collection"],Верный(舰队Collection)
11347,1251354,phosphophyllite,4,2467,["houseki_no_kuni"],磷叶石(宝石之国)
11348,1247199,braixen,4,1536,["pokemon"],长尾火狐(宝可梦)
11349,1631178,mikazuki_(kancolle),4,963,["kantai_collection"],三日月(舰C)
11350,1630489,aoba_(kancolle),4,3096,["kantai_collection"],青叶(舰C)
11351,1631216,nagara_(kancolle),4,830,["kantai_collection"],长良(舰C)
11352,1630529,ayanami_(kancolle),4,1874,["kantai_collection"],绫波(舰C)
11353,1630715,hatsukaze_(kancolle),4,1291,["kantai_collection"],初风(舰C)
11354,1631110,kinu_(kancolle),4,989,["kantai_collection"],鬼怒(舰C)
11355,1766156,astolfo_(sailor_paladin)_(fate),4,1207,"[""fate/grand_order"", ""fate_(series)""]",阿斯托尔福(圣骑士)(Fate)
11356,1350743,aqua_(konosuba),4,5875,["kono_subarashii_sekai_ni_shukufuku_wo!"],阿克娅(为美好的世界献上祝福)
11357,1255499,satou_kazuma,4,3023,["kono_subarashii_sekai_ni_shukufuku_wo!"],佐藤和真(为美好的世界献上祝福!)
11358,1437936,shimakaze-kun,4,666,["kantai_collection"],岛风君(舰C)
11359,1248475,jinx_(league_of_legends),4,3078,["league_of_legends"],金克丝(英雄联盟)
11360,1275731,shiratsuyu_(kancolle),4,2930,["kantai_collection"],白露(舰C)
11361,1631504,yuudachi_(kancolle),4,11902,["kantai_collection"],夕立(舰C)
11362,1631470,wakaba_(kancolle),4,677,["kantai_collection"],若叶(舰C)
11363,1249308,greninja,4,1032,["pokemon"],甲贺忍蛙(宝可梦)
11364,1639135,yuudachi_kai_ni_(kancolle),4,9721,["kantai_collection"],夕立改二(舰队Collection)
11365,1639101,naka_kai_ni_(kancolle),4,989,["kantai_collection"],那珂改二(舰C)
11366,1630717,hatsushimo_(kancolle),4,1247,["kantai_collection"],初霜(舰C)
11367,1631239,non-human_admiral_(kancolle),4,2822,["kantai_collection"],非人提督(舰C)
11368,1250255,goomy,4,939,["pokemon"],黏黏宝(宝可梦)
11369,1251661,mega_gardevoir,4,2645,["pokemon"],超级沙奈朵(宝可梦)
11370,1631510,yuugumo_(kancolle),4,2164,["kantai_collection"],夕云(舰C)
11371,1250855,hex_maniac_(pokemon),4,3563,"[""pokemon"", ""pokemon_xy""]",超能力者(宝可梦)
11372,1762593,kirisawa_juuzou_(character),4,704,["kantai_collection"],桐泽重藏(角色)
11373,1541815,rabbit_yukine,4,1530,["vocaloid"],兔雪音(东方Project)
11374,1275722,makigumo_(kancolle),4,2222,["kantai_collection"],卷云(舰C)
11375,1639113,shigure_kai_ni_(kancolle),4,11327,["kantai_collection"],时雨改二(舰C)
11376,1356607,chomusuke,4,917,["kono_subarashii_sekai_ni_shukufuku_wo!"],智乃(为美好的世界献上祝福！)
11377,1287532,megumin,4,9258,["kono_subarashii_sekai_ni_shukufuku_wo!"],惠惠(为美好的世界献上祝福！)
11378,1351075,yunyun_(konosuba),4,1423,["kono_subarashii_sekai_ni_shukufuku_wo!"],芸芸(为美好的世界献上祝福！)
11379,1252196,akuma_homura,4,2584,"[""mahou_shoujo_madoka_magica"", ""mahou_shoujo_madoka_magica:_hangyaku_no_monogatari""]",恶魔焰(小圆)
11380,1399945,tanya_degurechaff,4,1064,["youjo_senki"],谭雅·冯·提古雷查夫(幼女战记)
11381,1275713,akigumo_(kancolle),4,3388,["kantai_collection"],秋云(舰C)
11382,1350123,akashi_(kancolle),4,5319,["kantai_collection"],明石(舰C)
11383,1631244,noshiro_(kancolle),4,2053,["kantai_collection"],能代(舰C)
11384,1630445,agano_(kancolle),4,1742,["kantai_collection"],阿贺野(舰C)
11385,1373495,airfield_princess,4,986,["kantai_collection"],空母栖姬(舰队Collection)
11386,1732814,kongou_kai_ni_(kancolle),4,2007,["kantai_collection"],金刚改二(舰C)
11387,1631032,i-8_(kancolle),4,2317,["kantai_collection"],伊8(舰C)
11388,1585360,battleship_princess,4,2075,["kantai_collection"],战舰栖姬(舰C)
11389,1254335,marie_rose,4,1102,["dead_or_alive"],玛丽·萝丝(死或生)
11390,1334378,albedo_(overlord),4,1379,["overlord_(maruyama)"],雅儿贝德(Overlord)
11391,1631023,i-401_(kancolle),4,3071,["kantai_collection"],伊401(舰C)
11392,1631478,yahagi_(kancolle),4,2675,["kantai_collection"],矢矧(舰C)
11393,1275725,naganami_(kancolle),4,3994,["kantai_collection"],长波(舰队Collection)
11394,1631090,kamikaze_(kancolle),4,2298,["kantai_collection"],神风(舰C)
11395,1257904,aino_megumi,4,974,"[""happinesscharge_precure!"", ""precure""]",相野芽久美(偶像大师)
11396,1255892,cure_lovely,4,685,"[""happinesscharge_precure!"", ""precure""]",可爱天使(心跳光之美少女)
11397,1257905,shirayuki_hime,4,1045,"[""happinesscharge_precure!"", ""precure""]",白雪公主(童话)
11398,1331206,kawakami_mai,4,699,["musaigen_no_phantom_world"],川上麻衣(无彩限的幻影世界)
11399,1257062,pepperoni_(girls_und_panzer),4,1932,["girls_und_panzer"],佩帕罗尼(少女与战车)
11400,1259432,oomori_yuuko,4,869,"[""happinesscharge_precure!"", ""precure""]",大森祐子(Happiness Charge 光之美少女！)
11401,1639085,kinugasa_kai_ni_(kancolle),4,960,["kantai_collection"],衣笠改二(舰C)
11402,1257345,harime_nui,4,837,["kill_la_kill"],针目缝(斩服少女)
11403,1639088,kiso_kai_ni_(kancolle),4,1416,["kantai_collection"],木曾改二(舰C)
11404,1257848,hoshimiya_kate,4,685,["sekai_seifuku:_bouryaku_no_zvezda"],星宫凯特(世界征服～谋略之星～)
11405,1257906,elsa_(frozen),4,1714,["frozen_(disney)"],艾莎(冰雪奇缘)
11406,1258956,anna_(frozen),4,1072,["frozen_(disney)"],安娜(冰雪奇缘)
11407,1258306,ninomiya_asuka,4,1539,"[""idolmaster"", ""idolmaster_cinderella_girls""]",二宫飞鸟(偶像大师)
11408,1631389,taihou_(kancolle),4,3176,["kantai_collection"],大凤(舰C)
11409,1631163,maru-yu_(kancolle),4,1945,["kantai_collection"],丸优(舰C)
11410,1630472,akitsu_maru_(kancolle),4,2640,["kantai_collection"],秋津丸(舰C)
11411,1630639,enemy_naval_mine_(kancolle),4,960,["kantai_collection"],敌方水雷(舰队Collection)
11412,1639043,akitsu_maru_kai_(kancolle),4,1165,["kantai_collection"],秋津丸改(舰C)
11413,1262414,izumi_sagiri,4,2951,["eromanga_sensei"],和泉纱雾(埃罗芒阿老师)
11414,1293670,yamada_elf,4,822,["eromanga_sensei"],山田妖精(埃罗芒阿老师)
11415,1639075,jintsuu_kai_ni_(kancolle),4,1344,["kantai_collection"],神通改二(舰C)
11416,1639112,sendai_kai_ni_(kancolle),4,2725,["kantai_collection"],川内改二(舰队Collection)
11417,1275732,uzuki_(kancolle),4,2955,["kantai_collection"],卯月(舰C)
11418,1631495,yayoi_(kancolle),4,1868,["kantai_collection"],弥生(舰C)
11419,1266581,ramlethal_valentine,4,2015,["guilty_gear"],拉姆蕾萨尔·瓦伦泰(罪恶装备)
11420,1265245,ichinose_shiki,4,3810,"[""idolmaster"", ""idolmaster_cinderella_girls""]",一之濑志希(偶像大师)
11421,1265247,sato_shin,4,960,"[""idolmaster"", ""idolmaster_cinderella_girls""]",佐藤心(偶像大师)
11422,1350741,darkness_(konosuba),4,3052,["kono_subarashii_sekai_ni_shukufuku_wo!"],达克妮丝(为美好的世界献上祝福！)
11423,1631514,z1_leberecht_maass_(kancolle),4,3210,["kantai_collection"],Z1·莱伯雷希特·马斯(舰C)
11424,1267920,re-class_battleship,4,2320,["kantai_collection"],Re级战舰(舰C)
11425,1630531,bismarck_(kancolle),4,5359,["kantai_collection"],俾斯麦(舰C)
11426,1631516,z3_max_schultz_(kancolle),4,3163,["kantai_collection"],Z3·马克斯·舒尔茨(舰C)
11427,1277829,sento_isuzu,4,1256,["amagi_brilliant_park"],千斗五十铃(甘城光辉游乐园)
11428,1630699,hamakaze_(kancolle),4,10456,["kantai_collection"],滨风(舰C)
11429,2027090,ozora_akari,4,671,"[""aikatsu!"", ""aikatsu!_(series)""]",大空明里(偶像活动)
11430,1270627,jouga_maya,4,967,["gochuumon_wa_usagi_desu_ka?"],城ヶ崎真耶(偶像大师)
11431,1270628,natsu_megumi,4,938,["gochuumon_wa_usagi_desu_ka?"],夏目惠(请问您今天要来点兔子吗？)
11432,1271044,raiden_mei,4,4541,"[""honkai_(series)"", ""honkai_impact_3rd""]",雷电芽衣(崩坏3)
11433,1315625,adult_neptune,4,695,["neptune_(series)"],成年涅普缇努(海王星系列)
11434,1277794,amatsukaze_(kancolle),4,7514,["kantai_collection"],天津风(舰队Collection)
11435,1414455,houlen_yabusame,4,757,["len'en"],凤莲箭印(连缘)
11436,1271798,enraku_tsubakura,4,883,["len'en"],椿燕楽(连缘)
11437,1273262,rensouhou-kun,4,1628,["kantai_collection"],连装炮君(舰C)
11438,1585359,seaport_princess,4,3568,["kantai_collection"],港湾栖姬(舰队Collection)
11439,1311951,kamio_reiji_(yua),4,635,["kantai_collection"],神尾玲司(舰C)
11440,1639125,tone_kai_ni_(kancolle),4,877,["kantai_collection"],利根改二(舰C)
11441,1272430,isolated_island_oni,4,709,["kantai_collection"],孤岛鬼(舰C)
11442,1631293,sakawa_(kancolle),4,918,["kantai_collection"],佐川(舰C)
11443,1631405,tanikaze_(kancolle),4,920,["kantai_collection"],谷风(舰队Collection)
11444,1272916,kageyama_shigeo,4,1568,["mob_psycho_100"],影山茂夫(灵能百分百)
11445,1400058,satanichia_kurumizawa_mcdowell,4,771,["gabriel_dropout"],萨塔妮亚·库鲁米泽瓦·麦克道威尔(珈百璃的堕落)
11446,1274988,jibril_(no_game_no_life),4,686,["no_game_no_life"],吉普莉尔(游戏人生)
11447,1421778,osaka_shizuku,4,2343,"[""love_live!"", ""love_live!_nijigasaki_high_school_idol_club""]",大阪雫(Love Live! 虹咲学园学园偶像同好会)
11448,1596744,benikurage_(cookie),4,786,"[""cookie_(touhou)"", ""touhou""]",红水母(琪露诺)
11449,1631452,urakaze_(kancolle),4,2897,["kantai_collection"],浦风(舰C)
11450,1276129,hiiragi_yuzu,4,679,"[""yu-gi-oh!"", ""yu-gi-oh!_arc-v""]",柊柚子(游戏王ARC-V)
11451,1438309,ozymandias_(fate),4,698,"[""fate_(series)"", ""fate/grand_order""]",奥斯曼狄斯(Fate/Grand Order)
11452,1277760,igarashi_kyou_(eroe),4,696,["seitenkango._shinyuu_to"],五十岚京(青天汉化组)
11453,1276392,otokura_yuuki,4,1003,"[""idolmaster"", ""idolmaster_cinderella_girls""]",音仓优希(偶像大师)
11454,1276394,yorita_yoshino,4,808,"[""idolmaster"", ""idolmaster_cinderella_girls""]",依田芳乃(偶像大师)
11455,1409154,tohru_(maidragon),4,1973,["kobayashi-san_chi_no_maidragon"],托尔(小林家的龙女仆)
11456,1631385,taigei_(kancolle),4,2620,["kantai_collection"],大鲸(舰C)
11457,1631278,ryuuhou_(kancolle),4,635,["kantai_collection"],龍鳳(舰C)
11458,1359289,galko,4,708,["oshiete!_galko-chan"],辣妹子(告诉我！辣妹子酱)
11459,1277846,isshiki_iroha,4,1184,["yahari_ore_no_seishun_lovecome_wa_machigatteiru."],一色伊吕波(我的青春恋爱物语果然有问题。)
11460,1511608,inkling_girl,4,12531,["splatoon_(series)"],鱿型女孩(喷射战士)
11461,2075918,inkling_player_character,4,14724,["splatoon_(series)"],鱿型玩家角色(喷射战士)
11462,1278330,kaizuka_inaho,4,640,["aldnoah.zero"],界塚伊奈帆(ALDNOAH.ZERO)
11463,1310847,hunter_(bloodborne),4,1139,["bloodborne"],猎人(血源诅咒)
11464,1311294,gran_(granblue_fantasy),4,2666,["granblue_fantasy"],古兰(碧蓝幻想)
11465,2022005,manaka_laala,4,1453,"[""pretty_series"", ""pripara""]",真中啦啦(偶像活动)
11466,1280966,kaneki_ken,4,1401,["tokyo_ghoul"],金木研(东京喰种)
11467,1281721,slaine_troyard,4,1109,["aldnoah.zero"],斯雷因·特洛耶特(ALDNOAH.ZERO)
11468,1282191,hoshino_fumina,4,1337,"[""gundam"", ""gundam_build_fighters"", ""gundam_build_fighters_try""]",星野文奈(高达创战者)
11469,1350019,rudeus_greyrat,4,845,["mushoku_tensei"],魯迪烏斯·格雷拉特(无职转生)
11470,1639062,haruna_kai_ni_(kancolle),4,1771,["kantai_collection"],榛名改二(舰C)
11471,1283598,bronya_zaychik,4,4196,"[""honkai_(series)"", ""honkai_impact_3rd""]",布洛妮娅·扎伊切克(崩坏3)
11472,1490217,homu_(honkai_impact),4,1211,"[""honkai_(series)"", ""honkai_impact_3rd""]",吼姆(崩坏3)
11473,1414209,mash_kyrielight,4,18698,"[""fate/grand_order"", ""fate_(series)""]",玛修·基列莱特(Fate)
11474,2252274,mash_kyrielight_(demi-servant),4,3401,"[""fate/grand_order"", ""fate_(series)""]",瑪修·基列萊特（亞從者）
11475,1333463,beatrice_(re:zero),4,1127,["re:zero_kara_hajimeru_isekai_seikatsu"],碧翠丝(Re:从零开始的异世界生活)
11476,1333466,emilia_(re:zero),4,3932,["re:zero_kara_hajimeru_isekai_seikatsu"],爱蜜莉雅(Re:从零开始的异世界生活)
11477,1333601,ram_(re:zero),4,2966,["re:zero_kara_hajimeru_isekai_seikatsu"],拉姆(Re:从零开始的异世界生活)
11478,1333465,rem_(re:zero),4,9424,["re:zero_kara_hajimeru_isekai_seikatsu"],蕾姆(Re:从零开始的异世界生活)
11479,1452668,hassan_of_serenity_(fate),4,2146,["fate_(series)"],静谧的哈桑(Fate)
11480,1585358,northern_ocean_princess,4,6725,["kantai_collection"],北方栖姬(舰队Collection)
11481,1385142,isokaze_(kancolle),4,2770,["kantai_collection"],矶风(舰C)
11482,1630708,harusame_(kancolle),4,2707,["kantai_collection"],春雨(舰C)
11483,1429424,tokitsukaze_(kancolle),4,3118,["kantai_collection"],时津风(舰C)
11484,1631447,unryuu_(kancolle),4,2741,["kantai_collection"],云龙(舰C)
11485,1631126,kiyoshimo_(kancolle),4,2891,["kantai_collection"],清霜(舰C)
11486,1284942,midway_princess,4,654,["kantai_collection"],中间栖姬(舰C)
11487,1630726,hayashimo_(kancolle),4,1565,["kantai_collection"],早霜(舰C)
11488,1285145,lisia_(pokemon),4,719,"[""pokemon"", ""pokemon_oras""]",露琪亞(宝可梦 欧米伽红宝石/阿尔法蓝宝石)
11489,1312747,hestia_(danmachi),4,3947,["dungeon_ni_deai_wo_motomeru_no_wa_machigatteiru_darou_ka"],赫斯提亚(地错)
11490,1533411,neo_politan,4,0,[],Neopolitan
11491,1351074,wiz_(konosuba),4,1009,["kono_subarashii_sekai_ni_shukufuku_wo!"],维兹(为美好的世界献上祝福！)
11492,1288043,pipimi,4,1361,["poptepipic"],pipimi(pop子和pipi美的日常)
11493,1288044,popuko,4,1623,["poptepipic"],波波子(pop子和pipi美的日常)
11494,1452342,amamiya_ren,4,4355,"[""persona"", ""persona_5""]",雨宫莲(女神异闻录5)
11495,601379,takagi-san,4,1697,["karakai_jouzu_no_takagi-san"],高木同学(擅长捉弄的高木同学)
11496,1289655,flower_(vocaloid),4,966,["vocaloid"],flower（VOCALOID）
11497,1291135,elphelt_valentine,4,1874,["guilty_gear"],艾尔菲尔特·瓦伦丁(罪恶装备)
11498,1341413,djeeta_(granblue_fantasy),4,4403,["granblue_fantasy"],吉塔(碧蓝幻想)
11499,1290263,danua,4,1044,["granblue_fantasy"],达努亚(碧蓝幻想)
11500,1316824,spider-gwen,4,1426,"[""marvel"", ""spider-man_(series)""]",蜘蛛格温(漫威)
11501,1817174,inkling_boy,4,3395,["splatoon_(series)"],乌贼男孩(喷射战士)
11502,1631044,irako_(kancolle),4,811,["kantai_collection"],伊良湖(舰队Collection)
11503,850878,gwen_stacy,4,1279,"[""marvel"", ""spider-man_(series)""]",格温·史黛西(蜘蛛侠)
11504,1292110,shidare_hotaru,4,1273,["dagashi_kashi"],四出萤(东方Project)
11505,1292136,raphtalia,4,1930,["tate_no_yuusha_no_nariagari"],拉芙塔莉雅(盾之勇者成名录)
11506,1292966,asui_tsuyu,4,2278,["boku_no_hero_academia"],蛙吹梅雨(我的英雄学院)
11507,2257573,uraraka_ochaco,4,4761,["boku_no_hero_academia"],麗日御茶子(我的英雄学院)
11508,1292960,midoriya_izuku,4,5902,["boku_no_hero_academia"],绿谷出久(我的英雄学院)
11509,1292961,bakugou_katsuki,4,4857,["boku_no_hero_academia"],爆豪胜己(我的英雄学院)
11510,1292974,ashido_mina,4,1727,["boku_no_hero_academia"],芦户三奈(我的英雄学院)
11511,2257604,jiro_kyoka,4,1519,["boku_no_hero_academia"],耳郎響香(我的英雄学院)
11512,1292970,yaoyorozu_momo,4,2063,["boku_no_hero_academia"],八百万百(我的英雄学院)
11513,2257596,aizawa_shota,4,696,["boku_no_hero_academia"],相澤消太(我的英雄学院)
11514,1293385,yuuki_yuuna,4,719,"[""yuuki_yuuna_wa_yuusha_de_aru"", ""yuusha_de_aru""]",結城友奈(结城友奈是勇者)
11515,1362417,elaina_(majo_no_tabitabi),4,1369,["majo_no_tabitabi"],伊蕾娜(魔女之旅)
11516,1295476,uchiha_sarada,4,826,["naruto_(series)"],宇智波佐良娜(火影忍者)
11517,1382932,tennouboshi_uzume,4,703,"[""neptune_(series)"", ""shin_jigen_game_neptune_vii""]",天王星渦潮(新次元游戏 海王星VII)
11518,1661794,agent_3_(splatoon),4,1098,["splatoon_(series)"],探員3號（斯普拉遁）
11519,2075923,octoling_player_character,4,5068,["splatoon_(series)"],章鱼玩家角色(喷射战士)
11520,1295748,mercy_(overwatch),4,3281,"[""overwatch"", ""overwatch_1""]",天使(守望先锋)
11521,1295749,tracer_(overwatch),4,1882,"[""overwatch"", ""overwatch_1""]",猎空(守望先锋)
11522,1295790,widowmaker_(overwatch),4,1758,"[""overwatch"", ""overwatch_1""]",黑百合(守望先锋)
11523,1339312,genji_(overwatch),4,718,"[""overwatch"", ""overwatch_1""]",源氏(守望先锋)
11524,1295903,pharah_(overwatch),4,1139,"[""overwatch"", ""overwatch_1""]",法老之鹰(守望先锋)
11525,1427460,prinz_eugen_(kancolle),4,5868,["kantai_collection"],欧根亲王(舰C)
11526,1631246,nowaki_(kancolle),4,1189,["kantai_collection"],野分(舰C)
11527,1630477,akizuki_(kancolle),4,2439,["kantai_collection"],秋月(舰C)
11528,1296391,destroyer_princess,4,634,["kantai_collection"],驅逐棲姬(舰C)
11529,1630505,asagumo_(kancolle),4,1419,["kantai_collection"],朝云(舰C)
11530,2257600,todoroki_shoto,4,2392,["boku_no_hero_academia"],轟焦凍(我的英雄学院)
11531,2257602,kirishima_eijiro,4,848,["boku_no_hero_academia"],切島銳兒郎(我的英雄学院)
11532,1688938,vira_(granblue_fantasy),4,1007,["granblue_fantasy"],维拉(碧蓝幻想)
11533,2257608,hagakure_toru,4,1018,["boku_no_hero_academia"],葉隱透(我的英雄学院)
11534,1298160,kotonoha_akane,4,2356,["voiceroid"],言叶茜(碧蓝档案)
11535,1298161,kotonoha_aoi,4,2162,["voiceroid"],琴叶葵(温泉娘)
11536,1299395,amanogawa_kirara,4,1360,"[""go!_princess_precure"", ""precure""]",天野川辉夜(偶像大师)
11537,1299400,haruno_haruka,4,895,"[""go!_princess_precure"", ""precure""]",春野遥(Go! Princess 光之美少女)
11538,1300445,tomori_nao,4,757,["charlotte_(anime)"],友利奈緒(Charlotte)
11539,1631480,yamagumo_(kancolle),4,1109,["kantai_collection"],山云(舰C)
11540,1300728,oumae_kumiko,4,2426,["hibike!_euphonium"],黄前久美子(吹响吧！上低音号)
11541,1300741,kousaka_reina,4,1713,["hibike!_euphonium"],高坂丽奈(吹响吧！上低音号)
11542,1478519,cu_chulainn_(caster)_(fate),4,1054,"[""fate/grand_order"", ""fate_(series)""]",库·丘林(Caster)(Fate)
11543,1629339,gray_(fate),4,857,"[""fate_(series)"", ""lord_el-melloi_ii_case_files""]",格蕾(Fate)
11544,1639053,fubuki_kai_ni_(kancolle),4,2083,["kantai_collection"],吹雪改二(舰C)
11545,1341419,anila_(granblue_fantasy),4,1492,["granblue_fantasy"],安尼拉(碧蓝幻想)
11546,1303014,producer_(idolmaster_cinderella_girls_anime),4,1716,"[""idolmaster"", ""idolmaster_cinderella_girls""]",制作人(偶像大师灰姑娘女孩动画)
11547,1527167,azura_(fire_emblem),4,1423,"[""fire_emblem"", ""fire_emblem_fates""]",阿库娅(火纹)
11548,1302806,honoka_(doa),4,744,["dead_or_alive"],穗香(死或生)
11549,1305388,namazuo_toushirou,4,1262,["touken_ranbu"],鲶尾藤四郎(刀剑乱舞)
11550,1305386,honebami_toushirou,4,1228,["touken_ranbu"],骨喰藤四郎(刀剑乱舞)
11551,1304904,horikawa_kunihiro,4,1039,["touken_ranbu"],堀川国广(刀剑乱舞)
11552,1303103,all_might,4,697,["boku_no_hero_academia"],歐爾麥特(我的英雄学院)
11553,1305420,shokudaikiri_mitsutada,4,768,["touken_ranbu"],烛台切光忠(刀剑乱舞)
11554,1304226,hotarumaru,4,929,["touken_ranbu"],萤丸(刀剑乱舞)
11555,1304908,yamato-no-kami_yasusada,4,1432,["touken_ranbu"],大和守安定(刀剑乱舞)
11556,1304225,mikazuki_munechika,4,1569,["touken_ranbu"],三日月宗近(刀剑乱舞)
11557,1304230,tsurumaru_kuninaga,4,1390,["touken_ranbu"],鹤丸国永(刀剑乱舞)
11558,1303947,kashuu_kiyomitsu,4,1537,["touken_ranbu"],加州清光(刀剑乱舞)
11559,1304907,gokotai,4,764,["touken_ranbu"],Gokotai(舰队Collection)
11560,1304903,sayo_samonji,4,640,["touken_ranbu"],小夜左文字(刀剑乱舞)
11561,1303946,midare_toushirou,4,1226,["touken_ranbu"],乱藤四郎(刀剑乱舞)
11562,1304228,izumi-no-kami_kanesada,4,1134,["touken_ranbu"],和泉守兼定(刀剑乱舞)
11563,1305416,saniwa_(touken_ranbu),4,1248,["touken_ranbu"],审神者(刀剑乱舞)
11564,1306594,ichigo_hitofuri,4,795,["touken_ranbu"],草莓一振(刀剑乱舞)
11565,1304346,yagen_toushirou,4,885,["touken_ranbu"],药研藤四郎(刀剑乱舞)
11566,2060126,chilchuck_tims,4,1688,["dungeon_meshi"],奇爾查克·提姆斯(迷宫饭)
11567,2110493,laios_touden,4,3004,["dungeon_meshi"],萊歐斯·托登(迷宫饭)
11568,2060124,marcille_donato,4,5034,["dungeon_meshi"],玛露西尔·多纳托(迷宫饭)
11569,1304942,female_saniwa_(touken_ranbu),4,868,["touken_ranbu"],女审神者(刀剑乱舞)
11570,1305340,morgana_(persona_5),4,1141,"[""persona"", ""persona_5""]",摩尔加纳(女神异闻录5)
11571,1368824,takamaki_anne,4,2349,"[""persona"", ""persona_5""]",高卷杏(女神异闻录5)
11572,1305382,kogitsunemaru,4,740,["touken_ranbu"],小狐丸(刀剑乱舞)
11573,1631440,u-511_(kancolle),4,2346,["kantai_collection"],U-511(舰C)
11574,1631272,ro-500_(kancolle),4,4770,["kantai_collection"],吕500(舰队Collection)
11575,1630481,amagi_(kancolle),4,997,["kantai_collection"],天城(舰队Collection)
11576,1631100,katori_(kancolle),4,1598,["kantai_collection"],香取(舰C)
11577,1630510,asashimo_(kancolle),4,1891,["kantai_collection"],朝霜(舰C)
11578,1312417,muppo,4,632,"[""moomin"", ""kantai_collection""]",Muppo(舰C)
11579,1311252,fighter_(granblue_fantasy),4,899,["granblue_fantasy"],格斗家(碧蓝幻想)
11580,1311289,lyria_(granblue_fantasy),4,1113,["granblue_fantasy"],露莉亚(碧蓝幻想)
11581,1307315,konoe_kanata,4,1815,"[""love_live!"", ""love_live!_nijigasaki_high_school_idol_club""]",近卫奏(偶像大师)
11582,1307567,cagliostro_(granblue_fantasy),4,1461,["granblue_fantasy"],卡莉奥斯特罗(碧蓝幻想)
11583,1341416,ferry_(granblue_fantasy),4,1105,["granblue_fantasy"],菲莉(碧蓝幻想)
11584,1316036,takami_chika,4,3843,"[""love_live!"", ""love_live!_sunshine!!""]",高海千歌(Love Live!)
11585,1639090,maya_kai_ni_(kancolle),4,1289,["kantai_collection"],摩耶改二(舰C)
11586,1479089,okita_souji_alter_(fate),4,1421,"[""fate/grand_order"", ""fate_(series)""]",冲田总司Alter(Fate)
11587,1318793,zeta_(granblue_fantasy),4,1473,["granblue_fantasy"],泽塔(碧蓝幻想)
11588,1560591,yui_(princess_connect!),4,1180,["princess_connect!"],由依(公主连结)
11589,1310848,plain_doll,4,778,["bloodborne"],人偶(血源诅咒)
11590,1316166,kunikida_hanamaru,4,2704,"[""love_live!"", ""love_live!_sunshine!!""]",国木田花丸(Love Live!)
11591,1316167,kurosawa_dia,4,2867,"[""love_live!"", ""love_live!_sunshine!!""]",黑泽黛雅(Love Live!)
11592,1316168,kurosawa_ruby,4,2689,"[""love_live!"", ""love_live!_sunshine!!""]",黑泽露比(Love Live!)
11593,1316169,matsuura_kanan,4,3043,"[""love_live!"", ""love_live!_sunshine!!""]",松浦果南(Love Live!)
11594,1316170,ohara_mari,4,2447,"[""love_live!"", ""love_live!_sunshine!!""]",小原鞠莉(Love Live!)
11595,1316171,sakurauchi_riko,4,4109,"[""love_live!"", ""love_live!_sunshine!!""]",樱内梨子(Love Live!)
11596,1316172,tsushima_yoshiko,4,4383,"[""love_live!"", ""love_live!_sunshine!!""]",津岛善子(Love Live!)
11597,1316173,watanabe_you,4,6415,"[""love_live!"", ""love_live!_sunshine!!""]",渡边曜(Love Live! Sunshine!!)
11598,1408471,camilla_(fire_emblem),4,2392,"[""fire_emblem"", ""fire_emblem_fates""]",卡米拉(火焰纹章)
11599,1886276,corrin_(female)_(fire_emblem),4,0,"[""fire_emblem"", ""fire_emblem_fates""]",神威(女)(火焰纹章)
11600,1528907,corrin_(fire_emblem),4,10,"[""fire_emblem"", ""fire_emblem_fates""]",神威(火纹)
11601,1886278,corrin_(male)_(fire_emblem),4,0,"[""fire_emblem"", ""fire_emblem_fates""]",神威(男)(火焰纹章)
11602,1527178,elise_(fire_emblem),4,1050,"[""fire_emblem"", ""fire_emblem_fates""]",艾莉泽(火焰纹章)
11603,1528945,leo_(fire_emblem_fates),4,752,"[""fire_emblem"", ""fire_emblem_fates""]",雷歐(火焰纹章if)
11604,1527221,sakura_(fire_emblem),4,914,"[""fire_emblem"", ""fire_emblem_fates""]",櫻(火焰纹章if)
11605,1528912,takumi_(fire_emblem),4,930,"[""fire_emblem"", ""fire_emblem_fates""]",拓海(火焰纹章)
11606,1639094,murakumo_kai_ni_(kancolle),4,2055,["kantai_collection"],丛云改二(舰C)
11607,1646429,fukuda_haru,4,840,["girls_und_panzer"],福田春(偶像大师 闪耀色彩)
11608,1318266,clarisse_(granblue_fantasy),4,1062,["granblue_fantasy"],克拉莉丝(碧蓝幻想)
11609,1314604,sakurajima_mai,4,1266,["seishun_buta_yarou"],樱岛麻衣(青春猪头少年)
11610,1392841,altera_(fate),4,1400,"[""fate_(series)"", ""fate/grand_order""]",阿提拉(Fate)
11611,1639096,mutsuki_kai_ni_(kancolle),4,980,["kantai_collection"],睦月改二(舰C)
11612,1368529,vyrn_(granblue_fantasy),4,741,["granblue_fantasy"],维恩(碧蓝幻想)
11613,1327917,yuel_(granblue_fantasy),4,764,["granblue_fantasy"],尤艾尔(碧蓝幻想)
11614,1361780,flower_(vocaloid4),4,695,["vocaloid"],flower（VOCALOID4）
11615,1631102,katsuragi_(kancolle),4,1877,["kantai_collection"],葛城(舰C)
11616,1631147,littorio_(kancolle),4,1181,["kantai_collection"],利托里奥(舰C)
11617,1631276,roma_(kancolle),4,1107,["kantai_collection"],罗马(舰队Collection)
11618,1630474,akitsushima_(kancolle),4,1060,["kantai_collection"],秋津洲(舰C)
11619,1631396,takanami_(kancolle),4,1199,["kantai_collection"],高波(舰队Collection)
11620,1341417,charlotta_(granblue_fantasy),4,691,["granblue_fantasy"],夏洛特(碧蓝幻想)
11621,1629361,ushiwakamaru_(fate),4,2248,"[""fate/grand_order"", ""fate_(series)""]",牛若丸(Fate)
11622,1316228,nakagawa_natsuki,4,932,["hibike!_euphonium"],中川夏纪(吹响吧！上低音号)
11623,1542253,rosehip_(girls_und_panzer),4,1831,["girls_und_panzer"],玫瑰果(少女与战车)
11624,1405000,serval_(kemono_friends),4,8089,["kemono_friends"],耳廓狐(兽娘动物园)
11625,1409820,ezo_red_fox_(kemono_friends),4,1657,["kemono_friends"],虾夷赤狐(兽娘动物园)
11626,1317049,seiran_(touhou),4,2352,["touhou"],清兰(东方Project)
11627,1317065,usami_sumireko,4,3585,["touhou"],宇佐见堇子(东方)
11628,1317066,doremy_sweet,4,3909,["touhou"],哆来咪·苏伊特(东方Project)
11629,1317067,ringo_(touhou),4,2005,["touhou"],铃瑚(东方Project)
11630,1318502,callie_(splatoon),4,3823,["splatoon_(series)"],乌贼娘(斯普拉遁)
11631,1318503,marie_(splatoon),4,3548,["splatoon_(series)"],玛丽(斯普拉遁)
11632,1317200,endeavor_(boku_no_hero_academia),4,2325,["boku_no_hero_academia"],安德瓦(我的英雄学院)
11633,1452630,scathach_(fate),4,9060,"[""fate/grand_order"", ""fate_(series)""]",斯卡哈(Fate)
11634,542843,nina_(fire_emblem),4,1059,"[""fire_emblem"", ""fire_emblem_fates""]",尼娜(火焰纹章)
11635,1319286,yoshikawa_yuuko,4,805,["hibike!_euphonium"],吉川由子(吹响吧！上低音号)
11636,1319288,yoroizuka_mizore,4,1361,["hibike!_euphonium"],铠冢霙(吹响吧！上低音号)
11637,1319289,kasaki_nozomi,4,1176,"[""hibike!_euphonium"", ""liz_to_aoi_tori""]",风野望(偶像大师)
11638,1607439,arjuna_(fate),4,1502,"[""fate/grand_order"", ""fate_(series)""]",阿周那(Fate)
11639,1432652,jack-o'_valentine,4,1255,["guilty_gear"],Jack-O' Valentine(罪恶装备)
11640,1345276,velvet_crowe,4,731,"[""tales_of_(series)"", ""tales_of_berseria""]",薇尔贝特·克洛(传说系列)
11641,1340376,murata_himeko,4,1257,"[""honkai_(series)"", ""honkai_impact_3rd""]",无量塔姬子(崩坏3)
11642,1343588,shimada_chiyo,4,785,["girls_und_panzer"],岛田千代(偶像大师)
11643,1978860,2b_(nier:automata),4,10947,"[""nier:automata"", ""nier_(series)""]",2B(尼尔：自动人形)
11644,1322176,silva_(granblue_fantasy),4,671,["granblue_fantasy"],希尔瓦(碧蓝幻想)
11645,1578211,tiffy_(nottytiffy),4,642,["original"],蒂菲(nottytiffy)
11646,1405054,caracal_(kemono_friends),4,1033,["kemono_friends"],狞猫(兽娘动物园)
11647,1479891,rimuru_tempest,4,1246,["tensei_shitara_slime_datta_ken"],利姆鲁·坦派斯特(关于我转生变成史莱姆这档事)
11648,1527215,ophelia_(fire_emblem),4,809,"[""fire_emblem"", ""fire_emblem_fates""]",奥菲莉娅(火焰之纹章)
11649,1325597,sophie_neuenmuller,4,763,["atelier_(series)"],苏菲·诺恩缪拉(炼金工房系列)
11650,1391754,fujimaru_ritsuka_(female),4,14196,"[""fate/grand_order"", ""fate_(series)""]",藤丸立香(女性)(Fate)
11651,1391753,fujimaru_ritsuka_(male),4,15610,"[""fate/grand_order"", ""fate_(series)""]",藤丸立香(男性)(Fate)
11652,1325649,hacka_doll_3,4,715,["hacka_doll"],Hacka Doll 3号(Hacka Doll)
11653,301250,yae_sakura,4,2278,"[""honkai_(series)"", ""honkai_impact_3rd""]",八重樱(崩坏3)
11654,1514362,yae_sakura_(gyakushinn_miko),4,760,"[""honkai_(series)"", ""honkai_impact_3rd""]",八重樱(逆神巫女)
11655,1435236,oda_nobunaga_(fate),4,3741,"[""fate/grand_order"", ""fate_(series)""]",织田信长(Fate)
11656,1734277,oda_nobunaga_(koha-ace),4,1588,"[""fate/grand_order"", ""fate_(series)""]",织田信长(琥珀ACE)
11657,1400388,olga_marie_animusphere,4,1092,"[""fate/grand_order"", ""fate_(series)""]",奥尔加玛丽·亚斯密雷特·阿尼姆斯菲亚(Fate)
11658,1627569,fou_(fate),4,2552,"[""fate/grand_order"", ""fate_(series)""]",芙芙(Fate)
11659,1764432,jeanne_d'arc_(third_ascension)_(fate),4,968,["fate_(series)"],贞德(第三再临)(Fate)
11660,1627695,marie_antoinette_(fate),4,2007,"[""fate/grand_order"", ""fate_(series)""]",玛丽·安托瓦内特(Fate)
11661,1775877,tamamo_cat_(third_ascension)_(fate),4,729,"[""fate/grand_order"", ""fate_(series)""]",玉藻猫(第三再临)(Fate)
11662,1631425,teruzuki_(kancolle),4,2015,["kantai_collection"],照月(舰C)
11663,1631106,kazagumo_(kancolle),4,1369,["kantai_collection"],风云(舰C)
11664,1630728,hayasui_(kancolle),4,1260,["kantai_collection"],速吸(舰C)
11665,1386217,umikaze_(kancolle),4,1492,["kantai_collection"],海风(舰C)
11666,1631141,libeccio_(kancolle),4,1713,["kantai_collection"],利贝奇奥(舰C)
11667,1382909,kawakaze_(kancolle),4,1602,["kantai_collection"],江风(舰C)
11668,1452666,brynhildr_(fate),4,0,[],布伦希尔德(Fate)
11669,1627620,kiyohime_(fate),4,3040,"[""fate/grand_order"", ""fate_(series)""]",清姬(Fate)
11670,1328609,kishin_sagume,4,4509,["touhou"],鬼人正邪(东方)
11671,1328621,clownpiece,4,6594,["touhou"],小丑(东方Project)
11672,1328650,junko_(touhou),4,6193,["touhou"],纯狐(东方)
11673,1328656,hecatia_lapislazuli,4,5274,["touhou"],赫卡提亚·拉碧斯拉祖利(东方Project)
11674,1680386,senji_muramasa_(fate),4,1208,"[""fate/grand_order"", ""fate_(series)""]",千子村正(Fate)
11675,1765420,jeanne_d'arc_alter_(avenger)_(fate),4,3305,"[""fate/grand_order"", ""fate_(series)""]",贞德〔Alter〕(Fate)
11676,1479739,jeanne_d'arc_alter_(fate),4,12653,"[""fate/grand_order"", ""fate_(series)""]",贞德〔Alter〕(Fate)
11677,1627531,carmilla_(fate),4,873,"[""fate/grand_order"", ""fate_(series)""]",卡米拉(Fate)
11678,1629640,martha_(fate),4,1753,"[""fate/grand_order"", ""fate_(series)""]",玛尔达(Fate)
11679,1829230,octoling_girl,4,3513,["splatoon_(series)"],章鱼女孩(喷射战士)
11680,1627626,leonardo_da_vinci_(fate),4,2317,"[""fate/grand_order"", ""fate_(series)""]",莱昂纳多·达·芬奇(Fate)
11681,1443600,romani_archaman,4,938,"[""fate/grand_order"", ""fate_(series)""]",罗玛尼·阿基曼(Fate)
11682,1330465,senshi_(dungeon_meshi),4,2270,["dungeon_meshi"],森西(迷宫饭)
11683,1462589,zooey_(granblue_fantasy),4,815,["granblue_fantasy"],佐伊(碧蓝幻想)
11684,1627521,boudica_(fate),4,1488,"[""fate/grand_order"", ""fate_(series)""]",布狄卡(Fate)
11685,1598236,kindred_(league_of_legends),4,872,["league_of_legends"],千珏(英雄联盟)
11686,1369761,lamb_(league_of_legends),4,857,["league_of_legends"],羊灵(英雄联盟)
11687,1334050,frisk_(undertale),4,2406,["undertale"],Frisk(Undertale)
11688,1384476,sans_(undertale),4,1813,["undertale"],杉斯(传说之下)
11689,1402193,nanachi_(made_in_abyss),4,1574,["made_in_abyss"],娜娜奇(来自深渊)
11690,1344590,matsuno_osomatsu,4,2048,"[""osomatsu-san"", ""osomatsu_(series)""]",松野小松(阿松)
11691,1344592,matsuno_choromatsu,4,1836,"[""osomatsu-san"", ""osomatsu_(series)""]",松野初松(阿松)
11692,1344593,matsuno_ichimatsu,4,2006,"[""osomatsu-san"", ""osomatsu_(series)""]",松野一松(阿松)
11693,1344594,matsuno_jyushimatsu,4,1973,"[""osomatsu-san"", ""osomatsu_(series)""]",松野十四松(阿松)
11694,1344591,matsuno_karamatsu,4,2019,"[""osomatsu-san"", ""osomatsu_(series)""]",松野空松(阿松)
11695,1344595,matsuno_todomatsu,4,1678,"[""osomatsu-san"", ""osomatsu_(series)""]",松野十四松(阿松)
11696,1340823,asirpa,4,902,["golden_kamuy"],阿希莉帕(黄金神威)
11697,1335159,sugimoto_saichi,4,1277,["golden_kamuy"],杉元佐一(黄金神威)
11698,1335210,chara_(undertale),4,1907,["undertale"],Chara(传说之下)
11699,1629409,artoria_pendragon_(lancer)_(fate),4,3414,"[""fate/grand_order"", ""fate_(series)""]",阿尔托莉雅·潘德拉贡(Lancer)(Fate)
11700,1765868,jeanne_d'arc_alter_(avenger)_(third_ascension)_(fate),4,1094,"[""fate/grand_order"", ""fate_(series)""]",贞德〔Alter〕(Avenger)(第三阶段)(Fate)
11701,1360561,natsuki_subaru,4,2026,["re:zero_kara_hajimeru_isekai_seikatsu"],菜月昴(Re:从零开始的异世界生活)
11702,1337342,koito_yuu,4,744,["yagate_kimi_ni_naru"],小糸侑(终将成为你)
11703,1337343,nanami_touko,4,705,["yagate_kimi_ni_naru"],七海灯子(终将成为你)
11704,1337509,freyja_wion,4,758,"[""macross"", ""macross_delta""]",芙蕾雅·薇恩(超时空要塞Δ)
11705,1343981,mikumo_guynemer,4,793,"[""macross"", ""macross_delta""]",御云·纪尧姆(战姬绝唱)
11706,1337527,mika_(girls_und_panzer),4,2978,["girls_und_panzer"],三笠(少女与战车)
11707,1337528,aki_(girls_und_panzer),4,1036,["girls_und_panzer"],秋(少女与战车)
11708,1337529,mikko_(girls_und_panzer),4,919,["girls_und_panzer"],三子(少女与战车)
11709,1747826,zuikaku_kai_ni_(kancolle),4,851,["kantai_collection"],瑞鹤改二(舰C)
11710,1462591,narmaya_(granblue_fantasy),4,3537,["granblue_fantasy"],娜尔梅亚(碧蓝幻想)
11711,1337654,clara_(girls_und_panzer),4,676,["girls_und_panzer"],克拉拉(少女与战车)
11712,1342592,shimada_arisu,4,3479,["girls_und_panzer"],岛田爱丽丝(少女与战车)
11713,1630497,arashi_(kancolle),4,1413,["kantai_collection"],岚(舰C)
11714,1630693,hagikaze_(kancolle),4,1470,["kantai_collection"],萩风(舰C)
11715,1631260,oyashio_(kancolle),4,1507,["kantai_collection"],亲潮(舰C)
11716,1338854,mei_(overwatch),4,1842,"[""overwatch"", ""overwatch_1""]",小美(守望先锋)
11717,1339317,d.va_(overwatch),4,5109,"[""overwatch"", ""overwatch_1""]",D.Va(守望先锋)
11718,1630687,graf_zeppelin_(kancolle),4,4067,["kantai_collection"],齐柏林伯爵(舰C)
11719,1351818,kashima_(kancolle),4,9636,["kantai_collection"],鹿岛(舰C)
11720,1341257,toga_himiko,4,3190,["boku_no_hero_academia"],渡我被身子(我的英雄学院)
11721,1476708,izutsumi,4,1078,["dungeon_meshi"],伊豆爪(迷宫饭)
11722,1452662,suzuka_gozen_(fate),4,1010,"[""fate/grand_order"", ""fate_(series)""]",铃鹿御前(Fate)
11723,1667138,wa2000_(girls'_frontline),4,3001,["girls'_frontline"],WA2000(少女前线)
11724,1667157,m16a1_(girls'_frontline),4,1739,["girls'_frontline"],M16A1(少女前线)
11725,1667148,m4a1_(girls'_frontline),4,1749,["girls'_frontline"],M4A1(少女前线)
11726,1667150,st_ar-15_(girls'_frontline),4,1539,["girls'_frontline"],ST AR-15(少女前线)
11727,1667136,ump45_(girls'_frontline),4,3955,["girls'_frontline"],UMP45(少女前线)
11728,1386288,harukawa_maki,4,3161,"[""danganronpa_(series)"", ""danganronpa_v3:_killing_harmony""]",春川真希(偶像大师)
11729,1934879,k1-b0,4,1221,"[""danganronpa_(series)"", ""danganronpa_v3:_killing_harmony""]",K1-B0(新弹丸论破V3)
11730,1386434,momota_kaito,4,2132,"[""danganronpa_(series)"", ""danganronpa_v3:_killing_harmony""]",百田解斗(新弹丸论破V3)
11731,1667207,kar98k_(girls'_frontline),4,683,["girls'_frontline"],Kar98k(少女前线)
11732,1343724,miyamizu_mitsuha,4,1194,["kimi_no_na_wa."],宫水三叶(你的名字)
11733,1344209,roxy_migurdia,4,2018,["mushoku_tensei"],洛琪希·米格路迪亚(无职转生)
11734,1423942,eris_greyrat,4,1845,["mushoku_tensei"],艾莉丝·格雷拉特(无职转生)
11735,1401541,izayoi_liko,4,1012,"[""mahou_girls_precure!"", ""precure""]",十六夜理子(魔法使光之美少女！)
11736,1344498,vane_(granblue_fantasy),4,1104,["granblue_fantasy"],范恩(碧蓝幻想)
11737,1670077,springfield_(girls'_frontline),4,2411,["girls'_frontline"],春田(少女前线)
11738,1667169,negev_(girls'_frontline),4,753,["girls'_frontline"],内盖夫(少女前线)
11739,1345441,asahina_mirai,4,1233,"[""mahou_girls_precure!"", ""precure""]",朝比奈未来(偶像大师)
11740,1462595,andira_(granblue_fantasy),4,971,["granblue_fantasy"],安迪拉(碧蓝幻想)
11741,1346092,reigen_arataka,4,1005,["mob_psycho_100"],灵幻新隆(灵能百分百)
11742,1346609,beatrix_(granblue_fantasy),4,892,["granblue_fantasy"],贝阿特丽克斯(碧蓝幻想)
11743,1346647,shinomiya_kaguya,4,2389,["kaguya-sama_wa_kokurasetai_~tensai-tachi_no_renai_zunousen~"],四宫辉夜(辉夜大小姐想让我告白)
11744,1501023,artoria_pendragon_(lancer_alter)_(fate),4,2066,"[""fate/grand_order"", ""fate_(series)""]",阿尔托莉雅·潘德拉贡(Lancer Alter)(Fate)
11745,1732422,kasumi_kai_ni_(kancolle),4,2652,["kantai_collection"],霞改二(舰C)
11746,1350177,violet_evergarden,4,1137,["violet_evergarden_(series)"],薇尔莉特·伊芙加登(紫罗兰永恒花园)
11747,1667133,hk416_(girls'_frontline),4,6011,["girls'_frontline"],HK416(少女前线)
11748,1405052,moose_(kemono_friends),4,862,["kemono_friends"],驼鹿(兽娘动物园)
11749,1405055,fennec_(kemono_friends),4,3044,["kemono_friends"],耳廓狐(兽娘动物园)
11750,1405056,lion_(kemono_friends),4,1062,["kemono_friends"],狮子(兽娘动物园)
11751,1630723,hatsuzuki_(kancolle),4,2728,["kantai_collection"],初月(舰C)
11752,1631249,okinami_(kancolle),4,846,["kantai_collection"],冲波(舰C)
11753,1631518,zara_(kancolle),4,1341,["kantai_collection"],扎拉(舰C)
11754,1667152,m4_sopmod_ii_(girls'_frontline),4,1624,["girls'_frontline"],M4 SOPMOD II(少女前线)
11755,1667268,mp40_(girls'_frontline),4,702,["girls'_frontline"],MP40(少女前线)
11756,1353706,mumei_(kabaneri),4,829,["koutetsujou_no_kabaneri"],无名(甲铁城的卡巴内利)
11757,1631042,iowa_(kancolle),4,4922,["kantai_collection"],衣阿华(舰队Collection)
11758,1627556,edmond_dantes_(fate),4,1290,"[""fate/grand_order"", ""fate_(series)""]",爱德蒙·唐泰斯(Fate)
11759,1404427,tsuchinoko_(kemono_friends),4,937,["kemono_friends"],土龙(兽娘动物园)
11760,2110495,falin_touden,4,3292,["dungeon_meshi"],法琳(迷宫饭)
11761,2110502,falin_touden_(tallman),4,1691,["dungeon_meshi"],法琳(长身人)(迷宫饭)
11762,1646759,silence_suzuka_(umamusume),4,4826,["umamusume"],沉默铃鹿(赛马娘)
11763,1646757,special_week_(umamusume),4,3733,["umamusume"],特别周(赛马娘)
11764,1646761,tokai_teio_(umamusume),4,5457,["umamusume"],东海帝王(赛马娘)
11765,1386906,tsuji_renta,4,636,["girls_und_panzer"],辻連太(学园奶爸)
11766,1447551,florence_nightingale_(fate),4,3593,"[""fate/grand_order"", ""fate_(series)""]",南丁格尔(Fate)
11767,1629357,medb_(fate),4,1351,"[""fate/grand_order"", ""fate_(series)""]",梅芙(Fate)
11768,1627580,helena_blavatsky_(fate),4,1604,"[""fate/grand_order"", ""fate_(series)""]",海伦娜·布拉瓦茨基(Fate)
11769,1467838,oguri_cap_(umamusume),4,3766,["umamusume"],小栗帽(赛马娘)
11770,1767936,cu_chulainn_alter_(fate),4,1158,"[""fate/grand_order"", ""fate_(series)""]",库·丘林〔Alter〕(Fate)
11771,1631265,pola_(kancolle),4,2384,["kantai_collection"],波拉(舰C)
11772,1639047,arashio_kai_ni_(kancolle),4,718,["kantai_collection"],荒潮改二(舰C)
11773,1978894,9s_(nier:automata),4,2410,"[""nier:automata"", ""nier_(series)""]",9S(尼尔：自动人形)
11774,1978848,a2_(nier:automata),4,1439,"[""nier:automata"", ""nier_(series)""]",A2(尼尔：机械纪元)
11775,1485203,white_blood_cell_(hataraku_saibou),4,635,["hataraku_saibou"],白血球(工作细胞)
11776,1341401,soldier:_76_(overwatch),4,751,"[""overwatch"", ""overwatch_1""]",士兵76(守望先锋)
11777,1388692,touhoku_kiritan,4,3737,["voiceroid"],东北切利(Vocaloid)
11778,1630704,harukaze_(kancolle),4,913,["kantai_collection"],春风(舰C)
11779,1387119,kiyohime_(swimsuit_lancer)_(fate),4,0,"[""fate/grand_order"", ""fate_(series)""]",清姬(泳装枪兵)(Fate)
11780,1372504,akechi_gorou,4,1196,"[""persona"", ""persona_5""]",明智吾郎(女神异闻录5)
11781,1368823,niijima_makoto,4,1773,"[""persona"", ""persona_5""]",新岛真(女神异闻录5)
11782,1366290,okumura_haru,4,1309,"[""persona"", ""persona_5""]",奥村春(女神异闻录5)
11783,1365551,sakura_futaba,4,2321,"[""persona"", ""persona_5""]",佐仓双叶(女神异闻录5)
11784,1472743,ibaraki_douji_(fate),4,2425,"[""fate/grand_order"", ""fate_(series)""]",茨木童子(Fate)
11785,1367142,litten,4,1221,["pokemon"],火斑喵(宝可梦)
11786,1366306,rowlet,4,3208,["pokemon"],木木枭(宝可梦)
11787,1366296,popplio,4,1438,["pokemon"],球球海狮(宝可梦)
11788,1514981,selene_(pokemon),4,4679,"[""pokemon"", ""pokemon_sm""]",Selene(宝可梦)
11789,1514982,elio_(pokemon),4,1732,"[""pokemon"", ""pokemon_sm""]",艾利欧(宝可梦)
11790,1369698,hau_(pokemon),4,1201,"[""pokemon"", ""pokemon_sm""]",哈乌(宝可梦)
11791,1421907,komi_shouko,4,2210,["komi-san_wa_komyushou_desu"],古见硝子(古见同学有交流障碍症)
11792,1398095,hinatsuru_ai,4,836,["ryuuou_no_oshigoto!"],日鹤爱(龙王的工作！)
11793,1398097,sora_ginko,4,808,["ryuuou_no_oshigoto!"],空银子(龙王的工作！)
11794,1435530,shuten_douji_(fate),4,7204,"[""fate/grand_order"", ""fate_(series)""]",酒吞童子(Fate)
11795,1369674,lillie_(pokemon),4,8311,["pokemon"],莉莉艾(宝可梦)
11796,1377502,tamura_yuri,4,1544,["watashi_ga_motenai_no_wa_dou_kangaetemo_omaera_ga_warui!"],田村由里(寒蝉鸣泣之时)
11797,1370113,sylphiette_(mushoku_tensei),4,1372,["mushoku_tensei"],希露菲叶特(无职转生)
11798,2110626,tokisaki_mio_(niliu_chahui),4,777,["original"],时崎美绪(逆流茶会)
11799,1629366,xuangzang_sanzang_(fate),4,1204,"[""fate/grand_order"", ""fate_(series)""]",玄奘三藏(Fate)
11800,1372595,nyon_(cookie),4,881,"[""cookie_(touhou)"", ""touhou""]",尼翁(跑跑姜饼人)
11801,1403842,chiyoda_momo,4,2176,["machikado_mazoku"],千代田桃(街角魔族)
11802,1532071,lilith_(machikado_mazoku),4,703,["machikado_mazoku"],莉莉丝(街角魔族)
11803,1403841,yoshida_yuuko_(machikado_mazoku),4,3270,["machikado_mazoku"],吉田优子(街角魔族)
11804,1735921,asashio_kai_ni_(kancolle),4,1975,["kantai_collection"],朝潮改二(舰C)
11805,1629414,artoria_pendragon_(alter_swimsuit_rider)_(fate),4,0,"[""fate/grand_order"", ""fate_(series)""]",阿尔托莉雅·潘德拉贡(Alter泳装骑阶)(Fate)
11806,1526525,jill_stingray,4,1228,["va-11_hall-a"],吉尔·斯特林格(赛博朋克)
11807,1464562,minamoto_no_raikou_(fate),4,6003,"[""fate/grand_order"", ""fate_(series)""]",源赖光(Fate)
11808,1374967,agatsuma_zenitsu,4,1022,["kimetsu_no_yaiba"],我妻善逸(鬼灭之刃)
11809,1374966,kamado_tanjirou,4,1989,["kimetsu_no_yaiba"],灶门炭治郎(鬼灭之刃)
11810,1374971,female_protagonist_(pokemon_go),4,824,"[""pokemon"", ""pokemon_go""]",女主角(Pokémon GO)
11811,1375862,mimikyu,4,2314,["pokemon"],谜拟Q(宝可梦)
11812,1667230,grizzly_mkv_(girls'_frontline),4,734,["girls'_frontline"],Grizzly MkV(少女前线)
11813,1435235,nitocris_(fate),4,3298,"[""fate/grand_order"", ""fate_(series)""]",尼托克丽丝(Fate)
11814,1377218,otomachi_una,4,1426,["vocaloid"],音街鳗(Vocaloid)
11815,1667164,g41_(girls'_frontline),4,733,["girls'_frontline"],G41(少女前线)
11816,1377714,echidna_(re:zero),4,744,["re:zero_kara_hajimeru_isekai_seikatsu"],艾姬多娜(Re:从零开始的异世界生活)
11817,1377958,ichigaya_arisa,4,768,["bang_dream!"],市谷有咲(BanG Dream!)
11818,1380441,lancelot_(fate/grand_order),4,734,"[""fate/grand_order"", ""fate_(series)""]",兰斯洛特(Fate)
11819,1627153,medjed_(fate),4,1296,"[""fate/grand_order"", ""fate_(series)""]",梅杰德(Fate)
11820,1378272,alolan_vulpix,4,1253,["pokemon"],阿罗拉六尾(宝可梦)
11821,1378260,lana_(pokemon),4,3006,["pokemon"],水莲(宝可梦)
11822,1378262,mallow_(pokemon),4,2377,["pokemon"],玛奥(宝可梦)
11823,1390751,primarina,4,899,["pokemon"],西狮海壬(宝可梦)
11824,2131051,z3_max_schultz_(swimsuit_mode)_(kancolle),4,0,[],Z3(马克斯·舒尔茨)(泳装)(舰C)
11825,1667202,kalina_(girls'_frontline),4,980,["girls'_frontline"],卡莉娜(少女前线)
11826,1387115,scathach_(swimsuit_assassin)_(fate),4,1140,"[""fate/grand_order"", ""fate_(series)""]",斯卡哈(泳装暗杀者)(Fate)
11827,1387122,mordred_(swimsuit_rider)_(fate),4,799,"[""fate/grand_order"", ""fate_(series)""]",莫德雷德(泳装骑阶)(Fate)
11828,1387121,tamamo_no_mae_(swimsuit_lancer)_(fate),4,2222,"[""fate/grand_order"", ""fate_(series)""]",玉藻前(泳装枪阶)(Fate)
11829,1693731,mash_kyrielight_(swimsuit_of_perpetual_summer),4,808,"[""fate/grand_order"", ""fate_(series)""]",玛修·基列莱特(永恒夏日泳装)(Fate)
11830,1631184,minazuki_(kancolle),4,681,["kantai_collection"],水无月(舰C)
11831,1629643,martha_(swimsuit_ruler)_(fate),4,748,"[""fate/grand_order"", ""fate_(series)""]",玛尔达(泳装裁定者)(Fate)
11832,1379601,guzma_(pokemon),4,1023,"[""pokemon"", ""pokemon_sm""]",古兹马(宝可梦)
11833,1630493,aquila_(kancolle),4,954,["kantai_collection"],天鹰(舰队Collection)
11834,1631474,warspite_(kancolle),4,3130,["kantai_collection"],厌战(舰C)
11835,1631019,i-26_(kancolle),4,1258,["kantai_collection"],伊26(舰C)
11836,1667168,dinergate_(girls'_frontline),4,980,["girls'_frontline"],兵蚁(少女前线)
11837,1644971,hishi_amazon_(umamusume),4,1026,["umamusume"],菱亚马逊(赛马娘)
11838,1667222,ots-14_(girls'_frontline),4,957,["girls'_frontline"],OTs-14(少女前线)
11839,1443093,zundamon,4,2131,["voicevox"],ずんだもん(东北俊子)
11840,1627618,king_hassan_(fate),4,1112,"[""fate/grand_order"", ""fate_(series)""]",王哈桑(Fate)
11841,1667146,g11_(girls'_frontline),4,1935,["girls'_frontline"],G11(少女前线)
11842,1667140,ump9_(girls'_frontline),4,2576,["girls'_frontline"],UMP9(少女前线)
11843,1899592,pod_(nier:automata),4,1530,"[""nier:automata"", ""nier_(series)""]",Pod(尼尔：机械纪元)
11844,1383241,lusamine_(pokemon),4,2360,"[""pokemon"", ""pokemon_sm""]",露莎米奈(宝可梦)
11845,1383110,aether_foundation_employee,4,722,"[""pokemon"", ""pokemon_sm""]",以太基金会员工(宝可梦)
11846,1383156,gladion_(pokemon),4,1692,"[""pokemon"", ""pokemon_sm""]",格拉吉欧(宝可梦)
11847,1385337,lycanroc,4,766,["pokemon"],鬃岩狼人(宝可梦)
11848,1386286,yonaga_angie,4,1225,"[""danganronpa_(series)"", ""danganronpa_v3:_killing_harmony""]",夜永安琪(碧蓝档案)
11849,1384409,akamatsu_kaede,4,4188,"[""danganronpa_(series)"", ""danganronpa_v3:_killing_harmony""]",赤松枫(弹丸论破)
11850,1385358,kawakami_sadayo,4,901,"[""persona"", ""persona_5""]",川上贞代(女神异闻录5)
11851,1386435,yumeno_himiko,4,1641,"[""danganronpa_(series)"", ""danganronpa_v3:_killing_harmony""]",梦野日美子(弹丸论破V3：自相残杀)
11852,1631454,uranami_(kancolle),4,617,["kantai_collection"],浦波(舰C)
11853,1934875,amami_rantaro,4,1603,"[""danganronpa_(series)"", ""danganronpa_v3:_killing_harmony""]",天海兰太郎(弹丸论破V3：自相残杀)
11854,1672711,suomi_(girls'_frontline),4,1297,["girls'_frontline"],Suomi(少女前线)
11855,1934883,oma_kokichi,4,8575,"[""danganronpa_(series)"", ""danganronpa_v3:_killing_harmony""]",王马小吉(弹丸论破)
11856,1934951,saihara_shuichi,4,7080,"[""danganronpa_(series)"", ""danganronpa_v3:_killing_harmony""]",最原终一(弹丸论破)
11857,1667171,g36_(girls'_frontline),4,1097,["girls'_frontline"],G36(少女前线)
11858,1386282,gokuhara_gonta,4,962,"[""danganronpa_(series)"", ""danganronpa_v3:_killing_harmony""]",狱原权太(新弹丸论破V3)
11859,1386296,chabashira_tenko,4,1168,"[""danganronpa_(series)"", ""danganronpa_v3:_killing_harmony""]",茶柱转子(偶像大师)
11860,1386439,iruma_miu,4,1695,"[""danganronpa_(series)"", ""danganronpa_v3:_killing_harmony""]",入间美兔(弹丸论破V3：自相残杀)
11861,1386298,shirogane_tsumugi,4,1001,"[""danganronpa_(series)"", ""danganronpa_v3:_killing_harmony""]",白银紬(新弹丸论破V3)
11862,1934955,tojo_kirumi,4,923,"[""danganronpa_(series)"", ""danganronpa_v3:_killing_harmony""]",东条斩美(新弹丸论破V3)
11863,1934877,hoshi_ryoma,4,739,"[""danganronpa_(series)"", ""danganronpa_v3:_killing_harmony""]",星龙马(新弹丸论破V3)
11864,1934953,shinguji_korekiyo,4,730,"[""danganronpa_(series)"", ""danganronpa_v3:_killing_harmony""]",真宫寺是清(新弹丸论破V3)
11865,1386133,ogata_hyakunosuke,4,1245,["golden_kamuy"],尾形百之助(黄金神威)
11866,1511896,kiana_kaslana_(white_comet),4,657,"[""honkai_(series)"", ""honkai_impact_3rd""]",琪亚娜·卡斯兰娜(白练)(崩坏3)
11867,1672682,type_95_(girls'_frontline),4,1108,["girls'_frontline"],95式(少女前线)
11868,1387021,tanigaki_genjirou,4,968,["golden_kamuy"],谷垣源次郎(黄金神威)
11869,1387676,hashibira_inosuke,4,695,["kimetsu_no_yaiba"],嘴平伊之助(鬼灭之刃)
11870,1387675,kamado_nezuko,4,3107,["kimetsu_no_yaiba"],灶门祢豆子(鬼灭之刃)
11871,1387712,viktor_nikiforov,4,1897,["yuri!!!_on_ice"],维克托·尼基福罗夫(YURI!!! on ICE)
11872,1387748,katsuki_yuuri,4,1919,["yuri!!!_on_ice"],胜生勇利(冰上的尤里)
11873,1387746,yuri_plisetsky,4,1001,["yuri!!!_on_ice"],尤里·普利赛提(冰上的尤里)
11874,1667205,9a-91_(girls'_frontline),4,741,["girls'_frontline"],9A-91(少女前线)
11875,1388311,elizabeth_bathory_(brave)_(fate),4,867,"[""fate/grand_order"", ""fate_(series)""]",伊丽莎白·巴托里(勇者)(Fate)
11876,1680379,mash_kyrielight_(dangerous_beast),4,2565,"[""fate/grand_order"", ""fate_(series)""]",玛修·基列莱特(危险野兽)(Fate)
11877,1389546,sombra_(overwatch),4,736,"[""overwatch"", ""overwatch_1""]",黑影(守望先锋)
11878,1425456,seele_vollerei,4,2871,"[""honkai_(series)"", ""honkai_impact_3rd""]",希儿·芙乐艾(崩坏3)
11879,1390755,cosmog,4,1104,"[""pokemon"", ""pokemon_sm""]",科斯莫古(宝可梦)
11880,1443088,touhoku_itako,4,730,["voiceroid"],东北伊塔可(VOCALOID)
11881,1406536,kagamihara_nadeshiko,4,1547,["yurucamp"],各务原抚子(摇曳露营)
11882,1406537,shima_rin,4,2227,["yurucamp"],志摩凛(摇曳露营△)
11883,1630508,asakaze_(kancolle),4,946,["kantai_collection"],朝风(舰C)
11884,1631299,saratoga_(kancolle),4,2758,["kantai_collection"],萨拉托加(舰C)
11885,1630548,commandant_teste_(kancolle),4,1000,["kantai_collection"],测试指挥官(舰队Collection)
11886,1631482,yamakaze_(kancolle),4,3523,["kantai_collection"],山风(舰队Collection)
11887,1461165,uchi_emiri,4,816,["watashi_ga_motenai_no_wa_dou_kangaetemo_omaera_ga_warui!"],内海笑美(我不受欢迎怎么想都是你们的错！)
11888,1629420,jeanne_d'arc_alter_santa_lily_(fate),4,1997,"[""fate/grand_order"", ""fate_(series)""]",贞德·Alter·Santa·Lily(Fate)
11889,1394776,acerola_(pokemon),4,1206,["pokemon"],阿塞萝拉(宝可梦)
11890,1627592,ishtar_(fate),4,4515,"[""fate/grand_order"", ""fate_(series)""]",伊什塔尔(Fate)
11891,1396665,medusa_(lancer)_(fate),4,770,"[""fate/grand_order"", ""fate_(series)""]",美杜莎(Lancer)(Fate)
11892,1396666,gilgamesh_(caster)_(fate),4,1100,"[""fate/grand_order"", ""fate_(series)""]",吉尔伽美什(Caster)(Fate)
11893,1396820,elma_(maidragon),4,678,["kobayashi-san_chi_no_maidragon"],艾尔玛(小林家的龙女仆)
11894,1398811,kanna_kamui,4,3006,["kobayashi-san_chi_no_maidragon"],神奈神威(小林家的龙女仆)
11895,1660217,lucoa_(maidragon),4,1423,["kobayashi-san_chi_no_maidragon"],露科亚(龙女仆)
11896,1452466,ereshkigal_(fate),4,5043,"[""fate_(series)"", ""fate/grand_order""]",埃列什基伽勒(Fate)
11897,1627743,quetzalcoatl_(fate),4,724,"[""fate/grand_order"", ""fate_(series)""]",魁札尔·科亚特尔(Fate)
11898,1627776,tiamat_(fate),4,906,"[""fate/grand_order"", ""fate_(series)""]",提亚马特(Fate)
11899,1667163,commander_(girls'_frontline),4,2214,["girls'_frontline"],指挥官(少女前线)
11900,1398812,kobayashi_(maidragon),4,944,["kobayashi-san_chi_no_maidragon"],小林(小林家的龙女仆)
11901,1672726,welrod_mkii_(girls'_frontline),4,644,["girls'_frontline"],Welrod MkII(少女前线)
11902,1407560,kizuna_ai,4,1689,["kizuna_ai_inc."],绊爱(VTuber)
11903,1435684,merlin_(fate/prototype),4,1286,"[""fate/grand_order"", ""fate_(series)""]",梅林(Fate/Prototype)
11904,1399519,tamaki_iroha,4,2392,"[""magia_record:_mahou_shoujo_madoka_magica_gaiden"", ""mahou_shoujo_madoka_magica""]",环彩羽(魔法纪录 魔法少女小圆外传)
11905,1627707,miyamoto_musashi_(fate),4,4714,"[""fate/grand_order"", ""fate_(series)""]",宫本武藏(Fate)
11906,1854970,miyamoto_musashi_(third_ascension)_(fate),4,698,"[""fate/grand_order"", ""fate_(series)""]",宫本武藏(第三再临)(Fate)
11907,1667241,female_commander_(girls'_frontline),4,771,["girls'_frontline"],女性指挥官(少女前线)
11908,1667166,ro635_(girls'_frontline),4,1339,["girls'_frontline"],RO635(少女前线)
11909,1409634,mipha,4,659,"[""the_legend_of_zelda"", ""the_legend_of_zelda:_breath_of_the_wild""]",米法(塞尔达传说)
11910,1401930,nemoto_hina,4,1280,["watashi_ga_motenai_no_wa_dou_kangaetemo_omaera_ga_warui!"],根本阳奈(偶像大师)
11911,1827389,octoling_boy,4,1128,["splatoon_(series)"],章鱼男孩(喷射战士)
11912,2166600,nikki_(nikki),4,2626,["nikki_(series)"],暖暖(奇迹暖暖)
11913,1447775,katou_asuka,4,1479,["watashi_ga_motenai_no_wa_dou_kangaetemo_omaera_ga_warui!"],加藤明日香(偶像大师)
11914,1627732,paul_bunyan_(fate),4,922,"[""fate/grand_order"", ""fate_(series)""]",保罗·班扬(Fate)
11915,1404598,ilulu_(maidragon),4,1344,["kobayashi-san_chi_no_maidragon"],伊露露(小林家的龙女仆)
11916,1536889,kanroji_mitsuri,4,2338,["kimetsu_no_yaiba"],甘露寺蜜璃(鬼灭之刃)
11917,1417248,common_raccoon_(kemono_friends),4,3272,["kemono_friends"],浣熊(兽娘动物园)
11918,1417247,japanese_crested_ibis_(kemono_friends),4,1764,["kemono_friends"],朱鹮(兽娘动物园)
11919,1405300,kaban_(kemono_friends),4,5747,["kemono_friends"],背包(兽娘动物园)
11920,1768632,mysterious_heroine_x_alter_(fate),4,1643,"[""fate/grand_order"", ""fate_(series)""]",谜之女主角X Alter(Fate)
11921,1768854,mysterious_heroine_x_alter_(first_ascension)_(fate),4,799,"[""fate/grand_order"", ""fate_(series)""]",谜之女主角X·Alter(第一再临)(Fate)
11922,1405059,sand_cat_(kemono_friends),4,806,["kemono_friends"],沙猫(兽娘动物园)
11923,1414917,alpaca_suri_(kemono_friends),4,1360,["kemono_friends"],羊驼苏利(兽娘动物园)
11924,1405299,emperor_penguin_(kemono_friends),4,1365,["kemono_friends"],帝企鹅(兽娘动物园)
11925,1405214,royal_penguin_(kemono_friends),4,651,["kemono_friends"],皇家企鹅(兽娘动物园)
11926,1413408,small-clawed_otter_(kemono_friends),4,817,["kemono_friends"],小爪水獭(兽娘动物园)
11927,1405419,lucky_beast_(kemono_friends),4,2087,["kemono_friends"],幸运兽(兽娘动物园)
11928,1630664,fujinami_(kancolle),4,758,["kantai_collection"],藤波(舰C)
11929,1405975,grey_wolf_(kemono_friends),4,1648,["kemono_friends"],灰狼(兽娘动物园)
11930,1631012,i-13_(kancolle),4,839,["kantai_collection"],伊13(舰C)
11931,1631014,i-14_(kancolle),4,720,["kantai_collection"],伊14(舰C)
11932,1406070,jaguar_(kemono_friends),4,1292,["kemono_friends"],美洲豹(兽娘动物园)
11933,1406378,shoebill_(kemono_friends),4,2162,["kemono_friends"],鲸头鹳(兽娘动物园)
11934,1527238,kiran_(fire_emblem),4,1298,"[""fire_emblem"", ""fire_emblem_heroes""]",琪姬(火焰纹章)
11935,1580178,cellien_(kemono_friends),4,663,["kemono_friends"],细胞怪(兽娘动物园)
11936,1407120,humboldt_penguin_(kemono_friends),4,1087,["kemono_friends"],洪堡企鹅(兽娘动物园)
11937,1471064,abigail_williams_(fate),4,11978,"[""fate/grand_order"", ""fate_(series)""]",阿比盖尔·威廉姆斯(Fate)
11938,1627758,scheherazade_(fate),4,823,"[""fate/grand_order"", ""fate_(series)""]",山鲁佐德(Fate)
11939,1407467,northern_white-faced_owl_(kemono_friends),4,1695,["kemono_friends"],北白颊林鸮(兽娘动物园)
11940,1407495,eurasian_eagle_owl_(kemono_friends),4,1353,["kemono_friends"],欧亚雕鸮(兽娘动物园)
11941,1757557,jeanne_d'arc_alter_(ver._shinjuku_1999)_(fate),4,1836,"[""fate/grand_order"", ""fate_(series)""]",贞德·Alter(新宿1999ver.)(Fate)
11942,2260667,saber_alter_(ver._shinjuku_1999),4,1007,"[""fate/grand_order"", ""fate_(series)""]",阿尔托莉雅·潘德拉贡〔Alter〕(新宿1999)(Fate)
11943,1845663,james_moriarty_(archer)_(fate),4,714,"[""fate/grand_order"", ""fate_(series)""]",詹姆斯·莫里亚蒂(Archer)(Fate)
11944,1407816,silver_fox_(kemono_friends),4,1782,["kemono_friends"],银狐(兽娘动物园)
11945,1408392,golden_snub-nosed_monkey_(kemono_friends),4,774,["kemono_friends"],金丝猴(兽娘动物园)
11946,1408667,kochou_shinobu,4,2812,["kimetsu_no_yaiba"],蝴蝶忍(鬼灭之刃)
11947,1409004,african_wild_dog_(kemono_friends),4,709,["kemono_friends"],非洲野犬(兽娘动物园)
11948,1408788,brown_bear_(kemono_friends),4,913,["kemono_friends"],棕熊(兽娘动物园)
11949,1408911,brown_long-eared_bat_(kemono_friends),4,979,"[""kemono_friends"", ""kemono_friends_v_project""]",棕长耳蝠(兽娘动物园)
11950,1408884,coyote_(kemono_friends),4,805,"[""kemono_friends"", ""kemono_friends_v_project""]",郊狼(兽娘动物园)
11951,1408885,dhole_(kemono_friends),4,1310,["kemono_friends"],豺(兽娘动物园)
11952,1409854,sandalphon_(granblue_fantasy),4,1192,["granblue_fantasy"],桑达尔冯(碧蓝幻想)
11953,1410354,purah,4,1298,"[""the_legend_of_zelda"", ""the_legend_of_zelda:_tears_of_the_kingdom""]",普尔亚(塞尔达传说：王国之泪)
11954,1410565,fujiwara_chika,4,2079,["kaguya-sama_wa_kokurasetai_~tensai-tachi_no_renai_zunousen~"],藤原千花(辉夜大小姐想让我告白)
11955,1411715,okusawa_misaki,4,990,["bang_dream!"],奥泽美咲(BanG Dream!)
11956,1475191,aoba_moca,4,1082,["bang_dream!"],青叶摩卡(BanG Dream!)
11957,1412049,mitake_ran,4,1376,["bang_dream!"],美竹兰(BanG Dream!)
11958,1416572,nanami_yachiyo,4,1178,"[""magia_record:_mahou_shoujo_madoka_magica_gaiden"", ""mahou_shoujo_madoka_magica""]",七海八千代(魔法纪录)
11959,1412756,theresa_apocalypse,4,2685,"[""honkai_(series)"", ""honkai_impact_3rd""]",德丽莎·阿波卡利斯(崩坏3)
11960,1412894,tsurumaki_kokoro,4,1093,["bang_dream!"],弦卷心(BanG Dream!)
11961,1735128,suzuya_kai_ni_(kancolle),4,1352,["kantai_collection"],铃谷改二(舰C)
11962,1482284,oda_nobukatsu_(fate),4,1123,"[""fate/grand_order"", ""fate_(series)""]",织田信胜(Fate)
11963,1667174,spas-12_(girls'_frontline),4,912,["girls'_frontline"],SPAS-12(少女前线)
11964,1416553,maruyama_aya,4,1044,["bang_dream!"],丸山彩(BanG Dream!)
11965,1446716,lana's_mother_(pokemon),4,756,"[""pokemon"", ""pokemon_(anime)"", ""pokemon_sm_(anime)""]",水莲的母亲(宝可梦)
11966,1631092,kamoi_(kancolle),4,1491,["kantai_collection"],神威(舰C)
11967,1631097,kasuga_maru_(kancolle),4,803,["kantai_collection"],春日丸(舰队Collection)
11968,1630677,gangut_(kancolle),4,2034,["kantai_collection"],甘古特(舰C)
11969,1630643,etorofu_(kancolle),4,1564,["kantai_collection"],择捉(舰C)
11970,1423783,eternity_larva,4,1962,["touhou"],永恒幼虫(碧蓝航线)
11971,1419015,sakata_nemuno,4,839,["touhou"],坂田音夢(D4DJ)
11972,1419028,komano_aunn,4,2255,["touhou"],高丽野阿吽(东方Project)
11973,1440130,laffey_(azur_lane),4,2775,["azur_lane"],拉菲(碧蓝航线)
11974,1419936,minato_yukina,4,928,["bang_dream!"],凑友希那(BanG Dream!)
11975,1440110,akagi_(azur_lane),4,2529,["azur_lane"],赤城(碧蓝航线)
11976,1420690,hikawa_sayo,4,1997,["bang_dream!"],冰川纱夜(BanG Dream!)
11977,1420691,imai_lisa,4,1033,["bang_dream!"],今井莉莎(BanG Dream!)
11978,2257584,hado_nejire,4,1132,["boku_no_hero_academia"],波动捻丽(我的英雄学院)
11979,1420829,matsubara_kanon,4,939,["bang_dream!"],松原花音(BanG Dream!)
11980,1420746,udagawa_tomoe,4,686,["bang_dream!"],宇田川巴(BanG Dream!)
11981,2093695,tennoji_rina,4,2211,"[""love_live!"", ""love_live!_nijigasaki_high_school_idol_club""]",天王寺璃奈(Love Live! 虹咲学园)
11982,2203278,yuki_setsuna,4,3081,"[""love_live!"", ""love_live!_nijigasaki_high_school_idol_club""]",优木雪菜(Love Live! 虹咲学园)
11983,1420954,nakasu_kasumi,4,2152,"[""love_live!"", ""love_live!_nijigasaki_high_school_idol_club""]",中须霞(Love Live! 虹咲学园学园偶像同好会)
11984,1421068,miyashita_ai,4,1886,"[""love_live!"", ""love_live!_nijigasaki_high_school_idol_club""]",宫下爱(Love Live! 虹咲学园学园偶像同好会)
11985,1645009,super_creek_(umamusume),4,1760,["umamusume"],超级小溪(赛马娘)
11986,1644985,gold_city_(umamusume),4,1170,["umamusume"],黄金城市(赛马娘)
11987,1440070,kaga_(azur_lane),4,2722,["azur_lane"],加贺(碧蓝航线)
11988,1441167,ayanami_(azur_lane),4,3308,["azur_lane"],绫波(碧蓝航线)
11989,1440040,atago_(azur_lane),4,4695,["azur_lane"],爱宕(碧蓝航线)
11990,1440020,takao_(azur_lane),4,2571,["azur_lane"],高雄(碧蓝航线)
11991,1440202,enterprise_(azur_lane),4,2680,["azur_lane"],企业(碧蓝航线)
11992,1440285,queen_elizabeth_(azur_lane),4,781,["azur_lane"],伊丽莎白女王(碧蓝航线)
11993,1440089,prinz_eugen_(azur_lane),4,4608,["azur_lane"],欧根亲王(碧蓝航线)
11994,1509864,prinz_eugen_(unfading_smile)_(azur_lane),4,1137,["azur_lane"],欧根亲王(碧蓝航线)
11995,1440145,javelin_(azur_lane),4,2056,["azur_lane"],标枪(碧蓝航线)
11996,1440018,illustrious_(azur_lane),4,3167,["azur_lane"],光辉(碧蓝航线)
11997,1440247,yamashiro_(azur_lane),4,1193,["azur_lane"],山城(碧蓝航线)
11998,1423117,sakuramori_kaori,4,817,"[""idolmaster"", ""idolmaster_million_live!""]",樱守香织(偶像大师百万现场！)
11999,1440255,yuudachi_(azur_lane),4,925,["azur_lane"],夕立(碧蓝航线)
12000,1431995,minamoto_no_raikou_(swimsuit_lancer)_(fate),4,1353,"[""fate/grand_order"", ""fate_(series)""]",源赖光(泳装枪兵)(Fate)
12001,1422861,shiraishi_tsumugi,4,792,"[""idolmaster"", ""idolmaster_million_live!""]",白石紬(偶像大师 闪耀色彩)
12002,1444059,hammann_(azur_lane),4,983,["azur_lane"],哈曼(碧蓝航线)
12003,1436151,uzaki_hana,4,1350,["uzaki-chan_wa_asobitai!"],宇崎花(宇崎学妹想要玩！)
12004,1440167,hood_(azur_lane),4,692,["azur_lane"],胡德(碧蓝航线)
12005,1523054,manjuu_(azur_lane),4,10071,["azur_lane"],蛮啾(碧蓝航线)
12006,1440195,ping_hai_(azur_lane),4,636,["azur_lane"],平海(碧蓝航线)
12007,1440177,z23_(azur_lane),4,1844,["azur_lane"],Z23(碧蓝航线)
12008,1423996,asaka_karin,4,1848,"[""love_live!"", ""love_live!_nijigasaki_high_school_idol_club""]",浅香花铃(Love Live! 虹咲学园学园偶像同好会)
12009,1424365,pyra_(xenoblade),4,8243,"[""xenoblade_chronicles_(series)"", ""xenoblade_chronicles_2""]",焰(异度神剑)
12010,1556681,rex_(xenoblade),4,1767,"[""xenoblade_chronicles_(series)"", ""xenoblade_chronicles_2""]",雷克斯(异度神剑)
12011,1451637,kallen_kaslana,4,728,"[""honkai_(series)"", ""honkai_impact_3rd""]",卡莲·卡斯兰娜(崩坏3)
12012,1425420,iino_miko,4,870,["kaguya-sama_wa_kokurasetai_~tensai-tachi_no_renai_zunousen~"],伊井野弥子(辉夜大小姐想让我告白)
12013,1627797,wu_zetian_(fate),4,1033,"[""fate/grand_order"", ""fate_(series)""]",武则天(Fate)
12014,1440310,eldridge_(azur_lane),4,707,["azur_lane"],埃尔德里奇(碧蓝航线)
12015,1440644,inuyama_aoi,4,1348,["yurucamp"],犬山葵(摇曳露营△)
12016,1442305,hiro_(darling_in_the_franxx),4,1732,["darling_in_the_franxx"],016(DARLING in the FRANXX)
12017,1442306,zero_two_(darling_in_the_franxx),4,4345,["darling_in_the_franxx"],02(国家队)
12018,1433946,marina_(splatoon),4,2259,["splatoon_(series)"],玛琳娜(斯普拉遁)
12019,1448421,pearl_(splatoon),4,1811,["splatoon_(series)"],珍珠(斯普拉遁)
12020,1644992,manhattan_cafe_(umamusume),4,7956,["umamusume"],曼城茶座(赛马娘)
12021,1926018,luo_xiaohei,4,1314,["luo_xiaohei_zhanji"],罗小黑(罗小黑战记)
12022,1427900,ange_(princess_principal),4,625,["princess_principal"],安洁(公主代理人)
12023,1440013,unicorn_(azur_lane),4,3565,["azur_lane"],独角兽(碧蓝航线)
12024,1431862,nero_claudius_(swimsuit_caster)_(fate),4,2205,"[""fate/grand_order"", ""fate_(series)""]",尼禄·克劳狄乌斯(泳装术阶)(Fate)
12025,1440003,belfast_(azur_lane),4,4107,["azur_lane"],贝尔法斯特(碧蓝航线)
12026,1493611,kemomimi-chan_(naga_u),4,1901,["original"],兽耳酱(长u)
12027,1667200,dsr-50_(girls'_frontline),4,627,["girls'_frontline"],DSR-50(少女前线)
12028,1441509,andou_(girls_und_panzer),4,2003,["girls_und_panzer"],安藤(少女与战车)
12029,1442807,marie_(girls_und_panzer),4,1477,["girls_und_panzer"],玛丽(少女与战车)
12030,1447804,oshida_(girls_und_panzer),4,1792,["girls_und_panzer"],押田(少女与战车)
12031,1509453,fu_hua,4,4227,"[""honkai_(series)"", ""honkai_impact_3rd""]",符华(崩坏3)
12032,1431868,nitocris_(swimsuit_assassin)_(fate),4,918,"[""fate/grand_order"", ""fate_(series)""]",尼托克丽丝(泳装暗杀者)(Fate)
12033,1781047,artoria_pendragon_(alter_swimsuit_rider)_(second_ascension)_(fate),4,0,"[""fate/grand_order"", ""fate_(series)""]",阿尔托莉雅·潘德拉贡(Alter泳装Rider)(第二再临)(Fate)
12034,1464375,smallfry_(splatoon),4,797,["splatoon_(series)"],小鲑鱼(喷射战士)
12035,1439996,admiral_hipper_(azur_lane),4,648,["azur_lane"],希佩尔海军上将(碧蓝航线)
12036,1439994,akashi_(azur_lane),4,997,["azur_lane"],明石(碧蓝航线)
12037,1439993,deutschland_(azur_lane),4,674,["azur_lane"],德意志(碧蓝航线)
12038,1439987,cleveland_(azur_lane),4,970,["azur_lane"],克利夫兰(碧蓝航线)
12039,1439984,z46_(azur_lane),4,621,["azur_lane"],Z46(碧蓝航线)
12040,1432898,faputa,4,690,["made_in_abyss"],法普妲(来自深渊)
12041,1500444,commander_(azur_lane),4,4508,["azur_lane"],指挥官(碧蓝航线)
12042,1631270,richelieu_(kancolle),4,1492,["kantai_collection"],黎塞留(舰C)
12043,1630712,hatakaze_(kancolle),4,658,["kantai_collection"],旗风(舰C)
12044,1631290,sagiri_(kancolle),4,1052,["kantai_collection"],狭雾(舰C)
12045,1432299,matara_okina,4,3010,["touhou"],摩多罗隐岐奈(东方)
12046,1432300,yatadera_narumi,4,970,["touhou"],八寺鸣海(八月的灰姑娘棒球队)
12047,1432308,nishida_satono,4,1680,["touhou"],西田里(赛马娘)
12048,1432310,teireida_mai,4,1637,["touhou"],帝铃田舞(东方)
12049,1630503,ark_royal_(kancolle),4,1474,["kantai_collection"],皇家方舟(舰C)
12050,1631170,matsuwa_(kancolle),4,980,["kantai_collection"],松轮(舰C)
12051,1439979,graf_zeppelin_(azur_lane),4,980,["azur_lane"],齐柏林伯爵(碧蓝航线)
12052,1442945,exusiai_(arknights),4,4312,["arknights"],能天使(明日方舟)
12053,1488450,sora_(arknights),4,838,["arknights"],空(明日方舟)
12054,1442946,texas_(arknights),4,7367,["arknights"],德克萨斯(明日方舟)
12055,1434774,uehara_himari,4,775,["bang_dream!"],上原绯玛丽(BanG Dream!)
12056,1435314,oyama_mahiro,4,6856,["onii-chan_wa_oshimai!"],大山真白(偶像大师闪耀色彩)
12057,1435315,oyama_mihari,4,2144,["onii-chan_wa_oshimai!"],小山美春(偶像大师)
12058,1439976,kisaragi_(azur_lane),4,968,["azur_lane"],如月(碧蓝航线)
12059,1520862,hozuki_kaede,4,1119,["onii-chan_wa_oshimai!"],穗积枫(别当欧尼酱了！)
12060,1438842,emma_verde,4,2004,"[""love_live!"", ""love_live!_nijigasaki_high_school_idol_club""]",艾玛·韦尔德(约定的梦幻岛)
12061,1436229,uehara_ayumu,4,3032,"[""love_live!"", ""love_live!_nijigasaki_high_school_idol_club""]",上原步梦(Love Live!)
12062,1708032,atago_(summer_march)_(azur_lane),4,656,["azur_lane"],爱宕(盛夏的游行)(碧蓝航线)
12063,1631376,suzutsuki_(kancolle),4,2127,["kantai_collection"],凉月(舰C)
12064,1438046,android_21,4,1732,"[""dragon_ball"", ""dragon_ball_fighterz""]",人造人21号(龙珠)
12065,1449263,nia_(xenoblade),4,3204,"[""xenoblade_chronicles_(series)"", ""xenoblade_chronicles_2""]",尼亚(异度神剑2)
12066,1443455,igarashi_futaba_(shiromanta),4,0,[],五十岚双叶(shiromanta)
12067,1443456,takeda_harumi_(shiromanta),4,0,[],武田晴美(shiromanta)
12068,1449525,phosphophyllite_(ll),4,860,["houseki_no_kuni"],磷叶石(宝石之国)
12069,1445024,shirasagi_chisato,4,759,["bang_dream!"],白鹭千圣(BanG Dream!)
12070,1555186,liskarm_(arknights),4,793,["arknights"],雷蛇(明日方舟)
12071,1441359,shoukaku_(azur_lane),4,904,["azur_lane"],翔鹤(碧蓝航线)
12072,1441519,bismarck_(azur_lane),4,1045,["azur_lane"],俾斯麦(碧蓝航线)
12073,1441567,monika_(doki_doki_literature_club),4,2076,["doki_doki_literature_club"],莫妮卡(心跳文学部)
12074,1441570,natsuki_(doki_doki_literature_club),4,1453,["doki_doki_literature_club"],夏树(心跳文学部)
12075,1441568,sayori_(doki_doki_literature_club),4,1138,["doki_doki_literature_club"],纱世里(心跳文学部)
12076,1441569,yuri_(doki_doki_literature_club),4,1259,["doki_doki_literature_club"],优里(心跳文学部)
12077,1442307,ichigo_(darling_in_the_franxx),4,1048,["darling_in_the_franxx"],莓(DARLING in the FRANXX)
12078,1442931,amiya_(arknights),4,9275,["arknights"],阿米娅(明日方舟)
12079,1442947,ch'en_(arknights),4,3900,["arknights"],陈(明日方舟)
12080,1447950,nearl_(arknights),4,1277,["arknights"],临光(明日方舟)
12081,1465315,tomoe_gozen_(fate),4,2902,"[""fate/grand_order"", ""fate_(series)""]",巴御前(Fate)
12082,1443050,zuikaku_(azur_lane),4,855,["azur_lane"],瑞鹤(碧蓝航线)
12083,1443053,nakano_miku,4,3765,["go-toubun_no_hanayome"],中野三玖(五等分的新娘)
12084,1462685,kokkoro_(princess_connect!),4,3710,["princess_connect!"],可可萝(公主连结Re:Dive)
12085,1593680,ashiya_douman_(fate),4,2107,"[""fate/grand_order"", ""fate_(series)""]",芦屋道满(Fate)
12086,2102317,dennou_shoujo_siro,4,679,[".live"],电脑少女Siro(.live)
12087,1448225,senko_(sewayaki_kitsune_no_senko-san),4,733,["sewayaki_kitsune_no_senko-san"],仙狐(贤惠幼妻仙狐小姐)
12088,1684882,florence_nightingale_(trick_or_treatment)_(fate),4,1155,"[""fate/grand_order"", ""fate_(series)""]",南丁格尔(糖果治疗)(Fate)
12089,2008086,osakabehime_(fate),4,1618,"[""fate/grand_order"", ""fate_(series)""]",刑部姬(Fate)
12090,1445023,hikawa_hina,4,1771,["bang_dream!"],冰川日菜(BanG Dream!)
12091,1445281,misono_karin,4,788,"[""magia_record:_mahou_shoujo_madoka_magica_gaiden"", ""mahou_shoujo_madoka_magica""]",美园花铃(魔法纪录 魔法少女小圆外传)
12092,1590956,mythra_(xenoblade),4,7327,"[""xenoblade_chronicles_(series)"", ""xenoblade_chronicles_2""]",光(异度神剑)
12093,1566117,kal'tsit_(arknights),4,4633,["arknights"],凯尔希(明日方舟)
12094,1446811,st._louis_(azur_lane),4,2248,["azur_lane"],圣路易斯(碧蓝航线)
12095,1446812,honolulu_(azur_lane),4,1837,["azur_lane"],檀香山(碧蓝航线)
12096,1590962,morag_ladair_(xenoblade),4,653,"[""xenoblade_chronicles_(series)"", ""xenoblade_chronicles_2""]",梅勒芙(异度神剑2)
12097,1631437,tsushima_(kancolle),4,1265,["kantai_collection"],对马(舰队Collection)
12098,1631288,sado_(kancolle),4,1074,["kantai_collection"],佐渡(舰C)
12099,1447393,alina_gray,4,1248,"[""magia_record:_mahou_shoujo_madoka_magica_gaiden"", ""mahou_shoujo_madoka_magica""]",阿丽娜·格雷(明日方舟)
12100,1442949,ptilopsis_(arknights),4,908,["arknights"],白面鸮(明日方舟)
12101,1551455,silence_(arknights),4,1361,["arknights"],塞雷娅(明日方舟)
12102,1520852,hozuki_momiji,4,2051,["onii-chan_wa_oshimai!"],红月红叶(东方Project)
12103,1450563,nono_hana,4,684,"[""hugtto!_precure"", ""precure""]",野乃花(HUGtto! 光之美少女)
12104,1450561,yakushiji_saaya,4,642,"[""hugtto!_precure"", ""precure""]",药师寺沙绫(HUGtto! 光之美少女)
12105,1627625,lavinia_whateley_(fate),4,781,"[""fate/grand_order"", ""fate_(series)""]",拉维尼娅·惠特利(Fate)
12106,1448715,kizuna_akari,4,3923,["voiceroid"],绊爱(Kizuna AI)
12107,1448884,circe_(fate),4,705,"[""fate/grand_order"", ""fate_(series)""]",喀耳刻(Fate)
12108,1766600,abigail_williams_(third_ascension)_(fate),4,1024,"[""fate/grand_order"", ""fate_(series)""]",阿比盖尔·威廉姆斯(第三阶段)(Fate)
12109,1792537,zabaniyya_(housamo),4,1027,["tokyo_afterschool_summoners"],扎巴尼耶(东京放课后)
12110,1973098,ayanami_(retrofit)_(azur_lane),4,1018,["azur_lane"],绫波(改造)(碧蓝航线)
12111,1782880,angela_(project_moon),4,1466,["project_moon"],安吉拉(边狱巴士)
12112,1591011,nia_(blade)_(xenoblade),4,1355,"[""xenoblade_chronicles_(series)"", ""xenoblade_chronicles_2""]",尼娅(异度神剑2)
12113,1450276,cutlass_(girls_und_panzer),4,842,["girls_und_panzer"],卡特勒斯(少女与战车)
12114,1451890,kaguya_luna,4,1345,["the_moon_studio"],辉夜月(月之工作室)
12115,1591026,pneuma_(xenoblade),4,1057,"[""xenoblade_chronicles_(series)"", ""xenoblade_chronicles_2""]",Pneuma(异度神剑)
12116,1627148,koyanskaya_(fate),4,2219,"[""fate/grand_order"", ""fate_(series)""]",高扬斯卡娅(Fate)
12117,1639099,naganami_kai_ni_(kancolle),4,1182,["kantai_collection"],长波改二(舰C)
12118,1452972,yorigami_shion,4,3734,["touhou"],依神紫苑(东方)
12119,1452975,yorigami_jo'on,4,3171,["touhou"],依神女苑(东方)
12120,1627610,katsushika_hokusai_(fate),4,2817,"[""fate/grand_order"", ""fate_(series)""]",葛饰北斋(Fate)
12121,1627780,tokitarou_(fate),4,0,"[""fate/grand_order"", ""fate_(series)""]",时太郎(Fate)
12122,1505029,leonardo_da_vinci_(rider)_(fate),4,1461,"[""fate/grand_order"", ""fate_(series)""]",莱昂纳多·达·芬奇(Rider)(Fate)
12123,1467626,anastasia_(fate),4,2385,"[""fate/grand_order"", ""fate_(series)""]",阿纳斯塔西娅(Fate)
12124,1627172,viy_(fate),4,960,"[""fate/grand_order"", ""fate_(series)""]",维(Fate)
12125,1454058,kadoc_zemlupus,4,858,"[""fate/grand_order"", ""fate_(series)""]",卡多克·泽姆露普斯(Fate/Grand Order)
12126,1630990,hiburi_(kancolle),4,643,["kantai_collection"],日振(舰队Collection)
12127,1755030,fujimaru_ritsuka_(female)_(polar_chaldea_uniform),4,1071,"[""fate/grand_order"", ""fate_(series)""]",藤丸立香(女)(极地迦勒底制服)(Fate)
12128,1454529,okada_izou_(fate),4,857,"[""fate/grand_order"", ""fate_(series)""]",冈田以藏(Fate)
12129,1481983,oryou_(fate),4,647,"[""fate/grand_order"", ""fate_(series)""]",阿龙(Fate)
12130,1479363,franka_(arknights),4,821,["arknights"],芙兰卡(明日方舟)
12131,1455448,nagato_(azur_lane),4,1385,["azur_lane"],长门(碧蓝航线)
12132,1733431,murasame_kai_ni_(kancolle),4,1359,["kantai_collection"],村雨改二(舰C)
12133,1483542,tsukishima_hajime,4,750,["golden_kamuy"],月岛始(黄金神威)
12134,1455979,majin_android_21,4,886,"[""dragon_ball"", ""dragon_ball_fighterz""]",魔人人造人21号(龙珠斗士Z)
12135,1456824,nekomusume_(gegege_no_kitarou_6),4,1057,["gegege_no_kitarou"],猫娘(鬼太郎6)
12136,1456294,admiral_graf_spee_(azur_lane),4,870,["azur_lane"],斯佩伯爵海军上将(碧蓝航线)
12137,1519385,captain_(honkai_impact),4,1119,"[""honkai_(series)"", ""honkai_impact_3rd""]",舰长(崩坏3)
12138,1462508,tokino_sora,4,1988,["hololive"],时乃空(Hololive)
12139,1667145,ak-12_(girls'_frontline),4,2272,["girls'_frontline"],AK-12(少女前线)
12140,1667154,an-94_(girls'_frontline),4,1967,["girls'_frontline"],AN-94(少女前线)
12141,1459161,tsukino_mito,4,3621,["nijisanji"],月乃美兔(虚拟主播)
12142,1572757,kabru,4,1708,["dungeon_meshi"],卡布尔(迷宫饭)
12143,1459170,hachimiya_meguru,4,2580,"[""idolmaster"", ""idolmaster_shiny_colors""]",八宫巡(偶像大师)
12144,1459180,kazano_hiori,4,1603,"[""idolmaster"", ""idolmaster_shiny_colors""]",风野灯织(偶像大师)
12145,1459172,sakuragi_mano,4,1782,"[""idolmaster"", ""idolmaster_shiny_colors""]",樱木真乃(偶像大师 闪耀色彩)
12146,1459405,koito_otonoshin,4,685,["golden_kamuy"],小糸音之进(黄金神威)
12147,1734866,musashi_kai_ni_(kancolle),4,1904,["kantai_collection"],武藏改二(舰队Collection)
12148,1459802,shirase_sakuya,4,2164,"[""idolmaster"", ""idolmaster_shiny_colors""]",白濑咲耶(偶像大师 闪耀色彩)
12149,1459803,mitsumine_yuika,4,988,"[""idolmaster"", ""idolmaster_shiny_colors""]",光峰结花(偶像大师)
12150,1459804,tsukioka_kogane,4,1866,"[""idolmaster"", ""idolmaster_shiny_colors""]",月冈金音(偶像大师闪耀色彩)
12151,1459805,yukoku_kiriko,4,1285,"[""idolmaster"", ""idolmaster_shiny_colors""]",雪国切子(忍者杀手)
12152,1459806,tanaka_mamimi,4,1686,"[""idolmaster"", ""idolmaster_shiny_colors""]",田中真美美(偶像大师 闪耀色彩)
12153,1460549,nekomiya_hinata,4,712,["hinata_channel"],猫宫日向(偶像大师)
12154,1630675,gambier_bay_(kancolle),4,2273,["kantai_collection"],甘比尔湾(舰C)
12155,1631062,jervis_(kancolle),4,1763,["kantai_collection"],杰维斯(舰C)
12156,1630636,enemy_lifebuoy_(kancolle),4,1402,["kantai_collection"],敌救生圈(舰C)
12157,1460748,kai'sa,4,661,["league_of_legends"],卡莎(LOL)
12158,1789592,osaki_amana,4,2134,"[""idolmaster"", ""idolmaster_shiny_colors""]",大崎甘奈(偶像大师 闪耀色彩)
12159,1477331,osaki_tenka,4,1647,"[""idolmaster"", ""idolmaster_shiny_colors""]",大崎甜花(偶像大师)
12160,1460817,kuwayama_chiyuki,4,2086,"[""idolmaster"", ""idolmaster_shiny_colors""]",桑山千雪(偶像大师 闪耀色彩)
12161,1631408,tashkent_(kancolle),4,1722,["kantai_collection"],塔什干(舰C)
12162,1631040,intrepid_(kancolle),4,1247,["kantai_collection"],无畏(舰C)
12163,1630702,hamanami_(kancolle),4,719,["kantai_collection"],滨波(舰C)
12164,1461094,shizuka_rin,4,1110,["nijisanji"],静香凛(偶像大师)
12165,1594094,pecorine_(princess_connect!),4,3402,["princess_connect!"],佩可莉姆(公主连结)
12166,1569872,yuuki_(princess_connect!),4,1139,["princess_connect!"],优衣(公主连结)
12167,1461598,sheffield_(azur_lane),4,770,["azur_lane"],谢菲尔德(碧蓝航线)
12168,1937492,tsukino_mito_(1st_costume),4,1795,["nijisanji"],月野美兔(1st服装)
12169,1462223,hatoba_tsugu,4,1766,["tsugu_(vtuber)"],鳩羽つぐ(Tsugu)
12170,1569865,karyl_(princess_connect!),4,4355,["princess_connect!"],凯露(公主连结)
12171,1462526,higuchi_kaede,4,2386,["nijisanji"],樋口枫(彩虹社)
12172,1936843,higuchi_kaede_(1st_costume),4,858,["nijisanji"],樋口枫(第1服装)
12173,1462453,morino_rinze,4,2077,"[""idolmaster"", ""idolmaster_shiny_colors""]",杜野凛世(偶像大师 闪耀色彩)
12174,1462454,sonoda_chiyoko,4,1873,"[""idolmaster"", ""idolmaster_shiny_colors""]",园田千代子(偶像大师)
12175,1462457,komiya_kaho,4,1869,"[""idolmaster"", ""idolmaster_shiny_colors""]",小宫果穗(偶像大师)
12176,1789595,saijo_juri,4,1119,"[""idolmaster"", ""idolmaster_shiny_colors""]",西城树里(偶像大师 闪耀色彩)
12177,1462463,arisugawa_natsuha,4,1462,"[""idolmaster"", ""idolmaster_shiny_colors""]",有栖川夏叶(偶像大师)
12178,1560614,saren_(princess_connect!),4,1942,["princess_connect!"],咲恋(公主连结)
12179,1658014,a-chan_(hololive),4,897,["hololive"],A酱(hololive)
12180,1560525,agent_8_(splatoon),4,1401,["splatoon_(series)"],8号(喷射战士)
12181,2133539,kyoka_(princess_connect!),4,1353,["princess_connect!"],镜华(公主连结Re:Dive)
12182,1755026,fujimaru_ritsuka_(male)_(polar_chaldea_uniform),4,1091,"[""fate/grand_order"", ""fate_(series)""]",藤丸立香(男性)(极地迦勒底制服)(Fate)
12183,1464773,nakano_itsuki,4,2023,["go-toubun_no_hanayome"],中野五月(五等分的新娘)
12184,1464778,nakano_yotsuba,4,3345,["go-toubun_no_hanayome"],中野四叶(五等分的新娘)
12185,1667226,mdr_(girls'_frontline),4,777,["girls'_frontline"],MDR(少女前线)
12186,1465651,mononobe_alice,4,619,["nijisanji"],物部爱丽丝(彩虹社)
12187,1465798,morinaka_kazaki,4,755,["nijisanji"],森中风(彩虹社)
12188,1627756,scathach_skadi_(fate),4,1804,"[""fate/grand_order"", ""fate_(series)""]",斯卡哈·斯卡蒂(Fate)
12189,1483850,napoleon_bonaparte_(fate),4,2359,"[""fate/grand_order"", ""fate_(series)""]",拿破仑(Fate)
12190,1481030,caenis_(fate),4,1666,"[""fate/grand_order"", ""fate_(series)""]",凯妮斯(Fate)
12191,1466030,daiba_nana,4,887,["shoujo_kageki_revue_starlight"],大场奈奈(少女歌剧 Revue Starlight)
12192,1466034,saijou_claudine,4,1145,["shoujo_kageki_revue_starlight"],西条克洛迪娜(少女歌剧 Revue Starlight)
12193,1466035,tendou_maya,4,1131,["shoujo_kageki_revue_starlight"],天堂真矢(少女歌剧 Revue Starlight)
12194,1768617,scathach_(piercing_bunny)_(fate),4,1007,"[""fate/grand_order"", ""fate_(series)""]",斯卡哈(穿刺兔女郎)(Fate)
12195,1467839,trainer_(umamusume),4,10197,["umamusume"],训练员(赛马娘)
12196,1467544,kenmochi_touya,4,1144,["nijisanji"],剑持刀也(彩虹社)
12197,1644967,el_condor_pasa_(umamusume),4,1235,["umamusume"],神鹰(赛马娘)
12198,1467675,symboli_rudolf_(umamusume),4,3659,["umamusume"],鲁道夫象征(赛马娘)
12199,1644996,mejiro_dober_(umamusume),4,1606,["umamusume"],目白多伯(赛马娘)
12200,1644994,mayano_top_gun_(umamusume),4,2692,["umamusume"],摩耶重炮(赛马娘)
12201,1646764,gold_ship_(umamusume),4,7201,["umamusume"],黄金船(赛马娘)
12202,1644984,fine_motion_(umamusume),4,1589,["umamusume"],美妙姿势(赛马娘)
12203,1645002,nice_nature_(umamusume),4,4060,["umamusume"],优秀素质(赛马娘)
12204,1645000,nakayama_festa_(umamusume),4,1263,["umamusume"],中山庆典(赛马娘)
12205,1644983,eishin_flash_(umamusume),4,2400,["umamusume"],荣进闪耀(赛马娘)
12206,1644977,agnes_digital_(umamusume),4,2278,["umamusume"],爱丽数码(赛马娘)
12207,1467925,vodka_(umamusume),4,2726,["umamusume"],伏特加(赛马娘)
12208,1644965,air_groove_(umamusume),4,2011,["umamusume"],气槽(赛马娘)
12209,1644970,grass_wonder_(umamusume),4,2270,["umamusume"],草上飞(赛马娘)
12210,1644974,taiki_shuttle_(umamusume),4,1237,["umamusume"],大树快车(赛马娘)
12211,1646762,daiwa_scarlet_(umamusume),4,6552,["umamusume"],大和赤骥(赛马娘)
12212,1684742,t.m._opera_o_(umamusume),4,2083,["umamusume"],T.M.歌剧王(赛马娘)
12213,1644973,narita_brian_(umamusume),4,2149,["umamusume"],成田白仁(赛马娘)
12214,1644969,fuji_kiseki_(umamusume),4,1372,["umamusume"],富士奇迹(赛马娘)
12215,1644972,maruzensky_(umamusume),4,1278,["umamusume"],丸善斯基(赛马娘)
12216,1646765,mejiro_mcqueen_(umamusume),4,6625,["umamusume"],目白麦昆(赛马娘)
12217,1645007,seiun_sky_(umamusume),4,2420,["umamusume"],青云天空(赛马娘)
12218,1645013,winning_ticket_(umamusume),4,1301,["umamusume"],胜利奖券(赛马娘)
12219,1645011,tamamo_cross_(umamusume),4,2477,["umamusume"],玉藻十字(赛马娘)
12220,1645012,tosen_jordan_(umamusume),4,1078,["umamusume"],东瀛佐敦(赛马娘)
12221,1467946,haru_urara_(umamusume),4,2875,["umamusume"],春乌拉拉(赛马娘)
12222,1644991,matikanefukukitaru_(umamusume),4,1830,["umamusume"],待兼福来(赛马娘)
12223,1645008,smart_falcon_(umamusume),4,1705,["umamusume"],聪明纤驹(赛马娘)
12224,1645001,narita_taishin_(umamusume),4,1824,["umamusume"],成田大进(赛马娘)
12225,1644979,air_shakur_(umamusume),4,1510,["umamusume"],爱慕织姬(赛马娘)
12226,1644987,inari_one_(umamusume),4,728,["umamusume"],稻荷一(赛马娘)
12227,1645003,nishino_flower_(umamusume),4,937,["umamusume"],西野花(赛马娘)
12228,1644998,mihono_bourbon_(umamusume),4,2859,["umamusume"],美浦波旁(赛马娘)
12229,1645010,sweep_tosho_(umamusume),4,1467,["umamusume"],东瀛佐敦(赛马娘)
12230,1644966,biwa_hayahide_(umamusume),4,1604,["umamusume"],琵琶晨光(赛马娘)
12231,1645005,sakura_bakushin_o_(umamusume),4,1205,["umamusume"],樱花进王(赛马娘)
12232,1644978,agnes_tachyon_(umamusume),4,9271,["umamusume"],爱丽数码(赛马娘)
12233,1644995,meisho_doto_(umamusume),4,1824,["umamusume"],名将怒涛(赛马娘)
12234,1645004,rice_shower_(umamusume),4,7165,["umamusume"],米浴(赛马娘)
12235,1644976,admire_vega_(umamusume),4,2950,["umamusume"],爱慕织姬(赛马娘)
12236,1644982,curren_chan_(umamusume),4,2736,["umamusume"],Curren Chan(赛马娘)
12237,1644990,king_halo_(umamusume),4,2759,["umamusume"],帝王光环(赛马娘)
12238,1468120,nakano_nino,4,4129,["go-toubun_no_hanayome"],中野二乃(五等分的新娘)
12239,1468121,nakano_ichika,4,2029,["go-toubun_no_hanayome"],中野一花(五等分的新娘)
12240,1468152,roboco-san,4,1229,["hololive"],萝卜子(Hololive)
12241,1470527,natori_sana,4,2435,["sana_channel"],名取纱那(VTuber)
12242,1631297,samuel_b._roberts_(kancolle),4,1061,["kantai_collection"],塞缪尔·B·罗伯茨(舰队Collection)
12243,1471118,roon_(azur_lane),4,982,["azur_lane"],罗恩(碧蓝航线)
12244,1519364,friedrich_der_grosse_(azur_lane),4,747,["azur_lane"],腓特烈大帝(碧蓝航线)
12245,565443,shinjou_akane,4,2390,"[""gridman_universe"", ""ssss.gridman""]",新城茜(偶像大师)
12246,1480186,takarada_rikka,4,4222,"[""gridman_universe"", ""ssss.gridman""]",宝多六花(SSSS.GRIDMAN)
12247,1632036,ghislaine_dedoldia,4,806,["mushoku_tensei"],基列奴·泰德路迪亚(无职转生)
12248,1933134,tokino_sora_(1st_costume),4,667,["hololive"],时乃空(初始服装)
12249,1476820,yozora_mel,4,1086,["hololive"],夜空梅尔(VTuber)
12250,1565907,seele_(alter_ego),4,1160,"[""honkai_(series)"", ""honkai_impact_3rd""]",希儿(Alter Ego)
12251,1610754,yu_mei-ren_(fate),4,2251,"[""fate/grand_order"", ""fate_(series)""]",虞美人(Fate)
12252,1476829,kanae_(nijisanji),4,1164,["nijisanji"],叶(NIJISANJI)
12253,1159816,mirko,4,5382,["boku_no_hero_academia"],米尔科(我的英雄学院)
12254,473288,sister_claire,4,1260,["nijisanji"],克蕾雅修女(恶魔幸存者2)
12255,2039981,sister_claire_(1st_costume),4,686,["nijisanji"],修女·克莱尔(初始服装)
12256,1478614,wakan_tanka,4,1026,["tokyo_afterschool_summoners"],瓦坎坦卡(碧蓝档案)
12257,1479196,talulah_(arknights),4,834,["arknights"],塔露拉(明日方舟)
12258,1479269,tomioka_giyuu,4,1585,["kimetsu_no_yaiba"],富冈义勇(鬼灭之刃)
12259,1479271,rengoku_kyoujurou,4,1171,["kimetsu_no_yaiba"],炼狱杏寿郎(鬼灭之刃)
12260,1511962,kiana_kaslana_(herrscher_of_the_void),4,745,"[""honkai_(series)"", ""honkai_impact_3rd""]",琪亚娜·卡斯兰娜(空之律者)
12261,1532725,edelgard_von_hresvelg,4,4708,"[""fire_emblem"", ""fire_emblem:_three_houses""]",艾黛尔贾特·冯·弗雷斯贝尔古(火焰纹章)
12262,1532746,byleth_(fire_emblem),4,12,"[""fire_emblem"", ""fire_emblem:_three_houses""]",贝雷丝(火纹)
12263,1886287,byleth_(male)_(fire_emblem),4,0,"[""fire_emblem"", ""fire_emblem:_three_houses""]",贝雷特(男)(火焰纹章)
12264,1534941,claude_von_riegan,4,1493,"[""fire_emblem"", ""fire_emblem:_three_houses""]",克劳德·冯·里根(火焰纹章：风花雪月)
12265,1537880,dimitri_alexandre_blaiddyd,4,3065,"[""fire_emblem"", ""fire_emblem:_three_houses""]",帝弥托利·亚历山大·布雷达德(火焰纹章)
12266,1479836,shirakami_fubuki,4,13067,["hololive"],白上吹雪(Hololive)
12267,1933159,shirakami_fubuki_(1st_costume),4,4001,["hololive"],白上吹雪(1st服装)(Hololive)
12268,1480691,platelet_(hataraku_saibou),4,799,["hataraku_saibou"],血小板(工作细胞)
12269,1481047,akai_haato,4,2753,["hololive"],赤井心(Hololive)
12270,1933135,akai_haato_(1st_costume),4,729,["hololive"],赤井心(1st服装)
12271,1705470,dokibird_(vtuber),4,0,["indie_virtual_youtuber"],Dokibird(虚拟主播)
12272,1836895,karyl_(summer)_(princess_connect!),4,706,["princess_connect!"],凯露(夏日)(公主连结Re:Dive)
12273,1836641,pecorine_(summer)_(princess_connect!),4,617,["princess_connect!"],佩可莉姆(夏日)(公主连结)
12274,1499780,jeanne_d'arc_(swimsuit_archer)_(fate),4,0,"[""fate/grand_order"", ""fate_(series)""]",贞德(泳装弓兵)(Fate)
12275,1781830,jeanne_d'arc_(swimsuit_archer)_(first_ascension)_(fate),4,891,"[""fate/grand_order"", ""fate_(series)""]",贞德(泳装弓兵)(第一再临)(Fate)
12276,1734375,shiratsuyu_kai_ni_(kancolle),4,1046,["kantai_collection"],白露改二(舰C)
12277,1524990,zima_(arknights),4,748,["arknights"],凛冬(明日方舟)
12278,1639124,tenryuu_kai_ni_(kancolle),4,807,["kantai_collection"],天龙改二(舰队Collection)
12279,1488691,broly_(dragon_ball_super),4,663,"[""dragon_ball"", ""dragon_ball_super"", ""dragon_ball_super_broly""]",布罗利(龙珠超)
12280,1627784,valkyrie_(fate),4,765,"[""fate/grand_order"", ""fate_(series)""]",瓦尔基里(Fate)
12281,1925037,protagonist_3_(housamo),4,1146,["tokyo_afterschool_summoners"],主角3(东京放课后)
12282,1837736,saren_(summer)_(princess_connect!),4,747,["princess_connect!"],纱怜(夏日)(公主连结Re:Dive)
12283,1487055,sasaki_saku,4,1518,["nijisanji"],佐佐木咲(彩虹社)
12284,1943905,sasaki_saku_(1st_costume),4,799,["nijisanji"],佐佐木咲(初始服装)
12285,1485459,jean_bart_(azur_lane),4,944,["azur_lane"],让·巴尔(碧蓝航线)
12286,1485692,massachusetts_(azur_lane),4,664,["azur_lane"],马萨诸塞(碧蓝航线)
12287,1722586,abigail_williams_(traveling_outfit)_(fate),4,1111,"[""fate/grand_order"", ""fate_(series)""]",阿比盖尔·威廉姆斯(旅行装)(Fate)
12288,1495284,honma_himawari,4,900,["nijisanji"],本间向日葵(偶像大师)
12289,1492381,shiina_yuika,4,2216,["nijisanji"],椎名由香(偶像大师)
12290,1961059,shiina_yuika_(1st_costume),4,841,["nijisanji"],椎名唯华(初始服装)
12291,1765430,jeanne_d'arc_alter_(swimsuit_berserker)_(fate),4,2652,"[""fate/grand_order"", ""fate_(series)""]",贞德·Alter(泳装狂战士)(Fate)
12292,1781831,jeanne_d'arc_(swimsuit_archer)_(second_ascension)_(fate),4,739,"[""fate/grand_order"", ""fate_(series)""]",贞德(泳装弓兵)(第二再临)(Fate)
12293,1488442,bb_(swimsuit_mooncancer)_(fate),4,0,"[""fate/grand_order"", ""fate_(series)""]",BB(泳装月癌)(Fate)
12294,1782427,bb_(swimsuit_mooncancer)_(second_ascension)_(fate),4,1113,"[""fate/grand_order"", ""fate_(series)""]",BB(泳装月癌)(第二再临)(Fate)
12295,1629430,mysterious_heroine_xx_(fate),4,2155,"[""fate/grand_order"", ""fate_(series)""]",谜之女主角XX(Fate)
12296,1782428,bb_(swimsuit_mooncancer)_(third_ascension)_(fate),4,960,"[""fate/grand_order"", ""fate_(series)""]",BB(泳装月癌)(第三再临)(Fate)
12297,1503277,makaino_ririmu,4,2693,["nijisanji"],槙野梨梨梦(彩虹社)
12298,1496206,kuzuha_(nijisanji),4,1746,["nijisanji"],葛叶(NIJISANJI)
12299,1491428,takamiya_rion,4,927,["nijisanji"],高美夜音(碧蓝档案)
12300,1524996,ifrit_(arknights),4,1248,["arknights"],伊芙利特(明日方舟)
12301,1524993,saria_(arknights),4,2131,["arknights"],塞雷娅(明日方舟)
12302,1489740,aki_rosenthal,4,1352,["hololive"],亚琦·罗森塔尔(hololive)
12303,1500246,nakiri_ayame,4,4638,["hololive"],百鬼绫目(Hololive)
12304,1933137,nakiri_ayame_(1st_costume),4,1254,["hololive"],纳基里·阿雅梅(1st服装)
12305,1637361,pyra_(pro_swimmer)_(xenoblade),4,1086,"[""xenoblade_chronicles_(series)"", ""xenoblade_chronicles_2""]",焰(职业泳装)(异度神剑)
12306,1499605,natsuiro_matsuri,4,3955,["hololive"],夏色祭(hololive)
12307,1933111,natsuiro_matsuri_(1st_costume),4,1011,["hololive"],夏色祭(1st服装)(Hololive)
12308,1491126,tsuyuri_kanao,4,858,["kimetsu_no_yaiba"],栗花落香奈乎(鬼灭之刃)
12309,1496188,yuzuki_choco,4,2344,["hololive"],柚木千子(Hololive)
12310,1933136,yuzuki_choco_(1st_costume),4,823,["hololive"],癒月巧可(初始服装)
12311,1495213,minato_aqua,4,8913,["hololive"],凑阿库娅(hololive)
12312,1933183,minato_aqua_(1st_costume),4,2072,["hololive"],凑阿库娅(1st服装)(Hololive)
12313,1524374,lappland_(arknights),4,5757,["arknights"],拉普兰德(明日方舟)
12314,1631118,kishinami_(kancolle),4,911,["kantai_collection"],岸波(舰C)
12315,1540110,kurokami_fubuki,4,902,["hololive"],黑神吹雪(Hololive)
12316,1500529,rindou_mikoto,4,877,["nijisanji"],林堂美琴(彩虹社)
12317,1491767,murasaki_shion,4,4903,["hololive"],紫咲诗音(Hololive)
12318,1933147,murasaki_shion_(1st_costume),4,1588,["hololive"],紫咲诗音(1st服装)(Hololive)
12319,1630685,gotland_(kancolle),4,2240,["kantai_collection"],哥特兰(舰队Collection)
12320,1631233,nelson_(kancolle),4,903,["kantai_collection"],纳尔逊(舰队Collection)
12321,1684743,mr._c.b._(umamusume),4,2242,["umamusume"],Mr. C.B.(赛马娘)
12322,1578189,atago_(stunning_speedster)_(azur_lane),4,931,["azur_lane"],爱宕(极速之星)(碧蓝航线)
12323,1492223,taihou_(azur_lane),4,5805,["azur_lane"],大凤(碧蓝航线)
12324,2258307,taihou_(forbidden_fruit)_(azur_lane),4,795,["azur_lane"],大凤(禁果)(碧蓝航线)
12325,1492855,hawks_(boku_no_hero_academia),4,1802,["boku_no_hero_academia"],霍克斯(我的英雄学院)
12326,1493247,bowsette,4,3900,"[""mario_(series)"", ""new_super_mario_bros._u_deluxe""]",库巴姬(新超级马力欧兄弟U豪华版)
12327,1533772,uzuki_sayaka,4,607,["original"],卯月纱香(原创)
12328,1493508,princess_king_boo,4,1719,"[""mario_(series)"", ""luigi's_mansion"", ""new_super_mario_bros._u_deluxe""]",公主库巴(超级马里奥)
12329,1520873,murosaki_miyo,4,1144,["onii-chan_wa_oshimai!"],室崎美夜(别当欧尼酱了！)
12330,1520878,oka_asahi,4,1182,["onii-chan_wa_oshimai!"],冈朝阳(偶像大师)
12331,1495109,mizuhara_chizuru,4,744,["kanojo_okarishimasu"],水原千鹤(租借女友)
12332,1495098,peni_parker,4,841,"[""marvel"", ""spider-man_(series)"", ""spider-verse""]",潘妮·帕克(蜘蛛侠系列)
12333,1495228,konno_junko,4,1545,["zombie_land_saga"],今野淳子(少女与战车)
12334,1496142,minamoto_sakura,4,1281,["zombie_land_saga"],源樱(佐贺偶像是传奇)
12335,1495229,mizuno_ai,4,1244,["zombie_land_saga"],水野爱(佐贺偶像是传奇)
12336,1496591,nikaidou_saki,4,802,["zombie_land_saga"],二阶堂咲(偶像大师)
12337,1498626,rita_rossweisse,4,1719,"[""honkai_(series)"", ""honkai_impact_3rd""]",丽塔·洛丝薇瑟(崩坏3)
12338,1505470,galo_thymos,4,1198,["promare"],加洛·蒂莫斯(普罗米亚)
12339,1964304,gotoh_hitori,4,14776,["bocchi_the_rock!"],后藤一里(孤独摇滚！)
12340,1498285,suou_patra,4,923,"[""honey_strap"", ""nanashi_inc.""]",周防帕特拉(无名社)
12341,1498775,kris_(deltarune),4,2593,["deltarune"],克里斯(Deltarune)
12342,1526564,doctor_(arknights),4,10262,["arknights"],博士(明日方舟)
12343,1500247,oozora_subaru,4,6573,["hololive"],大空昴(Hololive)
12344,1933176,oozora_subaru_(1st_costume),4,1110,["hololive"],大空昴(1st服装)
12345,1500657,hayasaka_ai,4,1295,["kaguya-sama_wa_kokurasetai_~tensai-tachi_no_renai_zunousen~"],早坂爱(辉夜大小姐想让我告白)
12346,1667251,p90_(girls'_frontline),4,778,["girls'_frontline"],P90(少女前线)
12347,1627529,captain_nemo_(fate),4,733,"[""fate/grand_order"", ""fate_(series)""]",尼莫船长(Fate)
12348,1692320,nemo_(fate),4,954,"[""fate/grand_order"", ""fate_(series)""]",尼莫(Fate)
12349,1637038,mythra_(massive_melee)_(xenoblade),4,767,"[""super_smash_bros."", ""xenoblade_chronicles_(series)"", ""xenoblade_chronicles_2""]",光(大规模混战)(异度神剑)
12350,2005371,jingwei_(bird),4,750,"[""honkai_(series)"", ""honkai_impact_3rd""]",精卫(鸟)
12351,1502759,ookami_mio,4,6588,["hololive"],大神澪(Hololive)
12352,1933146,ookami_mio_(1st_costume),4,1207,["hololive"],大神澪(1st服装)
12353,1627523,bradamante_(fate),4,1027,"[""fate/grand_order"", ""fate_(series)""]",布拉达曼特(Fate)
12354,1791907,utsumi_erice,4,1012,"[""fate/grand_order"", ""fate_(series)""]",宇津见艾莉丝(Fate)
12355,1504965,hagoromo_lala,4,997,"[""precure"", ""star_twinkle_precure""]",羽衣拉拉(Star☆Twinkle 光之美少女)
12356,1504963,hoshina_hikaru,4,739,"[""precure"", ""star_twinkle_precure""]",保科光(偶像大师)
12357,1553328,gummy_(arknights),4,648,["arknights"],古米 (明日方舟)
12358,1504669,tsujino_akari,4,788,"[""idolmaster"", ""idolmaster_cinderella_girls""]",辻野朱里(偶像大师灰姑娘女孩)
12359,1505254,uesugi_fuutarou,4,1049,["go-toubun_no_hanayome"],上杉风太郎(五等分的新娘)
12360,1506004,amagi_(azur_lane),4,1269,["azur_lane"],天城(碧蓝航线)
12361,1631068,johnston_(kancolle),4,1497,["kantai_collection"],约翰斯顿(舰C)
12362,1631186,minegumo_(kancolle),4,807,["kantai_collection"],峯云(舰C)
12363,1668461,kaf_(kamitsubaki_studio),4,1440,["kamitsubaki_studio"],花谱(KAMITSUBAKI STUDIO)
12364,2160406,beni-enma,4,737,"[""fate/grand_order"", ""fate_(series)""]",红阎魔(Fate/Grand Order)
12365,1507455,himesaka_noa,4,867,["watashi_ni_tenshi_ga_maiorita!"],姬坂乃爱(天使的3P！)
12366,1507453,hoshino_hinata,4,660,["watashi_ni_tenshi_ga_maiorita!"],星野日向(天使降临到我身边！)
12367,1507486,hoshino_miyako_(wataten),4,663,["watashi_ni_tenshi_ga_maiorita!"],星野宫子 (天使降临到我身边！)
12368,1507454,shirosaki_hana,4,695,["watashi_ni_tenshi_ga_maiorita!"],白咲花(天使降临到我身边！)
12369,1508231,sunazuka_akira,4,1983,"[""idolmaster"", ""idolmaster_cinderella_girls""]",砂奈子(偶像大师)
12370,1564454,subaru_duck,4,925,["hololive"],昴鸭(Hololive)
12371,1509649,uzaki_tsuki,4,1007,["uzaki-chan_wa_asobitai!"],宇崎月(宇崎酱想要玩耍！)
12372,1509133,sirius_(azur_lane),4,4088,["azur_lane"],天狼星(碧蓝航线)
12373,1530489,eyjafjalla_(arknights),4,1764,["arknights"],艾雅法拉(明日方舟)
12374,1524282,lio_fotia,4,2335,["promare"],里欧·弗提亚(炎炎消防队)
12375,1511279,murasaki_shikibu_(fate),4,1476,"[""fate/grand_order"", ""fate_(series)""]",紫式部(Fate)
12376,1511455,yumemi_riamu,4,5360,"[""idolmaster"", ""idolmaster_cinderella_girls""]",梦见璃亚梦(偶像大师灰姑娘女孩)
12377,1511892,durandal_(honkai_impact),4,1048,"[""honkai_(series)"", ""honkai_impact_3rd""]",幽兰黛尔 (崩坏3)
12378,1886284,byleth_(female)_(fire_emblem),4,0,"[""fire_emblem"", ""fire_emblem:_three_houses""]",贝雷丝(火焰纹章)
12379,1512399,wraith_(apex_legends),4,1665,["apex_legends"],恶灵(Apex英雄)
12380,1532745,sothis_(fire_emblem),4,806,"[""fire_emblem"", ""fire_emblem:_three_houses""]",苏谛斯(火纹)
12381,1533059,dorothea_arnault,4,1361,"[""fire_emblem"", ""fire_emblem:_three_houses""]",多洛缇雅·阿纳尔特(火纹：风花雪月)
12382,1667213,m200_(girls'_frontline),4,1524,["girls'_frontline"],M200(少女前线)
12383,1513843,grookey,4,1354,["pokemon"],敲音猴(宝可梦)
12384,1513845,scorbunny,4,2002,["pokemon"],炎兔儿(宝可梦)
12385,1513846,sobble,4,1617,["pokemon"],泪眼蜥(宝可梦)
12386,1544889,gloria_(pokemon),4,6175,"[""pokemon"", ""pokemon_swsh""]",小优(宝可梦)
12387,1544888,victor_(pokemon),4,1501,"[""pokemon"", ""pokemon_swsh""]",维克多(宝可梦)
12388,1513960,kurosaki_chitose,4,701,"[""idolmaster"", ""idolmaster_cinderella_girls""]",黑崎千岁(偶像大师灰姑娘女孩)
12389,1513963,shirayuki_chiyo,4,807,"[""idolmaster"", ""idolmaster_cinderella_girls""]",白雪千夜(偶像大师)
12390,1514243,shigure_ui_(vtuber),4,2451,["indie_virtual_youtuber"],时雨羽衣(VTuber)
12391,1933598,shigure_ui_(vtuber)_(1st_costume),4,885,["indie_virtual_youtuber"],时雨羽衣 (VTuber) (初始服装)
12392,1515171,sakura_miko,4,8851,["hololive"],樱巫女(Hololive)
12393,1515818,denji_(chainsaw_man),4,4963,["chainsaw_man"],电次(电锯人)
12394,1516925,makima_(chainsaw_man),4,8453,["chainsaw_man"],玛奇玛(电锯人)
12395,1523150,bokukawauso,4,682,["kantai_collection"],Bokukawauso(舰C)
12396,1515525,mayuzumi_fuyuko,4,3582,"[""idolmaster"", ""idolmaster_shiny_colors""]",黛冬优子(偶像大师)
12397,1515526,serizawa_asahi,4,2035,"[""idolmaster"", ""idolmaster_shiny_colors""]",芹泽朝日(偶像大师 闪耀色彩)
12398,1515527,izumi_mei,4,1372,"[""idolmaster"", ""idolmaster_shiny_colors""]",泉美(偶像大师 SideM)
12399,1643861,meowy_(chainsaw_man),4,641,["chainsaw_man"],喵子 (链锯人)
12400,1515819,power_(chainsaw_man),4,5360,["chainsaw_man"],帕瓦(电锯人)
12401,1535101,azki_(hololive),4,2485,["hololive"],AZKi(hololive)
12402,1521268,yoshizawa_kasumi,4,1252,"[""persona"", ""persona_5"", ""persona_5_the_royal""]",芳泽霞(女神异闻录5 皇家版)
12403,1517393,inui_toko,4,2457,["nijisanji"],犬威透子(彩虹社)
12404,1517396,ange_katrina,4,3199,["nijisanji"],安洁·卡特莉娜(公主连结Re:Dive)
12405,1934299,ange_katrina_(1st_costume),4,1053,["nijisanji"],安洁·卡特琳娜 (初始服装)
12406,1517401,lize_helesta,4,3188,["nijisanji"],莉泽·赫露艾斯塔(虚拟YouTuber)
12407,1527330,sebastian_piyodore,4,982,["nijisanji"],塞巴斯蒂安·皮奥多尔(彩虹社)
12408,1627605,kama_(fate),4,3917,"[""fate/grand_order"", ""fate_(series)""]",伽摩(Fate)
12409,1782757,kama_(first_ascension)_(fate),4,0,"[""fate/grand_order"", ""fate_(series)""]",伽摩(第一再临)(Fate)
12410,1547045,rozaliya_olenyeva,4,873,"[""honkai_(series)"", ""honkai_impact_3rd""]",罗莎莉娅·奥列涅娃(崩坏3)
12411,1518710,hisakawa_hayate,4,1793,"[""idolmaster"", ""idolmaster_cinderella_girls""]",久川飒(赛马娘)
12412,1518711,hisakawa_nagi,4,1650,"[""idolmaster"", ""idolmaster_cinderella_girls""]",久川凪(偶像大师灰姑娘女孩)
12413,1518950,inugami_korone,4,6335,["hololive"],戌神沁音(Hololive)
12414,1933160,inugami_korone_(1st_costume),4,2737,["hololive"],戌神沁音(1st服装)
12415,1518952,nekomata_okayu,4,9242,["hololive"],猫又小粥(hololive)
12416,1933175,nekomata_okayu_(1st_costume),4,2550,["hololive"],猫又小粥(1st服装)
12417,1840089,rapi_(nikke),4,1912,["goddess_of_victory:_nikke"],拉毗 (NIKKE)
12418,1519232,shimakaze_(azur_lane),4,690,["azur_lane"],岛风 (碧蓝航线)
12419,1522661,angelina_(arknights),4,2958,["arknights"],安洁莉娜(明日方舟)
12420,1522347,suzuhara_lulu,4,1432,["nijisanji"],铃原露露(彩虹社)
12421,1522437,feater_(arknights),4,1005,["arknights"],食铁兽(明日方舟)
12422,1522439,niwatari_kutaka,4,1971,["touhou"],庭渡久侘歌(东方)
12423,1522438,ushizaki_urumi,4,1069,["touhou"],牛崎润美(东方)
12424,1522750,projekt_red_(arknights),4,989,["arknights"],红(明日方舟)
12425,1522707,siege_(arknights),4,1635,["arknights"],推进之王(明日方舟)
12426,1533066,hilda_valentine_goneril,4,2701,"[""fire_emblem"", ""fire_emblem:_three_houses""]",希尔妲·凡伦汀·哥纳利尔(火纹)
12427,1524346,pramanix_(arknights),4,1170,["arknights"],初雪(明日方舟)
12428,1589614,pochita_(chainsaw_man),4,1757,["chainsaw_man"],波奇塔(电锯人)
12429,1527782,felix_hugo_fraldarius,4,967,"[""fire_emblem"", ""fire_emblem:_three_houses""]",菲力克斯·雨果·弗拉鲁达利乌斯(火纹：风花雪月)
12430,1524831,jessica_(arknights),4,1125,["arknights"],杰西卡(明日方舟)
12431,1630544,colorado_(kancolle),4,1523,["kantai_collection"],科罗拉多(舰C)
12432,1630653,fletcher_(kancolle),4,1875,["kantai_collection"],弗莱彻(舰C)
12433,1524978,silverash_(arknights),4,962,["arknights"],银灰(明日方舟)
12434,1524986,specter_(arknights),4,2641,["arknights"],幽灵鲨(明日方舟)
12435,1524970,reisalin_stout,4,4073,"[""atelier_(series)"", ""atelier_ryza""]",莱莎琳·斯托特(炼金工房系列)
12436,1525261,platinum_(arknights),4,1294,["arknights"],白金(明日方舟)
12437,1533061,bernadetta_von_varley,4,1344,"[""fire_emblem"", ""fire_emblem:_three_houses""]",贝尔娜提塔·冯·瓦利(火焰纹章：风花雪月)
12438,1525577,hoshiguma_(arknights),4,1933,["arknights"],星熊(明日方舟)
12439,1533460,lysithea_von_ordelia,4,2502,"[""fire_emblem"", ""fire_emblem:_three_houses""]",莉丝缇亚·冯·柯迪利亚(火纹)
12440,1594467,texas_(winter_messenger)_(arknights),4,652,["arknights"],德克萨斯 (冬季信使) (明日方舟)
12441,1525541,gojou_satoru,4,4584,["jujutsu_kaisen"],五条悟(咒术回战)
12442,1525545,fushiguro_megumi,4,2918,["jujutsu_kaisen"],伏黑惠(咒术回战)
12443,1525544,itadori_yuuji,4,3310,["jujutsu_kaisen"],虎杖悠仁(咒术回战)
12444,1525546,kugisaki_nobara,4,2039,["jujutsu_kaisen"],钉崎野蔷薇(咒术回战)
12445,1525557,nanami_kento,4,1852,["jujutsu_kaisen"],七海建人(咒术回战)
12446,1525547,okkotsu_yuuta,4,815,["jujutsu_kaisen"],乙骨忧太(咒术回战)
12447,1600783,ryoumen_sukuna_(jujutsu_kaisen),4,1932,["jujutsu_kaisen"],两面宿傩(咒术回战)
12448,1649504,zen'in_maki,4,903,["jujutsu_kaisen"],禅院真希(咒术回战)
12449,1525565,hoshimachi_suisei,4,12775,["hololive"],星街彗星(hololive)
12450,1525687,blue_poison_(arknights),4,1776,["arknights"],蓝毒(明日方舟)
12451,1525756,sonia_(pokemon),4,2670,"[""pokemon"", ""pokemon_swsh""]",索妮亚(宝可梦)
12452,1526509,skadi_(arknights),4,6097,["arknights"],斯卡蒂(明日方舟)
12453,1525770,hop_(pokemon),4,1566,"[""pokemon"", ""pokemon_swsh""]",赫普(宝可梦)
12454,1525774,wooloo,4,854,["pokemon"],毛辫羊(宝可梦)
12455,1337035,leon_(pokemon),4,3623,"[""pokemon"", ""pokemon_swsh""]",丹帝(宝可梦)
12456,1525780,rotom_phone,4,2553,["pokemon"],洛托姆手机(宝可梦)
12457,1708017,sirius_(scorching-hot_seirios)_(azur_lane),4,777,["azur_lane"],天狼星(灼热的天狼星)(碧蓝航线)
12458,1538826,annette_fantine_dominic,4,821,"[""fire_emblem"", ""fire_emblem:_three_houses""]",安内特·芳汀·多米尼克(火焰纹章)
12459,1538827,mercedes_von_martritz,4,936,"[""fire_emblem"", ""fire_emblem:_three_houses""]",梅尔赛德司·冯·玛特利兹(火焰纹章)
12460,1526355,wattson_(apex_legends),4,1854,["apex_legends"],华生(Apex英雄)
12461,1526359,octane_(apex_legends),4,750,["apex_legends"],奥克坦 (Apex英雄)
12462,1526515,nessa_(pokemon),4,3472,"[""pokemon"", ""pokemon_swsh""]",露璃娜(宝可梦)
12463,1526584,warfarin_(arknights),4,818,["arknights"],华法琳 (明日方舟)
12464,1533069,rhea_(fire_emblem),4,1053,"[""fire_emblem"", ""fire_emblem:_three_houses""]",蕾雅(火焰纹章)
12465,1527621,marianne_von_edmund,4,1950,"[""fire_emblem"", ""fire_emblem:_three_houses""]",玛莉安奴·冯·艾德蒙(火焰纹章)
12466,1527683,yamper,4,1078,["pokemon"],来电汪(宝可梦)
12467,1527899,kitagawa_marin,4,5055,["sono_bisque_doll_wa_koi_wo_suru"],喜多川海梦(更衣人偶)
12468,1528128,himeno_(chainsaw_man),4,1727,["chainsaw_man"],姬野(电锯人)
12469,1528228,le_malin_(azur_lane),4,1747,["azur_lane"],勒马尔(碧蓝航线)
12470,1538828,ingrid_brandl_galatea,4,1275,"[""fire_emblem"", ""fire_emblem:_three_houses""]",英格莉特·布兰尔·加雷提亚(火纹)
12471,1533759,barbara_(genshin_impact),4,3853,["genshin_impact"],芭芭拉(原神)
12472,1528539,sylvain_jose_gautier,4,995,"[""fire_emblem"", ""fire_emblem:_three_houses""]",希尔凡·约瑟·戈提耶(火纹：风花雪月)
12473,1550049,yamada_anna,4,1603,["boku_no_kokoro_no_yabai_yatsu"],山田杏奈(偶像大师)
12474,1528696,nui_sociere,4,1020,["nijisanji"],纽伊·索西耶(彩虹社)
12475,1532953,emet-selch,4,744,"[""final_fantasy"", ""final_fantasy_xiv""]",爱梅特赛尔克(最终幻想XIV)
12476,1535550,g'raha_tia,4,1143,"[""final_fantasy"", ""final_fantasy_xiv""]",古·拉哈·提亚(最终幻想XIV)
12477,1651926,kamisato_ayaka,4,6795,["genshin_impact"],神里绫华(原神)
12478,1529309,anya_(spy_x_family),4,5784,["spy_x_family"],阿尼亚(间谍过家家)
12479,1672736,twilight_(spy_x_family),4,3755,["spy_x_family"],黄昏(间谍过家家)
12480,1648389,yor_briar,4,9578,["spy_x_family"],约尔·福杰(间谍过家家)
12481,1530808,frostleaf_(arknights),4,866,["arknights"],霜叶(明日方舟)
12482,1553038,gravel_(arknights),4,807,["arknights"],砾(明日方舟)
12483,1530200,shining_(arknights),4,795,["arknights"],闪灵(明日方舟)
12484,1530284,bea_(pokemon),4,3262,"[""pokemon"", ""pokemon_swsh""]",彩豆(宝可梦)
12485,1544890,allister_(pokemon),4,1123,"[""pokemon"", ""pokemon_swsh""]",欧尼奥(宝可梦)
12486,1530109,alcremie,4,1104,["pokemon"],霜奶仙(宝可梦)
12487,1933156,hoshimachi_suisei_(1st_costume),4,2522,["hololive"],星街彗星(1st服装)(Hololive)
12488,1530334,yorumi_rena,4,1211,["nijisanji"],夜海玲奈(偶像大师)
12489,1530342,hakase_fuyuki,4,789,["nijisanji"],羽加瀬冬紀(彩虹社)
12490,1593359,35p_(sakura_miko),4,1174,["hololive"],35P (樱巫女)
12491,1530558,gavial_(arknights),4,917,["arknights"],嘉维尔(明日方舟)
12492,1695273,okita_j._souji_(fate),4,794,"[""fate/grand_order"", ""fate_(series)""]",冲田总司(Fate)
12493,1531173,usada_pekora,4,10418,["hololive"],兔田佩克拉(hololive)
12494,1933177,usada_pekora_(1st_costume),4,4503,["hololive"],兔田佩克拉(1st服装)(Hololive)
12495,1593304,don-chan_(usada_pekora),4,3637,["hololive"],咚酱(兔田佩克拉)
12496,1531303,swire_(arknights),4,1276,["arknights"],诗怀雅(明日方舟)
12497,1531312,uruha_rushia,4,4505,["hololive"],润羽露西娅(Hololive)
12498,1933172,uruha_rushia_(1st_costume),4,1652,["hololive"],润羽露西娅(1st服装)(Hololive)
12499,1552638,kagemori_michiru,4,888,["brand_new_animal"],影森满(动物狂想曲/BNA)
12500,1531714,baltimore_(azur_lane),4,1749,["azur_lane"],巴尔的摩(碧蓝航线)
12501,1533761,amber_(genshin_impact),4,3203,["genshin_impact"],安柏(原神)
12502,1672034,enlightened_byleth_(female),4,0,[],贝雷丝 (启蒙)
12503,1532392,ars_almal,4,677,["nijisanji"],阿尔斯·阿尔玛尔(彩虹社)
12504,2061468,oozora_subaru_(work),4,0,["hololive"],大空昴(Hololive)
12505,1533372,miyamoto_musashi_(swimsuit_berserker)_(fate),4,1696,"[""fate/grand_order"", ""fate_(series)""]",宫本武藏(泳装狂战士)(Fate)
12506,1783064,miyamoto_musashi_(swimsuit_berserker)_(second_ascension)_(fate),4,1257,"[""fate/grand_order"", ""fate_(series)""]",宫本武藏(泳装狂战士)(第二再临)(Fate)
12507,1533296,shiranui_flare,4,4563,["hololive"],不知火芙蕾雅(Hololive)
12508,1533307,shirogane_noel,4,6322,["hololive"],白上吹雪(Hololive)
12509,1933174,shirogane_noel_(1st_costume),4,1163,["hololive"],白上吹雪(1st服装)(Hololive)
12510,1533309,houshou_marine,4,15711,["hololive"],宝钟玛琳(Hololive)
12511,1933188,houshou_marine_(1st_costume),4,5526,["hololive"],宝钟玛琳(1st服装)(Hololive)
12512,1533332,marnie_(pokemon),4,7354,"[""pokemon"", ""pokemon_swsh""]",玛俐(宝可梦)
12513,1533343,bede_(pokemon),4,1426,"[""pokemon"", ""pokemon_swsh""]",赫普(宝可梦)
12514,1533350,morpeko,4,2452,"[""pokemon"", ""pokemon_swsh""]",莫鲁贝可(宝可梦)
12515,1560134,morpeko_(full),4,2166,"[""pokemon"", ""pokemon_swsh""]",莫鲁贝可(满腹花纹)(宝可梦)
12516,1534338,kicchou_yachie,4,2978,["touhou"],吉吊八千慧(东方Project)
12517,1533833,haniyasushin_keiki,4,2008,["touhou"],埴安神袿姬(东方Project)
12518,1533840,kurokoma_saki,4,2266,["touhou"],黑崎小夜(偶像大师 灰姑娘女孩)
12519,1534340,joutouguu_mayumi,4,1735,["touhou"],城头阁真由美(东方)
12520,1690889,laundry_dragonmaid,4,904,["yu-gi-oh!"],洗衣龙女(游戏王)
12521,1534498,meltryllis_(swimsuit_lancer)_(fate),4,2355,"[""fate/grand_order"", ""fate_(series)""]",Meltryllis(泳装枪兵)(Fate)
12522,1783170,meltryllis_(swimsuit_lancer)_(first_ascension)_(fate),4,1188,"[""fate/grand_order"", ""fate_(series)""]",梅尔特莉莉丝(泳装枪兵)(第一再临)(Fate)
12523,1534779,artoria_pendragon_(swimsuit_ruler)_(fate),4,1854,"[""fate/grand_order"", ""fate_(series)""]",阿尔托莉雅·潘德拉贡(泳装Ruler)(Fate)
12524,2188152,artoria_pendragon_(swimsuit_ruler)_(first_ascension)_(fate),4,1521,"[""fate/grand_order"", ""fate_(series)""]",阿尔托莉雅·潘德拉贡 (泳装裁定者) (第一再临) (Fate)
12525,2117907,nekomata_okayu_(casual),4,0,["hololive"],猫又小粥 (便服)
12526,1534451,amamiya_kokoro,4,1302,["nijisanji"],天宫心(偶像大师)
12527,1783171,meltryllis_(swimsuit_lancer)_(second_ascension)_(fate),4,971,"[""fate/grand_order"", ""fate_(series)""]",Meltryllis(泳装枪阶)(第二再临)(Fate)
12528,2110503,falin_touden_(chimera),4,1176,["dungeon_meshi"],法琳·托登(奇美拉)
12529,1535146,schwarz_(arknights),4,1663,["arknights"],黑(明日方舟)
12530,1535468,bache_(azur_lane),4,755,["azur_lane"],巴奇(碧蓝航线)
12531,1552816,blaze_(arknights),4,1449,["arknights"],煌(明日方舟)
12532,1630689,grecale_(kancolle),4,999,["kantai_collection"],格雷卡尔(舰C)
12533,2026769,employee_(project_moon),4,1523,"[""lobotomy_corporation"", ""project_moon""]",员工(边狱巴士)
12534,2275645,nugget_(project_moon),4,1694,"[""lobotomy_corporation"", ""project_moon""]",纳吉特(月亮计划)
12535,1631060,janus_(kancolle),4,898,["kantai_collection"],雅努斯(舰队Collection)
12536,1569874,yuni_(princess_connect!),4,972,["princess_connect!"],优妮(公主连结Re:Dive)
12537,1536480,formidable_(azur_lane),4,4784,["azur_lane"],可畏(碧蓝航线)
12538,1569873,chloe_(princess_connect!),4,780,["princess_connect!"],克洛伊(公主连结)
12539,1694419,douki-chan_(douki-chan),4,721,["ganbare_douki-chan"],道奇酱(道奇酱)
12540,1536880,zara_(azur_lane),4,1389,["azur_lane"],扎拉(碧蓝航线)
12541,1536980,zara_(poolside_coincidence)_(azur_lane),4,942,["azur_lane"],扎拉(泳池邂逅)(碧蓝航线)
12542,1537344,kroos_(arknights),4,695,["arknights"],克洛丝(明日方舟)
12543,1578300,taihou_(enraptured_companion)_(azur_lane),4,989,["azur_lane"],大凤(碧蓝航线)
12544,1565474,astesia_(arknights),4,770,["arknights"],星极(明日方舟)
12545,1538082,myrtle_(arknights),4,996,["arknights"],桃金娘(明日方舟)
12546,1538147,sukoya_kana,4,1618,["nijisanji"],周防花奈(彩虹社)
12547,1550050,ichikawa_kyoutarou,4,854,["boku_no_kokoro_no_yabai_yatsu"],市川京太郎(我心里危险的东西)
12548,1566256,captain_(kemono_friends),4,1401,"[""kemono_friends"", ""kemono_friends_3""]",船长(兽娘动物园)
12549,1538944,sussurro_(arknights),4,2081,["arknights"],絮雨(明日方舟)
12550,1591636,goh_(pokemon),4,1276,"[""pokemon"", ""pokemon_(anime)"", ""pokemon_journeys""]",小豪(宝可梦)
12551,1917750,charlie_morningstar,4,875,["hazbin_hotel"],夏莉·晨星(地狱客栈)
12552,1539717,reze_(chainsaw_man),4,2737,["chainsaw_man"],蕾塞(电锯人)
12553,1540881,w_(arknights),4,3851,["arknights"],W(明日方舟)
12554,1541326,hoshikawa_sara,4,2251,["nijisanji"],星川莎拉(碧蓝档案)
12555,1933117,hoshikawa_sara_(1st_costume),4,694,["nijisanji"],星川莎拉(第一套服装)
12556,1541801,magallan_(arknights),4,906,["arknights"],麦哲伦(明日方舟)
12557,1541694,hiiragi_utena,4,1095,["mahou_shoujo_ni_akogarete"],柊舞缇娜(憧憬成为魔法少女)
12558,1697063,magia_baiser,4,889,["mahou_shoujo_ni_akogarete"],玛吉亚·贝瑟(憧憬成为魔法少女)
12559,1541658,pine_(bombergirl),4,662,["bombergirl"],帕茵(炸弹少女)
12560,1567602,muelsyse_(arknights),4,1631,["arknights"],缪尔赛思(明日方舟)
12561,1542542,higashiyama_kobeni,4,2601,["chainsaw_man"],东山可奈子(链锯人)
12562,1548112,ichinose_uruha,4,1093,["vspo!"],一之濑うるは(Vspo!)
12563,1543073,hatterene,4,855,["pokemon"],布莉姆温(宝可梦)
12564,1544054,hoshino_ichika_(project_sekai),4,975,["project_sekai"],星乃一歌(世界计划)
12565,1544056,hanasato_minori,4,1133,["project_sekai"],花里实乃理(世界计划)
12566,1544481,inteleon,4,783,["pokemon"],千面避役(宝可梦)
12567,1544886,melony_(pokemon),4,913,"[""pokemon"", ""pokemon_swsh""]",梅蓉(宝可梦)
12568,1544632,mostima_(arknights),4,2990,["arknights"],莫斯提马(明日方舟)
12569,1544892,raihan_(pokemon),4,3610,"[""pokemon"", ""pokemon_swsh""]",奇巴纳(宝可梦)
12570,1544952,piers_(pokemon),4,1740,"[""pokemon"", ""pokemon_swsh""]",聂梓(宝可梦)
12571,1545097,cinderace,4,1180,["pokemon"],闪焰王牌(宝可梦)
12572,1545518,okunoda_miyoi,4,764,["touhou"],奥野田美宵(东方)
12573,1545621,astolfo_(saber)_(fate),4,856,"[""fate/grand_order"", ""fate_(series)""]",阿斯托尔福(Saber)(Fate)
12574,2219634,liv_(pgr),4,757,["punishing:_gray_raven"],丽芙(战双帕弥什)
12575,1631348,shinshuu_maru_(kancolle),4,921,["kantai_collection"],信州丸(舰C)
12576,1631262,perth_(kancolle),4,937,["kantai_collection"],珀斯(舰队Collection)
12577,1546296,shirayuki_tomoe,4,936,["nijisanji"],白雪巴(彩虹社)
12578,1630524,atlanta_(kancolle),4,3138,["kantai_collection"],亚特兰大(舰C)
12579,1933157,sakura_miko_(1st_costume),4,1772,["hololive"],樱巫女(1st服装)
12580,1547486,reed_(arknights),4,1270,["arknights"],苇草(明日方舟)
12581,2219385,lucia_(pgr),4,1211,["punishing:_gray_raven"],露西亚(战双帕弥什)
12582,1548047,vikala_(granblue_fantasy),4,1371,["granblue_fantasy"],维拉(碧蓝幻想)
12583,1548607,noshiro_(azur_lane),4,766,["azur_lane"],能代(碧蓝航线)
12584,2060891,ookami_mio_(casual),4,0,["hololive"],大神澪(便服)
12585,1979031,pekomon_(usada_pekora),4,1221,["hololive"],佩可萌(兔田佩克拉)
12586,1549037,hanadera_nodoka,4,776,"[""healin'_good_precure"", ""precure""]",花寺和香(Healin' Good ? 光之美少女)
12587,1549045,tsunomaki_watame,4,3071,["hololive"],角卷绵芽(Hololive)
12588,1933128,tsunomaki_watame_(1st_costume),4,1104,["hololive"],角卷绵芽(1st服装)(Hololive)
12589,1549061,amane_kanata,4,6451,["hololive"],天音彼方(Hololive)
12590,1933109,amane_kanata_(1st_costume),4,1430,["hololive"],天音彼方(1st_costume)
12591,1549082,kiryu_coco,4,4013,["hololive"],桐生可可(Hololive)
12592,1933161,kiryu_coco_(1st_costume),4,1791,["hololive"],桐生可可(1st服装)
12593,1593360,bibi_(tokoyami_towa),4,1875,["hololive"],比比(常暗永远)
12594,1549065,tokoyami_towa,4,8576,["hololive"],常暗永远(Hololive)
12595,1549066,himemori_luna,4,2415,["hololive"],姬森璐娜(hololive)
12596,1933129,himemori_luna_(1st_costume),4,696,["hololive"],姫森露娜(第一套服装)
12597,1572759,mithrun,4,2178,["dungeon_meshi"],米斯伦(迷宫饭)
12598,1549856,frostnova_(arknights),4,1079,["arknights"],霜星(明日方舟)
12599,1627803,yang_guifei_(fate),4,1692,"[""fate/grand_order"", ""fate_(series)""]",杨贵妃(Fate)
12600,2004297,yang_guifei_(second_ascension)_(fate),4,954,"[""fate/grand_order"", ""fate_(series)""]",杨贵妃(第二再临)(Fate)
12601,1933148,tokoyami_towa_(1st_costume),4,1924,["hololive"],常暗永远(1st服装)
12602,1559003,hung_(arknights),4,976,["arknights"],吽(明日方舟)
12603,1551569,nian_(arknights),4,2946,["arknights"],年(明日方舟)
12604,1667232,rpk-16_(girls'_frontline),4,1233,["girls'_frontline"],RPK-16(少女前线)
12605,1667253,ak-15_(girls'_frontline),4,894,["girls'_frontline"],AK-15(少女前线)
12606,1591632,klara_(pokemon),4,873,"[""pokemon"", ""pokemon_swsh""]",克拉拉(宝可梦)
12607,1551220,xiao_wu_(douluo_dalu),4,629,["douluo_dalu"],小舞（斗罗大陆）
12608,1551542,dido_(azur_lane),4,1548,["azur_lane"],黛朵(碧蓝航线)
12609,1551985,sirius_(azure_horizons)_(azur_lane),4,897,["azur_lane"],天狼星(碧蓝航线)
12610,1579297,male_doctor_(arknights),4,1540,["arknights"],男性博士(明日方舟)
12611,1556138,fu_hua_(azure_empyrea),4,880,"[""honkai_(series)"", ""honkai_impact_3rd""]",符华（云墨丹心）
12612,2093700,takasaki_yu,4,2435,"[""love_live!"", ""love_live!_nijigasaki_high_school_idol_club""]",高咲侑(Love Live! 虹咲学园学园偶像同好会)
12613,1599614,jean_(genshin_impact),4,3743,["genshin_impact"],琴(原神)
12614,1555021,sei_shounagon_(fate),4,965,"[""fate/grand_order"", ""fate_(series)""]",清少纳言(Fate)
12615,1554014,furen_e_lustario,4,1167,["nijisanji"],芙伦·埃·露丝塔莉奥(彩虹社)
12616,1554751,damian_desmond,4,1393,["spy_x_family"],达米安·德斯蒙德(间谍过家家)
12617,1554856,hayakawa_aki,4,2092,["chainsaw_man"],早川秋(链锯人)
12618,1556698,pamiat_merkuria_(azur_lane),4,686,["azur_lane"],帕米亚特·梅尔库里娅（碧蓝航线）
12619,1556716,tashkent_(azur_lane),4,712,["azur_lane"],塔什干（碧蓝航线）
12620,1557434,ceobe_(arknights),4,1406,["arknights"],刻俄柏(明日方舟)
12621,1598263,neko_(minato_aqua),4,844,["hololive"],猫(凑阿库娅)
12622,1560517,utage_(arknights),4,1440,["arknights"],宴(明日方舟)
12623,1571004,shibuya_kanon,4,2161,"[""love_live!"", ""love_live!_superstar!!""]",涩谷花音(偶像大师)
12624,1560765,bagpipe_(arknights),4,1015,["arknights"],风笛(明日方舟)
12625,1561704,higuchi_madoka,4,5432,"[""idolmaster"", ""idolmaster_shiny_colors""]",樋口圆香(偶像大师闪耀色彩)
12626,1561709,bremerton_(azur_lane),4,5096,["azur_lane"],布雷默顿(碧蓝航线)
12627,1789597,asakura_toru,4,2978,"[""idolmaster"", ""idolmaster_shiny_colors""]",朝仓透(偶像大师)
12628,1561721,ichikawa_hinana,4,1659,"[""idolmaster"", ""idolmaster_shiny_colors""]",市川雏菜(偶像大师)
12629,1561724,fukumaru_koito,4,2497,"[""idolmaster"", ""idolmaster_shiny_colors""]",福丸小糸(东方Project)
12630,1561956,bremerton_(scorching-hot_training)_(azur_lane),4,1683,["azur_lane"],布雷默顿(灼热训练)(碧蓝航线)
12631,1563389,angel_devil_(chainsaw_man),4,861,["chainsaw_man"],天使恶魔(电锯人)
12632,1623528,dodoco_(genshin_impact),4,2543,["genshin_impact"],嘟嘟可(原神)
12633,1572405,klee_(genshin_impact),4,6513,["genshin_impact"],可莉(原神)
12634,1618002,slime_(genshin_impact),4,2340,["genshin_impact"],史莱姆(原神)
12635,1597902,kojo_anna,4,618,"[""nanashi_inc."", ""sugar_lyric""]",古城安娜(无名社)
12636,1597903,ryugasaki_rene,4,1050,"[""nanashi_inc."", ""sugar_lyric""]",龙崎怜(偶像大师)
12637,1597904,shishio_chris,4,1058,["nanashi_inc."],狮城克里斯(偶像大师)
12638,1589994,xingqiu_(genshin_impact),4,1825,["genshin_impact"],行秋(原神)
12639,1581467,lumine_(genshin_impact),4,18429,["genshin_impact"],荧(原神)
12640,1564304,bond_(spy_x_family),4,807,["spy_x_family"],邦德（间谍过家家）
12641,1564340,paimon_(genshin_impact),4,7155,["genshin_impact"],派蒙(原神)
12642,1564695,ayunda_risu,4,1039,"[""hololive"", ""hololive_indonesia""]",阿云达·莉丝(Hololive Indonesia)
12643,1606123,kon_kanaho,4,935,["assault_lily"],今奏奏(突击莉莉)
12644,1564800,moona_hoshinova,4,1830,"[""hololive"", ""hololive_indonesia""]",Moona Hoshinova(Hololive)
12645,1564852,airani_iofifteen,4,849,"[""hololive"", ""hololive_indonesia""]",爱拉妮·伊欧菲芙婷(Hololive Indonesia)
12646,1565483,shamare_(arknights),4,725,["arknights"],莎马雷（明日方舟）
12647,1566085,tenma_saki,4,1109,["project_sekai"],天马咲希(世界计划)
12648,1566087,yoisaki_kanade,4,2032,["project_sekai"],宵崎奏(世界计划)
12649,1566360,leona_kingscholar,4,745,["twisted_wonderland"],莱欧纳·金斯克勒(扭曲仙境)
12650,1600299,blemishine_(arknights),4,986,["arknights"],瑕光(明日方舟)
12651,1611905,hoshino_ruby,4,1750,["oshi_no_ko"],星野瑠美衣(我推的孩子)
12652,1566862,floyd_leech,4,1404,["twisted_wonderland"],弗洛伊德·利奇(扭曲仙境)
12653,1566863,jade_leech,4,1092,["twisted_wonderland"],杰德·利奇(扭曲仙境)
12654,1566961,theresa_(arknights),4,1209,["arknights"],特蕾西娅（明日方舟）
12655,1567145,kiritani_haruka,4,1039,["project_sekai"],桐谷遥(世界计划)
12656,1567162,tenma_tsukasa,4,1924,["project_sekai"],天马司(世界计划)
12657,1567149,ootori_emu,4,2000,["project_sekai"],凤笑梦(Project Sekai)
12658,1567150,kusanagi_nene,4,1620,["project_sekai"],草薙宁宁(碧蓝档案)
12659,1567152,kamishiro_rui,4,1445,["project_sekai"],神代类(世界计划)
12660,1567153,azusawa_kohane,4,1260,["project_sekai"],小豆泽心羽(世界计划)
12661,1567154,shiraishi_an,4,1342,["project_sekai"],白石杏(世界计划)
12662,1567156,aoyagi_touya,4,1289,["project_sekai"],青柳冬弥(世界计划)
12663,1567155,shinonome_akito,4,1413,["project_sekai"],东云彰人(Project SEKAI)
12664,1567158,asahina_mafuyu,4,2742,["project_sekai"],朝比奈真冬(Project Sekai)
12665,1567159,shinonome_ena,4,2490,["project_sekai"],东云绘名(世界计划)
12666,1567160,akiyama_mizuki,4,2473,["project_sekai"],秋山瑞希(Project Sekai)
12667,1605354,guoba_(genshin_impact),4,987,["genshin_impact"],锅巴(原神)
12668,1572402,xiangling_(genshin_impact),4,1513,["genshin_impact"],香菱(原神)
12669,1618910,lappland_(refined_horrormare)_(arknights),4,827,["arknights"],拉普兰德（精炼梦魇）（明日方舟）
12670,1764563,fiammetta_(arknights),4,1199,["arknights"],菲亚梅塔(明日方舟)
12671,1596241,diluc_(genshin_impact),4,3466,["genshin_impact"],迪卢克(原神)
12672,1568796,quanxi_(chainsaw_man),4,946,["chainsaw_man"],帕瓦(电锯人)
12673,1586655,eunectes_(arknights),4,1058,["arknights"],森蚺(明日方舟)
12674,1891121,lin_(arknights),4,806,["arknights"],林（明日方舟）
12675,1612502,minami_yume,4,734,"[""gridman_universe"", ""ssss.dynazenon""]",南梦(古立特宇宙)
12676,1589110,yuu_(twisted_wonderland),4,921,["twisted_wonderland"],优（扭曲仙境）
12677,1600200,wuxian_(the_legend_of_luoxiaohei),4,680,["luo_xiaohei_zhanji"],无限(罗小黑战记)
12678,1571158,arashi_chisato,4,1242,"[""love_live!"", ""love_live!_superstar!!""]",岚千智(Love Live! Superstar!!)
12679,1571160,hazuki_ren,4,966,"[""love_live!"", ""love_live!_superstar!!""]",叶月恋(Love Live! Superstar!!)
12680,1572168,heanna_sumire,4,1575,"[""love_live!"", ""love_live!_superstar!!""]",平安名堇(Love Live! Superstar!!)
12681,1571593,tang_keke,4,1574,"[""love_live!"", ""love_live!_superstar!!""]",唐可可(Love Live!)
12682,2072858,lucifer_morningstar_(hazbin_hotel),4,872,["hazbin_hotel"],路西法·晨星（地狱客栈）
12683,1571821,modeus_(helltaker),4,1621,["helltaker"],莫德斯(Helltaker)
12684,1854835,anisphia_wynn_palettia,4,1013,["tensei_oujo_to_tensai_reijou_no_mahou_kakumei"],艾妮丝菲亚·温·帕雷蒂亚(转生王女与天才千金的魔法革命)
12685,1854836,euphyllia_magenta,4,953,["tensei_oujo_to_tensai_reijou_no_mahou_kakumei"],尤菲莉亚·玛格塔(转生王女与天才千金的魔法革命)
12686,1572068,cerberus_(helltaker),4,1083,["helltaker"],刻耳柏洛斯(Helltaker)
12687,1572070,azazel_(helltaker),4,748,["helltaker"],阿撒兹勒（地狱把妹王）
12688,1572074,lucifer_(helltaker),4,1887,["helltaker"],路西法(地狱把妹王)
12689,1572071,justice_(helltaker),4,1235,["helltaker"],正义(Helltaker)
12690,1572072,judgement_(helltaker),4,770,["helltaker"],审判（地狱把妹王）
12691,1572277,malina_(helltaker),4,755,["helltaker"],玛莉娜(地狱把妹王)
12692,1572332,helltaker_(character),4,1117,["helltaker"],地狱征服者(地狱征服者)
12693,2039817,minato_aqua_(sailor),4,1801,["hololive"],凑阿库娅(水手服)(hololive)
12694,1572599,rosmontis_(arknights),4,1707,["arknights"],罗丝蒙蒂斯(明日方舟)
12695,1577018,rosa_(arknights),4,795,["arknights"],罗莎(明日方舟)
12696,2172370,isekaijoucho,4,2188,["kamitsubaki_studio"],異世界情緒(神椿工作室)
12697,1573721,st._louis_(luxurious_wheels)_(azur_lane),4,1030,["azur_lane"],圣路易斯(奢华轮盘)(碧蓝航线)
12698,1931154,uruha_rushia_(3rd_costume),4,649,["hololive"],润羽露西亚(3rd服装)
12699,1577151,nobeta,4,808,["little_witch_nobeta"],诺贝塔(小魔女诺贝塔)
12700,1577501,lisa_(genshin_impact),4,2233,["genshin_impact"],丽莎(原神)
12701,1584793,raiden_mei_(herrscher_of_thunder),4,1333,"[""honkai_(series)"", ""honkai_impact_3rd""]",雷电芽衣(雷之律者)
12702,2065631,luo_xiaohei_(human),4,680,["luo_xiaohei_zhanji"],罗小黑(人类)
12703,1578643,mifune_shioriko,4,1719,"[""love_live!"", ""love_live!_nijigasaki_high_school_idol_club""]",三船栞子(Love Live!)
12704,1631064,jingei_(kancolle),4,1229,["kantai_collection"],迅鲸(舰C)
12705,1623487,crypto_(apex_legends),4,890,["apex_legends"],幻象(Apex英雄)
12706,1631369,south_dakota_(kancolle),4,776,["kantai_collection"],南达科他(舰C)
12707,1992651,hoshimachi_suisei_(school_uniform),4,0,["hololive"],星街彗星(校服)
12708,1579913,yamato_(one_piece),4,2057,["one_piece"],大和(海贼王)
12709,1579977,cheshire_(azur_lane),4,1324,["azur_lane"],柴郡(碧蓝航线)
12710,1580066,suzuran_(arknights),4,5627,["arknights"],铃兰(明日方舟)
12711,1886296,byleth_(female)_(summer)_(fire_emblem),4,0,"[""fire_emblem"", ""fire_emblem:_three_houses"", ""fire_emblem_heroes""]",贝雷丝(夏日)(火焰之纹章)
12712,2007520,houshou_marine_(summer),4,2166,["hololive"],宝钟玛琳(夏季)(Hololive)
12713,1631002,hornet_(kancolle),4,1254,["kantai_collection"],大黄蜂(舰队Collection)
12714,1581646,noelle_(genshin_impact),4,1971,["genshin_impact"],诺艾尔(原神)
12715,1582407,perseus_(azur_lane),4,752,["azur_lane"],珀尔修斯(碧蓝航线)
12716,1582962,fischl_(genshin_impact),4,3934,["genshin_impact"],菲谢尔(原神)
12717,1790620,clumsy_nun_(diva),4,1293,["little_nuns_(diva)"],笨拙修女(diva)
12718,1790615,spicy_nun_(diva),4,883,["little_nuns_(diva)"],辣妹修女(DIVA)
12719,1621686,airi_(blue_archive),4,1671,["blue_archive"],爱莉(蔚蓝档案)
12720,1862749,aris_(blue_archive),4,8248,["blue_archive"],爱丽丝(碧蓝档案)
12721,1584990,arona_(blue_archive),4,6265,["blue_archive"],阿罗娜(碧蓝档案)
12722,1599722,aru_(blue_archive),4,6204,["blue_archive"],阿露(碧蓝档案)
12723,1584987,ayane_(blue_archive),4,1443,["blue_archive"],绫音(蔚蓝档案)
12724,1605759,chinatsu_(blue_archive),4,904,["blue_archive"],千夏(蔚蓝档案)
12725,1625320,hare_(blue_archive),4,1190,["blue_archive"],晴(蔚蓝档案)
12726,1620953,hifumi_(blue_archive),4,3933,["blue_archive"],日富美(碧蓝档案)
12727,1605761,hina_(blue_archive),4,14438,["blue_archive"],日奈(碧蓝档案)
12728,1584986,hoshino_(blue_archive),4,11065,["blue_archive"],星野(碧蓝档案)
12729,1679660,ibuki_(blue_archive),4,3538,["blue_archive"],伊吹(碧蓝档案)
12730,1605760,iori_(blue_archive),4,3431,["blue_archive"],伊织(碧蓝档案)
12731,1682867,iroha_(blue_archive),4,3026,["blue_archive"],伊吕波(碧蓝档案)
12732,1608817,junko_(blue_archive),4,928,["blue_archive"],纯子(碧蓝档案)
12733,1598223,kayoko_(blue_archive),4,8170,["blue_archive"],佳代子(碧蓝档案)
12734,1682871,kazusa_(blue_archive),4,8422,["blue_archive"],一花(碧蓝档案)
12735,1684855,kirara_(blue_archive),4,1464,["blue_archive"],绮罗罗(蔚蓝档案)
12736,1628203,midori_(blue_archive),4,5202,["blue_archive"],绿(碧蓝档案)
12737,1628204,momoi_(blue_archive),4,6126,["blue_archive"],桃井(碧蓝档案)
12738,1596439,mutsuki_(blue_archive),4,4846,["blue_archive"],睦月(碧蓝档案)
12739,1704666,natsu_(blue_archive),4,2788,["blue_archive"],夏(碧蓝档案)
12740,1845992,noa_(blue_archive),4,5956,["blue_archive"],诺亚(碧蓝档案)
12741,1584985,nonomi_(blue_archive),4,3924,["blue_archive"],野乃美(碧蓝档案)
12742,1584984,serika_(blue_archive),4,3107,["blue_archive"],芹香(碧蓝档案)
12743,1584981,shiroko_(blue_archive),4,9738,["blue_archive"],白子(碧蓝档案)
12744,1621685,yoshimi_(blue_archive),4,1999,["blue_archive"],好美(蔚蓝档案)
12745,1625332,yuuka_(blue_archive),4,15258,["blue_archive"],优香(碧蓝档案)
12746,1585063,ironmouse,4,807,["vshojo"],Ironmouse(VShojo)
12747,1586112,frieren,4,10995,["sousou_no_frieren"],芙莉莲(葬送的芙莉莲)
12748,1586173,yukihana_lamy,4,6068,["hololive"],雪花菈米(Hololive)
12749,1933189,yukihana_lamy_(1st_costume),4,1930,["hololive"],雪花菈米(1st服装)(Hololive)
12750,1586174,momosuzu_nene,4,2788,["hololive"],百鬼绫目(Hololive)
12751,1586175,shishiro_botan,4,5630,["hololive"],狮白牡丹(Hololive)
12752,1933191,shishiro_botan_(1st_costume),4,1957,["hololive"],狮白牡丹(1st服装)
12753,1586177,omaru_polka,4,3090,["hololive"],尾丸波尔卡(Hololive)
12754,1933194,omaru_polka_(1st_costume),4,1052,["hololive"],尾丸波尔卡(1st服装)
12755,1627881,skadi_(waverider)_(arknights),4,741,["arknights"],斯卡蒂(冲浪手)(明日方舟)
12756,1790618,froggy_nun_(diva),4,1120,["little_nuns_(diva)"],青蛙修女(Diva)
12757,1586455,thorns_(arknights),4,882,["arknights"],棘刺(明日方舟)
12758,1786496,artoria_caster_(fate),4,3706,"[""fate/grand_order"", ""fate_(series)""]",阿尔托莉雅·卡斯特(Fate)
12759,1786499,artoria_caster_(second_ascension)_(fate),4,1302,"[""fate/grand_order"", ""fate_(series)""]",阿尔托莉雅·卡斯特(第二再临)(Fate)
12760,1631537,baron_bunny_(genshin_impact),4,708,["genshin_impact"],兔兔伯爵(原神)
12761,1972100,sessyoin_kiara_(swimsuit_mooncancer),4,0,"[""fate/grand_order"", ""fate_(series)""]",杀生院祈荒(泳装月癌)
12762,1705076,rosa_(tears_of_themis),4,930,["tears_of_themis"],蔷薇(未定事件簿)
12763,1588986,abigail_williams_(swimsuit_foreigner)_(fate),4,0,"[""fate/grand_order"", ""fate_(series)""]",阿比盖尔·威廉姆斯(泳装Foreigner)(Fate)
12764,1784572,abigail_williams_(swimsuit_foreigner)_(third_ascension)_(fate),4,1014,"[""fate/grand_order"", ""fate_(series)""]",阿比盖尔·威廉姆斯(泳装Foreigner)(第三再临)(Fate)
12765,1588338,tomoe_gozen_(swimsuit_saber)_(fate),4,0,"[""fate/grand_order"", ""fate_(series)""]",巴御前(泳装剑士)(Fate)
12766,1587911,tomimi_(arknights),4,1088,["arknights"],特米米(明日方舟)
12767,1602944,mudrock_(arknights),4,3689,["arknights"],泥岩(明日方舟)
12768,1626859,tsubaki_(blue_archive),4,1768,["blue_archive"],椿(碧蓝档案)
12769,1595577,surtr_(arknights),4,3936,["arknights"],史尔特尔(明日方舟)
12770,1589993,chongyun_(genshin_impact),4,1722,["genshin_impact"],重云(原神)
12771,1933173,shiranui_flare_(1st_costume),4,697,["hololive"],不知火芙蕾雅(第一衣装)
12772,1602199,ningguang_(genshin_impact),4,2540,["genshin_impact"],凝光(原神)
12773,1593453,fern_(sousou_no_frieren),4,6953,["sousou_no_frieren"],费伦(葬送的芙莉莲)
12774,1593833,crewmate_(among_us),4,1318,["among_us"],船员(Among Us)
12775,1593594,gawr_gura,4,15420,"[""hololive"", ""hololive_english""]",噶呜·古拉(Hololive)
12776,1933162,gawr_gura_(1st_costume),4,7195,"[""hololive"", ""hololive_english""]",噶呜·古拉(1号衣装)
12777,1593595,mori_calliope,4,10389,"[""hololive"", ""hololive_english""]",森美声(hololive)
12778,1933167,mori_calliope_(1st_costume),4,2808,"[""hololive"", ""hololive_english""]",森美声(1st服装)
12779,1593596,ninomae_ina'nis,4,9993,"[""hololive"", ""hololive_english""]",一伊那尔栖(hololive)
12780,1933166,ninomae_ina'nis_(1st_costume),4,2979,"[""hololive"", ""hololive_english""]",一伊那尔栖(1st服装)
12781,1593597,takanashi_kiara,4,8725,"[""hololive"", ""hololive_english""]",鹰宫莉音(Hololive)
12782,1933164,takanashi_kiara_(1st_costume),4,2148,"[""hololive"", ""hololive_english""]",小粥Kiara(1st服装)(hololive)
12783,1593598,watson_amelia,4,6909,"[""hololive"", ""hololive_english""]",华生·艾米莉亚(Hololive)
12784,1933165,watson_amelia_(1st_costume),4,3102,"[""hololive"", ""hololive_english""]",华生·阿米莉亚(1st服装)
12785,1603945,ao-chan_(ninomae_ina'nis),4,751,"[""hololive"", ""hololive_english""]",阿奥酱(一伊那尓栖)
12786,1594464,bloop_(gawr_gura),4,1901,"[""hololive"", ""hololive_english""]",布洛普(Gawr Gura)
12787,1594283,shinano_(azur_lane),4,1781,["azur_lane"],信浓(碧蓝航线)
12788,1594449,kashino_(azur_lane),4,1515,["azur_lane"],樫野(碧蓝航线)
12789,1708104,kashino_(hot_springs_relaxation)_(azur_lane),4,684,["azur_lane"],樫野(温泉放松)(碧蓝航线)
12790,1814848,takodachi_(ninomae_ina'nis),4,3308,"[""hololive"", ""hololive_english""]",章鱼(一伊那尔栖)
12791,1595272,venti_(genshin_impact),4,7471,["genshin_impact"],温迪(原神)
12792,1631536,hilichurl_(genshin_impact),4,1593,["genshin_impact"],丘丘人(原神)
12793,1631530,collei_(genshin_impact),4,1456,["genshin_impact"],柯莱(原神)
12794,1596245,kaeya_(genshin_impact),4,2776,["genshin_impact"],凯亚(原神)
12795,1602206,qiqi_(genshin_impact),4,3013,["genshin_impact"],七七(原神)
12796,1600563,keqing_(genshin_impact),4,7902,["genshin_impact"],刻晴(原神)
12797,1596257,mona_(genshin_impact),4,8809,["genshin_impact"],莫娜(原神)
12798,1628802,sora_(blue_archive),4,874,["blue_archive"],空(蔚蓝档案)
12799,1604353,clive_rosfield,4,963,"[""final_fantasy"", ""final_fantasy_xvi""]",克莱夫·罗兹菲尔德(最终幻想XVI)
12800,1599785,aether_(genshin_impact),4,11464,["genshin_impact"],空(原神)
12801,1596254,razor_(genshin_impact),4,989,["genshin_impact"],雷泽(原神)
12802,1596529,bubba_(watson_amelia),4,829,"[""hololive"", ""hololive_english""]",Bubba(Watson Amelia)
12803,1597302,beidou_(genshin_impact),4,2032,["genshin_impact"],北斗(原神)
12804,1600590,haruka_(blue_archive),4,2291,["blue_archive"],遥(碧蓝档案)
12805,1619061,jumpy_dumpty,4,1614,["genshin_impact"],蹦蹦炸弹(原神)
12806,1598280,xiao_(genshin_impact),4,5728,["genshin_impact"],魈(原神)
12807,1600114,zhongli_(genshin_impact),4,9542,["genshin_impact"],钟离(原神)
12808,1599624,oz_(genshin_impact),4,637,["genshin_impact"],奥兹(原神)
12809,1598866,sucrose_(genshin_impact),4,1305,["genshin_impact"],砂糖(原神)
12810,1599618,whislash_(arknights),4,988,["arknights"],鞭刃(明日方舟)
12811,1727047,crystalfly_(genshin_impact),4,1302,["genshin_impact"],晶蝶(原神)
12812,1933152,momosuzu_nene_(1st_costume),4,764,["hololive"],桃铃音音(第一衣装)
12813,1602858,bennett_(genshin_impact),4,916,["genshin_impact"],班尼特(原神)
12814,1610604,tartaglia_(genshin_impact),4,6554,["genshin_impact"],达达利亚(原神)
12815,1602203,ganyu_(genshin_impact),4,19143,["genshin_impact"],甘雨(原神)
12816,1605816,himmel_(sousou_no_frieren),4,1632,["sousou_no_frieren"],辛美尔(葬送的芙莉莲)
12817,2061500,shirogane_noel_(casual),4,1025,["hololive"],白银诺艾尔(便服)
12818,1951813,mudrock_(elite_ii)_(arknights),4,1051,["arknights"],泥岩(精英二)(明日方舟)
12819,1603829,texas_(willpower)_(arknights),4,901,["arknights"],德克萨斯(意志)(明日方舟)
12820,1603873,mountain_(arknights),4,1725,["arknights"],山(明日方舟)
12821,1688128,smol_ame,4,754,"[""hololive"", ""hololive_english""]",小阿米(Hololive English)
12822,1605817,stark_(sousou_no_frieren),4,1958,["sousou_no_frieren"],斯塔克(葬送的芙莉莲)
12823,1605833,klein_moretti,4,930,["lord_of_the_mysteries"],克莱恩·莫雷蒂(诡秘之主)
12824,1631984,ako_(blue_archive),4,5807,["blue_archive"],亚子(碧蓝档案)
12825,1706188,ame-chan_(needy_girl_overdose),4,2273,["needy_girl_overdose"],阿酱(主播女孩重度依赖)
12826,1749629,chouzetsusaikawa_tenshi-chan,4,3557,["needy_girl_overdose"],超绝最可爱天使酱(主播女孩重度依赖)
12827,1606545,diona_(genshin_impact),4,1327,["genshin_impact"],迪奥娜(原神)
12828,2042242,xianyun_(genshin_impact),4,1205,["genshin_impact"],闲云(原神)
12829,1607321,zhong_lanzhu,4,1138,"[""love_live!"", ""love_live!_nijigasaki_high_school_idol_club""]",钟兰珠(Love Live! 虹咲学园学园偶像同好会)
12830,1607368,van_gogh_(fate),4,951,"[""fate/grand_order"", ""fate_(series)""]",梵高(Fate)
12831,2152345,hoshimachi_suisei_(casual),4,1129,["hololive"],星街彗星(便服)
12832,1607675,mia_taylor,4,952,"[""love_live!"", ""love_live!_nijigasaki_high_school_idol_club""]",米娅·泰勒(Love Live! 虹咲学园学园偶像同好会)
12833,1607938,getou_suguru,4,2102,["jujutsu_kaisen"],夏油杰(咒术回战)
12834,1638054,fu_hua_(herrscher_of_sentience),4,0,"[""honkai_(series)"", ""honkai_impact_3rd""]",符华(识之律者)(崩坏3)
12835,2039803,murasaki_shion_(gothic_lolita),4,738,["hololive"],紫咲诗音(哥特萝莉)
12836,1635696,hu_tao_(genshin_impact),4,13222,["genshin_impact"],胡桃(原神)
12837,1658783,signora_(genshin_impact),4,842,["genshin_impact"],女士(原神)
12838,1658781,scaramouche_(genshin_impact),4,17799,["genshin_impact"],散兵(原神)
12839,1610089,toudou_aoi_(jujutsu_kaisen),4,732,["jujutsu_kaisen"],东堂葵(咒术回战)
12840,1622645,tachibana_hinano_(vtuber),4,0,[],橘雏乃(VTuber)
12841,1610093,fushiguro_touji,4,1031,["jujutsu_kaisen"],伏黑甚尔(咒术回战)
12842,1610738,island_fox_(kemono_friends),4,1145,"[""kemono_friends"", ""kemono_friends_v_project""]",岛狐(兽娘动物园)
12843,1611362,anya_melfissa,4,901,"[""hololive"", ""hololive_indonesia""]",安雅·梅尔菲萨(Hololive Indonesia)
12844,1611363,kureiji_ollie,4,2041,"[""hololive"", ""hololive_indonesia""]",克蕾姬·奥莉(Hololive)
12845,1933187,kureiji_ollie_(1st_costume),4,806,"[""hololive"", ""hololive_indonesia""]",克蕾伊·欧莉(1st服装)
12846,1611382,pavolia_reine,4,1581,"[""hololive"", ""hololive_indonesia""]",Pavolia Reine(hololive)
12847,1611841,haruna_(blue_archive),4,2346,["blue_archive"],春奈(碧蓝档案)
12848,2003712,tokoyami_towa_(jirai_kei),4,1885,["hololive"],常暗永远(地雷系)
12849,1613006,yaoyao_(genshin_impact),4,795,["genshin_impact"],瑶瑶(原神)
12850,1613637,ibuki_douji_(fate),4,759,"[""fate/grand_order"", ""fate_(series)""]",伊吹童子(Fate)
12851,1613891,albedo_(genshin_impact),4,2530,["genshin_impact"],阿贝多(原神)
12852,1615388,pekomama,4,1892,["hololive"],佩可妈(Hololive)
12853,1787119,kanou_aogu,4,1360,["saibou_shinkyoku"],加纳青空(工作细胞)
12854,1616351,nayuta_(chainsaw_man),4,842,["chainsaw_man"],那由多(电锯人)
12855,1617254,fuuka_(blue_archive),4,1384,["blue_archive"],风花(碧蓝档案)
12856,1617664,rosaria_(genshin_impact),4,1370,["genshin_impact"],罗莎莉亚(原神)
12857,1636421,natsuumi_manatsu,4,731,"[""precure"", ""tropical-rouge!_precure""]",夏海真夏(Tropical-Rouge! 光之美少女)
12858,1695582,laura_la_mer,4,821,"[""precure"", ""tropical-rouge!_precure""]",劳拉·拉·梅尔(Tropical-Rouge! 光之美少女)
12859,1752968,atou_haruki,4,2200,["saibou_shinkyoku"],阿藤春树(工作细胞)
12860,1822797,boo_tao_(genshin_impact),4,5498,["genshin_impact"],胡桃(原神)
12861,2026867,roland_(project_moon),4,969,"[""library_of_ruina"", ""project_moon""]",罗兰(Project Moon)
12862,1866239,niko_(blue_archive),4,840,["blue_archive"],妮可(蔚蓝档案)
12863,1682889,wakamo_(blue_archive),4,2834,["blue_archive"],若藻(碧蓝档案)
12864,1994979,aubrey_(faraway)_(omori),4,2263,["omori"],奥布里(Faraway)(OMORI)
12865,1653646,aubrey_(omori),4,3468,["omori"],奥布里(OMORI)
12866,1622083,serina_(blue_archive),4,1316,["blue_archive"],芹娜(碧蓝档案)
12867,1622307,hasumi_(blue_archive),4,5556,["blue_archive"],莲见(碧蓝档案)
12868,1622476,tsurugi_(blue_archive),4,1806,["blue_archive"],剑(碧蓝档案)
12869,1622591,koharu_(blue_archive),4,8350,["blue_archive"],小春(碧蓝档案)
12870,1707534,fallenshadow,4,781,["indie_virtual_youtuber"],坠落暗影(个人势虚拟主播)
12871,1622755,asuna_(blue_archive),4,14662,["blue_archive"],明日奈(碧蓝档案)
12872,2118051,lokulo-chan_(lokulo_no_mawashimono),4,687,["original"],洛克洛酱(洛克洛之使者)
12873,1622926,akane_(blue_archive),4,1970,["blue_archive"],茜(碧蓝档案)
12874,1623068,karin_(blue_archive),4,7012,["blue_archive"],花梨(碧蓝档案)
12875,1682833,satono_diamond_(umamusume),4,4182,["umamusume"],里见光钻(赛马娘)
12876,1995753,hero_(headspace)_(omori),4,1139,["omori"],Hero(梦境)(OMORI)
12877,1623967,hero_(omori),4,2291,["omori"],Hero(OMORI)
12878,1624414,neru_(blue_archive),4,4248,["blue_archive"],宁瑠(碧蓝档案)
12879,1625322,maki_(blue_archive),4,1466,["blue_archive"],真纪(碧蓝档案)
12880,1625324,kotori_(blue_archive),4,970,["blue_archive"],小鸟(蔚蓝档案)
12881,1625330,hibiki_(blue_archive),4,2735,["blue_archive"],响(碧蓝档案)
12882,1625351,eimi_(blue_archive),4,1766,["blue_archive"],英美(碧蓝档案)
12883,1643688,azusa_(blue_archive),4,2938,["blue_archive"],梓(碧蓝档案)
12884,1632334,hanae_(blue_archive),4,735,["blue_archive"],花江(蔚蓝档案)
12885,1631765,mashiro_(blue_archive),4,702,["blue_archive"],真白(蔚蓝档案)
12886,2145904,houjou_tokiyuki_(nige_jouzu_no_wakagimi),4,1169,["nige_jouzu_no_wakagimi"],北条时行(擅长逃跑的殿下)
12887,2038488,chando_(ado),4,2421,["ado_(utaite)"],钱多(Ado)
12888,1626315,dusk_(arknights),4,3239,["arknights"],夕(明日方舟)
12889,1626332,saga_(arknights),4,1060,["arknights"],嵯峨(明日方舟)
12890,1646767,twin_turbo_(umamusume),4,2832,["umamusume"],双涡轮(赛马娘)
12891,1682834,matikane_tannhauser_(umamusume),4,0,["umamusume"],摩耶重炮(赛马娘)
12892,1627246,chise_(blue_archive),4,971,["blue_archive"],千世(蔚蓝档案)
12893,1627248,shun_(blue_archive),4,2288,["blue_archive"],瞬(碧蓝档案)
12894,1627926,rin_(blue_archive),4,858,["blue_archive"],凛(蔚蓝档案)
12895,1646769,ikuno_dictus_(umamusume),4,1125,["umamusume"],生野狄杜斯(赛马娘)
12896,1631816,omori_(omori),4,3017,["omori"],奥摩里(OMORI)
12897,1726669,alisa_mikhailovna_kujou,4,1135,["tokidoki_bosotto_roshia-go_de_dereru_tonari_no_alya-san"],艾莉莎·米哈伊洛芙娜·九条(不时轻声地以俄语遮羞的邻座艾莉同学)
12898,1631198,sensei_(blue_archive),4,27248,["blue_archive"],老师(碧蓝档案)
12899,1995756,basil_(faraway)_(omori),4,3293,["omori"],巴兹尔(Faraway)(OMORI)
12900,1631590,basil_(omori),4,5021,["omori"],巴兹尔(OMORI)
12901,1676220,peroro_(blue_archive),4,2736,["blue_archive"],佩洛洛(碧蓝档案)
12902,1643937,sunny_(omori),4,4710,["omori"],Sunny(OMORI)
12903,1646030,daitaku_helios_(umamusume),4,1920,["umamusume"],大拓太阳神(赛马娘)
12904,1682831,kitasan_black_(umamusume),4,3845,["umamusume"],北部玄驹(赛马娘)
12905,1633650,yuzu_(blue_archive),4,3281,["blue_archive"],柚子(碧蓝档案)
12906,1633963,miyagawa_takane,4,881,["assault_lily"],宫川高音(突击莉莉)
12907,1634345,izuna_(blue_archive),4,3502,["blue_archive"],泉奈(碧蓝档案)
12908,1634527,arima_kana,4,3181,["oshi_no_ko"],有马加奈(我推的孩子)
12909,1634596,hoshino_aquamarine,4,1697,["oshi_no_ko"],星野爱久爱海(我推的孩子)
12910,1634595,kurokawa_akane,4,1002,["oshi_no_ko"],黑川赤音(【我推的孩子】)
12911,417955,hoshino_ai,4,2196,["oshi_no_ko"],星野爱(【我推的孩子】)
12912,1685846,rei_(pokemon),4,963,"[""pokemon"", ""pokemon_legends:_arceus""]",玲(宝可梦)
12913,1055516,akari_(pokemon),4,3521,"[""pokemon"", ""pokemon_legends:_arceus""]",小光(宝可梦)
12914,1780229,iori_(swimsuit)_(blue_archive),4,1303,["blue_archive"],伊织(泳装)(碧蓝档案)
12915,2061496,sakura_miko_(casual),4,1416,["hololive"],樱巫女(日常)(Hololive)
12916,1676518,thoma_(genshin_impact),4,1240,["genshin_impact"],托马(原神)
12917,1641843,eula_(genshin_impact),4,5990,["genshin_impact"],优菈(原神)
12918,1641844,yanfei_(genshin_impact),4,2161,["genshin_impact"],烟绯(原神)
12919,1643064,goutokuji_mike,4,1140,["touhou"],豪德寺三毛(东方)
12920,1682885,atsuko_(blue_archive),4,1837,["blue_archive"],敦子(碧蓝档案)
12921,1660592,hanako_(blue_archive),4,6160,["blue_archive"],花子(碧蓝档案)
12922,1643067,hinata_(blue_archive),4,1279,["blue_archive"],日向(碧蓝档案)
12923,1682882,hiyori_(blue_archive),4,1364,["blue_archive"],日和（碧蓝档案）
12924,1682868,makoto_(blue_archive),4,891,["blue_archive"],真琴（碧蓝档案）
12925,1643885,mari_(blue_archive),4,8669,["blue_archive"],玛丽(碧蓝档案)
12926,1680295,mika_(blue_archive),4,11927,["blue_archive"],美佳(碧蓝档案)
12927,1682887,misaki_(blue_archive),4,1224,["blue_archive"],美咲（碧蓝档案）
12928,1680296,nagisa_(blue_archive),4,2912,["blue_archive"],渚(碧蓝档案)
12929,1692684,sakurako_(blue_archive),4,1545,["blue_archive"],樱子(碧蓝档案)
12930,1682888,saori_(blue_archive),4,5090,["blue_archive"],纱织(碧蓝档案)
12931,2068458,nekomata_okayu_(oversized_shirt),4,1153,["hololive"],猫又小粥(大号衬衫)
12932,1643138,aketa_mikoto,4,870,"[""idolmaster"", ""idolmaster_shiny_colors""]",明田命(偶像大师 闪耀色彩)
12933,1643137,nanakusa_nichika,4,973,"[""idolmaster"", ""idolmaster_shiny_colors""]",七草日花(偶像大师 闪耀色彩)
12934,2197077,t-head_trainer_(umamusume),4,2707,["umamusume"],T字头训练员（赛马娘）
12935,1643528,ikaruga_luca,4,839,"[""idolmaster"", ""idolmaster_shiny_colors""]",斑鸠琉卡(偶像大师 闪耀色彩)
12936,1995755,kel_(headspace)_(omori),4,1166,["omori"],凯尔（梦世界）（OMORI）
12937,1643681,kel_(omori),4,2954,["omori"],凯尔（OMORI）
12938,1646463,gwen_(league_of_legends),4,1446,["league_of_legends"],格温(英雄联盟)
12939,2003721,mori_calliope_(streetwear),4,1267,"[""hololive"", ""hololive_english""]",森美声(街头风)
12940,1648576,mejiro_palmer_(umamusume),4,1451,["umamusume"],目白帕默(赛马娘)
12941,1649222,female_trainer_(umamusume),4,1029,["umamusume"],女训练员（赛马娘）
12942,1733099,yae_miko,4,10985,["genshin_impact"],八重神子(原神)
12943,1650598,mejiro_ardan_(umamusume),4,1702,["umamusume"],目白阿尔丹(赛马娘)
12944,1753908,goldenglow_(arknights),4,2226,["arknights"],金煌(明日方舟)
12945,1872399,ssrb_(shishiro_botan),4,790,["hololive"],SSRB（狮白牡丹）
12946,1654650,skadi_the_corrupting_heart_(arknights),4,2519,["arknights"],浊心斯卡蒂(明日方舟)
12947,1657407,blue_poison_(shoal_beat)_(arknights),4,829,["arknights"],蓝毒(浅滩律动)(明日方舟)
12948,1652773,gladiia_(arknights),4,949,["arknights"],歌蕾蒂娅(明日方舟)
12949,1675937,kaedehara_kazuha,4,4008,["genshin_impact"],枫原万叶(原神)
12950,2072229,hina_(pajamas)_(blue_archive),4,921,["blue_archive"],日奈（睡衣）（碧蓝档案）
12951,1654875,shigure_(blue_archive),4,1384,["blue_archive"],时雨(碧蓝档案)
12952,2061489,takanashi_kiara_(casual),4,932,"[""hololive"", ""hololive_english""]",鹰宫莉音(休闲装)
12953,1654873,himemushi_momoyo,4,1117,["touhou"],姬虫百百世(东方)
12954,1654886,kudamaki_tsukasa,4,2804,["touhou"],工藤司(东方Project)
12955,1654887,iizunamaru_megumu,4,2142,["touhou"],饭纲丸龙(东方Project)
12956,1654888,tenkyuu_chimata,4,1577,["touhou"],天弓千亦(东方Project)
12957,2061490,ninomae_ina'nis_(casual),4,685,"[""hololive"", ""hololive_english""]",一伊那尓栖（便服）
12958,2063323,amane_kanata_(work),4,1020,["hololive"],天音彼方(hololive)
12959,2061491,gawr_gura_(casual),4,1219,"[""hololive"", ""hololive_english""]",噶呜·古拉(便服)(Hololive)
12960,1662165,something_(omori),4,1151,["omori"],某物（OMORI）
12961,1657251,elira_pendora,4,2253,"[""nijisanji"", ""nijisanji_en""]",艾莉拉·潘多拉(NIJISANJI)
12962,1933185,elira_pendora_(1st_costume),4,637,"[""nijisanji"", ""nijisanji_en""]",艾莉拉·彭多拉（初始服装）
12963,1657250,finana_ryugu,4,1285,"[""nijisanji"", ""nijisanji_en""]",Finana Ryugu(NIJISANJI EN)
12964,1675745,petra_gurin,4,1006,"[""nijisanji"", ""nijisanji_en""]",佩特拉·古林(NIJISANJI EN)
12965,1657252,pomu_rainpuff,4,1520,"[""nijisanji"", ""nijisanji_en""]",Pomu Rainpuff(NIJISANJI)
12966,1675746,rosemi_lovelock,4,846,"[""nijisanji"", ""nijisanji_en""]",罗塞米·洛夫洛克(NIJISANJI EN)
12967,1675744,selen_tatsuki,4,2038,"[""nijisanji"", ""nijisanji_en""]",Selen Tatsuki(NIJISANJI)
12968,1701813,venat_(ff14),4,1016,"[""final_fantasy"", ""final_fantasy_xiv""]",维涅特（最终幻想14）
12969,1705709,irene_(arknights),4,2140,["arknights"],艾琳(明日方舟)
12970,1806092,shiroko_(swimsuit)_(blue_archive),4,3454,["blue_archive"],白子(泳装)(碧蓝档案)
12971,2040387,doodle_sensei_(blue_archive),4,15743,["blue_archive"],涂鸦老师(碧蓝档案)
12972,1658838,sakura_chiyono_o_(umamusume),4,1289,["umamusume"],樱花千代王(赛马娘)
12973,1995754,basil_(headspace)_(omori),4,1915,["omori"],巴兹尔（梦世界）（OMORI）
12974,1995758,hero_(faraway)_(omori),4,1173,["omori"],赫罗（远行镇）（OMORI）
12975,1995757,mari_(faraway)_(omori),4,1353,["omori"],玛丽（远行镇）（OMORI）
12976,1660708,mari_(omori),4,2873,["omori"],玛丽（OMORI）
12977,1660762,new_jersey_(azur_lane),4,1386,["azur_lane"],新泽西(碧蓝航线)
12978,1661461,sukonbu_(shirakami_fubuki),4,810,["hololive"],醋昆布（白上吹雪）
12979,1682879,seia_(blue_archive),4,6349,["blue_archive"],圣亚(碧蓝档案)
12980,1994981,aubrey_(headspace)_(omori),4,1375,["omori"],奥布里（梦世界）（OMORI）
12981,1678981,kujou_sara,4,2213,["genshin_impact"],九条裟罗(原神)
12982,1686237,raiden_shogun,4,17452,["genshin_impact"],雷电将军(原神)
12983,1780213,hina_(swimsuit)_(blue_archive),4,1993,["blue_archive"],日奈(泳装)(碧蓝档案)
12984,1664919,yoimiya_(genshin_impact),4,3551,["genshin_impact"],宵宫(原神)
12985,1665104,sayu_(genshin_impact),4,971,["genshin_impact"],早柚(原神)
12986,1665128,gorou_(genshin_impact),4,1237,["genshin_impact"],五郎(原神)
12987,1763570,malenia_blade_of_miquella,4,1526,["elden_ring"],玛莲妮亚(艾尔登法环)
12988,1677019,baobhan_sith_(fate),4,5950,"[""fate/grand_order"", ""fate_(series)""]",芭万希(Fate)
12989,1977084,baobhan_sith_(first_ascension)_(fate),4,1775,"[""fate/grand_order"", ""fate_(series)""]",芭万希(第一再临)(Fate)
12990,1677017,barghest_(fate),4,2365,"[""fate/grand_order"", ""fate_(series)""]",芭万希(Fate)
12991,1667329,oberon_(fate),4,2821,"[""fate/grand_order"", ""fate_(series)""]",奥伯龙(Fate)
12992,1677021,melusine_(fate),4,2831,"[""fate/grand_order"", ""fate_(series)""]",梅柳齐娜(Fate)
12993,1670165,august_von_parseval_(azur_lane),4,717,["azur_lane"],奥古斯特·冯·帕塞瓦尔（碧蓝航线）
12994,1670429,aegir_(azur_lane),4,1307,["azur_lane"],埃吉尔(碧蓝航线)
12995,1671353,tarnished_(elden_ring),4,1502,["elden_ring"],褪色者(艾尔登法环)
12996,2183705,hoshino_(first_year)_(blue_archive),4,976,["blue_archive"],星野（一年级）（碧蓝档案）
12997,1678980,sangonomiya_kokomi,4,4160,["genshin_impact"],珊瑚宫心海(原神)
12998,1671729,sirius_symboli_(umamusume),4,2337,["umamusume"],天狼星象征(赛马娘)
12999,1731177,yun_jin_(genshin_impact),4,860,["genshin_impact"],云堇(原神)
13000,1717604,shenhe_(genshin_impact),4,6087,["genshin_impact"],申鹤(原神)
13001,1671896,kiana_kaslana_(herrscher_of_flamescion),4,946,"[""honkai_(series)"", ""honkai_impact_3rd""]",琪亚娜·卡斯兰娜（薪炎之律者）
13002,1780110,hifumi_(swimsuit)_(blue_archive),4,874,["blue_archive"],日富美（泳装）（碧蓝档案）
13003,1674212,irys_(hololive),4,4468,"[""hololive"", ""hololive_english""]",IRyS(Hololive)
13004,1675004,elysia_(honkai_impact),4,7687,"[""honkai_(series)"", ""honkai_impact_3rd""]",爱莉希雅(崩坏3)
13005,1857074,elysia_(miss_pink_elf)_(honkai_impact),4,3028,"[""honkai_(series)"", ""honkai_impact_3rd""]",爱莉希雅（粉色妖精小姐）（崩坏3）
13006,1678536,yanami_anna,4,1163,["make_heroine_ga_oo_sugiru!"],柳美安娜(败犬女主太多了！)
13007,999134,kson,4,693,["vshojo"],克森(VShojo)
13008,1677248,lain_paterson,4,857,["nijisanji"],莱恩·帕特森(彩虹社)
13009,1678851,mizuki_(arknights),4,1183,["arknights"],水月(明日方舟)
13010,1678878,la_pluma_(arknights),4,1368,["arknights"],羽毛笔(明日方舟)
13011,1620784,galleon_(granblue_fantasy),4,848,["granblue_fantasy"],加雷翁(碧蓝幻想)
13012,1682037,mobius_(honkai_impact),4,1409,"[""honkai_(series)"", ""honkai_impact_3rd""]",莫比乌斯(崩坏3)
13013,1681735,isoi_reiji,4,1705,["saibou_shinkyoku"],磯井怜二(工作细胞)
13014,1782491,oberon_(third_ascension)_(fate),4,1529,"[""fate/grand_order"", ""fate_(series)""]",奥伯龙(第三再临)(Fate)
13015,1681973,utsugi_noriyuki,4,3660,["saibou_shinkyoku"],空木紀之(工作细胞)
13016,1682072,yakumo_beni,4,823,["vspo!"],八雲紅(Vspo!)
13017,1682169,takakura_ken_(dandadan),4,2268,["dandadan"],高倉健(胆大党)
13018,1683270,cernunnos_(fate),4,508,"[""fate/grand_order"", ""fate_(series)""]",塞努诺斯(Fate)
13019,1687005,kaede_(blue_archive),4,942,["blue_archive"],枫(碧蓝档案)
13020,1685269,ceres_fauna,4,5111,"[""hololive"", ""hololive_english""]",塞蕾丝·法乌娜(Hololive)
13021,1933201,ceres_fauna_(1st_costume),4,1498,"[""hololive"", ""hololive_english""]",赛尔斯·法乌娜(初始服装)
13022,1685270,hakos_baelz,4,5653,"[""hololive"", ""hololive_english""]",霸子·贝尔兹(Hololive)
13023,1685271,nanashi_mumei,4,8952,"[""hololive"", ""hololive_english""]",七诗无名(Hololive)
13024,1685272,ouro_kronii,4,10326,"[""hololive"", ""hololive_english""]",奥罗·克洛尼(Hololive)
13025,1685273,tsukumo_sana,4,1675,"[""hololive"", ""hololive_english""]",九十九佐名(hololive)
13026,1933196,ouro_kronii_(1st_costume),4,2978,"[""hololive"", ""hololive_english""]",奥罗·克洛尼(1st服装)
13027,1933214,hakos_baelz_(1st_costume),4,1903,"[""hololive"", ""hololive_english""]",Hakos Baelz(1st服装)(Hololive)
13028,1933133,tsukumo_sana_(1st_costume),4,777,"[""hololive"", ""hololive_english""]",九十九佐那(初始服装)
13029,1686891,friend_(nanashi_mumei),4,1173,"[""hololive"", ""hololive_english""]",朋友(Nanashi Mumei)
13030,1686868,mr._squeaks_(hakos_baelz),4,979,"[""hololive"", ""hololive_english""]",吱吱先生(Hakos Baelz)
13031,1933211,nanashi_mumei_(1st_costume),4,3120,"[""hololive"", ""hololive_english""]",七诗无铭(1st服装)
13032,1995752,mari_(headspace)_(omori),4,1298,["omori"],玛丽(脑内空间)(OMORI)
13033,1688526,kokona_(blue_archive),4,2790,["blue_archive"],心奈(碧蓝档案)
13034,1686621,kirino_(blue_archive),4,1086,["blue_archive"],桐乃(碧蓝档案)
13035,1686625,conte_di_cavour_(kancolle),4,853,["kantai_collection"],加富尔伯爵(舰C)
13036,1799502,shun_(small)_(blue_archive),4,1831,["blue_archive"],瞬(小)(碧蓝档案)
13037,1687776,ayase_momo,4,3036,["dandadan"],绫濑桃(胆大党)
13038,2039804,shishiro_botan_(button-down),4,637,["hololive"],狮白牡丹(纽扣衬衫)
13039,1753536,yae_miko_(fox),4,854,["genshin_impact"],八重神子(狐)
13040,1689852,hatsutori_hajime,4,4628,["saibou_shinkyoku"],初鸟创(工作细胞)
13041,1690906,kamisato_ayato,4,1925,["genshin_impact"],神里绫人(原神)
13042,1691795,kama_(swimsuit_avenger)_(fate),4,0,"[""fate/grand_order"", ""fate_(series)""]",迦摩(泳装复仇者)(Fate)
13043,1691790,fubuki_(blue_archive),4,1675,["blue_archive"],吹雪(碧蓝档案)
13044,1865102,scaramouche_(kabukimono)_(genshin_impact),4,1662,["genshin_impact"],散兵(倾奇者)(原神)
13045,1995759,kel_(faraway)_(omori),4,1865,["omori"],凯尔(远方)(OMORI)
13046,1693037,le_malin_(listless_lapin)_(azur_lane),4,906,["azur_lane"],勒马尔(碧蓝航线)
13047,1692958,aizawa_ema,4,898,["vspo!"],相泽惠麻(Vspo!)
13048,1730677,bronya_zaychik_(silverwing:_n-ex),4,1401,"[""honkai_(series)"", ""honkai_impact_3rd""]",布洛妮娅·扎伊切克(银狼：N-EX)
13049,1696114,funada_kiito,4,917,["assault_lily"],船田貴人(突击莉莉)
13050,1799499,neru_(bunny)_(blue_archive),4,1514,["blue_archive"],宁瑠(碧蓝档案)
13051,1799500,asuna_(bunny)_(blue_archive),4,6158,["blue_archive"],亚丝娜(兔女郎)(碧蓝档案)
13052,1799501,karin_(bunny)_(blue_archive),4,3404,["blue_archive"],花梨(兔女郎)(碧蓝档案)
13053,1799498,akane_(bunny)_(blue_archive),4,1105,["blue_archive"],茜(兔女郎)(碧蓝档案)
13054,1698183,koyuki_(blue_archive),4,1625,["blue_archive"],小雪(碧蓝档案)
13055,1697525,arezu_(pokemon),4,817,"[""pokemon"", ""pokemon_legends:_arceus""]",阿蕾祖(宝可梦)
13056,1722734,bronya_rand,4,1093,"[""honkai:_star_rail"", ""honkai_(series)""]",布洛妮娅·兰德(星穹铁道)
13057,1700487,reimu_endou,4,681,"[""nijisanji"", ""nijisanji_en""]",远藤灵梦(NIJISANJI EN)
13058,1700488,enna_alouette,4,1378,"[""nijisanji"", ""nijisanji_en""]",恩娜·阿鲁艾特(NIJISANJI)
13059,1700489,nina_kosaka,4,671,"[""nijisanji"", ""nijisanji_en""]",小坂妮娜(NIJISANJI EN)
13060,1700490,millie_parfait,4,863,"[""nijisanji"", ""nijisanji_en""]",米莉·帕菲(NIJISANJI EN)
13061,1701171,march_7th_(honkai:_star_rail),4,6480,"[""honkai:_star_rail"", ""honkai_(series)""]",三月七(星穹铁道)
13062,2149594,march_7th_(preservation)_(honkai:_star_rail),4,3256,"[""honkai:_star_rail"", ""honkai_(series)""]",三月七(存护)(崩坏：星穹铁道)
13063,1793076,himeko_(honkai:_star_rail),4,1525,"[""honkai:_star_rail"", ""honkai_(series)""]",姬子(星穹铁道)
13064,1793084,seele_(honkai:_star_rail),4,1047,"[""honkai:_star_rail"", ""honkai_(series)""]",希儿(星穹铁道)
13065,1701951,arataki_itto,4,1362,["genshin_impact"],荒泷一斗(原神)
13066,1717229,female_sensei_(blue_archive),4,1233,["blue_archive"],女老师(碧蓝档案)
13067,1706706,toutetsu_yuuma,4,2254,["touhou"],饕餮尤魔(东方)
13068,1808100,dan_heng_(honkai:_star_rail),4,3541,"[""honkai:_star_rail"", ""honkai_(series)""]",丹恒(崩坏：星穹铁道)
13069,2241748,dan_heng_(hunt)_(honkai:_star_rail),4,1092,"[""honkai:_star_rail"", ""honkai_(series)""]",丹恒(巡猎)(崩坏：星穹铁道)
13070,1967582,justice_task_force_member_(blue_archive),4,1949,["blue_archive"],正义实现委员会成员(碧蓝档案)
13071,1712705,adachi_rei,4,6054,"[""a.i._voice"", ""utau""]",安达玲(AI语音)
13072,1726444,arcane_vi,4,903,"[""arcane:_league_of_legends"", ""league_of_legends""]",蔚(双城之战)
13073,1712201,melina_(elden_ring),4,976,["elden_ring"],梅琳娜(艾尔登法环)
13074,1713162,cyno_(genshin_impact),4,2208,["genshin_impact"],赛诺(原神)
13075,1724268,arcane_jinx,4,1151,"[""arcane:_league_of_legends"", ""league_of_legends""]",金克丝 (双城之战)
13076,1840088,alice_(nikke),4,957,["goddess_of_victory:_nikke"],爱丽丝 (妮姬)
13077,1840092,anis_(nikke),4,2289,["goddess_of_victory:_nikke"],安妮斯(胜利女神：妮姬)
13078,1714815,himari_(blue_archive),4,1986,["blue_archive"],妃咲(碧蓝档案)
13079,1716802,theodore_riddle,4,1594,["saibou_shinkyoku"],西奥多·里德尔(工作细胞)
13080,1717579,mejiro_bright_(umamusume),4,880,["umamusume"],目白光明 (赛马娘)
13081,1719005,hakui_koyori,4,3954,["hololive"],白上小夜(Hololive)
13082,1933141,hakui_koyori_(1st_costume),4,1729,["hololive"],博衣小夜璃(1st服装)
13083,1719006,kazama_iroha,4,3540,["hololive"],风间伊吕波(蔚蓝档案)
13084,1933142,kazama_iroha_(1st_costume),4,1684,["hololive"],风真伊吕波(1st服装)(Hololive)
13085,1719009,la+_darknesss,4,5011,["hololive"],拉普拉斯·暗黑(NIJISANJI)
13086,1933143,la+_darknesss_(1st_costume),4,2366,["hololive"],拉普拉斯·暗黑(1st服装)
13087,1719003,sakamata_chloe,4,6342,["hololive"],沙花叉克萝伊(Hololive)
13088,1933144,sakamata_chloe_(1st_costume),4,2743,["hololive"],沙花叉克萝伊(1st服装)
13089,1719012,takane_lui,4,2657,["hololive"],鹰岭露依(Hololive)
13090,1933145,takane_lui_(1st_costume),4,1194,["hololive"],鹰岭露依(1st服装)(hololive)
13091,1719451,crow_(la+_darknesss),4,932,["hololive"],乌鸦(LA+ Darknesss)
13092,2026911,outis_(project_moon),4,1554,"[""limbus_company"", ""project_moon""]",奥提斯 (Project Moon)
13093,2026869,hong_lu_(project_moon),4,2760,"[""limbus_company"", ""project_moon""]",鸿璐(边狱巴士)
13094,1720788,lynette_(genshin_impact),4,2148,["genshin_impact"],琳妮特(原神)
13095,1720787,lyney_(genshin_impact),4,1678,["genshin_impact"],林尼(原神)
13096,1723652,aurora_(arknights),4,855,["arknights"],极光(明日方舟)
13097,1932167,caelus_(honkai:_star_rail),4,5787,"[""honkai:_star_rail"", ""honkai_(series)""]",开拓者(星穹铁道)
13098,1799218,trailblazer_(honkai:_star_rail),4,14919,"[""honkai:_star_rail"", ""honkai_(series)""]",开拓者(崩坏：星穹铁道)
13099,1724456,volo_(pokemon),4,1057,"[""pokemon"", ""pokemon_legends:_arceus""]",望罗(宝可梦)
13100,1724523,irida_(pokemon),4,1988,"[""pokemon"", ""pokemon_legends:_arceus""]",伊犁(宝可梦)
13101,1724570,adaman_(pokemon),4,915,"[""pokemon"", ""pokemon_legends:_arceus""]",阿驯(宝可梦)
13102,1724880,ike_eveland,4,837,"[""nijisanji"", ""nijisanji_en""]",艾克·埃弗兰(NIJISANJI EN)
13103,1724881,luca_kaneshiro,4,681,"[""nijisanji"", ""nijisanji_en""]",卢卡·金城(NIJISANJI EN)
13104,1724882,vox_akuma,4,816,"[""nijisanji"", ""nijisanji_en""]",沃克斯·阿库玛(NIJISANJI EN)
13105,2061499,usada_pekora_(casual),4,779,["hololive"],兔田佩克拉 (便服)
13106,1726478,ulrich_von_hutten_(azur_lane),4,756,["azur_lane"],乌尔里希·冯·胡滕 (碧蓝航线)
13107,2061493,ouro_kronii_(casual),4,895,"[""hololive"", ""hololive_english""]",欧罗·克罗尼 (便服)
13108,1727006,queen_draco_(fate),4,920,"[""fate/grand_order"", ""fate_(series)""]",德拉科女王 (Fate)
13109,1728033,keqing_(opulent_splendor)_(genshin_impact),4,1023,["genshin_impact"],刻晴(华饰之剑)(原神)
13110,2026914,gregor_(project_moon),4,1212,"[""limbus_company"", ""project_moon""]",格里高尔 (Project Moon)
13111,2026894,rodion_(project_moon),4,1256,"[""limbus_company"", ""project_moon""]",罗季昂 (Project Moon)
13112,2026899,sinclair_(project_moon),4,2652,"[""limbus_company"", ""project_moon""]",辛克莱(边狱巴士)
13113,2026816,yi_sang_(project_moon),4,2555,"[""limbus_company"", ""project_moon""]",以桑(边狱巴士)
13114,2026878,ishmael_(project_moon),4,4155,"[""limbus_company"", ""project_moon""]",以实玛利(边狱巴士)
13115,2026871,heathcliff_(project_moon),4,1922,"[""limbus_company"", ""project_moon""]",希斯克利夫 (Project Moon)
13116,2026828,don_quixote_(project_moon),4,3819,"[""limbus_company"", ""project_moon""]",堂吉诃德(边狱巴士)
13117,2026841,ryoshu_(project_moon),4,2097,"[""limbus_company"", ""project_moon""]",良秀 (Project Moon)
13118,2026859,meursault_(project_moon),4,1199,"[""limbus_company"", ""project_moon""]",默尔索 (Project Moon)
13119,2026818,faust_(project_moon),4,2675,"[""limbus_company"", ""project_moon""]",浮士德(边狱巴士)
13120,1730554,dante_(limbus_company),4,1760,"[""limbus_company"", ""project_moon""]",但丁 (边狱公司)
13121,1972182,sonetto_(reverse:1999),4,1706,["reverse:1999"],十四行诗 (重返未来：1999)
13122,1731626,shadowheart_(baldur's_gate),4,969,"[""baldur's_gate"", ""baldur's_gate_3"", ""dungeons_&_dragons""]",暗影之心 (博德之门3)
13123,1731937,nagomi_yui,4,730,"[""delicious_party_precure"", ""precure""]",和結衣(Delicious Party 光之美少女)
13124,1733501,vertin_(reverse:1999),4,2405,["reverse:1999"],维尔汀(重返未来：1999)
13125,1932884,hasumi_(track)_(blue_archive),4,1692,["blue_archive"],莲见(田径)(碧蓝档案)
13126,1734145,ling_(arknights),4,1678,["arknights"],令(明日方舟)
13127,1747952,miyako_(blue_archive),4,3992,["blue_archive"],都子(碧蓝档案)
13128,1768637,miyu_(blue_archive),4,4705,["blue_archive"],美游(碧蓝档案)
13129,1747990,chihiro_(blue_archive),4,1019,["blue_archive"],千寻 (蔚蓝档案)
13130,1768187,saki_(blue_archive),4,2645,["blue_archive"],咲季(碧蓝档案)
13131,1748644,satsuki_(blue_archive),4,1288,["blue_archive"],佐月 (蔚蓝档案)
13132,1806084,serika_(swimsuit)_(blue_archive),4,1117,["blue_archive"],芹香 (泳装) (蔚蓝档案)
13133,1932888,yuuka_(track)_(blue_archive),4,3573,["blue_archive"],优香(碧蓝档案)
13134,1806087,hoshino_(swimsuit)_(blue_archive),4,2585,["blue_archive"],星野(泳装)(碧蓝档案)
13135,1752650,narita_top_road_(umamusume),4,1484,["umamusume"],成田路(赛马娘)
13136,1752965,harada_minoru,4,1850,["saibou_shinkyoku"],原田実(工作细胞)
13137,1782104,shez_(fire_emblem),4,0,"[""fire_emblem"", ""fire_emblem:_three_houses"", ""fire_emblem_warriors:_three_hopes""]",谢兹 (火焰之纹章)
13138,1754602,eunie_(xenoblade),4,1386,"[""xenoblade_chronicles_(series)"", ""xenoblade_chronicles_3""]",优妮(异度神剑3)
13139,1754603,mio_(xenoblade),4,1448,"[""xenoblade_chronicles_(series)"", ""xenoblade_chronicles_3""]",弥央(异度神剑)
13140,1757377,yelan_(genshin_impact),4,4405,["genshin_impact"],夜兰(原神)
13141,1758613,ui_(blue_archive),4,4173,["blue_archive"],忧(碧蓝档案)
13142,1993491,shiroko_terror_(blue_archive),4,3496,["blue_archive"],白子·恐怖(碧蓝档案)
13143,1861329,cheval_grand_(umamusume),4,2470,["umamusume"],骏川手纲(赛马娘)
13144,1759963,aston_machan_(umamusume),4,1181,["umamusume"],亚斯顿马仙(赛马娘)
13145,1759968,sakura_laurel_(umamusume),4,752,["umamusume"],樱花桂冠 (赛马娘)
13146,1806082,nonomi_(swimsuit)_(blue_archive),4,1666,["blue_archive"],野乃美(泳装)(碧蓝档案)
13147,1760945,kuki_shinobu,4,1433,["genshin_impact"],久岐忍(原神)
13148,1761329,sprigatito,4,2117,["pokemon"],新叶喵(宝可梦)
13149,1761330,quaxly,4,1009,["pokemon"],润水鸭(宝可梦)
13150,1761331,fuecoco,4,1243,["pokemon"],呆火鳄(宝可梦)
13151,1829693,florian_(pokemon),4,2470,"[""pokemon"", ""pokemon_sv""]",弗洛里安(宝可梦)
13152,1829691,juliana_(pokemon),4,3252,"[""pokemon"", ""pokemon_sv""]",朱莉安娜(宝可梦)
13153,1762182,ranni_the_witch,4,2084,["elden_ring"],菈妮(艾尔登法环)
13154,1763341,fuyutsuki_(kancolle),4,876,["kantai_collection"],冬月(舰C)
13155,1824259,lovely_labrynth_of_the_silver_castle,4,1592,["yu-gi-oh!"],银色城堡的可爱迷宫(游戏王)
13156,1765697,aponia_(honkai_impact),4,0,"[""honkai_(series)"", ""honkai_impact_3rd""]",阿波尼亚 (崩坏3)
13157,1766205,miquella_(elden_ring),4,807,["elden_ring"],米凯拉（艾尔登法环）
13158,1829954,pom-pom_(honkai:_star_rail),4,999,"[""honkai:_star_rail"", ""honkai_(series)""]",帕姆（崩坏：星穹铁道）
13159,2241351,sephiroth_(ever_crisis),4,1055,"[""final_fantasy"", ""final_fantasy_vii"", ""final_fantasy_vii_ever_crisis""]",赛菲罗斯（最终幻想VII：永恒危机）
13160,1769557,kaela_kovalskia,4,1094,"[""hololive"", ""hololive_indonesia""]",卡埃拉·科瓦尔斯基亚(Hololive Indonesia)
13161,1769558,kobo_kanaeru,4,1032,"[""hololive"", ""hololive_indonesia""]",可波·卡娜埃露(Hololive Indonesia)
13162,1769556,vestia_zeta,4,887,"[""hololive"", ""hololive_indonesia""]",维斯蒂亚·泽塔(Hololive Indonesia)
13163,1769566,moe_(blue_archive),4,1629,["blue_archive"],萌(碧蓝档案)
13164,1770074,inoue_takina,4,5844,["lycoris_recoil"],井之上泷奈(莉可丽丝)
13165,1770073,nishikigi_chisato,4,7177,["lycoris_recoil"],锦木千束(莉可丽丝)
13166,1964764,reijo_(blue_archive),4,808,["blue_archive"],玲绪（蔚蓝档案）
13167,1805355,suletta_mercury,4,6876,"[""gundam"", ""gundam_suisei_no_majo""]",斯莱塔·墨丘利(水星的魔女)
13168,1782273,uta_(one_piece),4,1088,"[""one_piece"", ""one_piece_film:_red""]",乌塔（海贼王）
13169,1886302,shez_(female)_(fire_emblem),4,0,"[""fire_emblem"", ""fire_emblem:_three_houses"", ""fire_emblem_warriors:_three_hopes""]",谢兹（女）（火焰之纹章）
13170,1782915,ijichi_nijika,4,6282,["bocchi_the_rock!"],伊地知虹夏(孤独摇滚！)
13171,1964868,yamada_ryo,4,5405,["bocchi_the_rock!"],山田凉(孤独摇滚)
13172,1782917,kita_ikuyo,4,7620,["bocchi_the_rock!"],喜多郁代(孤独摇滚)
13173,1779349,kanna_(blue_archive),4,5202,["blue_archive"],佳奈(碧蓝档案)
13174,1785902,specter_the_unchained_(arknights),4,1160,["arknights"],归溟幽灵鲨(明日方舟)
13175,1788356,nice_nature_(run&win)_(umamusume),4,759,["umamusume"],优秀素质（Run&Win）（赛马娘）
13176,1787647,wakana_shiki,4,976,"[""love_live!"", ""love_live!_superstar!!""]",若菜四季(Love Live! Superstar!!)
13177,1787758,kaho_(blue_archive),4,910,["blue_archive"],佳穗(碧蓝档案)
13178,1790199,copano_rickey_(umamusume),4,1229,["umamusume"],小林历奇(赛马娘)
13179,1790653,tanino_gimlet_(umamusume),4,975,["umamusume"],谷野美酒（赛马娘）
13180,1790927,symboli_kris_s_(umamusume),4,946,["umamusume"],吉兆（赛马娘）
13181,1792624,kafka_(honkai:_star_rail),4,6897,"[""honkai:_star_rail"", ""honkai_(series)""]",卡芙卡(星穹铁道)
13182,1793083,silver_wolf_(honkai:_star_rail),4,3942,"[""honkai:_star_rail"", ""honkai_(series)""]",银狼(崩坏：星穹铁道)
13183,2170286,amillion_(zenless_zone_zero),4,965,["zenless_zone_zero"],阿米利昂（绝区零）
13184,1795674,anby_demara,4,1649,["zenless_zone_zero"],安比·德玛拉（绝区零）
13185,1795675,nicole_demara,4,3365,["zenless_zone_zero"],妮可·德玛拉（绝区零）
13186,1865852,hoshimi_miyabi,4,5388,["zenless_zone_zero"],星见雅（绝区零）
13187,1815924,corin_wickes,4,1312,["zenless_zone_zero"],柯琳·威克斯（绝区零）
13188,1818854,von_lycaon,4,1847,["zenless_zone_zero"],冯·莱卡恩（绝区零）
13189,1794300,shikanoin_heizou,4,1174,["genshin_impact"],鹿野院平藏(原神)
13190,1795950,herta_(honkai:_star_rail),4,3314,"[""honkai:_star_rail"", ""honkai_(series)""]",黑塔（崩坏：星穹铁道）
13191,1860944,soukaku_(zenless_zone_zero),4,1449,["zenless_zone_zero"],苍角（绝区零）
13192,1538112,indomitable_(azur_lane),4,717,["azur_lane"],不屈（碧蓝航线）
13193,1797173,hyakumantenbara_salome,4,1462,["nijisanji"],百万天原萨洛梅(NIJISANJI)
13194,1968264,hyakumantenbara_salome_(1st_costume),4,884,["nijisanji"],百满天原莎乐美（第一套服装）
13195,2127988,eous_(zenless_zone_zero),4,1966,["zenless_zone_zero"],伊埃斯（绝区零）
13196,1798153,aura_(sousou_no_frieren),4,1038,["sousou_no_frieren"],阿乌拉（葬送的芙莉莲）
13197,1798164,ubel_(sousou_no_frieren),4,2041,["sousou_no_frieren"],尤贝尔（葬送的芙莉莲）
13198,1955335,saki_(swimsuit)_(blue_archive),4,1099,["blue_archive"],纱纪(泳装)(碧蓝档案)
13199,1931043,stelle_(honkai:_star_rail),4,9757,"[""honkai:_star_rail"", ""honkai_(series)""]",星(星穹铁道)
13200,1799880,nemona_(pokemon),4,1915,"[""pokemon"", ""pokemon_sv""]",妮莫(宝可梦)
13201,1814061,belle_(zenless_zone_zero),4,4996,["zenless_zone_zero"],铃（绝区零）
13202,1804887,elster_(signalis),4,666,["signalis"],埃尔斯特（信号）
13203,2013335,virtuosa_(arknights),4,1600,["arknights"],塑心（明日方舟）
13204,1805391,miorine_rembran,4,6150,"[""gundam"", ""gundam_suisei_no_majo""]",米奥莉奈·伦布朗(机动战士高达 水星的魔女)
13205,1806080,wakamo_(swimsuit)_(blue_archive),4,994,["blue_archive"],若藻（泳装）（蔚蓝档案）
13206,1810660,jing_yuan,4,1151,"[""honkai:_star_rail"", ""honkai_(series)""]",景元(星穹铁道)
13207,1886303,alear_(female)_(fire_emblem),4,0,"[""fire_emblem"", ""fire_emblem_engage""]",琉尔(女)(火焰纹章)
13208,1842585,alear_(fire_emblem),4,17,"[""fire_emblem"", ""fire_emblem_engage""]",琉尔(火焰纹章)
13209,1810157,tighnari_(genshin_impact),4,2580,["genshin_impact"],提纳里(原神)
13210,1810886,dehya_(genshin_impact),4,1693,["genshin_impact"],迪希雅(原神)
13211,1838442,alhaitham_(genshin_impact),4,3272,["genshin_impact"],艾尔海森(原神)
13212,1821363,nahida_(genshin_impact),4,10706,["genshin_impact"],纳西妲(原神)
13213,1811190,nilou_(genshin_impact),4,5456,["genshin_impact"],妮露(原神)
13214,1913137,ho'olheyak_(arknights),4,1797,["arknights"],霍尔海雅(明日方舟)
13215,1848707,female_rover_(wuthering_waves),4,2416,["wuthering_waves"],女漂泊者(鸣潮)
13216,2127227,rover_(wuthering_waves),4,4218,["wuthering_waves"],漂泊者(鸣潮)
13217,1814441,arlecchino_(genshin_impact),4,4431,["genshin_impact"],阿蕾奇诺(原神)
13218,1814565,columbina_(genshin_impact),4,1202,["genshin_impact"],哥伦比娅(原神)
13219,1827083,yoru_(chainsaw_man),4,2630,["chainsaw_man"],夜(电锯人)
13220,1815153,mitaka_asa,4,2042,["chainsaw_man"],三鹰朝(链锯人)
13221,1818576,cinnamiku,4,839,"[""fuwa_fuwa_cinnamoroll"", ""sanrio"", ""vocaloid""]",肉桂初音(软绵绵肉桂狗)
13222,1827586,blade_(honkai:_star_rail),4,2453,"[""honkai:_star_rail"", ""honkai_(series)""]",刃(崩坏：星穹铁道)
13223,1816469,izuna_(swimsuit)_(blue_archive),4,1381,["blue_archive"],伊豆奈(泳装)(碧蓝档案)
13224,1818873,kasumi_(blue_archive),4,1378,["blue_archive"],霞(碧蓝档案)
13225,1820514,daring_tact_(umamusume),4,1023,["umamusume"],大胆战术(赛马娘)
13226,1820726,hokko_tarumae_(umamusume),4,1436,["umamusume"],宝冢樽前(赛马娘)
13227,2152904,elysia_(herrscher_of_human:_ego)_(honkai_impact),4,3089,"[""honkai_(series)"", ""honkai_impact_3rd""]",爱莉希雅(人之律者)
13228,1839310,david_martinez,4,691,"[""cyberpunk_(series)"", ""cyberpunk_edgerunners""]",大卫·马丁内斯(赛博朋克：边缘行者)
13229,1846972,lucy_(cyberpunk),4,1541,"[""cyberpunk_(series)"", ""cyberpunk_edgerunners""]",露西(赛博朋克)
13230,1846970,rebecca_(cyberpunk),4,1971,"[""cyberpunk_(series)"", ""cyberpunk_edgerunners""]",丽贝卡(赛博朋克)
13231,1822926,penny_(pokemon),4,1425,"[""pokemon"", ""pokemon_sv""]",妮莫(宝可梦)
13232,1822945,grusha_(pokemon),4,1579,"[""pokemon"", ""pokemon_sv""]",古鲁夏(宝可梦)
13233,1823213,arven_(pokemon),4,1404,"[""pokemon"", ""pokemon_sv""]",派帕(宝可梦)
13234,1823604,wise_(zenless_zone_zero),4,4133,["zenless_zone_zero"],哲(绝区零)
13235,1824139,pozyomka_(arknights),4,825,["arknights"],鸿雪(明日方舟)
13236,1824564,surtr_(colorful_wonderland)_(arknights),4,726,["arknights"],史尔特尔(缤纷奇境)
13237,1825068,yume_(blue_archive),4,999,["blue_archive"],梦(碧蓝档案)
13238,1825474,ichika_(blue_archive),4,3381,["blue_archive"],一花(碧蓝档案)
13239,1825539,frye_(splatoon),4,1449,"[""splatoon_(series)"", ""splatoon_3""]",曼曼(斯普拉遁系列)
13240,1825540,shiver_(splatoon),4,1940,"[""splatoon_(series)"", ""splatoon_3""]",莎莎(斯普拉遁)
13241,1860581,wanderer_(genshin_impact),4,9719,["genshin_impact"],流浪者(原神)
13242,1836426,aranara_(genshin_impact),4,1620,["genshin_impact"],兰那罗(原神)
13243,1929197,aris_(maid)_(blue_archive),4,1513,["blue_archive"],爱丽丝(女仆装)(碧蓝档案)
13244,1828610,candace_(genshin_impact),4,722,["genshin_impact"],坎蒂丝(原神)
13245,1932879,hibiki_(cheer_squad)_(blue_archive),4,1885,["blue_archive"],响(应援团)(碧蓝档案)
13246,2040875,firefly_(honkai:_star_rail),4,13272,"[""honkai:_star_rail"", ""honkai_(series)""]",流萤(星穹铁道)
13247,1835548,reisa_(blue_archive),4,1979,["blue_archive"],丽萨(碧蓝档案)
13248,1838237,siberian_chipmunk_(kemono_friends),4,717,"[""kemono_friends"", ""kemono_friends_v_project""]",西伯利亚花栗鼠(兽娘动物园V Project)
13249,1840159,geeta_(pokemon),4,925,"[""pokemon"", ""pokemon_sv""]",也慈(宝可梦 朱/紫)
13250,1843563,suzuran_(spring_praise)_(arknights),4,1022,["arknights"],铃兰(春之颂)
13251,1841181,musashi_(azur_lane),4,1045,["azur_lane"],武藏(碧蓝航线)
13252,1841705,kaveh_(genshin_impact),4,2360,["genshin_impact"],卡维(原神)
13253,1886305,alear_(male)_(fire_emblem),4,0,"[""fire_emblem"", ""fire_emblem_engage""]",琉尔(男)
13254,1868637,ivy_(fire_emblem),4,1020,"[""fire_emblem"", ""fire_emblem_engage""]",艾比(火焰纹章Engage)
13255,1852478,celine_(fire_emblem),4,844,"[""fire_emblem"", ""fire_emblem_engage""]",赛琳(火焰纹章Engage)
13256,1847558,layla_(genshin_impact),4,1154,["genshin_impact"],莱依拉(原神)
13257,1849695,secelia_dote,4,831,"[""gundam"", ""gundam_suisei_no_majo""]",塞西莉亚·多特(机动战士高达 水星的魔女)
13258,1965691,haruna_(track)_(blue_archive),4,733,["blue_archive"],春奈(田径)
13259,1852825,iono_(pokemon),4,4803,"[""pokemon"", ""pokemon_sv""]",奇树(宝可梦)
13260,2215071,kei_(blue_archive),4,1078,["blue_archive"],慧(碧蓝档案)
13261,1932889,mari_(track)_(blue_archive),4,2286,["blue_archive"],麻里(田径)(碧蓝档案)
13262,1900074,fujishima_megumi,4,6117,"[""link!_like!_love_live!"", ""love_live!""]",藤島恵(Link! Like! Love Live!)
13263,1900075,hinoshita_kaho,4,6422,"[""link!_like!_love_live!"", ""love_live!""]",日下香穂(Link! Like! Love Live!)
13264,1900070,murano_sayaka,4,5103,"[""link!_like!_love_live!"", ""love_live!""]",村野さやか(Link! Like! Love Live!)
13265,1900073,osawa_rurino,4,4791,"[""link!_like!_love_live!"", ""love_live!""]",大沢るりの(Link! Like! Love Live!)
13266,1900071,otomune_kozue,4,5809,"[""link!_like!_love_live!"", ""love_live!""]",乙宗梢(Link! Like! Love Live!)
13267,1900076,yugiri_tsuzuri,4,4723,"[""link!_like!_love_live!"", ""love_live!""]",夕雾缀(Link! Like! Love Live!)
13268,1856690,texas_the_omertosa_(arknights),4,1348,["arknights"],缄默德克萨斯(明日方舟)
13269,1857211,penance_(arknights),4,1051,["arknights"],斥罪(明日方舟)
13270,1857514,mizi_(alien_stage),4,2802,["alien_stage"],米兹(Alien Stage)
13271,1857515,sua_(alien_stage),4,2943,["alien_stage"],秀雅(Alien Stage)
13272,1872188,fami_(chainsaw_man),4,1098,["chainsaw_man"],法米(电锯人)
13273,1859641,faruzan_(genshin_impact),4,1319,["genshin_impact"],珐露珊(原神)
13274,1861400,mejiro_ramonu_(umamusume),4,1086,["umamusume"],目白雷蒙(赛马娘)
13275,1861870,ijichi_seika,4,1004,["bocchi_the_rock!"],伊地知星歌(孤独摇滚！)
13276,1862029,commander_(nikke),4,1493,["goddess_of_victory:_nikke"],指挥官(胜利女神：妮姬)
13277,1862390,hiroi_kikuri,4,3444,["bocchi_the_rock!"],广井菊里(孤独摇滚)
13278,1862559,meowscarada,4,1716,["pokemon"],魔幻假面喵(宝可梦)
13279,1865359,rio_(blue_archive),4,9963,["blue_archive"],莉欧(碧蓝档案)
13280,1867985,toki_(blue_archive),4,9837,["blue_archive"],时(碧蓝档案)
13281,1865424,rika_(pokemon),4,3190,"[""pokemon"", ""pokemon_sv""]",莉嘉(宝可梦)
13282,1866339,pa-san,4,946,["bocchi_the_rock!"],帕桑(孤独摇滚！)
13283,1866391,poppy_(pokemon),4,726,"[""pokemon"", ""pokemon_sv""]",波琵(宝可梦 朱/紫)
13284,1886960,scaramouche_(cat)_(genshin_impact),4,1287,["genshin_impact"],散猫(原神)
13285,1874347,chief_(path_to_nowhere),4,1023,["path_to_nowhere"],局长(无期迷途)
13286,2086031,female_chief_(path_to_nowhere),4,982,["path_to_nowhere"],女局长(无期迷途)
13287,1875582,liko_(pokemon),4,1963,"[""pokemon"", ""pokemon_(anime)"", ""pokemon_horizons""]",莉可(宝可梦 地平线)
13288,1892815,male_rover_(wuthering_waves),4,2232,["wuthering_waves"],男漂泊者(鸣潮)
13289,1901562,tenochtitlan_(fate),4,1341,"[""fate/grand_order"", ""fate_(series)""]",特诺奇蒂特兰(Fate/Grand Order)
13290,1881706,tezcatlipoca_(fate),4,1008,"[""fate/grand_order"", ""fate_(series)""]",特斯卡特利波卡(Fate/Grand Order)
13291,1882948,kiana_kaslana_(herrscher_of_finality),4,1174,"[""honkai_(series)"", ""honkai_impact_3rd""]",终焉之律者琪亚娜(崩坏3)
13292,1893558,shigure_kai_san_(kancolle),4,1384,["kantai_collection"],时雨改三(舰C)
13293,1884940,yunaka_(fire_emblem),4,825,"[""fire_emblem"", ""fire_emblem_engage""]",尤娜卡(火焰纹章Engage)
13294,1885282,gavis_bettel,4,818,"[""holostars"", ""holostars_english""]",加维斯·贝特尔(Holostars English)
13295,1885788,kamisato_ayaka_(springbloom_missive),4,900,["genshin_impact"],神里绫华(春意盈怀)
13296,1885929,nijigaoka_mashiro,4,1517,"[""hirogaru_sky!_precure"", ""precure""]",虹丘真白(美妙魔法)
13297,1962907,navia_(genshin_impact),4,2418,["genshin_impact"],娜维娅(原神)
13298,1964798,furina_(genshin_impact),4,11479,["genshin_impact"],芙宁娜(原神)
13299,1886371,cure_sky,4,1356,"[""hirogaru_sky!_precure"", ""precure""]",天空天使(开阔天空！光之美少女)
13300,1886373,sora_harewataru,4,2493,"[""hirogaru_sky!_precure"", ""precure""]",空晴(开阔天空！光之美少女)
13301,1898553,hijiri_ageha,4,849,"[""hirogaru_sky!_precure"", ""precure""]",聖揚羽(开阔天空！光之美少女)
13302,1886562,chongyue_(arknights),4,1649,["arknights"],重岳（明日方舟）
13303,1886879,viper_(nikke),4,943,["goddess_of_victory:_nikke"],毒蛇（胜利女神：妮姬）
13304,1893003,shinomiya_fuyumi,4,681,["mahjong_soul"],四宫冬美(雀魂)
13305,1893407,kisaki_(blue_archive),4,8682,["blue_archive"],妃咲(碧蓝档案)
13306,1896239,tingyun_(honkai:_star_rail),4,1187,"[""honkai:_star_rail"", ""honkai_(series)""]",停云（崩坏：星穹铁道）
13307,1929917,midori_(maid)_(blue_archive),4,983,["blue_archive"],绿（女仆）（碧蓝档案）
13308,1929918,momoi_(maid)_(blue_archive),4,942,["blue_archive"],桃井（女仆）（碧蓝档案）
13309,1904756,jungle_pocket_(umamusume),4,1855,["umamusume"],森林宝穴（赛马娘）
13310,1903292,fu_xuan_(honkai:_star_rail),4,1221,"[""honkai:_star_rail"", ""honkai_(series)""]",符玄（崩坏：星穹铁道）
13311,1903602,implacable_(azur_lane),4,964,["azur_lane"],怨仇(碧蓝航线)
13312,1904758,katsuragi_ace_(umamusume),4,1799,["umamusume"],葛城王牌(赛马娘)
13313,1904759,neo_universe_(umamusume),4,1021,["umamusume"],新宇宙（赛马娘）
13314,1904760,hishi_miracle_(umamusume),4,1416,["umamusume"],菱钻奇宝(赛马娘)
13315,1919321,plana_(blue_archive),4,6258,["blue_archive"],普拉娜(碧蓝档案)
13316,1906527,kieran_(pokemon),4,5274,"[""pokemon"", ""pokemon_sv""]",奇树(宝可梦)
13317,1906528,carmine_(pokemon),4,2483,"[""pokemon"", ""pokemon_sv""]",青绿(宝可梦)
13318,1957233,lacey_(pokemon),4,1087,"[""pokemon"", ""pokemon_sv""]",蕾拉(宝可梦)
13319,1924186,kirara_(genshin_impact),4,1469,["genshin_impact"],绮良良(原神)
13320,1921123,kasane_teto_(sv),4,3820,"[""synthesizer_v"", ""utau""]",重音テト(SV)
13321,2061494,nanashi_mumei_(casual),4,733,"[""hololive"", ""hololive_english""]",七詩ムメイ(便服)
13322,1952307,shiina_taki,4,5478,"[""bang_dream!"", ""bang_dream!_it's_mygo!!!!!""]",椎名滝(BanG Dream! It's MyGO!!!!!)
13323,1929196,toki_(bunny)_(blue_archive),4,5311,["blue_archive"],时(兔女郎)(碧蓝档案)
13324,1931133,akira_(blue_archive),4,1132,["blue_archive"],明(蔚蓝档案)
13325,1946804,iseri_nina,4,5758,["girls_band_cry"],井芹仁菜(少女乐队哭)
13326,1954908,dan_heng_(imbibitor_lunae)_(honkai:_star_rail),4,1295,"[""honkai:_star_rail"", ""honkai_(series)""]",丹恒·饮月(崩坏：星穹铁道)
13327,1935402,yinlin_(wuthering_waves),4,1025,["wuthering_waves"],吟霖(鸣潮)
13328,1931458,jingliu_(honkai:_star_rail),4,1454,"[""honkai:_star_rail"", ""honkai_(series)""]",镜流(星穹铁道)
13329,1938215,charlotte_(genshin_impact),4,767,["genshin_impact"],夏洛蒂(原神)
13330,1946803,awa_subaru,4,2402,["girls_band_cry"],安和すばる(少女乐队哭)
13331,1946806,ebizuka_tomo,4,1234,["girls_band_cry"],海老塚智(少女乐队哭)
13332,1946805,kawaragi_momoka,4,4962,["girls_band_cry"],河原木桃香(少女乐队哭)
13333,1946802,rupa_(girls_band_cry),4,1224,["girls_band_cry"],露帕(哭泣少女乐队)
13334,1955322,miyu_(swimsuit)_(blue_archive),4,1362,["blue_archive"],美游(泳装)(碧蓝档案)
13335,1955327,miyako_(swimsuit)_(blue_archive),4,1732,["blue_archive"],都子(泳装)(碧蓝档案)
13336,2060115,yamato_takeru_(fate),4,1148,"[""fate/samurai_remnant"", ""fate_(series)""]",日本武尊(Fate)
13337,1971286,ui_(swimsuit)_(blue_archive),4,1095,["blue_archive"],忧(泳装)(碧蓝档案)
13338,1962537,nagasaki_soyo,4,6687,"[""bang_dream!"", ""bang_dream!_it's_mygo!!!!!""]",长崎素世(BanG Dream! It's MyGO!!!!!)
13339,1962848,freminet_(genshin_impact),4,979,["genshin_impact"],菲米尼（原神）
13340,1962844,neuvillette_(genshin_impact),4,2606,["genshin_impact"],那维莱特(原神)
13341,1962856,wriothesley_(genshin_impact),4,1921,["genshin_impact"],莱欧斯利(原神)
13342,1962930,clorinde_(genshin_impact),4,2538,["genshin_impact"],克洛琳德(原神)
13343,1962951,sigewinne_(genshin_impact),4,1313,["genshin_impact"],希格雯（原神）
13344,1963275,chihaya_anon,4,7513,"[""bang_dream!"", ""bang_dream!_it's_mygo!!!!!""]",千早爱音(BanG Dream! It's MyGO!!!!!)
13345,2004716,kaname_raana,4,2236,"[""bang_dream!"", ""bang_dream!_it's_mygo!!!!!""]",要乐奈(BanG Dream! It's MyGO!!!!!)
13346,1963277,takamatsu_tomori,4,3463,"[""bang_dream!"", ""bang_dream!_it's_mygo!!!!!""]",高松灯(梦想协奏曲)
13347,1966398,hindenburg_(azur_lane),4,728,["azur_lane"],兴登堡(碧蓝航线)
13348,1971284,koharu_(swimsuit)_(blue_archive),4,1689,["blue_archive"],小春(泳装)(碧蓝档案)
13349,1971293,hanako_(swimsuit)_(blue_archive),4,2900,["blue_archive"],花子(泳装)(碧蓝档案)
13350,1972683,nerissa_ravencroft,4,5167,"[""hololive"", ""hololive_english""]",Nerissa Ravencroft(hololive)
13351,2057378,nerissa_ravencroft_(1st_costume),4,1687,"[""hololive"", ""hololive_english""]",涅瑞莎·雷文克萝芙（第一套服装）(Hololive)
13352,1972693,shiori_novella,4,5322,"[""hololive"", ""hololive_english""]",紫苑·诺维拉(Hololive)
13353,2057377,shiori_novella_(1st_costume),4,2359,"[""hololive"", ""hololive_english""]",紫咲诗音(1st服装)(hololive)
13354,1972686,fuwawa_abyssgard,4,4446,"[""hololive"", ""hololive_english""]",芙娃娃·阿比斯加德(Hololive)
13355,1972687,mococo_abyssgard,4,4392,"[""hololive"", ""hololive_english""]",摩可可·阿比斯加德(Hololive)
13356,1973782,anis_(sparkling_summer)_(nikke),4,860,["goddess_of_victory:_nikke"],阿尼斯（闪耀夏日）(胜利女神：妮姬)
13357,1972681,koseki_bijou,4,3027,"[""hololive"", ""hololive_english""]",古石碧珠(Hololive English)
13358,2057376,koseki_bijou_(1st_costume),4,1075,"[""hololive"", ""hololive_english""]",小石碧珠（第一套服装）(Hololive)
13359,1976776,fuwawa_abyssgard_(1st_costume),4,1902,"[""hololive"", ""hololive_english""]",芙瓦瓦·阿比斯加德(1st服装)
13360,1976777,mococo_abyssgard_(1st_costume),4,1980,"[""hololive"", ""hololive_english""]",莫可可·阿比斯加德(1st服装)
13361,2260686,artoria_caster_(swimsuit_berserker)_(fate),4,0,"[""fate/grand_order"", ""fate_(series)""]",阿尔托莉雅·卡斯特（泳装狂战士）(命运)
13362,1976914,togawa_sakiko,4,7189,"[""bang_dream!"", ""bang_dream!_it's_mygo!!!!!""]",丰川祥子(梦想协奏曲)
13363,2024289,shuro_(blue_archive),4,1052,["blue_archive"],修洛(碧蓝档案)
13364,1977533,wakaba_mutsumi,4,5199,"[""bang_dream!"", ""bang_dream!_it's_mygo!!!!!""]",若叶睦(梦想协奏曲)
13365,1983842,shalom_(path_to_nowhere),4,774,["path_to_nowhere"],莎洛姆(无期迷途)
13366,1979760,baobhan_sith_(swimsuit_pretender)_(fate),4,0,"[""fate/grand_order"", ""fate_(series)""]",芭万·希（泳装伪装者）(命运)
13367,1979617,yahata_umiri,4,4739,"[""bang_dream!"", ""bang_dream!_it's_mygo!!!!!""]",八幡海铃(梦想协奏曲)
13368,2136227,jinhsi_(wuthering_waves),4,1425,["wuthering_waves"],今汐(鸣潮)
13369,1980492,yomotsu_hisami,4,877,["touhou"],黄泉久美(东方)
13370,1980521,sam_(honkai:_star_rail),4,796,"[""honkai:_star_rail"", ""honkai_(series)""]",萨姆 (崩坏：星穹铁道)
13371,1980536,tenkajin_chiyari,4,782,["touhou"],天下人千枪(东方)
13372,1981909,topaz_(honkai:_star_rail),4,1689,"[""honkai:_star_rail"", ""honkai_(series)""]",托帕 (崩坏：星穹铁道)
13373,1988934,miyamoto_iori_(fate),4,959,"[""fate/samurai_remnant"", ""fate_(series)""]",宫本伊织(命运)
13374,1991257,misumi_uika,4,4572,"[""bang_dream!"", ""bang_dream!_it's_mygo!!!!!""]",三角初华(梦想协奏曲)
13375,1991238,red_hood_(nikke),4,1028,["goddess_of_victory:_nikke"],红帽(胜利女神：妮姬)
13376,1991475,juufuutei_raden,4,1119,"[""hololive"", ""hololive_dev_is""]",儒乌风亭拉电（Hololive）
13377,1991484,ichijou_ririka,4,1224,"[""hololive"", ""hololive_dev_is""]",一条莉莉华（Hololive）
13378,1993723,owari_(azur_lane),4,812,["azur_lane"],尾张（碧蓝航线）
13379,1997972,black_swan_(honkai:_star_rail),4,2701,"[""honkai:_star_rail"", ""honkai_(series)""]",黑天鹅（崩坏：星穹铁道）
13380,1999309,ruan_mei_(honkai:_star_rail),4,1879,"[""honkai:_star_rail"", ""honkai_(series)""]",阮梅（崩坏：星穹铁道）
13381,2000409,huohuo_(honkai:_star_rail),4,779,"[""honkai:_star_rail"", ""honkai_(series)""]",藿藿（崩坏：星穹铁道）
13382,2025124,verxina_(umamusume),4,1515,["umamusume"],维尔西娜（赛马娘）
13383,2025123,vivlos_(umamusume),4,1549,["umamusume"],维布洛斯（赛马娘）
13384,2009751,pomni_(the_amazing_digital_circus),4,1219,["the_amazing_digital_circus"],帕姆尼（神奇数字马戏团）
13385,1886145,focalors_(genshin_impact),4,825,["genshin_impact"],芙卡洛斯（原神）
13386,2011331,37_(reverse:1999),4,1172,["reverse:1999"],37（重返未来：1999）
13387,2064384,ao_isami,4,1889,["yuuki_bakuhatsu_bang_bravern"],碧勇（勇气爆发）
13388,2013282,lewis_smith,4,1582,["yuuki_bakuhatsu_bang_bravern"],路易斯·史密斯（勇气爆发）
13389,2014760,aventurine_(honkai:_star_rail),4,3761,"[""honkai:_star_rail"", ""honkai_(series)""]",砂金（崩坏：星穹铁道）
13390,2016953,dr._ratio_(honkai:_star_rail),4,2034,"[""honkai:_star_rail"", ""honkai_(series)""]",真理医生（崩坏：星穹铁道）
13391,2018277,cinderella_(nikke),4,1388,["goddess_of_victory:_nikke"],灰姑娘（妮姬）
13392,2019839,grace_howard,4,1282,["zenless_zone_zero"],格蕾丝·霍华德（妮姬）
13393,2032696,alexandrina_sebastiane,4,981,["zenless_zone_zero"],亚历山德琳娜·塞巴斯蒂安（妮姬）
13394,2032695,ellen_joe,4,6715,["zenless_zone_zero"],艾莲·乔（绝区零）
13395,2021808,kikyou_(blue_archive),4,3294,["blue_archive"],桔梗(碧蓝档案)
13396,2034651,eimi_(swimsuit)_(blue_archive),4,885,["blue_archive"],爱美(泳装)(碧蓝档案)
13397,2036908,acheron_(honkai:_star_rail),4,5761,"[""honkai:_star_rail"", ""honkai_(series)""]",黄泉（崩坏：星穹铁道）
13398,2036978,chiori_(genshin_impact),4,1262,["genshin_impact"],千织（原神）
13399,2039579,sparkle_(honkai:_star_rail),4,4901,"[""honkai:_star_rail"", ""honkai_(series)""]",花火（崩坏：星穹铁道）
13400,2040510,sunday_(honkai:_star_rail),4,2126,"[""honkai:_star_rail"", ""honkai_(series)""]",星期日（崩坏：星穹铁道）
13401,2040871,robin_(honkai:_star_rail),4,4007,"[""honkai:_star_rail"", ""honkai_(series)""]",知更鸟(崩坏：星穹铁道)
13402,2062141,nekoyashiki_yuki,4,952,"[""precure"", ""wonderful_precure!""]",猫屋敷雪(Wonderful 光之美少女！)
13403,2069617,ako_(dress)_(blue_archive),4,1520,["blue_archive"],亚子(连衣裙)(碧蓝档案)
13404,2069619,hina_(dress)_(blue_archive),4,1694,["blue_archive"],日奈(礼服)(碧蓝档案)
13405,2084917,kayoko_(dress)_(blue_archive),4,1911,["blue_archive"],佳代子(礼服)(蔚蓝档案)
13406,2074713,kazusa_(band)_(blue_archive),4,1316,["blue_archive"],和紗(乐队)(蔚蓝档案)
13407,2238247,mari_(idol)_(blue_archive),4,1003,["blue_archive"],玛莉(偶像)(蔚蓝档案)
13408,2072696,shu_(arknights),4,3717,["arknights"],黍(明日方舟)
13409,2084879,aru_(dress)_(blue_archive),4,943,["blue_archive"],阿露(礼服)(蔚蓝档案)
13410,2086025,elegg_(nikke),4,1846,["goddess_of_victory:_nikke"],伊莱格(妮姬)
13411,2087496,saori_(dress)_(blue_archive),4,965,["blue_archive"],纱织(礼服)(蔚蓝档案)
13412,1670671,orfevre_(umamusume),4,1161,["umamusume"],奥尔菲(赛马娘)
13413,2087982,gentildonna_(umamusume),4,2206,["umamusume"],贵妇人(赛马娘)
13414,2087993,still_in_love_(umamusume),4,1550,["umamusume"],斯缇尔因拉芙(赛马娘)
13415,2088008,dantsu_flame_(umamusume),4,1686,["umamusume"],丹兹烈焰(赛马娘)
13416,2102120,nanashi_mumei_(emo),4,879,"[""hololive"", ""hololive_english""]",七诗ムメイ(hololive)
13417,2094717,fujita_kotone,4,2842,"[""gakuen_idolmaster"", ""idolmaster""]",藤田琴音(学园偶像大师)
13418,2094718,hanami_saki,4,1713,"[""gakuen_idolmaster"", ""idolmaster""]",花見咲(学园偶像大师)
13419,2094720,tsukimura_temari,4,1620,"[""gakuen_idolmaster"", ""idolmaster""]",月村手毬(学园偶像大师)
13420,2125680,hanami_ume,4,1945,"[""gakuen_idolmaster"", ""idolmaster""]",花見梅(学园偶像大师)
13421,2107043,shinosawa_hiro,4,3654,"[""gakuen_idolmaster"", ""idolmaster""]",篠沢浩(学园偶像大师)
13422,2111347,katsuragi_lilja,4,1276,"[""gakuen_idolmaster"", ""idolmaster""]",葛城莉莉娅(学园偶像大师)
13423,2099071,himesaki_rinami,4,1354,"[""gakuen_idolmaster"", ""idolmaster""]",姫咲梨奈美(学园偶像大师)
13424,2098880,boothill_(honkai:_star_rail),4,1016,"[""honkai:_star_rail"", ""honkai_(series)""]",波提欧(崩坏：星穹铁道)
13425,2105442,sensei_(blue_archive_the_animation),4,949,"[""blue_archive"", ""blue_archive_the_animation""]",老师(蔚蓝档案动画)
13426,2115749,hikari_(blue_archive),4,4231,["blue_archive"],光(蔚蓝档案)
13427,2115751,nozomi_(blue_archive),4,4190,["blue_archive"],望(蔚蓝档案)
13428,2127427,zhu_yuan,4,2813,["zenless_zone_zero"],朱鸢(绝区零)
13429,2116635,anyoji_hime,4,4022,"[""link!_like!_love_live!"", ""love_live!""]",安養寺姫(Link! Like! Love Live!)
13430,2116634,kachimachi_kosuzu,4,3753,"[""link!_like!_love_live!"", ""love_live!""]",勝町小鈴(Link! Like! Love Live!)
13431,2116633,momose_ginko,4,4782,"[""link!_like!_love_live!"", ""love_live!""]",百瀬銀子(Link! Like! Love Live!)
13432,2136666,changli_(wuthering_waves),4,3016,["wuthering_waves"],长离（鸣潮）
13433,2137735,camellya_(wuthering_waves),4,1831,["wuthering_waves"],卡梅莉雅(鸣潮)
13434,2147778,yunli_(honkai:_star_rail),4,940,"[""honkai:_star_rail"", ""honkai_(series)""]",云璃(星穹铁道)
13435,2154418,mo_chengwei,4,692,["touqi_guaitan"],莫成伟(偷气怪谈)
13436,2154619,li_yuting_(male),4,945,["touqi_guaitan"],李宇廷(偷气怪谈)
13437,2154621,li_yuting_(female),4,877,["touqi_guaitan"],李雨婷(偷气怪谈)
13438,2154626,ziche_fuzhao,4,1255,["touqi_guaitan"],子车甫昭(偷气怪谈)
13439,2156842,cecilia_immergreen,4,1723,"[""hololive"", ""hololive_english""]",塞西莉亚·伊默格林(Hololive English)
13440,2156840,elizabeth_rose_bloodflame,4,1585,"[""hololive"", ""hololive_english""]",伊丽莎白·罗丝·布拉德弗莱姆(Hololive English)
13441,2156841,gigi_murin,4,1910,"[""hololive"", ""hololive_english""]",吉吉·穆林(Hololive English)
13442,2156843,raora_panthera,4,2932,"[""hololive"", ""hololive_english""]",拉奥拉·潘瑟拉(Hololive English)
13443,2159666,fubuki_(swimsuit)_(blue_archive),4,817,["blue_archive"],吹雪（泳装）
13444,2159673,kanna_(swimsuit)_(blue_archive),4,1931,["blue_archive"],神奈（泳装）
13445,2170283,luciana_de_montefio,4,1666,["zenless_zone_zero"],露西亚娜·德·蒙特菲奥(绝区零)
13446,2170236,qingyi_(zenless_zone_zero),4,1478,["zenless_zone_zero"],青衣(绝区零)
13447,2168393,kinich_(genshin_impact),4,1273,["genshin_impact"],基尼奇(原神)
13448,2171583,mualani_(genshin_impact),4,1459,["genshin_impact"],玛拉妮(原神)
13449,2169238,tsukishiro_yanagi,4,3078,["zenless_zone_zero"],月城柳(绝区零)
13450,2171536,seth_lowell,4,996,["zenless_zone_zero"],赛斯·洛威尔(绝区零)
13451,2171584,jane_doe_(zenless_zone_zero),4,4120,["zenless_zone_zero"],简·杜(绝区零)
13452,2171590,citlali_(genshin_impact),4,2821,["genshin_impact"],茜特菈莉(原神)
13453,2171592,mavuika_(genshin_impact),4,2024,["genshin_impact"],玛薇卡(原神)
13454,2174005,feixiao_(honkai:_star_rail),4,1391,"[""honkai:_star_rail"", ""honkai_(series)""]",飞霄(星穹铁道)
13455,2178503,professor_niyaniya_(blue_archive),4,2207,["blue_archive"],尼亚尼亚教授(碧蓝档案)
13456,2252951,shorekeeper_(wuthering_waves),4,1810,["wuthering_waves"],守岸人(鸣潮)
13457,2196736,caesar_king_(zenless_zone_zero),4,1325,["zenless_zone_zero"],凯撒·金(绝区零)
13458,2191738,burnice_white,4,2421,["zenless_zone_zero"],柏妮思·怀特(绝区零)
13459,2198638,brazilian_miku,4,1791,["vocaloid"],巴西初音未来(Vocaloid)
13460,2253689,heroine_(homicipher),4,0,["homicipher"],女主角（Homicipher）
